patient,section,gene,r_m1,r_m2
BC23287,BC23287_C1,ENSG00000034510,-0.09289119422631768,-0.09817265478136594
BC23287,BC23287_C1,ENSG00000254709,-0.2994640888826612,-0.36043744211003115
BC23287,BC23287_C1,ENSG00000111640,-0.027181223088321865,0.025558283957643542
BC23287,BC23287_C1,ENSG00000137818,-0.6035465388385894,-0.5911159113666064
BC23287,BC23287_C1,ENSG00000177600,0.1541863508387485,0.16974157635739262
BC23287,BC23287_C1,ENSG00000171345,-0.22978096889542773,-0.2172810034717335
BC23287,BC23287_C1,ENSG00000231500,0.01749609486297248,-0.06460067694581065
BC23287,BC23287_C1,ENSG00000075624,0.3338225377941553,0.28114953426839623
BC23287,BC23287_C1,ENSG00000164587,0.23024401510366693,0.20789556151874858
BC23287,BC23287_C1,ENSG00000108107,0.0757903668355871,0.09520112507730011
BC23287,BC23287_C1,ENSG00000105372,-0.013399906224161871,-0.007357095914432972
BC23287,BC23287_C1,ENSG00000197756,-0.093670707670867,-0.14861553496925778
BC23287,BC23287_C1,ENSG00000108298,0.08883974354903568,0.029280300603277146
BC23287,BC23287_C1,ENSG00000141736,0.04176021006846823,-0.0888926282467263
BC23287,BC23287_C1,ENSG00000161016,-0.2694409025967194,-0.21658722108857134
BC23287,BC23287_C1,ENSG00000167526,-0.05039392943146227,-0.09187011465302769
BC23287,BC23287_C1,ENSG00000087086,0.27749998088769756,0.27217560037534216
BC23287,BC23287_C1,ENSG00000108518,-0.2701220368711557,-0.3431693442510916
BC23287,BC23287_C1,ENSG00000130255,0.05362166357608045,0.1382251903195601
BC23287,BC23287_C1,ENSG00000136942,0.004208073470287177,0.00852747976793457
BC23287,BC23287_C1,ENSG00000117984,0.008780946381013809,-0.041247253515791844
BC23287,BC23287_C1,__ambiguous[ENSG00000251357+ENSG00000240972],0.15664085610447998,0.1917638541213453
BC23287,BC23287_C1,ENSG00000149273,-0.11677328007257226,-0.04013443450835664
BC23287,BC23287_C1,ENSG00000197746,0.048661481700636756,-0.03248109696294244
BC23287,BC23287_C1,ENSG00000063177,0.1437326986023552,0.2007446687586295
BC23287,BC23287_C1,ENSG00000140264,0.42432174896377184,0.35713743475203075
BC23287,BC23287_C1,ENSG00000180879,-0.03728302150660317,0.04506223257930681
BC23287,BC23287_C1,ENSG00000179218,-0.3641277092555866,-0.3834110306772062
BC23287,BC23287_C1,ENSG00000105193,0.002608232079541276,-0.027585162629176915
BC23287,BC23287_C1,ENSG00000221983,-0.06394447063422151,-0.0665982661905503
BC23287,BC23287_C1,ENSG00000130203,-0.29924510932489684,-0.36951437986064717
BC23287,BC23287_C1,ENSG00000142534,-0.06744766186508946,-0.07304855183804397
BC23287,BC23287_C1,ENSG00000185624,-0.16663672295271398,-0.18154475979332477
BC23287,BC23287_C1,ENSG00000204628,-0.07290734015228544,-0.02656925043412502
BC23287,BC23287_C1,ENSG00000166441,-0.007828662374772047,-0.012981322855387788
BC23287,BC23287_C1,ENSG00000167996,-0.3635966686886645,-0.32672246664442506
BC23287,BC23287_C1,ENSG00000142541,0.031050987958141027,-0.00526293366502966
BC23287,BC23287_C1,ENSG00000234745,-0.05835468814449375,-0.07655219595942514
BC23287,BC23287_C1,ENSG00000147403,-0.0904181784561932,-0.140517510635237
BC23287,BC23287_C1,ENSG00000140988,-0.038469829226602574,-0.06725003019238958
BC23287,BC23287_C1,ENSG00000089157,0.22606365990563487,0.20296240534710897
BC23287,BC23287_C1,ENSG00000109062,0.0740471751137614,0.12546087068122702
BC23287,BC23287_C1,ENSG00000105640,-0.23660213922399242,-0.1415062398518253
BC23287,BC23287_C1,ENSG00000171858,0.2849408278861376,0.2932747927660602
BC23287,BC23287_C1,ENSG00000115268,0.07395279584787437,0.1937801751708721
BC23287,BC23287_C1,ENSG00000233927,-0.04305207376977479,-0.0839346135497519
BC23287,BC23287_C1,ENSG00000198034,0.2420815773665316,0.19562607699761003
BC23287,BC23287_C1,ENSG00000112306,-0.03419987478481308,0.0092513326821704
BC23287,BC23287_C1,ENSG00000213741,-0.09419913428284052,-0.11927084803777183
BC23287,BC23287_C1,ENSG00000182774,-0.03348217978461631,0.011736425430092836
BC23287,BC23287_C1,ENSG00000149806,0.14936048787551026,0.12866130155606276
BC23287,BC23287_C1,ENSG00000125691,-0.05395105458414302,-0.10448663973478424
BC23287,BC23287_C1,ENSG00000142676,0.297683202107276,0.21510196294176398
BC23287,BC23287_C1,ENSG00000204525,0.19633052022990052,0.18627230797130714
BC23287,BC23287_C1,ENSG00000019582,-0.02284976026178816,-0.0640932235373478
BC23287,BC23287_C1,ENSG00000170889,-0.02107970160535058,0.00370087650131115
BC23287,BC23287_C1,ENSG00000111341,-0.19646771978492114,-0.19368039475561513
BC23287,BC23287_C1,ENSG00000172809,-0.15466027849632244,-0.14054382781941313
BC23287,BC23287_C1,ENSG00000204592,0.34976689668190614,0.35713018662732726
BC23287,BC23287_C1,ENSG00000172757,0.09724119562557153,0.11196288811409541
BC23287,BC23287_C1,ENSG00000177954,-0.1934404730911925,-0.29238136714401985
BC23287,BC23287_C1,ENSG00000100316,0.05840627338195183,0.08968502249982274
BC23287,BC23287_C1,ENSG00000137154,0.3212589682450655,0.2339781661561589
BC23287,BC23287_C1,ENSG00000101439,-0.2848063786942918,-0.25794889488592465
BC23287,BC23287_C1,ENSG00000184009,-0.3501338092569898,-0.4435623677169658
BC23287,BC23287_C1,ENSG00000108821,-0.06379903581591129,-0.09677211689495613
BC23287,BC23287_C1,__ambiguous[ENSG00000254772+ENSG00000255508],-0.21754344843286424,-0.26955507618818986
BC23287,BC23287_C1,ENSG00000165949,-0.26150977582268564,-0.1716905776929446
BC23287,BC23287_C1,ENSG00000206503,-0.13702623897486826,-0.16352868103655957
BC23287,BC23287_C1,ENSG00000231925,-0.27057072833975276,-0.1448092240379227
BC23287,BC23287_C1,ENSG00000083845,-0.035108983191878794,0.010720403793473087
BC23287,BC23287_C1,ENSG00000169710,-0.3396682555688146,-0.32432665120569537
BC23287,BC23287_C1,ENSG00000163191,-0.06851049751854454,-0.1287179447094234
BC23287,BC23287_C1,__ambiguous[ENSG00000185883+ENSG00000260272],-0.17924522257585293,-0.27385695749122724
BC23287,BC23287_C1,ENSG00000142937,0.050976681240283164,0.11082095593070972
BC23287,BC23287_C1,ENSG00000224389,-0.19416408902467844,-0.09741467252949129
BC23287,BC23287_C1,ENSG00000167995,-0.06624330925697189,-0.00960492805978592
BC23287,BC23287_C1,ENSG00000135404,-0.0022485170335253763,-0.020749783244028222
BC23287,BC23287_C1,ENSG00000107223,0.2595433165638759,0.20736714909130424
BC23287,BC23287_C1,ENSG00000108639,0.07313668391563626,0.05793556616092254
BC23287,BC23287_C1,ENSG00000106624,-0.05247701410717786,-0.0865651976162307
BC23287,BC23287_C1,ENSG00000167468,0.2148081327661195,0.19516741175324398
BC23287,BC23287_C1,ENSG00000197958,0.010512967996912087,0.09354778979039624
BC23287,BC23287_C1,ENSG00000167658,0.0709891199595122,0.06926958562224846
BC23287,BC23287_C1,ENSG00000162244,0.0007476430108051187,0.008339884665945879
BC23287,BC23287_C1,ENSG00000172531,-0.05020368278904967,-0.06782832612193906
BC23287,BC23287_C1,ENSG00000108679,-0.006396097009413977,0.004938879482602707
BC23287,BC23287_C1,ENSG00000156482,0.037523994067489436,0.07301772146824782
BC23287,BC23287_C1,ENSG00000144713,0.11291617153307092,0.18070901954348145
BC23287,BC23287_C1,ENSG00000148303,0.012485893920630686,-0.07566990367393836
BC23287,BC23287_C1,ENSG00000115884,-0.16059259838074622,-0.25019644256838763
BC23287,BC23287_C1,ENSG00000149925,-0.02419455116148363,-0.09296194809066134
BC23287,BC23287_C1,ENSG00000143947,0.11691985091341213,0.1851096507529179
BC23287,BC23287_C1,ENSG00000174748,-0.3196631438694991,-0.30730047640587094
BC23287,BC23287_C1,ENSG00000185825,-0.4186573591562786,-0.376592879325269
BC23287,BC23287_C1,ENSG00000130303,0.4701422429457604,0.47379164999007556
BC23287,BC23287_C1,ENSG00000115457,-0.22925517198604975,-0.237848342149353
BC23287,BC23287_C1,ENSG00000185499,0.09794140376385443,-0.013555835667765909
BC23287,BC23287_C1,ENSG00000108344,-0.16601621259033977,-0.17961944150139414
BC23287,BC23287_C1,ENSG00000131469,0.06176793290318028,0.006277726513383004
BC23287,BC23287_C1,__ambiguous[ENSG00000185885+ENSG00000185201],0.07238177093203438,0.12104998510337936
BC23287,BC23287_C1,ENSG00000166710,-0.20738138609867718,-0.22998696313102812
BC23287,BC23287_C1,ENSG00000163220,-0.014286467695822135,-0.039657144233264253
BC23287,BC23287_C1,ENSG00000145592,0.2989007202886557,0.2704761104913501
BC23287,BC23287_C1,ENSG00000198242,-0.19602508546304268,-0.21698583495371424
BC23287,BC23287_C1,ENSG00000104904,-0.17359495883565976,-0.309208400872353
BC23287,BC23287_C1,ENSG00000246705,-0.21298185623522092,-0.10183731195308893
BC23287,BC23287_C1,ENSG00000152082,0.18912857150842163,0.06649169103788423
BC23287,BC23287_C1,ENSG00000158710,-0.18986030392895956,-0.2378306579139788
BC23287,BC23287_C1,ENSG00000141741,0.11189024036733625,0.0057275269748346645
BC23287,BC23287_C1,ENSG00000106211,-0.30761325908842896,-0.37349994159507083
BC23287,BC23287_C1,ENSG00000117410,-0.16880365083046056,-0.19833628380467214
BC23287,BC23287_C1,ENSG00000074800,-0.13167214190423743,-0.07595428777232968
BC23287,BC23287_C1,__ambiguous[ENSG00000243678+ENSG00000011052],0.24419439373092905,0.12232696895357507
BC23287,BC23287_C1,ENSG00000173372,0.12180997603333474,0.14090760464806848
BC23287,BC23287_C1,ENSG00000118181,-0.05265111918032912,-0.04228757390163542
BC23287,BC23287_C1,ENSG00000130208,-0.20675918461630702,-0.2350103865575577
BC23287,BC23287_C1,ENSG00000110651,0.031642745989731866,0.03584290681112056
BC23287,BC23287_C1,ENSG00000279483,0.07964706657216132,0.09853036635469158
BC23287,BC23287_C1,ENSG00000030582,-0.2524295606653566,-0.34458779071469425
BC23287,BC23287_C1,ENSG00000142669,0.075751201153735,0.08441882026671034
BC23287,BC23287_C1,__ambiguous[ENSG00000257341+ENSG00000213145],0.11912471568507785,0.10215605869447067
BC23287,BC23287_C1,__ambiguous[ENSG00000124614+ENSG00000270800],-0.23455964444949362,-0.14769291601480464
BC23287,BC23287_C1,ENSG00000092841,0.11373723601426164,0.2334380060199933
BC23287,BC23287_C1,ENSG00000126267,-0.25663555111497144,-0.3079121783594641
BC23287,BC23287_C1,ENSG00000160862,-0.06605469547175671,-0.020538666975966957
BC23287,BC23287_C1,ENSG00000277972,0.025875952786612155,-0.10307317094791116
BC23287,BC23287_C1,ENSG00000111057,0.048561006900101455,0.028890889372672573
BC23287,BC23287_C1,ENSG00000165215,-0.15493858358654228,-0.21212680813916024
BC23287,BC23287_C1,ENSG00000169100,-0.37485743125972687,-0.34849942230373937
BC23287,BC23287_C1,ENSG00000205542,-0.03604150172029721,-0.012425686482030832
BC23287,BC23287_C1,ENSG00000150991,0.08897532253629473,0.09461296364655448
BC23287,BC23287_C1,ENSG00000133112,0.1323683836880523,0.15116562508825007
BC23287,BC23287_C1,ENSG00000071553,-0.08020414143148859,-0.1781461995825664
BC23287,BC23287_C1,ENSG00000071082,-0.034969875253790764,-0.10288838890518966
BC23287,BC23287_C1,ENSG00000070756,0.03772620100821534,0.039673191180870954
BC23287,BC23287_C1,ENSG00000178719,-0.011033955938401988,-0.10764774208054728
BC23287,BC23287_C1,ENSG00000117450,-0.2967665436012127,-0.3660363632775218
BC23287,BC23287_C1,ENSG00000124664,-0.047873544482039544,-0.1458089694354871
BC23287,BC23287_C1,ENSG00000277791,-0.08135415886823513,-0.06916543935994869
BC23287,BC23287_C1,ENSG00000162511,-0.0990343481287971,-0.06986427701108879
BC23287,BC23287_C1,ENSG00000143774,-0.09041892075990239,-0.10057290395043667
BC23287,BC23287_C1,ENSG00000102265,0.16041801574049872,0.15911891844387197
BC23287,BC23287_C1,ENSG00000149591,-0.3484528010838589,-0.3716359301147262
BC23287,BC23287_C1,ENSG00000105223,-0.4817427128636151,-0.4239739912891357
BC23287,BC23287_C1,ENSG00000182492,-0.1490953227498864,-0.18280068440402267
BC23287,BC23287_C1,ENSG00000141522,-0.18105408075389037,-0.10510077539818453
BC23287,BC23287_C1,ENSG00000182809,0.06566283344938147,0.11189500522136936
BC23287,BC23287_C1,ENSG00000160789,-0.10693726448814146,-0.1667148161882711
BC23287,BC23287_C1,ENSG00000115414,-0.27247285012261474,-0.29007689078117277
BC23287,BC23287_C1,ENSG00000196924,0.38550862237485056,0.3643866187176281
BC23287,BC23287_C1,ENSG00000051523,-0.07256961961808306,-0.11936192519306311
BC23287,BC23287_C1,ENSG00000176340,0.1374449366482928,0.16382640551127206
BC23287,BC23287_C1,ENSG00000142089,0.17418872671367872,0.22085075366075216
BC23287,BC23287_C1,ENSG00000124614,-0.30892437746099005,-0.24487442160111175
BC23287,BC23287_C1,ENSG00000187514,-0.19169728905340436,-0.2275995314827801
BC23287,BC23287_C1,ENSG00000145425,-0.06373168526915941,-0.10428162148111042
BC23287,BC23287_C1,ENSG00000125534,-0.10617562137345388,-0.10117527463660474
BC23287,BC23287_C1,ENSG00000163682,0.14678842832811304,0.1759052691365082
BC23287,BC23287_C1,ENSG00000204287,-0.08208248937326051,-0.04807219579734268
BC23287,BC23287_C1,ENSG00000272196,-0.05636194346492266,-0.09418631675919742
BC23287,BC23287_C1,__ambiguous[ENSG00000277957+ENSG00000161960],-0.15210572290354765,-0.24108381828523004
BC23287,BC23287_C1,ENSG00000164733,0.021284026085430056,-0.04624196854408814
BC23287,BC23287_C1,ENSG00000058262,-0.4192359781175843,-0.43249106777771906
BC23287,BC23287_C1,ENSG00000052344,-0.2483451357722752,-0.24237870999000644
BC23287,BC23287_C1,ENSG00000131748,0.053109494287088006,0.15905045829404107
BC23287,BC23287_C1,ENSG00000135480,0.16842320570212937,0.24142562482182628
BC23287,BC23287_C1,ENSG00000138326,-0.22681704965375582,-0.24511526406962134
BC23287,BC23287_C1,ENSG00000169223,0.02373482655877661,-0.09128538756634703
BC23287,BC23287_C1,ENSG00000114353,-0.08730177874600814,-0.19062105191053816
BC23287,BC23287_C1,ENSG00000184897,-0.12649237053011733,-0.19192650929580674
BC23287,BC23287_C1,ENSG00000111669,0.14371276301442368,0.05436807834969342
BC23287,BC23287_C1,ENSG00000123349,-0.08278386428116852,-0.07188910044410284
BC23287,BC23287_C1,ENSG00000103363,-0.11511414747935358,-0.10700436340008607
BC23287,BC23287_C1,ENSG00000127540,0.2819125428774974,0.2741713815464998
BC23287,BC23287_C1,ENSG00000144426,-0.06956342796144428,-0.007932918966339365
BC23287,BC23287_C1,ENSG00000104529,-0.19578462165844188,-0.22038464175877043
BC23287,BC23287_C1,ENSG00000114867,0.1328333916493583,0.14367867316712316
BC23287,BC23287_C1,ENSG00000255823,-0.39310737515742195,-0.5355810969657655
BC23287,BC23287_C1,ENSG00000164692,0.045315746064646126,0.029597167700559333
BC23287,BC23287_C1,ENSG00000172354,-0.15050468423637714,-0.11480769152378079
BC23287,BC23287_C1,ENSG00000125730,0.0386649857256013,-0.03513401411171448
BC23287,BC23287_C1,ENSG00000178952,0.05624043474255377,-0.0095992579278762
BC23287,BC23287_C1,ENSG00000178980,-0.210358745383372,-0.20519638494247047
BC23287,BC23287_C1,ENSG00000251562,0.02369964393734014,0.00803133542636595
BC23287,BC23287_C1,ENSG00000182899,0.177997748583683,0.3039961763967694
BC23287,BC23287_C1,__ambiguous[ENSG00000262526+ENSG00000170296],0.014311610647960922,0.10413901427401616
BC23287,BC23287_C1,ENSG00000142949,0.10576543414253357,0.13276339883147614
BC23287,BC23287_C1,ENSG00000026025,0.12208513357454993,0.2175648340123398
BC23287,BC23287_C1,ENSG00000104964,0.00508310862167096,-0.1381127642726676
BC23287,BC23287_C1,ENSG00000008988,0.2552184856081982,0.22364772003917616
BC23287,BC23287_C1,ENSG00000167815,-0.007851886770597175,-0.09237012786581753
BC23287,BC23287_C1,ENSG00000155366,-0.03202190433614162,-0.04574556104218789
BC23287,BC23287_C1,ENSG00000142173,-0.007043822073458438,0.006529571506577587
BC23287,BC23287_C1,ENSG00000131143,-0.03188959467707433,-0.05784977728818344
BC23287,BC23287_C1,ENSG00000269028,-0.25743126693158586,-0.41617003592212454
BC23287,BC23287_C1,ENSG00000170315,0.12152022838129264,0.0563620546653775
BC23287,BC23287_C1,ENSG00000100300,-0.20604808068371022,-0.1861247318493436
BC23287,BC23287_C1,__ambiguous[ENSG00000273259+ENSG00000196136],0.21955971342438999,0.2122957243113669
BC23287,BC23287_C1,ENSG00000126247,-0.17053368541176606,-0.11389072812174135
BC23287,BC23287_C1,__ambiguous[ENSG00000219200+ENSG00000161939],-0.22394614827881415,-0.17136233173897594
BC23287,BC23287_C1,ENSG00000160932,-0.09149112509440956,-0.08369772600457999
BC23287,BC23287_C1,ENSG00000187608,-0.3701141684065551,-0.29893727322103597
BC23287,BC23287_C1,ENSG00000087460,-0.08710404562782924,-0.18638338940899185
BC23287,BC23287_C1,ENSG00000163479,-0.1306929892823854,-0.09422340379480079
BC23287,BC23287_C1,ENSG00000188846,0.2271008739118095,0.2463208113595735
BC23287,BC23287_C1,ENSG00000100219,-0.3612821872744036,-0.4319993829091375
BC23287,BC23287_C1,ENSG00000174886,-0.19685265918967815,-0.22631553855146064
BC23287,BC23287_C1,ENSG00000171222,-0.25389351362764817,-0.2880511447975172
BC23287,BC23287_C1,ENSG00000173369,0.15903198351390396,0.1540889096017661
BC23287,BC23287_C1,ENSG00000197956,0.19776077209784268,0.19863740658692614
BC23287,BC23287_C1,ENSG00000163399,0.09808598845798677,0.05307163289985552
BC23287,BC23287_C1,ENSG00000214530,0.07391372916468326,0.010310364932974448
BC23287,BC23287_C1,ENSG00000173272,0.035882677068195236,-0.09275265082499189
BC23287,BC23287_C1,ENSG00000145494,0.10265981762337767,0.05930981377130244
BC23287,BC23287_C1,ENSG00000174444,0.22484193522061777,0.22383091138973377
BC23287,BC23287_C1,ENSG00000114391,-0.26260356018199393,-0.29668683118433814
BC23287,BC23287_C1,ENSG00000125970,-0.1934074725780056,-0.2509904806012139
BC23287,BC23287_C1,__ambiguous[ENSG00000241343+ENSG00000257529],-0.13263997505008365,-0.17398755017456868
BC23287,BC23287_C1,ENSG00000196576,-0.40462483435869445,-0.5717757137419165
BC23287,BC23287_C1,ENSG00000213988,0.08015916061248243,0.15100314110423765
BC23287,BC23287_C1,ENSG00000130725,0.01747731891746327,0.013269017153537467
BC23287,BC23287_C1,ENSG00000172270,-0.28473943720305844,-0.38828011976406557
BC23287,BC23287_C1,ENSG00000135390,0.1938397875574813,0.24336489043534093
BC23287,BC23287_C1,ENSG00000011304,-0.2844370573467235,-0.32593882534160357
BC23287,BC23287_C1,ENSG00000025708,-0.21027655986507057,-0.15635510733557278
BC23287,BC23287_C1,ENSG00000177700,0.028534319269736208,-0.004711171775098796
BC23287,BC23287_C1,ENSG00000143546,nan,nan
BC23287,BC23287_C1,ENSG00000171863,0.00783207437594599,0.02007433231440139
BC23287,BC23287_C1,ENSG00000143420,0.3045987552643575,0.2692075557700822
BC23287,BC23287_C1,ENSG00000170421,-0.1540165440080954,-0.23200466650509305
BC23287,BC23287_C1,ENSG00000110492,0.3820800527498583,0.2835484428000817
BC23287,BC23287_C1,ENSG00000124172,-0.16230566159138043,-0.20834032919814258
BC23287,BC23287_C1,ENSG00000101335,-0.18419267422124666,-0.2319051721360335
BC23287,BC23287_C1,ENSG00000186010,-0.02367616461594745,-0.0001794600420712203
BC23287,BC23287_C1,ENSG00000186468,-0.1898745557461264,-0.22730865919270737
BC23287,BC23287_C1,ENSG00000168528,-0.07742814582158951,-0.29909443425410664
BC23287,BC23287_C1,ENSG00000123989,-0.2800966789409991,-0.30372283598516475
BC23287,BC23287_C1,ENSG00000130520,0.0017335133363216456,-0.035024377535582976
BC23287,BC23287_C1,ENSG00000161960,-0.438045271082859,-0.4588382086541441
BC23287,BC23287_C1,ENSG00000159840,-0.3865334285480381,-0.3933472155137979
BC23287,BC23287_C1,ENSG00000147684,-0.395485711073449,-0.4539603787460507
BC23287,BC23287_C1,ENSG00000106153,-0.37139109475803994,-0.35327792589806695
BC23287,BC23287_C1,ENSG00000134419,0.19709673170197747,0.23555784004634064
BC23287,BC23287_C1,ENSG00000132507,0.26339950186122785,0.16038277795408654
BC23287,BC23287_C1,ENSG00000135940,0.15083687623911823,0.1420178772130382
BC23287,BC23287_C1,ENSG00000279274,-0.05503895063968101,0.053839669202096714
BC23287,BC23287_C1,ENSG00000173801,-0.09054746641200352,-0.1829351833895522
BC23287,BC23287_C1,ENSG00000140990,0.1668609418571471,0.052601492021830856
BC23287,BC23287_C1,ENSG00000109475,-0.11360402083165025,-0.16478522326296524
BC23287,BC23287_C2,ENSG00000034510,-0.047020600082021746,-0.006856158161775661
BC23287,BC23287_C2,ENSG00000254709,-0.11865558336897929,-0.11921346579555693
BC23287,BC23287_C2,ENSG00000111640,-0.002760765160580446,-0.04044129789408333
BC23287,BC23287_C2,ENSG00000137818,-0.005484049291466186,-0.032392288921358384
BC23287,BC23287_C2,ENSG00000177600,-0.054876033953830186,-0.061615993929087017
BC23287,BC23287_C2,ENSG00000171345,0.02128036801686733,-0.025281226432116173
BC23287,BC23287_C2,ENSG00000231500,0.0339759383730132,0.05402905493667664
BC23287,BC23287_C2,ENSG00000075624,0.09489690125327936,0.1218612725979374
BC23287,BC23287_C2,ENSG00000164587,0.03972499138032136,0.035315949112675174
BC23287,BC23287_C2,ENSG00000108107,-0.07040997045619488,-0.07642334365867348
BC23287,BC23287_C2,ENSG00000105372,-0.09812330598583632,-0.10921424837124252
BC23287,BC23287_C2,ENSG00000197756,-0.11061012212850192,-0.11061539515133997
BC23287,BC23287_C2,ENSG00000108298,-0.11888841624349326,-0.10665185861035167
BC23287,BC23287_C2,ENSG00000141736,0.00409857611522084,-0.0003906152031876562
BC23287,BC23287_C2,ENSG00000161016,-0.13003912722169075,-0.10681893180118285
BC23287,BC23287_C2,ENSG00000167526,-0.07272787169503236,-0.04966725629001995
BC23287,BC23287_C2,ENSG00000087086,0.059345124413978906,0.05653904662278156
BC23287,BC23287_C2,ENSG00000108518,0.14316412694487535,0.1605619001456611
BC23287,BC23287_C2,ENSG00000130255,0.046850937280414374,0.07252422634544205
BC23287,BC23287_C2,ENSG00000136942,-0.031078816224309608,-0.04670781997055908
BC23287,BC23287_C2,ENSG00000117984,-0.01800102671683163,-0.04053884647593413
BC23287,BC23287_C2,__ambiguous[ENSG00000251357+ENSG00000240972],-1.1980906910505553e-05,-0.007437692805657104
BC23287,BC23287_C2,ENSG00000149273,0.005651615239496512,0.011252597959261671
BC23287,BC23287_C2,ENSG00000197746,0.0683126109253913,0.07654440909601332
BC23287,BC23287_C2,ENSG00000063177,-0.04650468876157772,-0.042648387099735736
BC23287,BC23287_C2,ENSG00000140264,0.022861693223839165,0.06722463937084265
BC23287,BC23287_C2,ENSG00000180879,-0.09753763811349811,-0.10556618369360499
BC23287,BC23287_C2,ENSG00000179218,0.13456601907059546,0.13143633359829446
BC23287,BC23287_C2,ENSG00000105193,-0.06292218038063417,-0.06990529818447075
BC23287,BC23287_C2,ENSG00000221983,-0.015181194234824976,-0.02693826935958443
BC23287,BC23287_C2,ENSG00000130203,-0.026250790370895522,0.004011773972827062
BC23287,BC23287_C2,ENSG00000142534,-0.1236656399724117,-0.15594352500688072
BC23287,BC23287_C2,ENSG00000185624,0.02247424457428195,0.012936225152297705
BC23287,BC23287_C2,ENSG00000204628,-0.02048964343563562,-0.04866308834109346
BC23287,BC23287_C2,ENSG00000166441,-0.12804086585459337,-0.13681630772178852
BC23287,BC23287_C2,ENSG00000167996,-0.022711563877411658,-0.040932653068485064
BC23287,BC23287_C2,ENSG00000142541,-0.0688623719947333,-0.0558110960053622
BC23287,BC23287_C2,ENSG00000234745,0.12411252301842177,0.1510840580271481
BC23287,BC23287_C2,ENSG00000147403,-0.17206973980858362,-0.15641892957967965
BC23287,BC23287_C2,ENSG00000140988,-0.06728115534796626,-0.034689359386408346
BC23287,BC23287_C2,ENSG00000089157,-0.03529501907158742,-0.03287895998070277
BC23287,BC23287_C2,ENSG00000109062,0.01063331878599318,0.012592571148682334
BC23287,BC23287_C2,ENSG00000105640,-0.017230898426939888,-0.07161810123253981
BC23287,BC23287_C2,ENSG00000171858,-0.21728305749073304,-0.19796572288417028
BC23287,BC23287_C2,ENSG00000115268,-0.05736677428875481,-0.029176090882092897
BC23287,BC23287_C2,ENSG00000233927,-0.017401431888041594,-0.028246942023054236
BC23287,BC23287_C2,ENSG00000198034,0.04513423165077582,0.02436316422841531
BC23287,BC23287_C2,ENSG00000112306,-0.018973730110250723,-0.044069985186724156
BC23287,BC23287_C2,ENSG00000213741,-0.09015763036603454,-0.08960501716228221
BC23287,BC23287_C2,ENSG00000182774,-0.11475851264932452,-0.1715817100805828
BC23287,BC23287_C2,ENSG00000149806,-0.06809451656457205,-0.08925715612668952
BC23287,BC23287_C2,ENSG00000125691,0.24030376614897575,0.24887493750953485
BC23287,BC23287_C2,ENSG00000142676,-0.10724903348135446,-0.11027426990426671
BC23287,BC23287_C2,ENSG00000204525,0.0828128403510725,0.09131540948108047
BC23287,BC23287_C2,ENSG00000019582,0.043424681806846735,0.027950607580859047
BC23287,BC23287_C2,ENSG00000170889,-0.22494085336244896,-0.20451750692627518
BC23287,BC23287_C2,ENSG00000111341,-0.06424013909554487,-0.0690424928500105
BC23287,BC23287_C2,ENSG00000172809,-0.008556173443438462,-0.028406886562864348
BC23287,BC23287_C2,ENSG00000204592,-0.11227622453707892,-0.137556505245444
BC23287,BC23287_C2,ENSG00000172757,-0.007318068401914995,-0.0329572074094749
BC23287,BC23287_C2,ENSG00000177954,-0.23753354954122505,-0.31106082308672134
BC23287,BC23287_C2,ENSG00000100316,-0.14715343641926165,-0.16935048169062614
BC23287,BC23287_C2,ENSG00000137154,0.014787579295904501,0.03414527728034898
BC23287,BC23287_C2,ENSG00000101439,-0.2277021781300018,-0.22610773266768924
BC23287,BC23287_C2,ENSG00000184009,0.19664633641975449,0.20319402524659058
BC23287,BC23287_C2,ENSG00000108821,0.06697368525440069,0.06221307314505835
BC23287,BC23287_C2,__ambiguous[ENSG00000254772+ENSG00000255508],0.017911911223847533,0.02542329184725397
BC23287,BC23287_C2,ENSG00000165949,-0.03593712229785733,-0.015053174035730064
BC23287,BC23287_C2,ENSG00000206503,0.02493435669155279,0.05433766065291363
BC23287,BC23287_C2,ENSG00000231925,0.06724359795551688,0.08920457435817979
BC23287,BC23287_C2,ENSG00000083845,-0.03668374291257795,-0.03497781694478804
BC23287,BC23287_C2,ENSG00000169710,0.025953060587830555,0.027149650445881305
BC23287,BC23287_C2,ENSG00000163191,0.1838056282206522,0.17441117821785865
BC23287,BC23287_C2,__ambiguous[ENSG00000185883+ENSG00000260272],0.019297604464088316,0.07703117329697874
BC23287,BC23287_C2,ENSG00000142937,0.011113628730621003,-0.021664391239382692
BC23287,BC23287_C2,ENSG00000224389,0.06821298165094909,0.06503468355752809
BC23287,BC23287_C2,ENSG00000167995,0.11641381674802617,0.1135880867178863
BC23287,BC23287_C2,ENSG00000135404,0.14001813306782282,0.15101827648841273
BC23287,BC23287_C2,ENSG00000107223,0.05586739744531819,0.028873746758039807
BC23287,BC23287_C2,ENSG00000108639,0.1744567706380925,0.18284702670743672
BC23287,BC23287_C2,ENSG00000106624,0.0927620814826237,0.10387818533764559
BC23287,BC23287_C2,ENSG00000167468,-0.07588126487547182,-0.1275162250997651
BC23287,BC23287_C2,ENSG00000197958,0.012058850269261187,-0.04518722447994249
BC23287,BC23287_C2,ENSG00000167658,-0.018837532808118024,-0.014211325701943195
BC23287,BC23287_C2,ENSG00000162244,0.041444297226065574,0.0012528202177362082
BC23287,BC23287_C2,ENSG00000172531,-0.08072993322113724,-0.05762416819661764
BC23287,BC23287_C2,ENSG00000108679,-0.060999167024814775,-0.05816903232562419
BC23287,BC23287_C2,ENSG00000156482,0.00017593469625058232,-0.003163222088900978
BC23287,BC23287_C2,ENSG00000144713,-0.17283287776654657,-0.1776020090857091
BC23287,BC23287_C2,ENSG00000148303,-0.08683613829347173,-0.11885810570489627
BC23287,BC23287_C2,ENSG00000115884,0.043745755988142634,0.05329319506476391
BC23287,BC23287_C2,ENSG00000149925,0.07187717033957201,0.05773624710000098
BC23287,BC23287_C2,ENSG00000143947,0.08622390174398509,0.09597927430316688
BC23287,BC23287_C2,ENSG00000174748,-0.01911869045881061,0.012734273430869091
BC23287,BC23287_C2,ENSG00000185825,0.0011523660549841027,-0.01228405418566425
BC23287,BC23287_C2,ENSG00000130303,-0.03310024753537766,0.00795045377080489
BC23287,BC23287_C2,ENSG00000115457,-0.021100948841305076,-0.02058372686606139
BC23287,BC23287_C2,ENSG00000185499,-0.0628463548861494,-0.03188204376250102
BC23287,BC23287_C2,ENSG00000108344,0.06296166850287895,0.08757437609668699
BC23287,BC23287_C2,ENSG00000131469,-0.1644376135915571,-0.17030387905516997
BC23287,BC23287_C2,__ambiguous[ENSG00000185885+ENSG00000185201],-0.030864175147494087,-0.0198117629204782
BC23287,BC23287_C2,ENSG00000166710,0.18819805894502312,0.22525395785052374
BC23287,BC23287_C2,ENSG00000163220,0.02198892076125665,0.05308955129297626
BC23287,BC23287_C2,ENSG00000145592,-0.03601250758898537,-0.03670975532305117
BC23287,BC23287_C2,ENSG00000198242,0.032183182606305316,0.014593012260535894
BC23287,BC23287_C2,ENSG00000104904,-0.11292532058786804,-0.10517269440913214
BC23287,BC23287_C2,ENSG00000246705,-0.010738070672251432,-0.003388906837369821
BC23287,BC23287_C2,ENSG00000152082,0.20024584679707086,0.1769513914241221
BC23287,BC23287_C2,ENSG00000158710,0.11928114317551167,0.12013024633694099
BC23287,BC23287_C2,ENSG00000141741,0.053087267937672655,0.08726141841240677
BC23287,BC23287_C2,ENSG00000106211,0.10354454888404097,0.10040628694839143
BC23287,BC23287_C2,ENSG00000117410,-0.07351113767236318,-0.08177026494414402
BC23287,BC23287_C2,ENSG00000074800,0.06412598537676256,0.05432630491240839
BC23287,BC23287_C2,__ambiguous[ENSG00000243678+ENSG00000011052],0.01998259679376329,0.041882355703139876
BC23287,BC23287_C2,ENSG00000173372,0.0773646981614448,0.08077897743801149
BC23287,BC23287_C2,ENSG00000118181,0.04386557603603258,0.08441912994942403
BC23287,BC23287_C2,ENSG00000130208,0.11571261577946763,0.07808094942734409
BC23287,BC23287_C2,ENSG00000110651,0.020287720841782514,-0.029802298920255627
BC23287,BC23287_C2,ENSG00000279483,-0.1326202024240647,-0.146712906137551
BC23287,BC23287_C2,ENSG00000030582,-0.09267329321121344,-0.07208652860862885
BC23287,BC23287_C2,ENSG00000142669,-0.1580721849025026,-0.17394268473663532
BC23287,BC23287_C2,__ambiguous[ENSG00000257341+ENSG00000213145],0.01834979105834914,-0.03378351209697194
BC23287,BC23287_C2,__ambiguous[ENSG00000124614+ENSG00000270800],-0.026042857589165688,-0.0276346466427381
BC23287,BC23287_C2,ENSG00000092841,-0.06337132146544379,-0.05875089483674268
BC23287,BC23287_C2,ENSG00000126267,0.04693472039525502,0.0696591849008045
BC23287,BC23287_C2,ENSG00000160862,-0.027661093572235118,0.0016579169212957835
BC23287,BC23287_C2,ENSG00000277972,0.16769567506981523,0.17838156203107283
BC23287,BC23287_C2,ENSG00000111057,-0.1044018609392271,-0.1108289518072645
BC23287,BC23287_C2,ENSG00000165215,-0.035631835033024584,-4.800650303218039e-05
BC23287,BC23287_C2,ENSG00000169100,0.004586732447453167,0.039372879371102815
BC23287,BC23287_C2,ENSG00000205542,0.06446003499393035,0.15092718823353565
BC23287,BC23287_C2,ENSG00000150991,0.008398373026145925,0.026533599554742833
BC23287,BC23287_C2,ENSG00000133112,0.07701145789164336,0.08476152864336661
BC23287,BC23287_C2,ENSG00000071553,0.19010178876296643,0.20121426605251672
BC23287,BC23287_C2,ENSG00000071082,0.013509636824952853,0.056819010345204354
BC23287,BC23287_C2,ENSG00000070756,-0.022483169876848525,-0.034450098502693635
BC23287,BC23287_C2,ENSG00000178719,0.07043877356344443,0.07798375442967465
BC23287,BC23287_C2,ENSG00000117450,0.025953771317532185,0.07149327537787473
BC23287,BC23287_C2,ENSG00000124664,-0.14112535991292532,-0.125683046642602
BC23287,BC23287_C2,ENSG00000277791,0.021930897107589855,0.030209497705639705
BC23287,BC23287_C2,ENSG00000162511,0.008180927250744378,0.03067134971613361
BC23287,BC23287_C2,ENSG00000143774,0.03668755550142613,0.08117129370163169
BC23287,BC23287_C2,ENSG00000102265,-0.13162760736186457,-0.15671990659938914
BC23287,BC23287_C2,ENSG00000149591,-0.15877571314095917,-0.21329619001011987
BC23287,BC23287_C2,ENSG00000105223,0.09930434102679626,0.1003265524227829
BC23287,BC23287_C2,ENSG00000182492,-0.011037663401625365,-0.02221885673793791
BC23287,BC23287_C2,ENSG00000141522,0.034126651314995655,0.02478063856488997
BC23287,BC23287_C2,ENSG00000182809,-0.0256985504654481,-0.023454901780269627
BC23287,BC23287_C2,ENSG00000160789,0.06436098573673789,0.10178299168618873
BC23287,BC23287_C2,ENSG00000115414,0.12585000622900266,0.1451512251494844
BC23287,BC23287_C2,ENSG00000196924,-0.11927784114734415,-0.1752983434324834
BC23287,BC23287_C2,ENSG00000051523,0.06830742359085619,0.006915417041035214
BC23287,BC23287_C2,ENSG00000176340,0.015234905138132998,0.008404893179301211
BC23287,BC23287_C2,ENSG00000142089,0.08895811801275415,0.07543367557637727
BC23287,BC23287_C2,ENSG00000124614,-0.07223594219457216,-0.08566862659493361
BC23287,BC23287_C2,ENSG00000187514,0.019511177284803814,0.0718418771259422
BC23287,BC23287_C2,ENSG00000145425,0.03907428195030122,0.05474439753600937
BC23287,BC23287_C2,ENSG00000125534,-0.17253018721430893,-0.1694202659144045
BC23287,BC23287_C2,ENSG00000163682,-0.0748294128798528,-0.047698271142706646
BC23287,BC23287_C2,ENSG00000204287,0.2287403321839602,0.23984867298052354
BC23287,BC23287_C2,ENSG00000272196,0.1499556552865432,0.20863076773211045
BC23287,BC23287_C2,__ambiguous[ENSG00000277957+ENSG00000161960],0.0679372292177769,0.09134914798177635
BC23287,BC23287_C2,ENSG00000164733,0.047134561139470156,0.06554657413564242
BC23287,BC23287_C2,ENSG00000058262,0.13628226337870997,0.1501086101853791
BC23287,BC23287_C2,ENSG00000052344,0.004836009427681446,0.033163235130612735
BC23287,BC23287_C2,ENSG00000131748,-0.032619682288260496,-0.042557622595712476
BC23287,BC23287_C2,ENSG00000135480,-0.027262854355627142,-0.04848325763595325
BC23287,BC23287_C2,ENSG00000138326,0.11942639903503267,0.11329312788203845
BC23287,BC23287_C2,ENSG00000169223,0.13075727594103234,0.14313100532045972
BC23287,BC23287_C2,ENSG00000114353,-0.013011603298676757,-0.06308890760677624
BC23287,BC23287_C2,ENSG00000184897,0.07730587098684819,0.08058400684168464
BC23287,BC23287_C2,ENSG00000111669,-0.07229959998098617,-0.04493040836039136
BC23287,BC23287_C2,ENSG00000123349,-0.22009922638814633,-0.23014182498659072
BC23287,BC23287_C2,ENSG00000103363,-0.06435961474733985,-0.10755299624077622
BC23287,BC23287_C2,ENSG00000127540,-0.07530962716739177,-0.09081583983577947
BC23287,BC23287_C2,ENSG00000144426,0.050318963691959394,0.027300259968732938
BC23287,BC23287_C2,ENSG00000104529,-0.03255155444217613,0.00016140741454071458
BC23287,BC23287_C2,ENSG00000114867,0.08482401390384675,0.09984898962637928
BC23287,BC23287_C2,ENSG00000255823,-0.15467008590719725,-0.17974384346887495
BC23287,BC23287_C2,ENSG00000164692,0.26131094892863976,0.28936056946998
BC23287,BC23287_C2,ENSG00000172354,-0.0041670930351061205,-0.023326805467896814
BC23287,BC23287_C2,ENSG00000125730,0.002175526645643695,-0.0050874981282307535
BC23287,BC23287_C2,ENSG00000178952,0.016054143588550687,0.019841303024453562
BC23287,BC23287_C2,ENSG00000178980,-0.02747463990451796,-0.019053632665407102
BC23287,BC23287_C2,ENSG00000251562,-0.016474873101792995,-0.028253993553254763
BC23287,BC23287_C2,ENSG00000182899,-0.2313621659160341,-0.2315129188183793
BC23287,BC23287_C2,__ambiguous[ENSG00000262526+ENSG00000170296],-0.10776985955823451,-0.08602749304457288
BC23287,BC23287_C2,ENSG00000142949,0.04941128817249513,0.04970383371639204
BC23287,BC23287_C2,ENSG00000026025,0.1849888057615507,0.21661366025186055
BC23287,BC23287_C2,ENSG00000104964,-0.07930025877205926,-0.0684105438471447
BC23287,BC23287_C2,ENSG00000008988,0.023787407713917078,0.03717763373257332
BC23287,BC23287_C2,ENSG00000167815,0.1576390854135819,0.17412886437624808
BC23287,BC23287_C2,ENSG00000155366,-0.1856703595183985,-0.21473072059419165
BC23287,BC23287_C2,ENSG00000142173,0.1544538878584912,0.13352040330029954
BC23287,BC23287_C2,ENSG00000131143,-0.09486695135033989,-0.10908405560947687
BC23287,BC23287_C2,ENSG00000269028,-0.12774354713814484,-0.11961271698946867
BC23287,BC23287_C2,ENSG00000170315,-0.07061794138827703,-0.032546947167733827
BC23287,BC23287_C2,ENSG00000100300,0.09678304204736847,0.09137352877402691
BC23287,BC23287_C2,__ambiguous[ENSG00000273259+ENSG00000196136],-0.06745005037404497,-0.08008299977942955
BC23287,BC23287_C2,ENSG00000126247,-0.12098613171075687,-0.10355631054257955
BC23287,BC23287_C2,__ambiguous[ENSG00000219200+ENSG00000161939],0.15838924260032256,0.15185779556593143
BC23287,BC23287_C2,ENSG00000160932,0.03132984954857503,0.06590260913178807
BC23287,BC23287_C2,ENSG00000187608,-0.01044601835679275,0.016884424846630035
BC23287,BC23287_C2,ENSG00000087460,0.08621108591340006,0.12889019097465126
BC23287,BC23287_C2,ENSG00000163479,-0.025182069021871853,-0.021990119002558872
BC23287,BC23287_C2,ENSG00000188846,-0.0165096461827762,-0.002736848222011285
BC23287,BC23287_C2,ENSG00000100219,0.08443624568219861,0.11286848349336728
BC23287,BC23287_C2,ENSG00000174886,-0.03686840881104097,-0.037847851683927465
BC23287,BC23287_C2,ENSG00000171222,-0.04511988297112635,-0.04896251375122242
BC23287,BC23287_C2,ENSG00000173369,0.02322379931389692,0.028792519019890488
BC23287,BC23287_C2,ENSG00000197956,0.0017671945281667843,0.008032160103286768
BC23287,BC23287_C2,ENSG00000163399,0.017028577078330793,0.06092580141668681
BC23287,BC23287_C2,ENSG00000214530,-0.0050456083325496,-0.009649754286611651
BC23287,BC23287_C2,ENSG00000173272,0.08163616039473161,0.06874121736069182
BC23287,BC23287_C2,ENSG00000145494,-0.11960384150516395,-0.07975925132967045
BC23287,BC23287_C2,ENSG00000174444,0.03490845306385731,0.02590385100958503
BC23287,BC23287_C2,ENSG00000114391,-0.06781709110475617,-0.05135018372238231
BC23287,BC23287_C2,ENSG00000125970,-0.01946484961243621,-0.025216296883601715
BC23287,BC23287_C2,__ambiguous[ENSG00000241343+ENSG00000257529],0.025481490191066714,0.033767830228341573
BC23287,BC23287_C2,ENSG00000196576,0.14868300904670753,0.13393782933960202
BC23287,BC23287_C2,ENSG00000213988,0.0029025587422468946,-0.0055977343114836774
BC23287,BC23287_C2,ENSG00000130725,0.06019390310473154,0.07905498270600038
BC23287,BC23287_C2,ENSG00000172270,-0.09254620536058307,-0.0969846870614728
BC23287,BC23287_C2,ENSG00000135390,-0.017627941438757774,-0.029285543534243178
BC23287,BC23287_C2,ENSG00000011304,-0.024351369233244255,0.015147632841938962
BC23287,BC23287_C2,ENSG00000025708,0.03591090521741391,0.049736600996688744
BC23287,BC23287_C2,ENSG00000177700,-0.027293200229178676,-0.04290095210510048
BC23287,BC23287_C2,ENSG00000143546,0.13290969601985914,0.16922970316233124
BC23287,BC23287_C2,ENSG00000171863,0.09825908993858283,0.1342469204387653
BC23287,BC23287_C2,ENSG00000143420,-0.05946735183094151,-0.06076788715184923
BC23287,BC23287_C2,ENSG00000170421,0.0794501524731657,0.08879786255005473
BC23287,BC23287_C2,ENSG00000110492,-0.008176359287947988,-0.0174358130034743
BC23287,BC23287_C2,ENSG00000124172,0.10249217186586496,0.12990167092700797
BC23287,BC23287_C2,ENSG00000101335,-0.12780351331942902,-0.1469057933144297
BC23287,BC23287_C2,ENSG00000186010,0.08051455743096744,0.11281469514777655
BC23287,BC23287_C2,ENSG00000186468,0.08752145212930841,0.09903108296021294
BC23287,BC23287_C2,ENSG00000168528,0.10325275721210353,0.1446805539671049
BC23287,BC23287_C2,ENSG00000123989,-0.007150661780160202,8.547574090339884e-05
BC23287,BC23287_C2,ENSG00000130520,-0.045501526125289286,-0.06021144049966921
BC23287,BC23287_C2,ENSG00000161960,0.026962657796634974,0.05272178979703398
BC23287,BC23287_C2,ENSG00000159840,0.043506517515040796,-0.006113743233933897
BC23287,BC23287_C2,ENSG00000147684,0.09186538861329747,0.11942722668548941
BC23287,BC23287_C2,ENSG00000106153,0.03485074773578388,0.07136950266722762
BC23287,BC23287_C2,ENSG00000134419,0.08116945601274714,0.11792477420390042
BC23287,BC23287_C2,ENSG00000132507,0.09425647734481757,0.10638436669020061
BC23287,BC23287_C2,ENSG00000135940,-0.025359360728050978,-0.01775602001775769
BC23287,BC23287_C2,ENSG00000279274,-0.16412458404352137,-0.15542177244198047
BC23287,BC23287_C2,ENSG00000173801,0.0433578659106914,0.09743929059402173
BC23287,BC23287_C2,ENSG00000140990,0.015052717462048792,0.042886900973621904
BC23287,BC23287_C2,ENSG00000109475,0.11098791618239018,0.14296139617603204
BC23287,BC23287_D1,ENSG00000034510,-0.08596994829007923,-0.09157730050055865
BC23287,BC23287_D1,ENSG00000254709,0.037730759859040314,0.04179648199964718
BC23287,BC23287_D1,ENSG00000111640,0.03800256117358153,-0.0005773423442302235
BC23287,BC23287_D1,ENSG00000137818,0.08495649278223504,0.06334023767452765
BC23287,BC23287_D1,ENSG00000177600,0.0407885421021352,0.03863152670841186
BC23287,BC23287_D1,ENSG00000171345,-0.08796807904544024,-0.03783397369960463
BC23287,BC23287_D1,ENSG00000231500,-0.010434101405787998,0.026374218909586522
BC23287,BC23287_D1,ENSG00000075624,0.13729157929396205,0.12732345743743986
BC23287,BC23287_D1,ENSG00000164587,0.039632127237992386,0.034697937053023764
BC23287,BC23287_D1,ENSG00000108107,-0.10506565462259236,-0.1349218577474152
BC23287,BC23287_D1,ENSG00000105372,-0.11744194591703265,-0.11907368407083316
BC23287,BC23287_D1,ENSG00000197756,-0.09200564165635362,-0.08931740579073742
BC23287,BC23287_D1,ENSG00000108298,-0.0291917746187683,-0.02917580489924872
BC23287,BC23287_D1,ENSG00000141736,0.02603862456446819,0.0385214682972061
BC23287,BC23287_D1,ENSG00000161016,0.0005288232257311561,-0.03807368110267674
BC23287,BC23287_D1,ENSG00000167526,0.06319022323203058,0.04737392464713919
BC23287,BC23287_D1,ENSG00000087086,0.20457614652818087,0.21010464933743364
BC23287,BC23287_D1,ENSG00000108518,-0.1771790012137993,-0.1788456898663993
BC23287,BC23287_D1,ENSG00000130255,-0.04178037527480989,-0.023129078993287013
BC23287,BC23287_D1,ENSG00000136942,-0.022958296801956168,-0.02472513867345146
BC23287,BC23287_D1,ENSG00000117984,-0.011783992863924822,0.034570668556141916
BC23287,BC23287_D1,__ambiguous[ENSG00000251357+ENSG00000240972],-0.021999632423237464,-0.05483892966962513
BC23287,BC23287_D1,ENSG00000149273,0.05801031162301506,0.02330165353622849
BC23287,BC23287_D1,ENSG00000197746,0.05278337191850603,0.0664169040278655
BC23287,BC23287_D1,ENSG00000063177,-0.07613976682821766,-0.08450425416069549
BC23287,BC23287_D1,ENSG00000140264,0.025541787690766416,0.05563878215180286
BC23287,BC23287_D1,ENSG00000180879,0.005409066311255382,-0.02421825657957861
BC23287,BC23287_D1,ENSG00000179218,0.09397663821735258,0.12044165460827928
BC23287,BC23287_D1,ENSG00000105193,-0.0602238053024957,-0.06861368889303446
BC23287,BC23287_D1,ENSG00000221983,0.06793485844185532,0.010903095294333937
BC23287,BC23287_D1,ENSG00000130203,0.05851596605818369,0.03850507024340466
BC23287,BC23287_D1,ENSG00000142534,-0.05761241639407941,-0.08857657825235367
BC23287,BC23287_D1,ENSG00000185624,0.0731331180969174,0.06864738006233194
BC23287,BC23287_D1,ENSG00000204628,-0.06064358095183917,-0.06811121683406343
BC23287,BC23287_D1,ENSG00000166441,-0.1625457261372385,-0.166803441773192
BC23287,BC23287_D1,ENSG00000167996,0.05021461078058317,0.049395308895516715
BC23287,BC23287_D1,ENSG00000142541,-0.11216267439358832,-0.10641853931734056
BC23287,BC23287_D1,ENSG00000234745,0.11493119229421483,0.09947736798069061
BC23287,BC23287_D1,ENSG00000147403,-0.18706003142380684,-0.2073946384226655
BC23287,BC23287_D1,ENSG00000140988,-0.16057537467694954,-0.1922577589549358
BC23287,BC23287_D1,ENSG00000089157,0.06094742462896994,0.058395262595585716
BC23287,BC23287_D1,ENSG00000109062,0.031029150629184495,0.07999885217380437
BC23287,BC23287_D1,ENSG00000105640,0.06717401676959521,0.056573354244053416
BC23287,BC23287_D1,ENSG00000171858,0.04544104927374113,0.0736073465249373
BC23287,BC23287_D1,ENSG00000115268,-0.13090946016193752,-0.16960460952554346
BC23287,BC23287_D1,ENSG00000233927,-0.0715366861787263,-0.10933930608206724
BC23287,BC23287_D1,ENSG00000198034,-0.02373225746076721,-0.016304990452375802
BC23287,BC23287_D1,ENSG00000112306,0.033684177400811,0.010182941627004602
BC23287,BC23287_D1,ENSG00000213741,-0.0023712358745302453,0.012083317050041297
BC23287,BC23287_D1,ENSG00000182774,0.08848509066684829,0.09560656200492952
BC23287,BC23287_D1,ENSG00000149806,-0.006991882624375671,-0.0143460913744332
BC23287,BC23287_D1,ENSG00000125691,-0.035595266344452335,0.02231091911171077
BC23287,BC23287_D1,ENSG00000142676,-0.03046582810385282,-0.04577146070153458
BC23287,BC23287_D1,ENSG00000204525,-0.0894044873603379,-0.07517687161982403
BC23287,BC23287_D1,ENSG00000019582,0.09293204918264406,0.046654069163632426
BC23287,BC23287_D1,ENSG00000170889,-0.07223027205977647,-0.12104329647030794
BC23287,BC23287_D1,ENSG00000111341,-0.018164103757742793,0.011624105369596184
BC23287,BC23287_D1,ENSG00000172809,-0.10754166132620491,-0.09534115354845404
BC23287,BC23287_D1,ENSG00000204592,-0.11190911650268821,-0.11227851363345413
BC23287,BC23287_D1,ENSG00000172757,-0.10783764810814217,-0.09289494923357007
BC23287,BC23287_D1,ENSG00000177954,0.10847624484256324,0.1289327171726478
BC23287,BC23287_D1,ENSG00000100316,-0.18253052805336067,-0.18715396973811219
BC23287,BC23287_D1,ENSG00000137154,0.0080381240290091,0.015427738764407133
BC23287,BC23287_D1,ENSG00000101439,-0.0848394928763533,-0.08903306874771107
BC23287,BC23287_D1,ENSG00000184009,0.12199302271132999,0.1566205779761389
BC23287,BC23287_D1,ENSG00000108821,0.24144906249537326,0.2531715258638783
BC23287,BC23287_D1,__ambiguous[ENSG00000254772+ENSG00000255508],-0.05231670677068041,-0.03119602645146831
BC23287,BC23287_D1,ENSG00000165949,-0.04954721311441279,-0.07719430056318606
BC23287,BC23287_D1,ENSG00000206503,-0.034647816247365654,-0.04183527022356473
BC23287,BC23287_D1,ENSG00000231925,-0.0037194384218056232,0.007286824711898496
BC23287,BC23287_D1,ENSG00000083845,-0.09316166465260012,-0.11822869557271719
BC23287,BC23287_D1,ENSG00000169710,0.09318387901641152,0.10739956104001648
BC23287,BC23287_D1,ENSG00000163191,0.03355664329035223,0.009962845708446275
BC23287,BC23287_D1,__ambiguous[ENSG00000185883+ENSG00000260272],0.01040944237744059,0.016681503045760323
BC23287,BC23287_D1,ENSG00000142937,-0.05923910110986892,-0.10281917327094933
BC23287,BC23287_D1,ENSG00000224389,0.15861725290045486,0.18478619330587606
BC23287,BC23287_D1,ENSG00000167995,0.05278214992354155,0.062500671509935
BC23287,BC23287_D1,ENSG00000135404,0.08575393586376133,0.13182474538381442
BC23287,BC23287_D1,ENSG00000107223,-0.10240809264883423,-0.12452609810962803
BC23287,BC23287_D1,ENSG00000108639,0.04772038682150347,0.030368948819985947
BC23287,BC23287_D1,ENSG00000106624,-0.06950625946979916,-0.04288278478941432
BC23287,BC23287_D1,ENSG00000167468,-0.11779091201352944,-0.14065125270151319
BC23287,BC23287_D1,ENSG00000197958,-0.053240222682844465,-0.01919658722125565
BC23287,BC23287_D1,ENSG00000167658,-0.0680046902657946,-0.10902606416733843
BC23287,BC23287_D1,ENSG00000162244,-0.015424738506661572,-0.02260330051828461
BC23287,BC23287_D1,ENSG00000172531,0.08304660531709099,0.0962409931367609
BC23287,BC23287_D1,ENSG00000108679,-0.11911481354842149,-0.1014241159518403
BC23287,BC23287_D1,ENSG00000156482,-0.13390002703010656,-0.15545826659509196
BC23287,BC23287_D1,ENSG00000144713,-0.2105018459744327,-0.25403279657274686
BC23287,BC23287_D1,ENSG00000148303,-0.14965250316600812,-0.1702496503791141
BC23287,BC23287_D1,ENSG00000115884,0.01940786895027169,0.03127166394039039
BC23287,BC23287_D1,ENSG00000149925,-0.0011749795514319607,0.05668964930046284
BC23287,BC23287_D1,ENSG00000143947,0.043491584828075136,0.07137489131596923
BC23287,BC23287_D1,ENSG00000174748,0.004426928196230617,0.04833074247672983
BC23287,BC23287_D1,ENSG00000185825,0.023936186248768872,0.03193709376504738
BC23287,BC23287_D1,ENSG00000130303,0.056680650616143906,0.05613125529093673
BC23287,BC23287_D1,ENSG00000115457,-0.073317690452418,-0.04138775518351878
BC23287,BC23287_D1,ENSG00000185499,0.06585540266070365,0.09467168928252316
BC23287,BC23287_D1,ENSG00000108344,0.016745530011481283,0.07428216875804645
BC23287,BC23287_D1,ENSG00000131469,0.04240027510511698,0.07658107489684401
BC23287,BC23287_D1,__ambiguous[ENSG00000185885+ENSG00000185201],0.09290485471683829,0.09703867852650776
BC23287,BC23287_D1,ENSG00000166710,0.18439023490436557,0.21163757308213269
BC23287,BC23287_D1,ENSG00000163220,0.0023555275555496615,0.011740415882726256
BC23287,BC23287_D1,ENSG00000145592,0.15605054029711388,0.14899599084393136
BC23287,BC23287_D1,ENSG00000198242,0.0018952814518542703,-0.009824955111076724
BC23287,BC23287_D1,ENSG00000104904,-0.0005894514024041811,-0.008437857160385233
BC23287,BC23287_D1,ENSG00000246705,-0.09733113160131546,-0.12016934042962174
BC23287,BC23287_D1,ENSG00000152082,0.11625522111453081,0.120500477982196
BC23287,BC23287_D1,ENSG00000158710,0.08510862397791792,0.0952878294816715
BC23287,BC23287_D1,ENSG00000141741,0.021883073484249404,0.025215250703963295
BC23287,BC23287_D1,ENSG00000106211,0.07146720050881317,0.13401060253931285
BC23287,BC23287_D1,ENSG00000117410,-0.10453313454846588,-0.1388233759279978
BC23287,BC23287_D1,ENSG00000074800,0.07493509306597286,0.06058799729904022
BC23287,BC23287_D1,__ambiguous[ENSG00000243678+ENSG00000011052],0.09080549802614604,0.11808904755062029
BC23287,BC23287_D1,ENSG00000173372,-0.04513485162790561,-0.03362725453132746
BC23287,BC23287_D1,ENSG00000118181,0.15467051260885095,0.1898640851177305
BC23287,BC23287_D1,ENSG00000130208,-0.0025488806169485234,0.027210430938358482
BC23287,BC23287_D1,ENSG00000110651,-0.03469628161772261,-0.02918512895693665
BC23287,BC23287_D1,ENSG00000279483,0.01907769606255773,-0.013696985823976252
BC23287,BC23287_D1,ENSG00000030582,-0.029016606767595134,-0.02099368039554332
BC23287,BC23287_D1,ENSG00000142669,-0.20300113458111127,-0.24781764008352414
BC23287,BC23287_D1,__ambiguous[ENSG00000257341+ENSG00000213145],-0.005087214980920864,0.035984184299174715
BC23287,BC23287_D1,__ambiguous[ENSG00000124614+ENSG00000270800],-0.07066920990739244,-0.09268478255554399
BC23287,BC23287_D1,ENSG00000092841,0.09035521891196292,0.05680017498248227
BC23287,BC23287_D1,ENSG00000126267,-0.11869360607474223,-0.14231383158556754
BC23287,BC23287_D1,ENSG00000160862,0.057230442334150276,0.05785823464308737
BC23287,BC23287_D1,ENSG00000277972,-0.033796711610996566,-0.041859651986645395
BC23287,BC23287_D1,ENSG00000111057,-0.07278172491596978,-0.08223759509455399
BC23287,BC23287_D1,ENSG00000165215,-0.004277914917364129,0.0050663600786096325
BC23287,BC23287_D1,ENSG00000169100,0.031188173862028504,-0.010088855345695273
BC23287,BC23287_D1,ENSG00000205542,0.0870158638729047,0.11952322966575007
BC23287,BC23287_D1,ENSG00000150991,0.12529244379972038,0.12493448713439079
BC23287,BC23287_D1,ENSG00000133112,0.028553671081138293,0.036899877488383574
BC23287,BC23287_D1,ENSG00000071553,-0.19827600996786915,-0.223896747847857
BC23287,BC23287_D1,ENSG00000071082,0.12460351736282979,0.11838874112646157
BC23287,BC23287_D1,ENSG00000070756,-0.06252197409074198,-0.054282776769946174
BC23287,BC23287_D1,ENSG00000178719,0.06741923181230884,0.0631599262092915
BC23287,BC23287_D1,ENSG00000117450,-0.03900971771660791,-0.019314702596185993
BC23287,BC23287_D1,ENSG00000124664,-0.06795109438272522,-0.05634318389553123
BC23287,BC23287_D1,ENSG00000277791,-0.1465835041538862,-0.13915484338671358
BC23287,BC23287_D1,ENSG00000162511,-0.058926277277575885,-0.09504681548189578
BC23287,BC23287_D1,ENSG00000143774,0.018036584958720004,0.02257305838757538
BC23287,BC23287_D1,ENSG00000102265,-0.15427221385604134,-0.18616550500366275
BC23287,BC23287_D1,ENSG00000149591,0.001053857881739287,0.008574249091348964
BC23287,BC23287_D1,ENSG00000105223,0.014527372890575504,0.0453976830979323
BC23287,BC23287_D1,ENSG00000182492,0.08987932490901655,0.08292173365668011
BC23287,BC23287_D1,ENSG00000141522,-0.062251300777715866,-0.06801888729009596
BC23287,BC23287_D1,ENSG00000182809,0.04001261140716818,0.06137702210207434
BC23287,BC23287_D1,ENSG00000160789,0.10169544130624657,0.10896238479667775
BC23287,BC23287_D1,ENSG00000115414,0.239403596001278,0.2959287471992413
BC23287,BC23287_D1,ENSG00000196924,-0.1219021917065667,-0.1090970586751223
BC23287,BC23287_D1,ENSG00000051523,-0.018443252733907012,-0.0440497101579589
BC23287,BC23287_D1,ENSG00000176340,-0.0639887676696525,-0.03077532823101592
BC23287,BC23287_D1,ENSG00000142089,-0.017226262920378984,0.02733496653820577
BC23287,BC23287_D1,ENSG00000124614,0.004894278201972046,-0.004894649250155472
BC23287,BC23287_D1,ENSG00000187514,0.06650686545107976,0.1082005611560269
BC23287,BC23287_D1,ENSG00000145425,0.08449096433469253,0.08920650609492398
BC23287,BC23287_D1,ENSG00000125534,-0.052601231780196954,-0.06861877104584285
BC23287,BC23287_D1,ENSG00000163682,0.03184514077455519,0.07584123069628537
BC23287,BC23287_D1,ENSG00000204287,0.05250112785309008,0.04241493809101471
BC23287,BC23287_D1,ENSG00000272196,0.08203663859378507,0.10742921348395351
BC23287,BC23287_D1,__ambiguous[ENSG00000277957+ENSG00000161960],0.06597568150617583,0.07437568885657125
BC23287,BC23287_D1,ENSG00000164733,0.14843074638381581,0.19959346903944505
BC23287,BC23287_D1,ENSG00000058262,0.003503497056293092,-0.004152367967775369
BC23287,BC23287_D1,ENSG00000052344,0.019153878513984788,0.07745591885638949
BC23287,BC23287_D1,ENSG00000131748,-0.10600132908932153,-0.12947297509429895
BC23287,BC23287_D1,ENSG00000135480,-0.04203990516514461,-0.04173933024894765
BC23287,BC23287_D1,ENSG00000138326,0.10270555795782145,0.13167155512701445
BC23287,BC23287_D1,ENSG00000169223,-0.032969465975465045,-0.04030349334459941
BC23287,BC23287_D1,ENSG00000114353,0.018190603646284713,0.01649116368406478
BC23287,BC23287_D1,ENSG00000184897,-0.0006203825938347006,0.009618152328522854
BC23287,BC23287_D1,ENSG00000111669,-0.04001103686030691,-0.04937678561867532
BC23287,BC23287_D1,ENSG00000123349,-0.12850240621694367,-0.14291760401254794
BC23287,BC23287_D1,ENSG00000103363,-0.1434032747872847,-0.16730315856485803
BC23287,BC23287_D1,ENSG00000127540,-0.12243746564978032,-0.10089550591446447
BC23287,BC23287_D1,ENSG00000144426,-0.05881410389002771,-0.033639387105348945
BC23287,BC23287_D1,ENSG00000104529,0.04304574726729677,0.03571662794160937
BC23287,BC23287_D1,ENSG00000114867,0.10121974262752537,0.09967505047420865
BC23287,BC23287_D1,ENSG00000255823,-0.12602657377094156,-0.15878201957714277
BC23287,BC23287_D1,ENSG00000164692,0.22421863956053364,0.23505678554831824
BC23287,BC23287_D1,ENSG00000172354,0.12059049439833387,0.15469873640329102
BC23287,BC23287_D1,ENSG00000125730,-0.168338751150604,-0.18512696244972074
BC23287,BC23287_D1,ENSG00000178952,-0.06398223380467766,-0.05014325305851199
BC23287,BC23287_D1,ENSG00000178980,-0.1016312471232378,-0.10594678319452448
BC23287,BC23287_D1,ENSG00000251562,-0.08325095537879684,-0.1116056925767416
BC23287,BC23287_D1,ENSG00000182899,0.05002929356083977,0.0667976208410197
BC23287,BC23287_D1,__ambiguous[ENSG00000262526+ENSG00000170296],-0.037415593734488856,-0.056059529856494185
BC23287,BC23287_D1,ENSG00000142949,-0.06167653238496941,-0.12508043414658315
BC23287,BC23287_D1,ENSG00000026025,0.051706481852981274,0.07486244037084881
BC23287,BC23287_D1,ENSG00000104964,-0.04616115842107931,-0.03491574352395949
BC23287,BC23287_D1,ENSG00000008988,-0.02848680276856743,-0.020884263929704147
BC23287,BC23287_D1,ENSG00000167815,0.009993723678628575,0.013787173108240755
BC23287,BC23287_D1,ENSG00000155366,0.0037883596458964976,-0.007143448960447145
BC23287,BC23287_D1,ENSG00000142173,0.1462811304019516,0.16020723676430115
BC23287,BC23287_D1,ENSG00000131143,-0.07286385380766021,-0.09385859484234327
BC23287,BC23287_D1,ENSG00000269028,-0.11905012923046668,-0.1350999155479071
BC23287,BC23287_D1,ENSG00000170315,0.08950843126415467,0.12306328333172852
BC23287,BC23287_D1,ENSG00000100300,-0.0028905227606763595,0.0011587012174597532
BC23287,BC23287_D1,__ambiguous[ENSG00000273259+ENSG00000196136],-0.07115559571302603,-0.0584569987415318
BC23287,BC23287_D1,ENSG00000126247,-0.15383402233722096,-0.15673053969097417
BC23287,BC23287_D1,__ambiguous[ENSG00000219200+ENSG00000161939],-0.09787211690631924,-0.11683220789239782
BC23287,BC23287_D1,ENSG00000160932,-0.006568653614235195,-0.03942092856240385
BC23287,BC23287_D1,ENSG00000187608,0.039158083236337585,0.02485087015284904
BC23287,BC23287_D1,ENSG00000087460,0.1869554868293013,0.19278315959765724
BC23287,BC23287_D1,ENSG00000163479,0.07909948627978987,0.11604175891768792
BC23287,BC23287_D1,ENSG00000188846,-0.0468395862653393,-0.0823786714694008
BC23287,BC23287_D1,ENSG00000100219,0.09124755975319845,0.09351878572185746
BC23287,BC23287_D1,ENSG00000174886,-0.09233849085766313,-0.11299663673767275
BC23287,BC23287_D1,ENSG00000171222,-0.029246346846424905,-0.01776375267053784
BC23287,BC23287_D1,ENSG00000173369,-0.13108323460139318,-0.12218321118308371
BC23287,BC23287_D1,ENSG00000197956,0.0019110966822854852,-0.0039217392757952205
BC23287,BC23287_D1,ENSG00000163399,0.03441678572213181,0.08796308433663086
BC23287,BC23287_D1,ENSG00000214530,0.09281328977408182,0.06024820779854902
BC23287,BC23287_D1,ENSG00000173272,0.10613028519200932,0.14524758062713944
BC23287,BC23287_D1,ENSG00000145494,-0.1054531397029373,-0.10309316741793739
BC23287,BC23287_D1,ENSG00000174444,0.01390462556996422,0.05345470984122306
BC23287,BC23287_D1,ENSG00000114391,0.08818465393858571,0.10553097425328961
BC23287,BC23287_D1,ENSG00000125970,0.039845783214227264,0.04732486335708451
BC23287,BC23287_D1,__ambiguous[ENSG00000241343+ENSG00000257529],0.13453253884245048,0.13144720980044125
BC23287,BC23287_D1,ENSG00000196576,0.03607376386659665,0.05720907129004966
BC23287,BC23287_D1,ENSG00000213988,-0.04716076427884875,-0.05218857391839947
BC23287,BC23287_D1,ENSG00000130725,0.0529435460788538,0.047279384493397
BC23287,BC23287_D1,ENSG00000172270,-0.07256898894217834,-0.08497242012153576
BC23287,BC23287_D1,ENSG00000135390,-0.1180247777026933,-0.13462365324333844
BC23287,BC23287_D1,ENSG00000011304,0.04322358301137893,0.05860746480254427
BC23287,BC23287_D1,ENSG00000025708,-0.10684991031636841,-0.10579017340491072
BC23287,BC23287_D1,ENSG00000177700,-0.06333826985865032,-0.051506087645147976
BC23287,BC23287_D1,ENSG00000143546,-0.01897717629060351,-0.05698022654165703
BC23287,BC23287_D1,ENSG00000171863,-0.06418065094390456,-0.06066059944348293
BC23287,BC23287_D1,ENSG00000143420,0.09677465978087213,0.06871739212562283
BC23287,BC23287_D1,ENSG00000170421,-0.014094666947700826,0.02680570211975289
BC23287,BC23287_D1,ENSG00000110492,-0.12369151209417599,-0.13916052833265294
BC23287,BC23287_D1,ENSG00000124172,0.02109451420707426,0.030342087749317386
BC23287,BC23287_D1,ENSG00000101335,0.013265224616609934,0.054989233647148694
BC23287,BC23287_D1,ENSG00000186010,-0.03647003046111282,-0.030598359343431494
BC23287,BC23287_D1,ENSG00000186468,0.09751808738006326,0.14356350567077744
BC23287,BC23287_D1,ENSG00000168528,0.07422514797309779,0.08297328534182678
BC23287,BC23287_D1,ENSG00000123989,-0.060870596209611,-0.04277257883174042
BC23287,BC23287_D1,ENSG00000130520,0.026489866504299252,-0.0003424102434314229
BC23287,BC23287_D1,ENSG00000161960,0.15371863032288666,0.20480568370218308
BC23287,BC23287_D1,ENSG00000159840,-0.06209691887136572,-0.05031128139302559
BC23287,BC23287_D1,ENSG00000147684,0.05188571914550129,0.027281291893546025
BC23287,BC23287_D1,ENSG00000106153,0.10096221225029303,0.14458712760280626
BC23287,BC23287_D1,ENSG00000134419,0.10650472844342976,0.11236833243517441
BC23287,BC23287_D1,ENSG00000132507,0.01619538582713004,0.03680791614893707
BC23287,BC23287_D1,ENSG00000135940,-0.020960438359026317,-0.024286144336184725
BC23287,BC23287_D1,ENSG00000279274,-0.11817011190767923,-0.14212540859287928
BC23287,BC23287_D1,ENSG00000173801,0.1788937550417767,0.13912083414903229
BC23287,BC23287_D1,ENSG00000140990,-0.06644686584869562,-0.08337380485677304
BC23287,BC23287_D1,ENSG00000109475,0.02017962439969705,0.021374211453051926
BC23450,BC23450_D2,ENSG00000034510,0.024482316784319343,0.013818480078339343
BC23450,BC23450_D2,ENSG00000254709,0.1959011207033226,0.18807192308711393
BC23450,BC23450_D2,ENSG00000111640,0.02887934925640905,-0.016716545465605144
BC23450,BC23450_D2,ENSG00000171345,0.12467222498427806,0.14642475989795806
BC23450,BC23450_D2,ENSG00000137818,0.051002273541389816,0.0929481909269276
BC23450,BC23450_D2,ENSG00000177600,0.16785739082985301,0.16352083739436163
BC23450,BC23450_D2,ENSG00000231500,-0.030815738458651352,-0.057482137911721604
BC23450,BC23450_D2,ENSG00000075624,-0.0739226671106713,-0.08512265286790141
BC23450,BC23450_D2,ENSG00000164587,0.021523907638162882,0.010943539174003343
BC23450,BC23450_D2,ENSG00000108107,-0.13779312332613752,-0.13642208232348185
BC23450,BC23450_D2,ENSG00000105372,-0.03721679827755448,-0.03457481928954142
BC23450,BC23450_D2,ENSG00000197756,-0.05246103048805533,-0.046481403878902434
BC23450,BC23450_D2,ENSG00000161016,0.013080223279941882,0.04332253802986866
BC23450,BC23450_D2,ENSG00000167526,0.04862517082929337,0.04538289100931671
BC23450,BC23450_D2,ENSG00000141736,-0.22116594211383026,-0.2452669429471977
BC23450,BC23450_D2,ENSG00000108298,0.13212470674589033,0.12833960097045877
BC23450,BC23450_D2,ENSG00000130255,0.06509140668805873,0.03776054672414811
BC23450,BC23450_D2,ENSG00000108518,0.10875047597379103,0.14921560907455034
BC23450,BC23450_D2,ENSG00000087086,0.20078511832941703,0.2368611051141096
BC23450,BC23450_D2,ENSG00000136942,0.06594922318979668,0.07234192365177992
BC23450,BC23450_D2,__ambiguous[ENSG00000251357+ENSG00000240972],0.08313847940568923,0.08436072585607894
BC23450,BC23450_D2,ENSG00000117984,0.06757197022963507,0.07527825837202508
BC23450,BC23450_D2,ENSG00000063177,-0.09639711429177779,-0.09791260559377583
BC23450,BC23450_D2,ENSG00000197746,-0.10685536345683765,-0.1199263686034914
BC23450,BC23450_D2,ENSG00000140264,0.004426871750575127,0.020306890440709397
BC23450,BC23450_D2,ENSG00000180879,-0.053697900591504186,-0.06451480504861745
BC23450,BC23450_D2,ENSG00000105193,0.08752080876718467,0.09578451227063296
BC23450,BC23450_D2,ENSG00000149273,-0.1575212336949131,-0.17419947422215398
BC23450,BC23450_D2,ENSG00000179218,-0.015840959151572506,-0.026296079533599602
BC23450,BC23450_D2,ENSG00000221983,-0.12185902991121111,-0.12791073649684673
BC23450,BC23450_D2,ENSG00000142534,-0.14222846357372432,-0.15459007384060192
BC23450,BC23450_D2,ENSG00000204628,0.019319882718888848,0.0070707420446543675
BC23450,BC23450_D2,ENSG00000185624,-0.10162637394020436,-0.09118831871149778
BC23450,BC23450_D2,ENSG00000142541,-0.07028369605933106,-0.09954193009902565
BC23450,BC23450_D2,ENSG00000130203,0.180822860300537,0.26020627192411927
BC23450,BC23450_D2,ENSG00000166441,0.015653069708693325,0.036796477354919775
BC23450,BC23450_D2,ENSG00000234745,-0.010183853567433383,-0.012453259099138775
BC23450,BC23450_D2,ENSG00000167996,0.09215068837219434,0.08952624684841319
BC23450,BC23450_D2,ENSG00000147403,0.03317391872754002,0.03854601986508682
BC23450,BC23450_D2,ENSG00000089157,0.05603202409014202,0.07828613183674313
BC23450,BC23450_D2,ENSG00000109062,-0.020973736925622186,0.012822461365634603
BC23450,BC23450_D2,ENSG00000140988,0.020666994525680833,0.02063739040268762
BC23450,BC23450_D2,ENSG00000105640,-0.036557186081592495,-0.024423357842821083
BC23450,BC23450_D2,ENSG00000115268,0.060750106095277215,0.07090865346157627
BC23450,BC23450_D2,ENSG00000171858,-0.13410498057696746,-0.15028428330122934
BC23450,BC23450_D2,ENSG00000233927,-0.05293082662444496,-0.04766635165305379
BC23450,BC23450_D2,ENSG00000112306,0.000782864800010684,0.0070115243313434005
BC23450,BC23450_D2,ENSG00000182774,0.004115615257541946,0.004054740301503116
BC23450,BC23450_D2,ENSG00000198034,0.09630869060996075,0.11475936010780148
BC23450,BC23450_D2,ENSG00000149806,-0.042838390065197206,-0.03978915901709203
BC23450,BC23450_D2,ENSG00000142676,0.06508853511563187,0.0624798883302866
BC23450,BC23450_D2,ENSG00000213741,-0.006024636603064016,-0.022687306400550455
BC23450,BC23450_D2,ENSG00000204525,-0.08806621828234362,-0.08336138429894474
BC23450,BC23450_D2,ENSG00000019582,0.051450162218547875,0.012598770785803206
BC23450,BC23450_D2,ENSG00000170889,0.07657077831938602,0.08375080999485092
BC23450,BC23450_D2,ENSG00000125691,0.23431117934601514,0.24557257826606652
BC23450,BC23450_D2,ENSG00000172809,0.07319021966584836,0.07839222093510148
BC23450,BC23450_D2,ENSG00000111341,-0.11764605572116034,-0.13984942929970304
BC23450,BC23450_D2,ENSG00000100316,0.06438854510744292,0.0578463915147417
BC23450,BC23450_D2,ENSG00000204592,-0.0076435691393240725,-0.03282955440427038
BC23450,BC23450_D2,ENSG00000172757,-0.02629493794472661,0.006851214717909965
BC23450,BC23450_D2,ENSG00000177954,-0.04359496162322953,-0.05288329768433979
BC23450,BC23450_D2,ENSG00000101439,0.00035367873679484303,0.028354438955913303
BC23450,BC23450_D2,ENSG00000137154,0.01567206058032091,0.02227138417022933
BC23450,BC23450_D2,ENSG00000184009,-0.019259934474932558,-0.01791579743538681
BC23450,BC23450_D2,ENSG00000169710,-0.0006912233005735363,0.009533801277031115
BC23450,BC23450_D2,__ambiguous[ENSG00000254772+ENSG00000255508],0.015231680023142362,0.011877123809019358
BC23450,BC23450_D2,ENSG00000083845,0.10210550620549033,0.07384446762101955
BC23450,BC23450_D2,ENSG00000108821,-0.034029342983382366,-0.013956956740596507
BC23450,BC23450_D2,ENSG00000142937,0.05080098033918281,0.04236742459482645
BC23450,BC23450_D2,__ambiguous[ENSG00000185883+ENSG00000260272],0.04974152758442073,0.06643320847861914
BC23450,BC23450_D2,ENSG00000206503,-0.00940916947708772,-0.00706416531476127
BC23450,BC23450_D2,ENSG00000231925,0.028341813994847902,0.011107776012390163
BC23450,BC23450_D2,ENSG00000163191,0.020396024077812134,0.0013997425190006108
BC23450,BC23450_D2,ENSG00000224389,0.10362345581301059,0.08621535386326926
BC23450,BC23450_D2,ENSG00000135404,0.07006891607599143,0.07182416726480052
BC23450,BC23450_D2,ENSG00000107223,-0.051991341600992634,-0.053252431887464584
BC23450,BC23450_D2,ENSG00000167995,-0.0542330356588238,-0.053533314005544376
BC23450,BC23450_D2,ENSG00000167468,-0.030782461533503214,-0.02505036556407596
BC23450,BC23450_D2,ENSG00000167658,-0.04332651360436626,-0.02229502119564222
BC23450,BC23450_D2,ENSG00000197958,0.08470814310597387,0.08799242362797195
BC23450,BC23450_D2,ENSG00000106624,-0.06792237548245234,-0.07213264723291467
BC23450,BC23450_D2,ENSG00000162244,0.00574410179714039,0.009956203194204677
BC23450,BC23450_D2,ENSG00000165949,0.0209547419204541,-0.002943213808083783
BC23450,BC23450_D2,ENSG00000156482,-0.06209422226887306,-0.07527230992038185
BC23450,BC23450_D2,ENSG00000149925,-0.019877941781553252,-0.024883710601421388
BC23450,BC23450_D2,ENSG00000148303,0.043295261294763826,0.02275346814210485
BC23450,BC23450_D2,ENSG00000108639,0.09408277353481687,0.09173723569178921
BC23450,BC23450_D2,ENSG00000144713,-0.2066629672960789,-0.21942774194768344
BC23450,BC23450_D2,ENSG00000108679,-0.044958876134292364,-0.053084821433084683
BC23450,BC23450_D2,ENSG00000115884,-0.11177279155922079,-0.10630677426702366
BC23450,BC23450_D2,ENSG00000143947,-0.0659098834350141,-0.05834658865534548
BC23450,BC23450_D2,ENSG00000163220,0.20564186187606318,0.20904771756724416
BC23450,BC23450_D2,ENSG00000130303,-0.03135425502184148,-0.022141354805128084
BC23450,BC23450_D2,ENSG00000174748,0.06956790538640528,0.08332441673722764
BC23450,BC23450_D2,ENSG00000185825,-0.13141034351277475,-0.18038680339372423
BC23450,BC23450_D2,ENSG00000185499,-0.03824315554177239,-0.03733257508071094
BC23450,BC23450_D2,ENSG00000198242,0.013906374255186593,0.023928250181480523
BC23450,BC23450_D2,__ambiguous[ENSG00000185885+ENSG00000185201],0.07750504652729247,0.06745352296607723
BC23450,BC23450_D2,ENSG00000115457,-0.08542602502206871,-0.08716866669770058
BC23450,BC23450_D2,ENSG00000166710,0.00014109486082988483,-0.04758816939235549
BC23450,BC23450_D2,ENSG00000131469,-0.10572575028803607,-0.13064841650176648
BC23450,BC23450_D2,ENSG00000145592,0.014770898279971464,0.02446155087545231
BC23450,BC23450_D2,ENSG00000104904,0.06978581080837866,0.06347675665192176
BC23450,BC23450_D2,ENSG00000172531,-0.03209772979157341,-0.030661666872321185
BC23450,BC23450_D2,ENSG00000108344,0.08991810387710629,0.09066945047216408
BC23450,BC23450_D2,ENSG00000074800,-0.14434813247183104,-0.14929573421368209
BC23450,BC23450_D2,ENSG00000117410,0.05600708819495935,0.0678052232647998
BC23450,BC23450_D2,ENSG00000173372,0.1293971759048182,0.1151721178487817
BC23450,BC23450_D2,ENSG00000160862,0.005927028819133886,0.020870711574125796
BC23450,BC23450_D2,ENSG00000152082,0.019971553891976447,0.0317180111514548
BC23450,BC23450_D2,ENSG00000158710,-0.05338179199807429,-0.06728323040756014
BC23450,BC23450_D2,ENSG00000246705,0.006966627564104342,0.05039777438396015
BC23450,BC23450_D2,ENSG00000118181,0.029165248738570064,0.022147602599331687
BC23450,BC23450_D2,__ambiguous[ENSG00000243678+ENSG00000011052],0.23216110089477712,0.25715512137666485
BC23450,BC23450_D2,ENSG00000279483,0.034554302876405624,0.05237847363473626
BC23450,BC23450_D2,ENSG00000141741,0.043305362826693214,0.05367752925042545
BC23450,BC23450_D2,ENSG00000142669,-0.07823097402814218,-0.08827737828043371
BC23450,BC23450_D2,ENSG00000130208,-0.09781899033570532,-0.10627314095857186
BC23450,BC23450_D2,__ambiguous[ENSG00000124614+ENSG00000270800],-0.09442034231686534,-0.07156073024575442
BC23450,BC23450_D2,ENSG00000030582,0.011643452729623008,-0.004763387587588303
BC23450,BC23450_D2,ENSG00000126267,-0.0077077676882302375,-0.0021330708524690714
BC23450,BC23450_D2,ENSG00000110651,0.004924087119397582,-0.01724716640596698
BC23450,BC23450_D2,ENSG00000106211,-0.06777384647497016,-0.06778057508712829
BC23450,BC23450_D2,ENSG00000169100,-0.015068401817145279,-0.0027854233702801186
BC23450,BC23450_D2,ENSG00000092841,-0.011958634072846851,-0.02458353010925607
BC23450,BC23450_D2,ENSG00000277972,0.027554487636631413,0.024172583731342515
BC23450,BC23450_D2,ENSG00000111057,-0.022392561814627374,0.001824910368018301
BC23450,BC23450_D2,ENSG00000117450,0.14114529355362346,0.17185908452642412
BC23450,BC23450_D2,ENSG00000205542,0.002159741823317588,-0.00018203752050468684
BC23450,BC23450_D2,ENSG00000165215,0.016336774451086607,0.041522183712093444
BC23450,BC23450_D2,ENSG00000178719,-0.04768045059541213,-0.042923649510377415
BC23450,BC23450_D2,ENSG00000071553,-0.038808523784245354,-0.049469515249732386
BC23450,BC23450_D2,ENSG00000133112,-0.027838702412729215,-0.052243261526986925
BC23450,BC23450_D2,ENSG00000150991,-0.007037825384985065,0.00637803253041518
BC23450,BC23450_D2,ENSG00000071082,0.05518448688571653,0.054745026783269236
BC23450,BC23450_D2,ENSG00000102265,-0.08990036161799861,-0.12073123275259144
BC23450,BC23450_D2,ENSG00000124664,-0.00311871639894677,-0.0036530974447964056
BC23450,BC23450_D2,ENSG00000143774,-0.00067541491082878,-0.01010295963831434
BC23450,BC23450_D2,ENSG00000277791,0.14698450476355607,0.17112813478224628
BC23450,BC23450_D2,ENSG00000162511,0.02570345930182072,0.03809616293624458
BC23450,BC23450_D2,ENSG00000105223,0.09122246043359286,0.1107740884385685
BC23450,BC23450_D2,ENSG00000141522,0.0341300155766475,0.04577080795619015
BC23450,BC23450_D2,ENSG00000070756,0.046694107204964606,0.05276078437571267
BC23450,BC23450_D2,ENSG00000149591,-0.01934259041619174,-0.02527814770114932
BC23450,BC23450_D2,ENSG00000125534,0.059634176740002036,0.06537888718452425
BC23450,BC23450_D2,ENSG00000163682,0.11241798020399649,0.13877106806352743
BC23450,BC23450_D2,ENSG00000135480,-0.06741908098647105,-0.06611730792994662
BC23450,BC23450_D2,ENSG00000182492,-0.061589978943773806,-0.07544675332359921
BC23450,BC23450_D2,ENSG00000145425,0.06926896270687034,0.06833785390913338
BC23450,BC23450_D2,ENSG00000160789,-0.013568542337209617,-0.008710171281994888
BC23450,BC23450_D2,ENSG00000176340,0.027548394374575964,0.01187085438171989
BC23450,BC23450_D2,ENSG00000124614,-0.040390276201380276,-0.031030011796222882
BC23450,BC23450_D2,ENSG00000204287,0.019877674621232445,0.06014297058444063
BC23450,BC23450_D2,ENSG00000142089,0.0016367868260059968,0.0008021727108585096
BC23450,BC23450_D2,ENSG00000196924,-0.0644705527471552,-0.06940813208075731
BC23450,BC23450_D2,ENSG00000051523,0.03679714162342421,0.041325082724949586
BC23450,BC23450_D2,__ambiguous[ENSG00000257341+ENSG00000213145],0.05012198222540597,0.07229198676251064
BC23450,BC23450_D2,__ambiguous[ENSG00000277957+ENSG00000161960],0.04457667195170499,0.07496951315547384
BC23450,BC23450_D2,ENSG00000164733,0.07980899562859231,0.09750803229989365
BC23450,BC23450_D2,ENSG00000115414,0.04626067936838722,0.05079706391471833
BC23450,BC23450_D2,ENSG00000187514,0.04817858718245924,0.05563006473923717
BC23450,BC23450_D2,ENSG00000127540,-0.022501676766872883,-0.019834649939124763
BC23450,BC23450_D2,ENSG00000058262,0.09423252040314159,0.12066963461493442
BC23450,BC23450_D2,ENSG00000182809,-0.0312862535765335,-0.013186548404294299
BC23450,BC23450_D2,ENSG00000123349,0.07778462630207758,0.08470343018735968
BC23450,BC23450_D2,ENSG00000255823,0.1843072016698199,0.24104684944455354
BC23450,BC23450_D2,ENSG00000103363,-0.0653000655940683,-0.06457198204787415
BC23450,BC23450_D2,ENSG00000111669,-0.04659298497010461,-0.030564836315966966
BC23450,BC23450_D2,ENSG00000178980,0.014756691495440118,0.013905591371554357
BC23450,BC23450_D2,ENSG00000169223,-0.008471122493083483,-0.014903366798014487
BC23450,BC23450_D2,ENSG00000138326,-0.007401320279358106,0.008854872381986753
BC23450,BC23450_D2,ENSG00000104529,-0.028078352050546034,-0.014765186466672683
BC23450,BC23450_D2,ENSG00000125730,-0.0696962399854708,-0.10890153435255853
BC23450,BC23450_D2,__ambiguous[ENSG00000262526+ENSG00000170296],0.04523109270002463,0.030281981290396012
BC23450,BC23450_D2,ENSG00000114867,-0.033977796918056975,-0.04098535640087891
BC23450,BC23450_D2,ENSG00000114353,0.009374984409201882,0.004174732846818333
BC23450,BC23450_D2,ENSG00000144426,0.04886707009132533,0.054673365244850836
BC23450,BC23450_D2,ENSG00000272196,0.01619924047504757,0.0168986852053075
BC23450,BC23450_D2,ENSG00000008988,-0.03241155701132972,-0.01890701518622578
BC23450,BC23450_D2,ENSG00000251562,0.1200057266851241,0.15270504530093335
BC23450,BC23450_D2,ENSG00000167815,-0.015015772224936852,-0.021080935137716226
BC23450,BC23450_D2,ENSG00000131748,0.15127251347050677,0.16936620827247942
BC23450,BC23450_D2,ENSG00000182899,-0.06382441238501911,-0.057355579563646
BC23450,BC23450_D2,ENSG00000142949,-0.030807212519710747,-0.023868784056465364
BC23450,BC23450_D2,ENSG00000104964,0.1560984271033943,0.17640428354714238
BC23450,BC23450_D2,ENSG00000164692,0.030134623121015527,0.03819171864557448
BC23450,BC23450_D2,ENSG00000026025,-0.050377253665645015,-0.058266250510322096
BC23450,BC23450_D2,ENSG00000269028,0.17509438475531258,0.23407181697801785
BC23450,BC23450_D2,ENSG00000184897,-0.047951661817975624,-0.04699441257068735
BC23450,BC23450_D2,ENSG00000131143,0.10760846844730176,0.11135241052441147
BC23450,BC23450_D2,ENSG00000100300,0.009539705003362929,0.013556963719913412
BC23450,BC23450_D2,ENSG00000172354,-0.003590301864813275,-0.001890060318250509
BC23450,BC23450_D2,ENSG00000170315,0.06400379360560393,0.06544876615775394
BC23450,BC23450_D2,__ambiguous[ENSG00000219200+ENSG00000161939],0.10601819407630905,0.09911144907357852
BC23450,BC23450_D2,ENSG00000160932,-0.02121806922784104,-0.01656103536694681
BC23450,BC23450_D2,ENSG00000126247,-0.10972456533157794,-0.1185574861365865
BC23450,BC23450_D2,ENSG00000052344,0.02982520241722501,0.03929048971245937
BC23450,BC23450_D2,ENSG00000155366,-0.012463360504605161,-0.028704448392697333
BC23450,BC23450_D2,ENSG00000087460,0.00794943962203667,-0.01585931310340967
BC23450,BC23450_D2,ENSG00000142173,-0.09273443899621575,-0.1152286137278871
BC23450,BC23450_D2,ENSG00000178952,0.0004577211916658686,0.019183926825137743
BC23450,BC23450_D2,ENSG00000188846,-0.05736546150723974,-0.06841501826281929
BC23450,BC23450_D2,ENSG00000145494,-0.027636771213771786,-0.03258948928013384
BC23450,BC23450_D2,ENSG00000174886,-0.006252394974556808,0.0002459101502193171
BC23450,BC23450_D2,ENSG00000163479,0.009015757185437328,0.0021981887957242684
BC23450,BC23450_D2,ENSG00000100219,0.032434643296441364,0.022789230296530363
BC23450,BC23450_D2,ENSG00000173369,0.05554174338807758,0.04433786424440809
BC23450,BC23450_D2,ENSG00000143546,0.025918579775250375,0.036762702963176234
BC23450,BC23450_D2,ENSG00000171222,0.05040684821259957,0.07668406849353153
BC23450,BC23450_D2,ENSG00000213988,0.005853050025022517,0.018128270291770252
BC23450,BC23450_D2,ENSG00000114391,-0.011471784836631761,-0.030958968071347737
BC23450,BC23450_D2,ENSG00000163399,0.06603925580068314,0.07758794367127332
BC23450,BC23450_D2,ENSG00000174444,0.06659631291531205,0.07151009186893546
BC23450,BC23450_D2,ENSG00000130725,0.04819707537161957,0.09072977088068294
BC23450,BC23450_D2,__ambiguous[ENSG00000241343+ENSG00000257529],0.12068387855153247,0.14952527219784784
BC23450,BC23450_D2,ENSG00000135390,-0.07767771321720454,-0.08562171333139407
BC23450,BC23450_D2,ENSG00000187608,0.03347084927617534,0.042618605855750336
BC23450,BC23450_D2,ENSG00000197956,0.12530314372232543,0.1354274412658173
BC23450,BC23450_D2,ENSG00000110492,-0.028505843277561494,-0.03516575460422727
BC23450,BC23450_D2,ENSG00000214530,0.1223025326130541,0.13378231467211785
BC23450,BC23450_D2,ENSG00000196576,0.11451121653645327,0.12658684315935004
BC23450,BC23450_D2,ENSG00000125970,0.08310366044020666,0.09929035823965973
BC23450,BC23450_D2,ENSG00000177700,-0.026076455222807094,-0.013882676268681013
BC23450,BC23450_D2,ENSG00000173272,0.05414438732258837,0.07992948858875625
BC23450,BC23450_D2,ENSG00000172270,0.006114639023051402,0.02625235604928418
BC23450,BC23450_D2,__ambiguous[ENSG00000273259+ENSG00000196136],0.10906004514493398,0.11820997672919695
BC23450,BC23450_D2,ENSG00000011304,-0.02328748190123131,-0.006515038746214301
BC23450,BC23450_D2,ENSG00000143420,-0.0030952627952919366,0.004066071480611483
BC23450,BC23450_D2,ENSG00000147684,-0.04438505883067589,-0.026925130831963375
BC23450,BC23450_D2,ENSG00000025708,0.07993100843478695,0.08705553040697284
BC23450,BC23450_D2,ENSG00000168528,0.07989712709906364,0.0933547594704756
BC23450,BC23450_D2,ENSG00000171863,0.12541314148307536,0.1242467080774159
BC23450,BC23450_D2,ENSG00000130520,0.020529502824055648,0.03067405533291423
BC23450,BC23450_D2,ENSG00000147604,0.03369298217955871,0.038657315414894255
BC23450,BC23450_D2,ENSG00000124172,-0.14480721480961498,-0.1646068455585291
BC23450,BC23450_D2,ENSG00000123989,0.08531285458473581,0.09426247176368299
BC23450,BC23450_D2,ENSG00000161960,0.0695154536275399,0.12573496035053996
BC23450,BC23450_D2,ENSG00000164919,-0.013473276855442558,-0.0075812186503549876
BC23450,BC23450_D2,ENSG00000101335,-0.22018642170062855,-0.231224282399196
BC23450,BC23450_D2,ENSG00000141753,0.005346369784380897,-0.0013032820948648547
BC23450,BC23450_D2,ENSG00000132507,0.06311822583874241,0.08979555994023304
BC23450,BC23450_D2,ENSG00000176046,-0.04038739770810503,-0.041425136769761776
BC23450,BC23450_D2,ENSG00000170421,0.05375725116574123,0.06471959430292683
BC23450,BC23450_D2,ENSG00000173801,-0.01642332749399871,-0.02333494533783623
BC23450,BC23450_D2,ENSG00000186468,0.017755965667231886,0.017974382282724174
BC23450,BC23450_D2,ENSG00000279274,0.04852807968162662,0.06944090789320663
BC23450,BC23450_D2,ENSG00000135940,-0.048990669448180375,-0.053875809470392604
BC23450,BC23450_D2,ENSG00000109475,-0.045736052664983415,-0.02949572770966714
BC23450,BC23450_D2,ENSG00000140990,-0.019520274497626115,-0.017680419377323363
BC23450,BC23450_E1,ENSG00000034510,0.14423241826532715,0.14381741740428491
BC23450,BC23450_E1,ENSG00000254709,-0.002254231916769889,-0.02909745173453929
BC23450,BC23450_E1,ENSG00000111640,0.013500975391023379,0.03250433305442678
BC23450,BC23450_E1,ENSG00000171345,0.019991796185819432,0.055070685526459474
BC23450,BC23450_E1,ENSG00000137818,-0.16287279159443224,-0.2132734816776305
BC23450,BC23450_E1,ENSG00000177600,0.030377916348589006,-0.010986426981834798
BC23450,BC23450_E1,ENSG00000231500,0.04942447508471058,0.04024037036707277
BC23450,BC23450_E1,ENSG00000075624,0.1283286242306493,0.14595626354392086
BC23450,BC23450_E1,ENSG00000164587,-0.014347067085878787,-0.06881191887540365
BC23450,BC23450_E1,ENSG00000108107,0.06340362751245873,0.05605243270236579
BC23450,BC23450_E1,ENSG00000105372,0.05611706421651917,0.028936959576531897
BC23450,BC23450_E1,ENSG00000197756,-0.0006306116712506478,-0.007823761929831877
BC23450,BC23450_E1,ENSG00000161016,-0.01992887148814186,-0.004488920763413394
BC23450,BC23450_E1,ENSG00000167526,0.110002728219187,0.11525553173198484
BC23450,BC23450_E1,ENSG00000141736,0.09739744546342313,0.12786490700624498
BC23450,BC23450_E1,ENSG00000108298,-0.06982579961121281,-0.09216902373599994
BC23450,BC23450_E1,ENSG00000130255,-0.0004164542650211797,0.024177334454320843
BC23450,BC23450_E1,ENSG00000108518,0.11687706193793745,0.13599705708334883
BC23450,BC23450_E1,ENSG00000087086,0.11374875500816017,0.12681331872750287
BC23450,BC23450_E1,ENSG00000136942,-0.0137174789957703,-0.02454407407225319
BC23450,BC23450_E1,__ambiguous[ENSG00000251357+ENSG00000240972],0.00714880777623246,0.0006909010140100268
BC23450,BC23450_E1,ENSG00000117984,-0.03244135020965465,-0.03121776646081472
BC23450,BC23450_E1,ENSG00000063177,0.0039703589311468925,-0.0019923892922981854
BC23450,BC23450_E1,ENSG00000197746,0.049065186479463264,0.08214358487878458
BC23450,BC23450_E1,ENSG00000140264,0.004411626807449164,0.022021311198407827
BC23450,BC23450_E1,ENSG00000180879,-0.019383239702323692,-0.02492674122031339
BC23450,BC23450_E1,ENSG00000105193,0.05256317836694649,0.04742541512882601
BC23450,BC23450_E1,ENSG00000149273,0.12304080329223284,0.15972180516742093
BC23450,BC23450_E1,ENSG00000179218,0.08875463530189365,0.11809948045792534
BC23450,BC23450_E1,ENSG00000221983,0.17635921220980424,0.16064075696660027
BC23450,BC23450_E1,ENSG00000142534,-0.10351287140142416,-0.08342719278950635
BC23450,BC23450_E1,ENSG00000204628,-0.011221522668251854,-0.00967721678022403
BC23450,BC23450_E1,ENSG00000185624,-0.0017669207759335938,0.009954535137510672
BC23450,BC23450_E1,ENSG00000142541,0.03360522640600503,0.05797820365016702
BC23450,BC23450_E1,ENSG00000130203,0.08596653833010891,0.10301503706629438
BC23450,BC23450_E1,ENSG00000166441,0.01533494553479914,-0.025134030941816397
BC23450,BC23450_E1,ENSG00000234745,-0.022171455889971402,-0.036459916177987106
BC23450,BC23450_E1,ENSG00000167996,-0.0901785704402525,-0.10412151408654145
BC23450,BC23450_E1,ENSG00000147403,-0.059268777626229875,-0.06042370541791457
BC23450,BC23450_E1,ENSG00000089157,-0.14695333038365324,-0.18122899072180607
BC23450,BC23450_E1,ENSG00000109062,0.12105212193708026,0.11052054814493255
BC23450,BC23450_E1,ENSG00000140988,-0.03315764281374848,-0.04398273672104431
BC23450,BC23450_E1,ENSG00000105640,-0.017732207649616253,-0.010668400296556527
BC23450,BC23450_E1,ENSG00000115268,0.01718180557701578,0.017535568606969674
BC23450,BC23450_E1,ENSG00000171858,-0.0844980470964623,-0.10800866318711742
BC23450,BC23450_E1,ENSG00000233927,0.03763297858573078,0.05459691569248647
BC23450,BC23450_E1,ENSG00000112306,-0.10940402054966988,-0.09454391776876639
BC23450,BC23450_E1,ENSG00000182774,-0.021913192078771626,-0.01995904279812537
BC23450,BC23450_E1,ENSG00000198034,-0.08576366469867801,-0.08256668454054292
BC23450,BC23450_E1,ENSG00000149806,-0.03745954844806761,-0.06653190653356643
BC23450,BC23450_E1,ENSG00000142676,-0.06473680670870985,-0.07994037756207857
BC23450,BC23450_E1,ENSG00000213741,0.04835089750380525,0.06580232495327393
BC23450,BC23450_E1,ENSG00000204525,0.06583651510697641,0.06491902978032477
BC23450,BC23450_E1,ENSG00000019582,0.03024580918097428,0.030630849416803826
BC23450,BC23450_E1,ENSG00000170889,0.062250072899073104,0.0857789912836913
BC23450,BC23450_E1,ENSG00000125691,0.011033325506521767,0.014202021167966455
BC23450,BC23450_E1,ENSG00000172809,0.028379395196041296,0.01127484643486891
BC23450,BC23450_E1,ENSG00000111341,0.08046296331653846,0.09956593878752466
BC23450,BC23450_E1,ENSG00000100316,0.024099499456587927,0.023090921753516142
BC23450,BC23450_E1,ENSG00000204592,-0.06319263492814023,-0.076373212711148
BC23450,BC23450_E1,ENSG00000172757,-0.032915345302570016,-0.03558356933738493
BC23450,BC23450_E1,ENSG00000177954,-0.10416523243277748,-0.10853373716723445
BC23450,BC23450_E1,ENSG00000101439,-0.13135759446752393,-0.14939894285683694
BC23450,BC23450_E1,ENSG00000137154,-0.016231346361396212,-0.008386094978283748
BC23450,BC23450_E1,ENSG00000184009,0.059726124229909035,0.07208836779279938
BC23450,BC23450_E1,ENSG00000169710,0.01825338346293773,0.03172975145826809
BC23450,BC23450_E1,__ambiguous[ENSG00000254772+ENSG00000255508],0.10088443596513809,0.07834508720241373
BC23450,BC23450_E1,ENSG00000083845,0.0050665195890104925,0.015504316816833192
BC23450,BC23450_E1,ENSG00000108821,-0.09822135738198313,-0.12542517075333234
BC23450,BC23450_E1,ENSG00000142937,0.00441776746750534,-0.0010256523975207502
BC23450,BC23450_E1,__ambiguous[ENSG00000185883+ENSG00000260272],0.17493806364041692,0.18761582331289975
BC23450,BC23450_E1,ENSG00000206503,0.030022055236455215,0.019594239816677392
BC23450,BC23450_E1,ENSG00000231925,0.03349944240870269,0.053242254877063085
BC23450,BC23450_E1,ENSG00000163191,0.09736034196569912,0.10379265352197373
BC23450,BC23450_E1,ENSG00000224389,0.08418703201291314,0.07107512908862229
BC23450,BC23450_E1,ENSG00000135404,-0.0533005617132505,-0.06252942364298465
BC23450,BC23450_E1,ENSG00000107223,-0.05912062378702957,-0.059305359053462924
BC23450,BC23450_E1,ENSG00000167995,0.11388534435906002,0.12609899829303683
BC23450,BC23450_E1,ENSG00000167468,0.09189536428224494,0.07853019036736461
BC23450,BC23450_E1,ENSG00000167658,-0.05668024709107429,-0.06310184322086525
BC23450,BC23450_E1,ENSG00000197958,-0.11997286356877447,-0.11758754640822945
BC23450,BC23450_E1,ENSG00000106624,0.04999623985121837,0.07800014849754244
BC23450,BC23450_E1,ENSG00000162244,0.008028408014561046,0.01725347565644343
BC23450,BC23450_E1,ENSG00000165949,0.1399279045855307,0.13691417736707862
BC23450,BC23450_E1,ENSG00000156482,-0.045336907608495666,-0.07418030475750531
BC23450,BC23450_E1,ENSG00000149925,-0.08659772904169818,-0.11822788861061395
BC23450,BC23450_E1,ENSG00000148303,0.048428222394213266,0.010812128197705937
BC23450,BC23450_E1,ENSG00000108639,0.07822269307418703,0.09116442681172955
BC23450,BC23450_E1,ENSG00000144713,-0.0112614000323895,-0.019281365931111533
BC23450,BC23450_E1,ENSG00000108679,0.013270723514015044,0.02536437917006443
BC23450,BC23450_E1,ENSG00000115884,-0.03465386049548372,-0.027837069797556006
BC23450,BC23450_E1,ENSG00000143947,0.020009522986764623,-0.003804329540615719
BC23450,BC23450_E1,ENSG00000163220,0.018326001146409625,0.028975446463393176
BC23450,BC23450_E1,ENSG00000130303,-0.019667376490959516,-0.012562582229969367
BC23450,BC23450_E1,ENSG00000174748,0.07872696110512135,0.07337132127414521
BC23450,BC23450_E1,ENSG00000185825,0.10970512029409114,0.11684730983973564
BC23450,BC23450_E1,ENSG00000185499,-0.12624570519091985,-0.137207223809397
BC23450,BC23450_E1,ENSG00000198242,-0.13048568157365942,-0.1370638728603116
BC23450,BC23450_E1,__ambiguous[ENSG00000185885+ENSG00000185201],-0.00135492319744593,-0.009303720693913947
BC23450,BC23450_E1,ENSG00000115457,0.02023559153773397,-0.009707150442828386
BC23450,BC23450_E1,ENSG00000166710,-0.01251987009420436,-0.022670845304792835
BC23450,BC23450_E1,ENSG00000131469,-0.03139366246882847,-0.07067859255227761
BC23450,BC23450_E1,ENSG00000145592,0.007139205239084027,0.0021049520321701873
BC23450,BC23450_E1,ENSG00000104904,0.03117248666869988,0.026293103879744924
BC23450,BC23450_E1,ENSG00000172531,0.13460025294287442,0.14249962501024638
BC23450,BC23450_E1,ENSG00000108344,0.14085458432107278,0.16882235084276953
BC23450,BC23450_E1,ENSG00000074800,0.16511065580264175,0.15622840756694253
BC23450,BC23450_E1,ENSG00000117410,-0.03820468736721732,-0.024615542911913042
BC23450,BC23450_E1,ENSG00000173372,0.013737432427555823,-0.02131283529730676
BC23450,BC23450_E1,ENSG00000160862,0.006534534676029226,0.02730400981656884
BC23450,BC23450_E1,ENSG00000152082,0.06910020487241639,0.08659273430096712
BC23450,BC23450_E1,ENSG00000158710,-0.019514579392531792,-0.03227179674102209
BC23450,BC23450_E1,ENSG00000246705,0.05749963713598972,0.09275340098245612
BC23450,BC23450_E1,ENSG00000118181,-0.05051064818359596,-0.07769146277745527
BC23450,BC23450_E1,__ambiguous[ENSG00000243678+ENSG00000011052],-0.010722134943573691,-0.014893786136848232
BC23450,BC23450_E1,ENSG00000279483,-0.03780968008857668,-0.04107579307664703
BC23450,BC23450_E1,ENSG00000141741,0.024056435257773318,0.050545297940052254
BC23450,BC23450_E1,ENSG00000142669,-0.022612031970340753,-0.03009674926476626
BC23450,BC23450_E1,ENSG00000130208,-0.006621752558577576,0.006813810723456424
BC23450,BC23450_E1,__ambiguous[ENSG00000124614+ENSG00000270800],0.04402950314082164,0.033891114092711526
BC23450,BC23450_E1,ENSG00000030582,-0.02954355821708282,-0.016307822404793157
BC23450,BC23450_E1,ENSG00000126267,0.07393554218075997,0.06956081411520725
BC23450,BC23450_E1,ENSG00000110651,0.016898054890895627,0.028825180353666262
BC23450,BC23450_E1,ENSG00000106211,0.11856492991927392,0.11396879351209832
BC23450,BC23450_E1,ENSG00000169100,-0.005630582228998309,-0.018012131371231598
BC23450,BC23450_E1,ENSG00000092841,0.038349031267673195,0.0301581918942024
BC23450,BC23450_E1,ENSG00000277972,-0.002832879925942693,0.015799787738693536
BC23450,BC23450_E1,ENSG00000111057,0.10905149507619741,0.12171276135101897
BC23450,BC23450_E1,ENSG00000117450,-0.06444001694825123,-0.06715252616932264
BC23450,BC23450_E1,ENSG00000205542,-0.05557842038492227,-0.0788733392869314
BC23450,BC23450_E1,ENSG00000165215,0.009528069532829614,0.015033407150097867
BC23450,BC23450_E1,ENSG00000178719,0.05190315446222882,0.0506014329599909
BC23450,BC23450_E1,ENSG00000071553,0.05178235645179084,0.05720654501236964
BC23450,BC23450_E1,ENSG00000133112,-0.08270129141317095,-0.08935491163249774
BC23450,BC23450_E1,ENSG00000150991,-0.07055282649324812,-0.05891552887682869
BC23450,BC23450_E1,ENSG00000071082,0.01437468414626093,0.013664021978392058
BC23450,BC23450_E1,ENSG00000102265,0.06302338485116417,0.03998396415654438
BC23450,BC23450_E1,ENSG00000124664,0.012667268839684722,0.01617215456886145
BC23450,BC23450_E1,ENSG00000143774,-0.018389127677501015,-0.015299105804437708
BC23450,BC23450_E1,ENSG00000277791,-0.02797109091324803,-0.017127506527629576
BC23450,BC23450_E1,ENSG00000162511,-0.013923302680683142,-0.02110491529353854
BC23450,BC23450_E1,ENSG00000105223,0.07541232666732263,0.09203601659462575
BC23450,BC23450_E1,ENSG00000141522,0.07348625095706389,0.0838164134043393
BC23450,BC23450_E1,ENSG00000070756,0.07127451907407426,0.06916960815569934
BC23450,BC23450_E1,ENSG00000149591,-0.054994113658691564,-0.07419733088623134
BC23450,BC23450_E1,ENSG00000125534,-0.03846064633799684,-0.027870879181423582
BC23450,BC23450_E1,ENSG00000163682,0.030256867471468607,0.014949200024702894
BC23450,BC23450_E1,ENSG00000135480,0.09274677280140355,0.09932685327799606
BC23450,BC23450_E1,ENSG00000182492,-3.781155392367133e-05,0.022987798349057374
BC23450,BC23450_E1,ENSG00000145425,-0.04342901873261932,-0.058193956904302575
BC23450,BC23450_E1,ENSG00000160789,-0.06040573509946588,-0.05868828050858697
BC23450,BC23450_E1,ENSG00000176340,0.08581585130167625,0.07800611939334655
BC23450,BC23450_E1,ENSG00000124614,-0.06218864086706716,-0.06722359474567195
BC23450,BC23450_E1,ENSG00000204287,0.061394036219297274,0.0719039021578003
BC23450,BC23450_E1,ENSG00000142089,-0.04179917684503163,-0.05429937554079212
BC23450,BC23450_E1,ENSG00000196924,0.08463185857490038,0.09540851879273587
BC23450,BC23450_E1,ENSG00000051523,0.10757518912056073,0.11692829377201865
BC23450,BC23450_E1,__ambiguous[ENSG00000257341+ENSG00000213145],-0.030676157903970595,-0.04403984473347901
BC23450,BC23450_E1,__ambiguous[ENSG00000277957+ENSG00000161960],0.014742666245257736,0.029541864871802853
BC23450,BC23450_E1,ENSG00000164733,-0.018104467234292463,-0.015318091382696703
BC23450,BC23450_E1,ENSG00000115414,-0.09687171689248897,-0.1126889668211825
BC23450,BC23450_E1,ENSG00000187514,0.022684604119303325,0.03298686382389059
BC23450,BC23450_E1,ENSG00000127540,0.010341789099619353,0.016508731001680373
BC23450,BC23450_E1,ENSG00000058262,0.0779003440020224,0.08196808938421528
BC23450,BC23450_E1,ENSG00000182809,-0.015128575533019602,-0.0060962093812896925
BC23450,BC23450_E1,ENSG00000123349,-0.030257604363055916,-0.008968368786431919
BC23450,BC23450_E1,ENSG00000255823,0.030642309646325375,0.01613845151097241
BC23450,BC23450_E1,ENSG00000103363,-0.03187116192168818,-0.023751554460461136
BC23450,BC23450_E1,ENSG00000111669,0.04289379425717012,0.044219162857888024
BC23450,BC23450_E1,ENSG00000178980,-0.023001763733929714,-0.056546338060835165
BC23450,BC23450_E1,ENSG00000169223,0.05749021636225212,0.0408994608803576
BC23450,BC23450_E1,ENSG00000138326,-0.10599336068446685,-0.10738760384384936
BC23450,BC23450_E1,ENSG00000104529,0.05856537579467148,0.05530393944842533
BC23450,BC23450_E1,ENSG00000125730,-0.05048725211116006,-0.054712384298899484
BC23450,BC23450_E1,__ambiguous[ENSG00000262526+ENSG00000170296],-0.04333534130832015,-0.0449774558802614
BC23450,BC23450_E1,ENSG00000114867,0.05571168107371614,0.06354725283000662
BC23450,BC23450_E1,ENSG00000114353,0.1115510843593602,0.11881307025649042
BC23450,BC23450_E1,ENSG00000144426,-0.07284874312766527,-0.05609474696917169
BC23450,BC23450_E1,ENSG00000272196,0.11197825779434992,0.1483545251410931
BC23450,BC23450_E1,ENSG00000008988,-0.07140844803114872,-0.08386620542069237
BC23450,BC23450_E1,ENSG00000251562,0.03336553805734776,0.047789828937945214
BC23450,BC23450_E1,ENSG00000167815,0.028186177750304964,0.033330848110893325
BC23450,BC23450_E1,ENSG00000131748,0.08660709420410695,0.11054739013148863
BC23450,BC23450_E1,ENSG00000182899,0.03203289686520859,-0.011848709841003176
BC23450,BC23450_E1,ENSG00000142949,0.08335545696260878,0.1066878400395818
BC23450,BC23450_E1,ENSG00000104964,0.06977494526315026,0.0807491591955997
BC23450,BC23450_E1,ENSG00000164692,0.017461876341767595,0.0016434311435820441
BC23450,BC23450_E1,ENSG00000026025,0.046291728316666586,0.06580876247177146
BC23450,BC23450_E1,ENSG00000269028,0.008751244403257573,-0.0032305376056623323
BC23450,BC23450_E1,ENSG00000184897,0.043662162287616345,0.05553258840713107
BC23450,BC23450_E1,ENSG00000131143,-0.054208525739186775,-0.06863920359654485
BC23450,BC23450_E1,ENSG00000100300,0.07122394754149093,0.07400235975310078
BC23450,BC23450_E1,ENSG00000172354,-0.0245531669510798,-0.023850186966908462
BC23450,BC23450_E1,ENSG00000170315,0.07090220848458961,0.06650162182148045
BC23450,BC23450_E1,__ambiguous[ENSG00000219200+ENSG00000161939],0.08967728841477271,0.10073333493912966
BC23450,BC23450_E1,ENSG00000160932,0.049856991974333,0.0486645764154887
BC23450,BC23450_E1,ENSG00000126247,-0.036399167729104606,-0.007888196119178336
BC23450,BC23450_E1,ENSG00000052344,0.18585040268983635,0.2240320750005592
BC23450,BC23450_E1,ENSG00000155366,0.034556422389066296,0.026794776724890258
BC23450,BC23450_E1,ENSG00000087460,-0.016315105344948684,-0.027497334585035848
BC23450,BC23450_E1,ENSG00000142173,-0.03902690136221046,-0.035356947423578214
BC23450,BC23450_E1,ENSG00000178952,0.15619203067113294,0.1555074410537935
BC23450,BC23450_E1,ENSG00000188846,-0.04902807479541005,-0.04097577384287408
BC23450,BC23450_E1,ENSG00000145494,0.028627077238915364,0.025200128990402575
BC23450,BC23450_E1,ENSG00000174886,0.07972715401082117,0.09217633739441915
BC23450,BC23450_E1,ENSG00000163479,-0.012720642613228795,-0.022243477453796137
BC23450,BC23450_E1,ENSG00000100219,0.09088523199821665,0.08727804160254915
BC23450,BC23450_E1,ENSG00000173369,0.06829451448060535,0.08111584805988793
BC23450,BC23450_E1,ENSG00000143546,0.1611353061511703,0.16734273979276268
BC23450,BC23450_E1,ENSG00000171222,0.02483678478387798,0.03316873673621549
BC23450,BC23450_E1,ENSG00000213988,0.09255540720337836,0.09179079689208039
BC23450,BC23450_E1,ENSG00000114391,-0.030324949447722686,-0.04270397520262601
BC23450,BC23450_E1,ENSG00000163399,0.03468998255688074,0.043824285068872974
BC23450,BC23450_E1,ENSG00000174444,0.04259171549286732,0.01727446040101685
BC23450,BC23450_E1,ENSG00000130725,-0.02641735937365602,-0.024065953185268385
BC23450,BC23450_E1,__ambiguous[ENSG00000241343+ENSG00000257529],0.0643615227132891,0.05949930322037686
BC23450,BC23450_E1,ENSG00000135390,-0.05670526608176547,-0.0779698571432174
BC23450,BC23450_E1,ENSG00000187608,0.02742663248236037,0.04416853129587928
BC23450,BC23450_E1,ENSG00000197956,-0.03877769556965578,-0.03160302703719578
BC23450,BC23450_E1,ENSG00000110492,-0.06932397722345245,-0.08150802166822126
BC23450,BC23450_E1,ENSG00000214530,0.04605785913915253,0.043274691871883354
BC23450,BC23450_E1,ENSG00000196576,-0.05083512033135148,-0.044528419988565576
BC23450,BC23450_E1,ENSG00000125970,-0.006120586506531725,0.0033813092605730613
BC23450,BC23450_E1,ENSG00000177700,-0.047094796504345775,-0.05309325196347981
BC23450,BC23450_E1,ENSG00000173272,0.06967040615387923,0.0620430817648985
BC23450,BC23450_E1,ENSG00000172270,0.04624384905242598,0.0657765057083077
BC23450,BC23450_E1,__ambiguous[ENSG00000273259+ENSG00000196136],0.08005551232675692,0.05978189601378708
BC23450,BC23450_E1,ENSG00000011304,-0.07783319171659316,-0.06338745489650181
BC23450,BC23450_E1,ENSG00000143420,0.046283707129591775,0.05809996034990944
BC23450,BC23450_E1,ENSG00000147684,0.04105140812362886,0.05253318973499127
BC23450,BC23450_E1,ENSG00000025708,-0.017934729236591507,-0.015374750373297125
BC23450,BC23450_E1,ENSG00000168528,0.050974865098456744,0.06593317021065392
BC23450,BC23450_E1,ENSG00000171863,0.0501098939940848,0.06221578465879751
BC23450,BC23450_E1,ENSG00000130520,-0.05284672793019026,-0.04662316063976112
BC23450,BC23450_E1,ENSG00000147604,0.009568729980765245,0.0045598799814088745
BC23450,BC23450_E1,ENSG00000124172,-0.07904365756983127,-0.10774955078922845
BC23450,BC23450_E1,ENSG00000123989,0.024163294857230618,0.029093787171940267
BC23450,BC23450_E1,ENSG00000161960,0.07041003394540957,0.07753821744251083
BC23450,BC23450_E1,ENSG00000164919,0.03012997015269683,0.002500210879081878
BC23450,BC23450_E1,ENSG00000101335,-0.11333947266939785,-0.1329106255126756
BC23450,BC23450_E1,ENSG00000141753,-0.04605018825636739,-0.04875584432160578
BC23450,BC23450_E1,ENSG00000132507,0.0813982200210279,0.08687559856601212
BC23450,BC23450_E1,ENSG00000176046,-0.02882711186423052,-0.022704468450369344
BC23450,BC23450_E1,ENSG00000170421,0.10629449815457126,0.09821222726573078
BC23450,BC23450_E1,ENSG00000173801,-0.05915923651121526,-0.09185542109046813
BC23450,BC23450_E1,ENSG00000186468,0.06925659547010267,0.07378314896491608
BC23450,BC23450_E1,ENSG00000279274,0.002718218825315765,0.01339033740749966
BC23450,BC23450_E1,ENSG00000135940,-0.044229641640867505,-0.0418775587316786
BC23450,BC23450_E1,ENSG00000109475,-0.07872507480141053,-0.08555322117917363
BC23450,BC23450_E1,ENSG00000140990,0.04551945029219758,0.06228296022311326
BC23450,BC23450_E2,ENSG00000034510,0.35623138502652213,0.3776548223403813
BC23450,BC23450_E2,ENSG00000254709,0.16815923996698603,0.1866640905372336
BC23450,BC23450_E2,ENSG00000111640,0.19906431812350864,0.21977224049579405
BC23450,BC23450_E2,ENSG00000171345,-0.21582779664631818,-0.24296411650724106
BC23450,BC23450_E2,ENSG00000137818,-0.11473880656716497,-0.14409142642931136
BC23450,BC23450_E2,ENSG00000177600,0.1263450788074132,0.1119953650829213
BC23450,BC23450_E2,ENSG00000231500,0.08667042413337459,0.10867764922327665
BC23450,BC23450_E2,ENSG00000075624,0.15166334107355653,0.15092940388680262
BC23450,BC23450_E2,ENSG00000164587,0.12863660194883458,0.14967207403344707
BC23450,BC23450_E2,ENSG00000108107,0.099900863450358,0.09769575242778886
BC23450,BC23450_E2,ENSG00000105372,0.11147916484789669,0.12275600482760447
BC23450,BC23450_E2,ENSG00000197756,0.2270300883715426,0.2307907141341242
BC23450,BC23450_E2,ENSG00000161016,0.1066201035775186,0.1473481568852519
BC23450,BC23450_E2,ENSG00000167526,0.11245320004553877,0.1024510993437585
BC23450,BC23450_E2,ENSG00000141736,-0.010425074202609763,0.004855136587055137
BC23450,BC23450_E2,ENSG00000108298,-0.007297448241464169,-0.012614181566826043
BC23450,BC23450_E2,ENSG00000130255,-0.07305558152856612,-0.04921389543910158
BC23450,BC23450_E2,ENSG00000108518,0.33485178049133163,0.34333798071298205
BC23450,BC23450_E2,ENSG00000087086,-0.06209985666901928,-0.07807822064089039
BC23450,BC23450_E2,ENSG00000136942,-0.025316868179887424,-0.020890342637308594
BC23450,BC23450_E2,__ambiguous[ENSG00000251357+ENSG00000240972],0.11653928899619975,0.11963196398962811
BC23450,BC23450_E2,ENSG00000117984,-0.025785359901018837,-0.05156014000417616
BC23450,BC23450_E2,ENSG00000063177,0.2571669203036227,0.2684155682913977
BC23450,BC23450_E2,ENSG00000197746,-0.030978192522133196,0.006977610900405588
BC23450,BC23450_E2,ENSG00000140264,0.18374168595874626,0.1949599720281481
BC23450,BC23450_E2,ENSG00000180879,0.07400139519017923,0.07524149105241504
BC23450,BC23450_E2,ENSG00000105193,0.04962196821845169,0.05688018713694655
BC23450,BC23450_E2,ENSG00000149273,0.09866204085852885,0.09386267713640352
BC23450,BC23450_E2,ENSG00000179218,-0.20609559031336785,-0.23149775305424744
BC23450,BC23450_E2,ENSG00000221983,0.16257717945411645,0.16930941466146832
BC23450,BC23450_E2,ENSG00000142534,0.2631274803393099,0.27153886319600085
BC23450,BC23450_E2,ENSG00000204628,0.12093481205087646,0.12003184988177684
BC23450,BC23450_E2,ENSG00000185624,0.04377635639904485,0.05755623147137799
BC23450,BC23450_E2,ENSG00000142541,-0.029060755212099387,-0.028133946405137878
BC23450,BC23450_E2,ENSG00000130203,0.20618687049186366,0.2570429009345108
BC23450,BC23450_E2,ENSG00000166441,0.09541845331191037,0.10882999011072313
BC23450,BC23450_E2,ENSG00000234745,0.12252594092195142,0.15342157777168358
BC23450,BC23450_E2,ENSG00000167996,0.1477091802027461,0.20269532649452854
BC23450,BC23450_E2,ENSG00000147403,0.19268906852204265,0.21344444463025936
BC23450,BC23450_E2,ENSG00000089157,-0.017856414185810892,-0.038788198010428834
BC23450,BC23450_E2,ENSG00000109062,0.05799040837234294,0.09056410239376743
BC23450,BC23450_E2,ENSG00000140988,0.18595056074596714,0.20283224500838995
BC23450,BC23450_E2,ENSG00000105640,-0.026909342683736615,-0.03296265031615241
BC23450,BC23450_E2,ENSG00000115268,0.13161413223775448,0.13535345836265364
BC23450,BC23450_E2,ENSG00000171858,-0.05824184715605989,-0.0816420788401943
BC23450,BC23450_E2,ENSG00000233927,0.13219327125024422,0.14438716183115538
BC23450,BC23450_E2,ENSG00000112306,0.08306480188866486,0.07844247008201201
BC23450,BC23450_E2,ENSG00000182774,-0.032429529778257006,-0.0338292264758176
BC23450,BC23450_E2,ENSG00000198034,0.19593239765929044,0.21523219875360092
BC23450,BC23450_E2,ENSG00000149806,0.1663871074599107,0.15690131319317532
BC23450,BC23450_E2,ENSG00000142676,0.1146871117554252,0.1373182529972628
BC23450,BC23450_E2,ENSG00000213741,-0.01768396046438536,-0.049630128694829106
BC23450,BC23450_E2,ENSG00000204525,0.02206386107263099,0.05616237909237722
BC23450,BC23450_E2,ENSG00000019582,-0.026011700370291404,-0.036878659245874634
BC23450,BC23450_E2,ENSG00000170889,0.02139788783134178,0.01864140748302546
BC23450,BC23450_E2,ENSG00000125691,0.006000690796404354,-0.006951568659779096
BC23450,BC23450_E2,ENSG00000172809,0.03651076557819585,0.030379497444839153
BC23450,BC23450_E2,ENSG00000111341,0.12051367886138555,0.12830609110740096
BC23450,BC23450_E2,ENSG00000100316,0.07045789959726655,0.06311897805746476
BC23450,BC23450_E2,ENSG00000204592,0.06662963613941277,0.07078056138546013
BC23450,BC23450_E2,ENSG00000172757,0.11200559468411792,0.11843297712532701
BC23450,BC23450_E2,ENSG00000177954,0.11085895618351731,0.11533778712355483
BC23450,BC23450_E2,ENSG00000101439,0.02740849669100359,0.038835014740862525
BC23450,BC23450_E2,ENSG00000137154,-0.0087132315260443,0.009197289509254341
BC23450,BC23450_E2,ENSG00000184009,0.04132692842923198,0.042368804335074214
BC23450,BC23450_E2,ENSG00000169710,0.01716261970517555,0.03592128883341944
BC23450,BC23450_E2,__ambiguous[ENSG00000254772+ENSG00000255508],0.1338252531269461,0.12770136465674087
BC23450,BC23450_E2,ENSG00000083845,0.05220445718553398,0.06668375165806395
BC23450,BC23450_E2,ENSG00000108821,-0.1669658923533447,-0.17269238731773257
BC23450,BC23450_E2,ENSG00000142937,-0.050930525454840836,-0.03807575509448991
BC23450,BC23450_E2,__ambiguous[ENSG00000185883+ENSG00000260272],-0.038838501003236235,-0.025503393584178295
BC23450,BC23450_E2,ENSG00000206503,0.10094618026289084,0.10716649358239026
BC23450,BC23450_E2,ENSG00000231925,0.0007763267151520185,0.014865314861169909
BC23450,BC23450_E2,ENSG00000163191,-0.014209886778725018,-0.0340220968004193
BC23450,BC23450_E2,ENSG00000224389,-0.13730568197126303,-0.12502171882605423
BC23450,BC23450_E2,ENSG00000135404,-0.1677506586174794,-0.187600985394537
BC23450,BC23450_E2,ENSG00000107223,0.20594210388784034,0.21177244516959218
BC23450,BC23450_E2,ENSG00000167995,0.010959600461263812,0.02338012826733357
BC23450,BC23450_E2,ENSG00000167468,0.08031447154308166,0.08535676042495345
BC23450,BC23450_E2,ENSG00000167658,0.22746173877389822,0.24070178515872817
BC23450,BC23450_E2,ENSG00000197958,0.08834115566357234,0.11395945776259381
BC23450,BC23450_E2,ENSG00000106624,-0.11252361042769565,-0.16828699541823472
BC23450,BC23450_E2,ENSG00000162244,-0.05399510863521871,-0.05595306986796375
BC23450,BC23450_E2,ENSG00000165949,0.04702772556507083,0.05186794276514027
BC23450,BC23450_E2,ENSG00000156482,-0.03701929041248483,-0.024497070862402576
BC23450,BC23450_E2,ENSG00000149925,-0.01700557544892188,-0.023574084122356377
BC23450,BC23450_E2,ENSG00000148303,0.07557739259285118,0.07494257973173368
BC23450,BC23450_E2,ENSG00000108639,-0.007759808808774876,0.00785371554264278
BC23450,BC23450_E2,ENSG00000144713,0.11379860284623537,0.1222228399496746
BC23450,BC23450_E2,ENSG00000108679,0.026099669037191207,0.04986643072443856
BC23450,BC23450_E2,ENSG00000115884,0.02282906617072781,0.06435043020224607
BC23450,BC23450_E2,ENSG00000143947,0.03735364626747618,0.01985109459283022
BC23450,BC23450_E2,ENSG00000163220,-0.014636722087682115,-0.002527357547650849
BC23450,BC23450_E2,ENSG00000130303,-0.04733511990181286,-0.0187538224748896
BC23450,BC23450_E2,ENSG00000174748,-0.02428692813781399,0.020054761540279083
BC23450,BC23450_E2,ENSG00000185825,0.06659232916017581,0.08090803483838976
BC23450,BC23450_E2,ENSG00000185499,-0.04706538509938605,-0.03472630241656576
BC23450,BC23450_E2,ENSG00000198242,-0.019151790747627455,-0.02735383289735013
BC23450,BC23450_E2,__ambiguous[ENSG00000185885+ENSG00000185201],-0.14099769045656438,-0.15573999973591718
BC23450,BC23450_E2,ENSG00000115457,0.10897498494588063,0.08848717400789154
BC23450,BC23450_E2,ENSG00000166710,0.3044766754286455,0.3131967246483818
BC23450,BC23450_E2,ENSG00000131469,-0.08580898397875598,-0.08053644425301859
BC23450,BC23450_E2,ENSG00000145592,-0.08238127465746545,-0.07321760026867712
BC23450,BC23450_E2,ENSG00000104904,0.05646348723939803,0.06000111841731924
BC23450,BC23450_E2,ENSG00000172531,0.04454310235825496,0.05455263904109112
BC23450,BC23450_E2,ENSG00000108344,-0.04036944049561061,-0.05334357349504388
BC23450,BC23450_E2,ENSG00000074800,-0.024693693639445527,-0.019490076500475045
BC23450,BC23450_E2,ENSG00000117410,0.20513708961925567,0.20329381785933462
BC23450,BC23450_E2,ENSG00000173372,0.11190221664143284,0.11817886890959686
BC23450,BC23450_E2,ENSG00000160862,0.04471247814892774,0.043933595798378376
BC23450,BC23450_E2,ENSG00000152082,-0.0749927994268981,-0.0988502971899453
BC23450,BC23450_E2,ENSG00000158710,-0.08444974303767355,-0.1026472822305615
BC23450,BC23450_E2,ENSG00000246705,0.0794314643894814,0.07778647329459214
BC23450,BC23450_E2,ENSG00000118181,0.06892922845345863,0.08866951126799913
BC23450,BC23450_E2,__ambiguous[ENSG00000243678+ENSG00000011052],-0.0035431725413781084,0.03541792135672031
BC23450,BC23450_E2,ENSG00000279483,0.13304052553005524,0.1632214179411123
BC23450,BC23450_E2,ENSG00000141741,-0.01787363119375838,-0.03630600675499052
BC23450,BC23450_E2,ENSG00000142669,0.18272957382026753,0.193565796411856
BC23450,BC23450_E2,ENSG00000130208,0.043196263890470626,0.059473028613974854
BC23450,BC23450_E2,__ambiguous[ENSG00000124614+ENSG00000270800],0.029449438749232178,0.04438746025570303
BC23450,BC23450_E2,ENSG00000030582,-0.09909309319149247,-0.11369440331843048
BC23450,BC23450_E2,ENSG00000126267,0.039234598075242766,0.07237494347885012
BC23450,BC23450_E2,ENSG00000110651,-0.07131901588478864,-0.0906281558782212
BC23450,BC23450_E2,ENSG00000106211,-0.08435804594280578,-0.0958220622798943
BC23450,BC23450_E2,ENSG00000169100,0.1142874780920146,0.12951352571537053
BC23450,BC23450_E2,ENSG00000092841,-0.0597350344677157,-0.057976596066479376
BC23450,BC23450_E2,ENSG00000277972,-0.04912327853693061,-0.05441387030284778
BC23450,BC23450_E2,ENSG00000111057,0.02386226370992921,0.04096838185302281
BC23450,BC23450_E2,ENSG00000117450,0.034764682000767204,0.04159800406889204
BC23450,BC23450_E2,ENSG00000205542,-0.053088168835477983,-0.06620007624688974
BC23450,BC23450_E2,ENSG00000165215,0.1283827374344676,0.1355006817624977
BC23450,BC23450_E2,ENSG00000178719,-0.039926708355855975,-0.04823364673226127
BC23450,BC23450_E2,ENSG00000071553,0.04851902469536543,0.06270456368449527
BC23450,BC23450_E2,ENSG00000133112,0.05656835133552694,0.09490356793379469
BC23450,BC23450_E2,ENSG00000150991,-0.21594776272636065,-0.22534372611093437
BC23450,BC23450_E2,ENSG00000071082,0.06567394528430003,0.06881394675639886
BC23450,BC23450_E2,ENSG00000102265,-0.12198870216010012,-0.17326490544381606
BC23450,BC23450_E2,ENSG00000124664,0.08476195020117873,0.08179250652533603
BC23450,BC23450_E2,ENSG00000143774,-0.001260626869983597,0.03299816397999471
BC23450,BC23450_E2,ENSG00000277791,0.20738382524786586,0.22349656047224425
BC23450,BC23450_E2,ENSG00000162511,0.13104456179006846,0.14565100749043783
BC23450,BC23450_E2,ENSG00000105223,0.1958646724172395,0.21780328428248422
BC23450,BC23450_E2,ENSG00000141522,0.1955121211961051,0.1954812313335072
BC23450,BC23450_E2,ENSG00000070756,0.19574149234496294,0.23123818694317638
BC23450,BC23450_E2,ENSG00000149591,-0.16608344518193618,-0.17360304749081715
BC23450,BC23450_E2,ENSG00000125534,0.03291791580708748,0.01282844986478206
BC23450,BC23450_E2,ENSG00000163682,-0.06424127531300305,-0.08187501280388552
BC23450,BC23450_E2,ENSG00000135480,0.067166904741363,0.07445907166273723
BC23450,BC23450_E2,ENSG00000182492,-0.11913246819456806,-0.16165802236498725
BC23450,BC23450_E2,ENSG00000145425,-0.018238054803080092,-0.02365089823243319
BC23450,BC23450_E2,ENSG00000160789,0.10458108343986437,0.09777743092649469
BC23450,BC23450_E2,ENSG00000176340,-0.0671618596129577,-0.06353952028761442
BC23450,BC23450_E2,ENSG00000124614,-0.02742154755333089,-0.02972248082508052
BC23450,BC23450_E2,ENSG00000204287,-0.05821477602693164,-0.06378222958087572
BC23450,BC23450_E2,ENSG00000142089,-0.09518535792941647,-0.10102467878614531
BC23450,BC23450_E2,ENSG00000196924,0.10832175345127841,0.12261917173900129
BC23450,BC23450_E2,ENSG00000051523,0.07477389119830645,0.09166624403948295
BC23450,BC23450_E2,__ambiguous[ENSG00000257341+ENSG00000213145],-0.1439117913928769,-0.16782471485674585
BC23450,BC23450_E2,__ambiguous[ENSG00000277957+ENSG00000161960],0.10252436220926735,0.11116460229057662
BC23450,BC23450_E2,ENSG00000164733,-0.1275819001219469,-0.13840933616272144
BC23450,BC23450_E2,ENSG00000115414,-0.19164904972484392,-0.21169769762582047
BC23450,BC23450_E2,ENSG00000187514,-0.013157744764004806,-0.021479784105173087
BC23450,BC23450_E2,ENSG00000127540,-0.06142961404036456,-0.08221442300824436
BC23450,BC23450_E2,ENSG00000058262,0.12238466388595585,0.13206658980180364
BC23450,BC23450_E2,ENSG00000182809,0.015561879219384303,0.03886881279681165
BC23450,BC23450_E2,ENSG00000123349,0.051610942363020405,0.06448278352989388
BC23450,BC23450_E2,ENSG00000255823,0.35181707983075455,0.388931171737552
BC23450,BC23450_E2,ENSG00000103363,0.05583539333439487,0.053055367886973945
BC23450,BC23450_E2,ENSG00000111669,0.13633568877970537,0.16084464539556928
BC23450,BC23450_E2,ENSG00000178980,0.14445724713251712,0.17717886460935067
BC23450,BC23450_E2,ENSG00000169223,-0.031008940834159098,-0.04522415883454918
BC23450,BC23450_E2,ENSG00000138326,0.007165140865940623,0.011548026289382824
BC23450,BC23450_E2,ENSG00000104529,-0.07134436304337508,-0.06310928414189808
BC23450,BC23450_E2,ENSG00000125730,0.2169817063091902,0.2573900541844504
BC23450,BC23450_E2,__ambiguous[ENSG00000262526+ENSG00000170296],0.12671519164952808,0.1471259949204438
BC23450,BC23450_E2,ENSG00000114867,0.03205583446313205,0.04474165974374459
BC23450,BC23450_E2,ENSG00000114353,-0.023099850366093837,-0.0058404179567047845
BC23450,BC23450_E2,ENSG00000144426,0.06940151500559863,0.0915786411307997
BC23450,BC23450_E2,ENSG00000272196,-0.1564432849011421,-0.18371556182168405
BC23450,BC23450_E2,ENSG00000008988,-0.08395641018517487,-0.06602824952275382
BC23450,BC23450_E2,ENSG00000251562,0.40733502884671186,0.4299633359882301
BC23450,BC23450_E2,ENSG00000167815,0.0594570003587497,0.10643234416146484
BC23450,BC23450_E2,ENSG00000131748,0.013087636498354942,0.025571291828801402
BC23450,BC23450_E2,ENSG00000182899,0.11811888232217994,0.10876095216665425
BC23450,BC23450_E2,ENSG00000142949,0.05034874561656688,0.08377448523799814
BC23450,BC23450_E2,ENSG00000104964,0.12202226103419289,0.12238128062936063
BC23450,BC23450_E2,ENSG00000164692,-0.03013004699350353,-0.03701843185340288
BC23450,BC23450_E2,ENSG00000026025,-0.12681308981757264,-0.12644995061582592
BC23450,BC23450_E2,ENSG00000269028,0.38886074868078563,0.424912551643412
BC23450,BC23450_E2,ENSG00000184897,0.019660449319455625,0.04004841560450374
BC23450,BC23450_E2,ENSG00000131143,0.017305331831565067,0.03703153134567533
BC23450,BC23450_E2,ENSG00000100300,-0.013387378514935261,-0.01323668194410683
BC23450,BC23450_E2,ENSG00000172354,-0.07935298817343063,-0.05756307856789943
BC23450,BC23450_E2,ENSG00000170315,-0.17439463135045807,-0.2016701372150903
BC23450,BC23450_E2,__ambiguous[ENSG00000219200+ENSG00000161939],0.017213448653815824,0.02276995757076299
BC23450,BC23450_E2,ENSG00000160932,-0.09575948392175167,-0.11711447010184559
BC23450,BC23450_E2,ENSG00000126247,0.04170823412503523,0.05943179666500999
BC23450,BC23450_E2,ENSG00000052344,-0.010436310293192568,0.0142586867518406
BC23450,BC23450_E2,ENSG00000155366,0.01704977552801798,0.029104662423645938
BC23450,BC23450_E2,ENSG00000087460,0.05910254848937302,0.09215274069416707
BC23450,BC23450_E2,ENSG00000142173,-0.11614337676002805,-0.14260955282045681
BC23450,BC23450_E2,ENSG00000178952,0.23429226744652698,0.24540858880231198
BC23450,BC23450_E2,ENSG00000188846,-0.09862724167965616,-0.09775066661432626
BC23450,BC23450_E2,ENSG00000145494,-0.03156257058947438,-0.015419912984760229
BC23450,BC23450_E2,ENSG00000174886,0.18913900019020355,0.20039068018599487
BC23450,BC23450_E2,ENSG00000163479,-0.1089098390111773,-0.12370586671983945
BC23450,BC23450_E2,ENSG00000100219,0.022029980892922615,0.03750461789069427
BC23450,BC23450_E2,ENSG00000173369,0.1535788539459902,0.16458320333022536
BC23450,BC23450_E2,ENSG00000143546,0.1501693303502698,0.15271176093382566
BC23450,BC23450_E2,ENSG00000171222,0.13805611075260743,0.13388040732611445
BC23450,BC23450_E2,ENSG00000213988,0.0039397454047494455,0.01850977429439052
BC23450,BC23450_E2,ENSG00000114391,0.01824366182206956,0.038576909351970876
BC23450,BC23450_E2,ENSG00000163399,-0.0005293638671060878,0.007693314185315711
BC23450,BC23450_E2,ENSG00000174444,-0.04034479612367078,-0.04202147408246146
BC23450,BC23450_E2,ENSG00000130725,0.12107370135659806,0.14543610743906743
BC23450,BC23450_E2,__ambiguous[ENSG00000241343+ENSG00000257529],0.012133870139311179,-0.005568980126977542
BC23450,BC23450_E2,ENSG00000135390,0.0024833311995563863,0.0006160650707929186
BC23450,BC23450_E2,ENSG00000187608,-0.06123561436902263,-0.06634975536678663
BC23450,BC23450_E2,ENSG00000197956,-0.018279015511710635,-0.0016796903703658783
BC23450,BC23450_E2,ENSG00000110492,-0.004867459179499681,0.0032267889010013672
BC23450,BC23450_E2,ENSG00000214530,0.13017318895710156,0.1492253486054659
BC23450,BC23450_E2,ENSG00000196576,0.180115185814068,0.19675172931616822
BC23450,BC23450_E2,ENSG00000125970,0.11950692756071828,0.13912002047095526
BC23450,BC23450_E2,ENSG00000177700,-0.0060146712498861995,0.03308721844320774
BC23450,BC23450_E2,ENSG00000173272,-0.08842833439523554,-0.10830993696605938
BC23450,BC23450_E2,ENSG00000172270,0.04197394382875377,0.0671101148669815
BC23450,BC23450_E2,__ambiguous[ENSG00000273259+ENSG00000196136],-0.1984725035404713,-0.19609423131393902
BC23450,BC23450_E2,ENSG00000011304,0.1678982833397184,0.18930989498247494
BC23450,BC23450_E2,ENSG00000143420,-0.07587448862668389,-0.07636964907582047
BC23450,BC23450_E2,ENSG00000147684,-0.06237599712378673,-0.043504399645571144
BC23450,BC23450_E2,ENSG00000025708,0.04801891790638604,0.06325699185489554
BC23450,BC23450_E2,ENSG00000168528,0.004098749446372129,0.010765676566711095
BC23450,BC23450_E2,ENSG00000171863,-0.0041387842612319245,-0.011140072511209173
BC23450,BC23450_E2,ENSG00000130520,0.0806885439589471,0.1281251408820255
BC23450,BC23450_E2,ENSG00000147604,-0.08429664671248133,-0.07521895891856505
BC23450,BC23450_E2,ENSG00000124172,0.03044557739089034,0.03848341271304491
BC23450,BC23450_E2,ENSG00000123989,0.1845861188429391,0.18938167096588956
BC23450,BC23450_E2,ENSG00000161960,0.06158359120702486,0.09169710044256026
BC23450,BC23450_E2,ENSG00000164919,0.13316562258708825,0.14090553787010843
BC23450,BC23450_E2,ENSG00000101335,-0.01325689951453245,-0.004435187730156442
BC23450,BC23450_E2,ENSG00000141753,-0.15349779262350455,-0.16222785446419186
BC23450,BC23450_E2,ENSG00000132507,0.06352362112534446,0.09535474274250966
BC23450,BC23450_E2,ENSG00000176046,-0.0729309927833653,-0.08461937262423734
BC23450,BC23450_E2,ENSG00000170421,0.006007897632820938,0.01871074704921723
BC23450,BC23450_E2,ENSG00000173801,-0.04413192516936589,-0.04324506431600562
BC23450,BC23450_E2,ENSG00000186468,-0.06677441142216539,-0.082143888463823
BC23450,BC23450_E2,ENSG00000279274,0.025408659908968508,0.027268967164500262
BC23450,BC23450_E2,ENSG00000135940,-0.01758598780425006,-0.002861322211500602
BC23450,BC23450_E2,ENSG00000109475,0.059581219845507544,0.06308946377254059
BC23450,BC23450_E2,ENSG00000140990,0.014144702417943595,-0.004705291540325464
BC23567,BC23567_D2,ENSG00000034510,-0.1561034371224971,-0.20724487106227035
BC23567,BC23567_D2,ENSG00000137818,0.111048626859312,0.162298917015772
BC23567,BC23567_D2,ENSG00000111640,0.1942925264700444,0.25348367591606624
BC23567,BC23567_D2,ENSG00000177600,0.18640926489816897,0.23828185319223474
BC23567,BC23567_D2,ENSG00000171345,-0.06665787031173408,-0.06817105199176438
BC23567,BC23567_D2,ENSG00000231500,0.054550157443029657,0.06404023232969777
BC23567,BC23567_D2,ENSG00000164587,-0.03143159508133664,-0.027176753909278564
BC23567,BC23567_D2,ENSG00000075624,0.0016233187010794795,-0.00688165180294228
BC23567,BC23567_D2,ENSG00000197756,0.04646882021314906,0.06522418120354331
BC23567,BC23567_D2,ENSG00000254709,0.031115382171409252,0.03202477770647697
BC23567,BC23567_D2,ENSG00000108107,0.25688846135736265,0.28118106580402696
BC23567,BC23567_D2,ENSG00000105372,0.0611307397562337,0.0697728017620956
BC23567,BC23567_D2,ENSG00000161016,0.06345527709917782,0.057833896030777675
BC23567,BC23567_D2,ENSG00000167526,-0.011792881121652703,-0.003917552158099407
BC23567,BC23567_D2,ENSG00000087086,0.1289962014891531,0.1506927204686677
BC23567,BC23567_D2,ENSG00000130255,-0.021873039620046667,-0.023212451882902774
BC23567,BC23567_D2,ENSG00000108298,-0.06491895089896443,-0.07606461918861591
BC23567,BC23567_D2,ENSG00000108518,0.045940340938073,0.09040884076638127
BC23567,BC23567_D2,ENSG00000141736,-0.07561261308464924,-0.1561824274977816
BC23567,BC23567_D2,ENSG00000149273,0.07285622328867764,0.06331688709945346
BC23567,BC23567_D2,__ambiguous[ENSG00000251357+ENSG00000240972],0.007926167088354677,0.04710282026575114
BC23567,BC23567_D2,ENSG00000136942,0.06779722303092457,0.07575763259228262
BC23567,BC23567_D2,ENSG00000063177,0.08061861191985825,0.09484699153013207
BC23567,BC23567_D2,ENSG00000197746,0.047446899386148614,0.06647325730817052
BC23567,BC23567_D2,ENSG00000140264,0.09787038266856946,0.11822676966459926
BC23567,BC23567_D2,ENSG00000105193,-0.12750712614171192,-0.16875141983110642
BC23567,BC23567_D2,ENSG00000167996,-0.16844820535048716,-0.20683471992099364
BC23567,BC23567_D2,ENSG00000109062,0.06740254948792009,0.08477407695616185
BC23567,BC23567_D2,ENSG00000142541,0.056427044239594555,0.05877241685143995
BC23567,BC23567_D2,ENSG00000117984,0.27897703437797594,0.34366780285002535
BC23567,BC23567_D2,ENSG00000179218,-0.06421603929407523,-0.06440693946831003
BC23567,BC23567_D2,ENSG00000140988,-0.22764949899653283,-0.30691140494591573
BC23567,BC23567_D2,ENSG00000142534,-0.12954074782990835,-0.1650531277631483
BC23567,BC23567_D2,ENSG00000204628,-0.0013418296318583446,-0.0035414965184230787
BC23567,BC23567_D2,ENSG00000221983,0.22959262259467697,0.2442789424492116
BC23567,BC23567_D2,ENSG00000111341,0.08315203504085458,0.11143773783837148
BC23567,BC23567_D2,ENSG00000089157,-0.09104262121345354,-0.08923678146159383
BC23567,BC23567_D2,ENSG00000166441,-0.026271267439009895,-0.05131572878274689
BC23567,BC23567_D2,ENSG00000171858,-0.13351888792968253,-0.16010806718488788
BC23567,BC23567_D2,ENSG00000147403,0.00998764883538818,-0.013982305451261239
BC23567,BC23567_D2,ENSG00000180879,0.023179823183135,-0.0023851287167586345
BC23567,BC23567_D2,ENSG00000213741,0.07094951129590549,0.11265665986247879
BC23567,BC23567_D2,ENSG00000115268,0.0068374852438261155,0.042615716952822125
BC23567,BC23567_D2,ENSG00000233927,-0.012793685691568826,-0.015721128697863226
BC23567,BC23567_D2,ENSG00000185624,-0.11097146869080818,-0.14474346551378214
BC23567,BC23567_D2,ENSG00000112306,-0.07733987535686915,-0.07122693151783346
BC23567,BC23567_D2,ENSG00000105640,0.0689804036693392,0.08746538873981757
BC23567,BC23567_D2,ENSG00000182774,-0.04200577666877792,-0.049144870123690204
BC23567,BC23567_D2,ENSG00000234745,0.11990204496147383,0.14456280089878623
BC23567,BC23567_D2,ENSG00000130203,0.3312019436735584,0.40192189674164763
BC23567,BC23567_D2,ENSG00000149806,0.0728951488039644,0.07399170265589561
BC23567,BC23567_D2,ENSG00000198034,-0.18436022440642524,-0.26991855271901155
BC23567,BC23567_D2,ENSG00000142676,-0.04237387838765541,-0.05741194300309616
BC23567,BC23567_D2,ENSG00000101439,0.12084847484446395,0.13101304978923164
BC23567,BC23567_D2,ENSG00000172809,-0.06512072856885917,-0.11882290102642115
BC23567,BC23567_D2,ENSG00000177954,0.05561184499801708,0.0871156645265322
BC23567,BC23567_D2,ENSG00000100316,-0.0974318252718734,-0.0854317985777112
BC23567,BC23567_D2,ENSG00000184009,-0.02261346611138482,-0.03697205353132104
BC23567,BC23567_D2,ENSG00000170889,0.09312132867504995,0.11101687505373065
BC23567,BC23567_D2,ENSG00000019582,0.0020168607927638937,-0.029447439657970115
BC23567,BC23567_D2,ENSG00000172757,-0.013986533458543416,-0.02298172570724486
BC23567,BC23567_D2,ENSG00000142937,-0.13038528103011976,-0.16070403647576076
BC23567,BC23567_D2,ENSG00000137154,-0.11084411870760935,-0.13131909376098844
BC23567,BC23567_D2,ENSG00000125691,-0.0494154855824196,-0.06326145366925312
BC23567,BC23567_D2,ENSG00000167995,0.0025987266164189675,-0.004914557231231825
BC23567,BC23567_D2,ENSG00000083845,-0.037293561456797304,-0.03348798984623045
BC23567,BC23567_D2,ENSG00000204525,-0.0666912790230418,-0.0502072124099444
BC23567,BC23567_D2,ENSG00000156482,-0.003278280023210579,-0.03217200726014784
BC23567,BC23567_D2,ENSG00000108821,-0.011390557094315006,-0.05495629250282005
BC23567,BC23567_D2,__ambiguous[ENSG00000254772+ENSG00000255508],-0.07275675115550183,-0.08859466763502664
BC23567,BC23567_D2,ENSG00000197958,-0.13075356620234246,-0.1557216481025149
BC23567,BC23567_D2,ENSG00000169710,0.07927444101473517,0.10174828254970342
BC23567,BC23567_D2,ENSG00000163191,-0.13662138167615362,-0.14382465370529499
BC23567,BC23567_D2,ENSG00000198242,-0.05927351364894373,-0.05454524036065913
BC23567,BC23567_D2,ENSG00000149925,-0.06372157505013284,-0.08701732167188822
BC23567,BC23567_D2,ENSG00000162244,0.11448198078346,0.12073235750219774
BC23567,BC23567_D2,ENSG00000185499,-0.05759156905686094,-0.0850480401577086
BC23567,BC23567_D2,ENSG00000167468,0.036316700598179236,0.060910748320313284
BC23567,BC23567_D2,ENSG00000148303,-0.11902350208489068,-0.14258721991263523
BC23567,BC23567_D2,__ambiguous[ENSG00000185883+ENSG00000260272],0.017385594938302332,0.033880595845688394
BC23567,BC23567_D2,ENSG00000115457,0.048201689821499034,0.06550562231893373
BC23567,BC23567_D2,ENSG00000131469,0.028584035020074384,0.005055455500554983
BC23567,BC23567_D2,ENSG00000167658,-0.1673218173198905,-0.22076005406199206
BC23567,BC23567_D2,ENSG00000174748,-0.1592476782595463,-0.20472726149747647
BC23567,BC23567_D2,ENSG00000144713,-0.1219201885167112,-0.1476207295083644
BC23567,BC23567_D2,ENSG00000143947,-0.16267270864665395,-0.19220412984757276
BC23567,BC23567_D2,ENSG00000135404,0.027344119204666985,0.05421678686809249
BC23567,BC23567_D2,ENSG00000145592,-0.08627298098707681,-0.11159511961468603
BC23567,BC23567_D2,ENSG00000204592,0.08167520390321674,0.12036251819168538
BC23567,BC23567_D2,ENSG00000224389,0.041069331004378574,0.06934093841984143
BC23567,BC23567_D2,ENSG00000108639,-0.03450768686690839,-0.05278175497410442
BC23567,BC23567_D2,ENSG00000107223,0.05593803007575558,0.06644580064097988
BC23567,BC23567_D2,ENSG00000206503,0.059070197065802375,0.046331046455933486
BC23567,BC23567_D2,ENSG00000279483,0.17606277526906255,0.1870123610902895
BC23567,BC23567_D2,__ambiguous[ENSG00000243678+ENSG00000011052],-0.07647027376831575,-0.08568316277487954
BC23567,BC23567_D2,ENSG00000165949,0.15612075189076483,0.19973330798429287
BC23567,BC23567_D2,ENSG00000231925,0.054821822529594694,0.08515650649185198
BC23567,BC23567_D2,ENSG00000110651,0.08163072267635273,0.1295180019233061
BC23567,BC23567_D2,ENSG00000152082,0.0009313867499051181,0.01557066697475039
BC23567,BC23567_D2,ENSG00000106624,0.13280866868811608,0.12955286357637263
BC23567,BC23567_D2,ENSG00000172531,0.020145636747265706,0.04659572181798412
BC23567,BC23567_D2,ENSG00000166710,-0.05067447212810223,-0.08738086873749248
BC23567,BC23567_D2,ENSG00000115884,0.059818368826925566,0.06767201742520793
BC23567,BC23567_D2,ENSG00000106211,-0.052118840495335925,-0.06133138482924274
BC23567,BC23567_D2,ENSG00000070756,-0.07179338032709123,-0.08740033384629893
BC23567,BC23567_D2,ENSG00000108679,0.0989988079453087,0.09986515220022842
BC23567,BC23567_D2,ENSG00000108344,-0.07192437517307372,-0.08351061771110647
BC23567,BC23567_D2,ENSG00000118181,-0.05832709894575006,-0.07501740442090198
BC23567,BC23567_D2,ENSG00000071082,-0.08669350974691795,-0.103508620194766
BC23567,BC23567_D2,ENSG00000133112,-0.07734933441585064,-0.13089035685657863
BC23567,BC23567_D2,__ambiguous[ENSG00000185885+ENSG00000185201],0.14757658844408475,0.16547452125854734
BC23567,BC23567_D2,ENSG00000092841,-0.019579907950607864,-0.01061552641125057
BC23567,BC23567_D2,__ambiguous[ENSG00000257341+ENSG00000213145],0.02513243044728904,0.020166286189734768
BC23567,BC23567_D2,ENSG00000104904,0.05015993722248126,0.07118867802631837
BC23567,BC23567_D2,ENSG00000130303,0.11530755524913344,0.1341964102330671
BC23567,BC23567_D2,ENSG00000158710,0.059342026974525015,0.03522614817994122
BC23567,BC23567_D2,ENSG00000141741,-0.004501377011312638,-0.033153299959270764
BC23567,BC23567_D2,ENSG00000185825,-0.015747376175575294,0.01301666063086926
BC23567,BC23567_D2,__ambiguous[ENSG00000124614+ENSG00000270800],-0.006981678435050667,-0.005419194642675508
BC23567,BC23567_D2,ENSG00000205542,-0.10543283438365497,-0.13710688656013273
BC23567,BC23567_D2,ENSG00000246705,-0.001558701432371761,-0.03697425228021887
BC23567,BC23567_D2,ENSG00000074800,-0.22681607358405373,-0.26383646550984813
BC23567,BC23567_D2,ENSG00000150991,-0.11358099131953629,-0.159185748555848
BC23567,BC23567_D2,ENSG00000111057,-0.04977784313155305,-0.05932737657312182
BC23567,BC23567_D2,ENSG00000178719,0.027498940259942824,0.004836874333738115
BC23567,BC23567_D2,ENSG00000169100,-0.014679059100417795,-0.00634142569319509
BC23567,BC23567_D2,ENSG00000255823,0.1040165498219422,0.12165619667548963
BC23567,BC23567_D2,ENSG00000117410,-0.01733674953510118,-0.011612672569489625
BC23567,BC23567_D2,ENSG00000126267,0.04128623409616513,0.039287185576341664
BC23567,BC23567_D2,ENSG00000149591,0.17754642099860177,0.22677387212166306
BC23567,BC23567_D2,ENSG00000142669,0.12074765309834583,0.12943258939617233
BC23567,BC23567_D2,ENSG00000115414,-0.14388977328307434,-0.1894405579984682
BC23567,BC23567_D2,ENSG00000030582,0.002896602961013213,0.008862993473560694
BC23567,BC23567_D2,__ambiguous[ENSG00000273259+ENSG00000196136],-0.040239757827598636,-0.04237642500581162
BC23567,BC23567_D2,ENSG00000163682,0.019978239720031387,-0.008846111522355843
BC23567,BC23567_D2,ENSG00000117450,-0.03915400579667334,-0.056447093954160366
BC23567,BC23567_D2,ENSG00000160862,0.08039964102795916,0.0887257290170767
BC23567,BC23567_D2,ENSG00000182809,0.039430080879794785,0.04457571183003044
BC23567,BC23567_D2,ENSG00000145425,-0.08336976989661228,-0.12241763616302694
BC23567,BC23567_D2,ENSG00000102265,0.15054118434595784,0.14869771217829766
BC23567,BC23567_D2,ENSG00000125534,-0.008430111308011972,-0.025962874199517583
BC23567,BC23567_D2,ENSG00000269028,0.15782393666768346,0.15944597968663726
BC23567,BC23567_D2,ENSG00000187514,-0.029722610194165465,-0.0560663801027486
BC23567,BC23567_D2,ENSG00000124664,-0.04006821850356319,-0.04436688481698519
BC23567,BC23567_D2,ENSG00000143774,-0.0030474204201721613,-0.018668417788043738
BC23567,BC23567_D2,ENSG00000142089,0.068863664440991,0.09534885475952835
BC23567,BC23567_D2,ENSG00000251562,0.13405422621965662,0.1609449552946432
BC23567,BC23567_D2,ENSG00000160789,0.15717254647255147,0.18748658637003626
BC23567,BC23567_D2,ENSG00000272196,-0.03492742310432766,-0.057916886012369696
BC23567,BC23567_D2,ENSG00000124614,-0.02277146462653012,-0.03428662068721234
BC23567,BC23567_D2,ENSG00000127540,-0.061354432832610634,-0.07761675413280336
BC23567,BC23567_D2,ENSG00000182492,0.18981825651347187,0.22997221208607163
BC23567,BC23567_D2,ENSG00000138326,-0.13975316942045624,-0.18843378109620385
BC23567,BC23567_D2,ENSG00000182899,-0.04516386368990337,-0.08197428711931254
BC23567,BC23567_D2,ENSG00000144426,-0.0623052077725243,-0.0919130025379706
BC23567,BC23567_D2,ENSG00000130208,0.06813765504818603,0.09545280015205823
BC23567,BC23567_D2,ENSG00000071553,0.042099130174035125,0.05659092140714373
BC23567,BC23567_D2,ENSG00000164733,-0.08705498883887582,-0.12323669796286817
BC23567,BC23567_D2,ENSG00000176340,-0.037465552369852724,-0.03178201518661428
BC23567,BC23567_D2,ENSG00000008988,-0.09361350958310272,-0.0946383141789915
BC23567,BC23567_D2,ENSG00000170315,-0.007849241819103854,-0.04288016985260498
BC23567,BC23567_D2,ENSG00000165215,-0.07532020218102393,-0.0784940928631303
BC23567,BC23567_D2,ENSG00000103363,0.029206525000630878,0.00145915246815339
BC23567,BC23567_D2,ENSG00000277972,0.08418439655243969,0.07507333041673286
BC23567,BC23567_D2,ENSG00000204287,-0.001054990687049604,-0.007141668567746515
BC23567,BC23567_D2,ENSG00000162511,0.14765981646454313,0.16560045170701265
BC23567,BC23567_D2,ENSG00000164692,-0.009702783530393035,-0.04699037127570507
BC23567,BC23567_D2,__ambiguous[ENSG00000277957+ENSG00000161960],-0.0022763007130889696,-0.0018979683703692436
BC23567,BC23567_D2,ENSG00000173372,0.15912367081748932,0.2053215226643397
BC23567,BC23567_D2,ENSG00000052344,0.05208611096424223,0.058307011729004925
BC23567,BC23567_D2,ENSG00000184897,-0.048990533860605506,-0.06657696365641705
BC23567,BC23567_D2,ENSG00000026025,0.025366651158393504,0.03250920799109453
BC23567,BC23567_D2,ENSG00000142949,-0.03548335969110518,-0.05255478732501967
BC23567,BC23567_D2,ENSG00000196924,0.09061496514389313,0.11544572077768875
BC23567,BC23567_D2,ENSG00000105223,0.15801517059881248,0.17524230955164918
BC23567,BC23567_D2,ENSG00000114353,0.10837342577451414,0.12866971322389825
BC23567,BC23567_D2,ENSG00000172354,-0.06940105511589385,-0.07118207103700926
BC23567,BC23567_D2,ENSG00000178980,-0.012584146229641935,-0.0292814476945678
BC23567,BC23567_D2,ENSG00000111669,0.034106568046976676,0.036056484759339244
BC23567,BC23567_D2,ENSG00000141522,0.07380878204158735,0.06659407398618437
BC23567,BC23567_D2,ENSG00000277791,-0.15970896488920355,-0.18860101947809885
BC23567,BC23567_D2,ENSG00000188846,-0.024181259003862497,-0.04267999688476464
BC23567,BC23567_D2,ENSG00000164919,0.03926499745064695,0.023211023434603597
BC23567,BC23567_D2,ENSG00000104529,-0.005048974016704606,-0.010254309880854115
BC23567,BC23567_D2,__ambiguous[ENSG00000241343+ENSG00000257529],-0.1107421337384977,-0.1164866713093254
BC23567,BC23567_D2,ENSG00000167815,-0.022209358946439956,-0.028954890533508762
BC23567,BC23567_D2,__ambiguous[ENSG00000262526+ENSG00000170296],-0.1385231090712195,-0.14958364481379244
BC23567,BC23567_D2,ENSG00000135480,-0.036667233515372474,-0.06730038897004617
BC23567,BC23567_D2,ENSG00000100219,-0.033884956053759296,-0.070922225087978
BC23567,BC23567_D2,ENSG00000174444,-0.05686045255167266,-0.0704470858817208
BC23567,BC23567_D2,ENSG00000160180,-0.03434321479304343,-0.031108740282470293
BC23567,BC23567_D2,ENSG00000178952,-0.05509167144212969,-0.0665281489769769
BC23567,BC23567_D2,ENSG00000173272,0.02118314109150694,-0.0157680724145882
BC23567,BC23567_D2,ENSG00000114867,0.06184373703832358,0.05427359099557039
BC23567,BC23567_D2,ENSG00000125730,0.2526083141708524,0.2996327459484865
BC23567,BC23567_D2,ENSG00000087460,-0.015490089652545417,-0.029066911154837935
BC23567,BC23567_D2,ENSG00000186468,-0.0454463439310275,-0.06630758078320025
BC23567,BC23567_D2,ENSG00000155366,0.05174388782406879,0.035949537270700264
BC23567,BC23567_D2,ENSG00000169223,-0.09916768411353785,-0.12869445175673602
BC23567,BC23567_D2,ENSG00000123349,0.18751812102656665,0.20596553519511718
BC23567,BC23567_D2,ENSG00000163479,-0.05117381608590657,-0.02315804980823661
BC23567,BC23567_D2,ENSG00000126247,-0.009934935252477165,-0.020636688915598188
BC23567,BC23567_D2,ENSG00000213988,0.054255756468773265,-0.009040776941812908
BC23567,BC23567_D2,ENSG00000279274,0.07254090353840739,0.08326829663459302
BC23567,BC23567_D2,ENSG00000131143,-0.10678843186930786,-0.1475736106133441
BC23567,BC23567_D2,ENSG00000058262,0.032294994515412664,0.06096439750888464
BC23567,BC23567_D2,ENSG00000124172,0.00197569846638506,-0.024648652190100373
BC23567,BC23567_D2,ENSG00000114391,-0.060740381906958504,-0.07704651883838935
BC23567,BC23567_D2,ENSG00000170421,-0.006799641280676634,-0.007792224415771549
BC23567,BC23567_D2,ENSG00000163220,0.07497617722246756,0.10749195734320265
BC23567,BC23567_D2,ENSG00000171863,-0.07222372905616602,-0.1095133404224445
BC23567,BC23567_D2,ENSG00000134419,-0.1662645892942867,-0.19125783421271716
BC23567,BC23567_D2,__ambiguous[ENSG00000219200+ENSG00000161939],0.10173071449235438,0.14517593058279699
BC23567,BC23567_D2,ENSG00000173801,0.00045922540473673464,0.014671370226175763
BC23567,BC23567_D2,ENSG00000163399,-0.04417914271470392,-0.06994777321614835
BC23567,BC23567_D2,ENSG00000104964,0.0035826676209545403,0.013577369734642642
BC23567,BC23567_D2,ENSG00000135390,0.021053367731293075,0.023102214581859497
BC23567,BC23567_D2,ENSG00000132475,0.07044743016685612,0.05941387407642922
BC23567,BC23567_D2,ENSG00000100300,-0.03252728451273703,-0.02940172711832319
BC23567,BC23567_D2,ENSG00000051523,0.17559055948101435,0.24135550004844716
BC23567,BC23567_D2,ENSG00000147604,-0.0393421610997633,-0.06145509547172673
BC23567,BC23567_D2,ENSG00000142173,0.15453242306531462,0.17724162339641283
BC23567,BC23567_D2,ENSG00000196576,0.010411850425333989,0.01176988405327645
BC23567,BC23567_D2,ENSG00000141753,0.09039589796351546,0.10485916055593834
BC23567,BC23567_D2,ENSG00000214530,-0.05854305219921658,-0.06035500733712812
BC23567,BC23567_D2,ENSG00000143420,-0.021954535741968914,-0.042423964601526004
BC23567,BC23567_D2,ENSG00000161960,0.05904492094187193,0.046995167641013726
BC23567,BC23567_D2,ENSG00000197956,-0.013546239808635686,0.0005087018814862264
BC23567,BC23567_D2,ENSG00000101335,0.157356182775883,0.171331788998444
BC23567,BC23567_D2,ENSG00000096384,-0.027900358089266043,-0.007790820993162385
BC23567,BC23567_D2,ENSG00000123416,0.023486764386816846,0.006191160322153241
BC23567,BC23567_D2,ENSG00000113140,0.037049024942523136,0.02215409986292675
BC23567,BC23567_D2,ENSG00000177700,-0.08114287137362929,-0.08647009636423175
BC23567,BC23567_D2,ENSG00000131748,0.04072502303597139,0.05634977554841677
BC23567,BC23567_D2,ENSG00000229117,0.04816174750253657,0.02627119440802384
BC23567,BC23567_D2,ENSG00000172270,0.09230817100004522,0.09785112613657909
BC23567,BC23567_D2,ENSG00000125970,0.08783906523387278,0.09168948478849788
BC23567,BC23567_D2,ENSG00000011304,0.011675362082248078,0.00933569606604023
BC23567,BC23567_D2,ENSG00000159840,0.09179330686924511,0.11514363553322085
BC23567,BC23567_D2,ENSG00000147684,-0.03104962422337542,-0.02380981391044928
BC23567,BC23567_D2,ENSG00000186010,-0.1046792158052688,-0.14507672726771031
BC23567,BC23567_D2,ENSG00000110092,-0.06387951270256612,-0.1061724937040578
BC23567,BC23567_D2,ENSG00000135940,-0.009307789509274701,-0.029542470329208634
BC23567,BC23567_D2,ENSG00000106153,0.05625642986823364,0.017552774784543444
BC23567,BC23567_D2,ENSG00000174886,-0.030845677137510845,-0.02526232273257325
BC23567,BC23567_D2,ENSG00000130725,-0.008424339912714787,0.005525572150780346
BC23567,BC23567_D2,ENSG00000196405,-0.012763183158339686,0.00837991474590959
BC23567,BC23567_D2,ENSG00000176046,0.01848930926372401,0.034171377416727065
BC23567,BC23567_D2,ENSG00000109475,-0.061054416723261784,-0.10042739308213863
BC23567,BC23567_D2,ENSG00000196230,-0.07595009901553551,-0.08995640677649433
BC23567,BC23567_E1,ENSG00000034510,0.055029531192202406,0.060327205349405257
BC23567,BC23567_E1,ENSG00000137818,0.24224386335870052,0.2758530595364723
BC23567,BC23567_E1,ENSG00000111640,0.07996466783949917,0.0799681142659922
BC23567,BC23567_E1,ENSG00000177600,0.27138194311230335,0.3311072911383499
BC23567,BC23567_E1,ENSG00000171345,-0.17686899698932623,-0.2207329460591997
BC23567,BC23567_E1,ENSG00000231500,0.09814056063418705,0.12316780771853125
BC23567,BC23567_E1,ENSG00000164587,-0.009277773230830082,-0.020053236143981436
BC23567,BC23567_E1,ENSG00000075624,-0.02303469557104882,-0.02696095666524259
BC23567,BC23567_E1,ENSG00000197756,-0.024353281554629423,-0.02202431675795722
BC23567,BC23567_E1,ENSG00000254709,-0.010115488854640925,-0.02881989671567462
BC23567,BC23567_E1,ENSG00000108107,0.17428795468732824,0.20326321487622634
BC23567,BC23567_E1,ENSG00000105372,0.03882180903201259,0.045953271756730356
BC23567,BC23567_E1,ENSG00000161016,-0.06178131024765619,-0.07391876929187824
BC23567,BC23567_E1,ENSG00000167526,0.03890992882126935,0.03689564939786554
BC23567,BC23567_E1,ENSG00000087086,0.20844255366908418,0.24688121814366812
BC23567,BC23567_E1,ENSG00000130255,0.09840202990412292,0.12356788795771206
BC23567,BC23567_E1,ENSG00000108298,0.07928926298583032,0.11130131736701632
BC23567,BC23567_E1,ENSG00000108518,0.17096704679770097,0.16830741029734178
BC23567,BC23567_E1,ENSG00000141736,0.15651033523027302,0.20304426710667597
BC23567,BC23567_E1,ENSG00000149273,-0.006599950357997132,-0.0063630993501534875
BC23567,BC23567_E1,__ambiguous[ENSG00000251357+ENSG00000240972],0.07731842483316044,0.11814806232429895
BC23567,BC23567_E1,ENSG00000136942,-0.04464186909076317,-0.07105752345477989
BC23567,BC23567_E1,ENSG00000063177,0.011208777076700574,0.023421089136481978
BC23567,BC23567_E1,ENSG00000197746,0.19904967293687895,0.19967095052592373
BC23567,BC23567_E1,ENSG00000140264,-0.02744459276787734,-0.016627940754328364
BC23567,BC23567_E1,ENSG00000105193,-0.009894512274037032,0.014208293517003766
BC23567,BC23567_E1,ENSG00000167996,-0.16219516825489996,-0.20689607837366472
BC23567,BC23567_E1,ENSG00000109062,-0.035724244798232906,-0.03213089831108097
BC23567,BC23567_E1,ENSG00000142541,0.028733133041899925,0.037231641129106284
BC23567,BC23567_E1,ENSG00000117984,0.24571927689499087,0.26421227413285353
BC23567,BC23567_E1,ENSG00000179218,0.043862338713296756,0.05598843519996326
BC23567,BC23567_E1,ENSG00000140988,-0.086971218759508,-0.11403428703904296
BC23567,BC23567_E1,ENSG00000142534,-0.1816621407004525,-0.20654767530551532
BC23567,BC23567_E1,ENSG00000204628,-0.11193346539593359,-0.12134712877943568
BC23567,BC23567_E1,ENSG00000221983,0.14371589951358113,0.18321341956981252
BC23567,BC23567_E1,ENSG00000111341,0.05458463502835423,0.09821208436523184
BC23567,BC23567_E1,ENSG00000089157,-0.0872784049873941,-0.1051229436857479
BC23567,BC23567_E1,ENSG00000166441,-0.08272563148405773,-0.1231388135090409
BC23567,BC23567_E1,ENSG00000171858,-0.01476821601533379,-0.010559330114170507
BC23567,BC23567_E1,ENSG00000147403,-0.03313793322371781,-0.07367923941567767
BC23567,BC23567_E1,ENSG00000180879,0.09343766268394141,0.09814576543646733
BC23567,BC23567_E1,ENSG00000213741,0.12402776486292291,0.14363298554149967
BC23567,BC23567_E1,ENSG00000115268,-0.01761998831131649,-0.037051586076094
BC23567,BC23567_E1,ENSG00000233927,0.01989519982886416,0.0114810286268196
BC23567,BC23567_E1,ENSG00000185624,-0.04233946737754464,-0.0836893089751288
BC23567,BC23567_E1,ENSG00000112306,-0.02372469044849923,-0.052009923827330405
BC23567,BC23567_E1,ENSG00000105640,0.05485431674853044,0.049789915961659624
BC23567,BC23567_E1,ENSG00000182774,-0.045866801974474736,-0.02817355043066195
BC23567,BC23567_E1,ENSG00000234745,0.06682170185057272,0.09790372682196204
BC23567,BC23567_E1,ENSG00000130203,0.4274153989246975,0.46293381027086167
BC23567,BC23567_E1,ENSG00000149806,0.024420436872738926,0.03192596415277501
BC23567,BC23567_E1,ENSG00000198034,-0.00819998492303654,-0.018887619740816725
BC23567,BC23567_E1,ENSG00000142676,-0.08536131615472382,-0.09923860793057523
BC23567,BC23567_E1,ENSG00000101439,0.06450302241800082,0.08018988456095491
BC23567,BC23567_E1,ENSG00000172809,-0.1389530769473379,-0.14581694212889973
BC23567,BC23567_E1,ENSG00000177954,0.11686730619923605,0.143348519265398
BC23567,BC23567_E1,ENSG00000100316,-0.02178809989618508,-0.040522615966819456
BC23567,BC23567_E1,ENSG00000184009,0.04403476887386021,0.019639876153175924
BC23567,BC23567_E1,ENSG00000170889,0.07380364847336648,0.11880852759011135
BC23567,BC23567_E1,ENSG00000019582,0.10499943467470456,0.09399921920993173
BC23567,BC23567_E1,ENSG00000172757,-0.17424545774345765,-0.21146403860393034
BC23567,BC23567_E1,ENSG00000142937,-0.06148548369054557,-0.07918949007993159
BC23567,BC23567_E1,ENSG00000137154,0.013788721459002779,-0.0010961595774172132
BC23567,BC23567_E1,ENSG00000125691,-0.03252819467064952,-0.08959405324749398
BC23567,BC23567_E1,ENSG00000167995,0.08004803814086071,0.07734858296324368
BC23567,BC23567_E1,ENSG00000083845,-0.023926724793048703,-0.010628689831181428
BC23567,BC23567_E1,ENSG00000204525,0.0029921009868055315,0.010011133782081634
BC23567,BC23567_E1,ENSG00000156482,0.007953911820305996,0.01293482957138854
BC23567,BC23567_E1,ENSG00000108821,0.25713660633375257,0.24872282765441986
BC23567,BC23567_E1,__ambiguous[ENSG00000254772+ENSG00000255508],-0.08436670262159417,-0.11292282522601536
BC23567,BC23567_E1,ENSG00000197958,-0.08798735649689343,-0.10089913974025524
BC23567,BC23567_E1,ENSG00000169710,0.03976416422595432,0.054312323707324126
BC23567,BC23567_E1,ENSG00000163191,-0.19580586844330045,-0.22845664808628272
BC23567,BC23567_E1,ENSG00000198242,-0.0017087456301162105,0.0013053188728245897
BC23567,BC23567_E1,ENSG00000149925,-0.03361735323094289,-0.025447391626672995
BC23567,BC23567_E1,ENSG00000162244,0.009106232938933397,-0.02925271761649372
BC23567,BC23567_E1,ENSG00000185499,0.021546776006284483,0.009523513388923965
BC23567,BC23567_E1,ENSG00000167468,0.007946988106088572,0.011938014151220406
BC23567,BC23567_E1,ENSG00000148303,-0.06585029356980315,-0.06423440030512292
BC23567,BC23567_E1,__ambiguous[ENSG00000185883+ENSG00000260272],0.07435366062614424,0.06772068537005176
BC23567,BC23567_E1,ENSG00000115457,0.00219020890364243,0.010748595459199803
BC23567,BC23567_E1,ENSG00000131469,0.011978516355350147,0.022794547113787065
BC23567,BC23567_E1,ENSG00000167658,0.03841927426060404,0.07189696532317723
BC23567,BC23567_E1,ENSG00000174748,-0.05233034339983827,-0.059459390929364336
BC23567,BC23567_E1,ENSG00000144713,-0.03366869641915114,-0.042160765248677956
BC23567,BC23567_E1,ENSG00000143947,-0.04469811899349093,-0.05152358613150286
BC23567,BC23567_E1,ENSG00000135404,0.014344733915828491,0.005990067138904026
BC23567,BC23567_E1,ENSG00000145592,-0.06040248076209286,-0.08565737167194219
BC23567,BC23567_E1,ENSG00000204592,0.18144582337758083,0.23085117279916112
BC23567,BC23567_E1,ENSG00000224389,-0.0359554638069351,-0.039467624856504915
BC23567,BC23567_E1,ENSG00000108639,-0.13367234123408564,-0.14628865498382243
BC23567,BC23567_E1,ENSG00000107223,0.056758360676902084,0.066289182114015
BC23567,BC23567_E1,ENSG00000206503,0.09480510153419715,0.1485758639577418
BC23567,BC23567_E1,ENSG00000279483,0.12745453429506,0.14888224037211945
BC23567,BC23567_E1,__ambiguous[ENSG00000243678+ENSG00000011052],-0.016385246981910333,-0.007584595389929727
BC23567,BC23567_E1,ENSG00000165949,-0.13519710575784774,-0.1544161638812731
BC23567,BC23567_E1,ENSG00000231925,0.05490918361387285,0.03287875711976664
BC23567,BC23567_E1,ENSG00000110651,0.16092847592619203,0.1925531962192567
BC23567,BC23567_E1,ENSG00000152082,0.017839173683351858,0.03693174718561118
BC23567,BC23567_E1,ENSG00000106624,0.0211097598194657,0.002655457592103686
BC23567,BC23567_E1,ENSG00000172531,0.030632045764182117,0.0428432524325417
BC23567,BC23567_E1,ENSG00000166710,-0.020922111727342728,-0.02381300833262841
BC23567,BC23567_E1,ENSG00000115884,0.03481632087960172,0.033091374676448904
BC23567,BC23567_E1,ENSG00000106211,-0.04656112291507947,-0.0634782914733135
BC23567,BC23567_E1,ENSG00000070756,-0.06604916032388053,-0.09016482776354699
BC23567,BC23567_E1,ENSG00000108679,0.05650366123705977,0.06531027217474157
BC23567,BC23567_E1,ENSG00000108344,0.060912503569637275,0.0516552953736021
BC23567,BC23567_E1,ENSG00000118181,-8.321948135325338e-05,-0.01757926452971221
BC23567,BC23567_E1,ENSG00000071082,0.006883222566153818,-0.01394016657222269
BC23567,BC23567_E1,ENSG00000133112,-0.1222663215335365,-0.16705651801793092
BC23567,BC23567_E1,__ambiguous[ENSG00000185885+ENSG00000185201],-0.02390536887816092,-0.05928834170507277
BC23567,BC23567_E1,ENSG00000092841,0.01295125226908787,0.008765785779155395
BC23567,BC23567_E1,__ambiguous[ENSG00000257341+ENSG00000213145],-0.00260845677933499,0.0053108378460716855
BC23567,BC23567_E1,ENSG00000104904,0.10880753244088122,0.12282810841711674
BC23567,BC23567_E1,ENSG00000130303,0.1601993681934114,0.16417711052899198
BC23567,BC23567_E1,ENSG00000158710,0.05389434084932355,0.05144194485773873
BC23567,BC23567_E1,ENSG00000141741,0.039381381912813936,0.024871668546551512
BC23567,BC23567_E1,ENSG00000185825,-0.03824247976807023,-0.03317627405308363
BC23567,BC23567_E1,__ambiguous[ENSG00000124614+ENSG00000270800],-0.07159025266762113,-0.10378232263470535
BC23567,BC23567_E1,ENSG00000205542,-0.015021903587790422,-0.010899126590684486
BC23567,BC23567_E1,ENSG00000246705,-0.16324802985567013,-0.16886090171642415
BC23567,BC23567_E1,ENSG00000074800,-0.23514270222894915,-0.2679996615602327
BC23567,BC23567_E1,ENSG00000150991,-0.11034130050761846,-0.12176354473183959
BC23567,BC23567_E1,ENSG00000111057,-0.040487626045123334,-0.08119387756177722
BC23567,BC23567_E1,ENSG00000178719,-0.001394702692333872,-0.021708213808013105
BC23567,BC23567_E1,ENSG00000169100,0.0032265573241405518,0.004850401955561453
BC23567,BC23567_E1,ENSG00000255823,0.12614532934829342,0.1393727436891236
BC23567,BC23567_E1,ENSG00000117410,-0.0353197363587641,-0.04899091220525319
BC23567,BC23567_E1,ENSG00000126267,0.09716159789278908,0.11143163696857274
BC23567,BC23567_E1,ENSG00000149591,0.29609772669867684,0.2983110386816938
BC23567,BC23567_E1,ENSG00000142669,0.060751895918505945,0.06906024737753988
BC23567,BC23567_E1,ENSG00000115414,-0.040448687051790354,-0.06971236231075068
BC23567,BC23567_E1,ENSG00000030582,-0.16982072481135704,-0.2065176417033679
BC23567,BC23567_E1,__ambiguous[ENSG00000273259+ENSG00000196136],0.007605181959827245,-0.009349880846984845
BC23567,BC23567_E1,ENSG00000163682,0.037759406663967675,0.029726248930803605
BC23567,BC23567_E1,ENSG00000117450,0.05302371888526314,0.062407259198580936
BC23567,BC23567_E1,ENSG00000160862,-0.011703573174609613,-0.000561777957782689
BC23567,BC23567_E1,ENSG00000182809,0.006009705798574562,0.003500018880938081
BC23567,BC23567_E1,ENSG00000145425,-0.12087202176028272,-0.11668519287103826
BC23567,BC23567_E1,ENSG00000102265,0.1537420404626355,0.1611497266130262
BC23567,BC23567_E1,ENSG00000125534,-0.04466513212067325,-0.07083730594999435
BC23567,BC23567_E1,ENSG00000269028,0.15594523766112,0.1727568421143041
BC23567,BC23567_E1,ENSG00000187514,-0.01695878467401409,-0.031769072431459974
BC23567,BC23567_E1,ENSG00000124664,-0.02064429082454223,-0.022460502698021717
BC23567,BC23567_E1,ENSG00000143774,0.07278581076669514,0.05656243924955758
BC23567,BC23567_E1,ENSG00000142089,-0.056219738931811244,-0.08246968266847954
BC23567,BC23567_E1,ENSG00000251562,0.10107439320908335,0.1303710996481235
BC23567,BC23567_E1,ENSG00000160789,0.05707764958227468,0.07973530923238914
BC23567,BC23567_E1,ENSG00000272196,0.028022308543015812,0.027623383240593404
BC23567,BC23567_E1,ENSG00000124614,-0.077708552891173,-0.06575805571421191
BC23567,BC23567_E1,ENSG00000127540,-0.12331432374913873,-0.1372211541718215
BC23567,BC23567_E1,ENSG00000182492,0.1525464962958953,0.14535110742571614
BC23567,BC23567_E1,ENSG00000138326,-0.08738176258837788,-0.10987874738400263
BC23567,BC23567_E1,ENSG00000182899,-0.05573846584854093,-0.0666662521341462
BC23567,BC23567_E1,ENSG00000144426,0.01304961444528964,-0.010123967791194195
BC23567,BC23567_E1,ENSG00000130208,0.15790922284555525,0.1818819786622242
BC23567,BC23567_E1,ENSG00000071553,-0.02091113034599423,-0.018240350749165146
BC23567,BC23567_E1,ENSG00000164733,0.02464063414900458,0.04030093662208753
BC23567,BC23567_E1,ENSG00000176340,-0.10288261622389411,-0.11679568181290738
BC23567,BC23567_E1,ENSG00000008988,0.006409355686125205,0.005954141108225761
BC23567,BC23567_E1,ENSG00000170315,-0.03608494729640337,-0.04117636656009038
BC23567,BC23567_E1,ENSG00000165215,-0.13451749182357375,-0.13937708442008134
BC23567,BC23567_E1,ENSG00000103363,-0.06155239521297311,-0.060886524046663136
BC23567,BC23567_E1,ENSG00000277972,0.004870484306845165,0.0075575606407456445
BC23567,BC23567_E1,ENSG00000204287,0.18237209433111085,0.1948092344365348
BC23567,BC23567_E1,ENSG00000162511,0.294097706212829,0.3275230533068989
BC23567,BC23567_E1,ENSG00000164692,0.08772727055629381,0.11542242962714552
BC23567,BC23567_E1,__ambiguous[ENSG00000277957+ENSG00000161960],-0.006396573518360308,-0.003574282539065054
BC23567,BC23567_E1,ENSG00000173372,0.20333380209980395,0.23045428129051154
BC23567,BC23567_E1,ENSG00000052344,-0.006430423268921741,-0.02564135902747223
BC23567,BC23567_E1,ENSG00000184897,0.01839400125668181,0.02189085394571998
BC23567,BC23567_E1,ENSG00000026025,0.1648352545127203,0.17978775970475008
BC23567,BC23567_E1,ENSG00000142949,0.06732810750005479,0.061979483151405744
BC23567,BC23567_E1,ENSG00000196924,0.14149957421027443,0.1875623253621386
BC23567,BC23567_E1,ENSG00000105223,0.2730908220673482,0.2888865057039397
BC23567,BC23567_E1,ENSG00000114353,0.16956294748214357,0.18503186892878665
BC23567,BC23567_E1,ENSG00000172354,-0.04462396697678024,-0.037500828248979205
BC23567,BC23567_E1,ENSG00000178980,-0.08418004898297946,-0.09163784131724999
BC23567,BC23567_E1,ENSG00000111669,-0.07027287800153656,-0.07964684543302337
BC23567,BC23567_E1,ENSG00000141522,-0.18066226919652079,-0.22746553796355956
BC23567,BC23567_E1,ENSG00000277791,-0.052887694728109086,-0.06425147102647273
BC23567,BC23567_E1,ENSG00000188846,-0.037126967711808435,-0.024153999070455276
BC23567,BC23567_E1,ENSG00000164919,0.054015756771800906,0.06324732370234651
BC23567,BC23567_E1,ENSG00000104529,-0.007865326567189383,-0.015155404015729651
BC23567,BC23567_E1,__ambiguous[ENSG00000241343+ENSG00000257529],0.014489527976948512,-0.0014249877444609783
BC23567,BC23567_E1,ENSG00000167815,-0.0284750575853751,-0.029910396417408006
BC23567,BC23567_E1,__ambiguous[ENSG00000262526+ENSG00000170296],-0.23487142304214664,-0.27213793606844705
BC23567,BC23567_E1,ENSG00000135480,0.026666556502953798,0.05369283019179234
BC23567,BC23567_E1,ENSG00000100219,-0.047246530288496714,-0.06589185979628567
BC23567,BC23567_E1,ENSG00000174444,-0.0543762099660757,-0.03924015093442715
BC23567,BC23567_E1,ENSG00000160180,0.0019560059286721156,-0.0002535168043534216
BC23567,BC23567_E1,ENSG00000178952,-0.10241339986398605,-0.13945914656758715
BC23567,BC23567_E1,ENSG00000173272,0.0899786998330937,0.09300407700720667
BC23567,BC23567_E1,ENSG00000114867,0.07201183405876391,0.08357062018998744
BC23567,BC23567_E1,ENSG00000125730,0.17670167806735632,0.21180931943467507
BC23567,BC23567_E1,ENSG00000087460,-0.04688515118708289,-0.06013849267924316
BC23567,BC23567_E1,ENSG00000186468,-0.04317744463736559,-0.03724789425792513
BC23567,BC23567_E1,ENSG00000155366,0.0010621786217978172,-0.0070177653210606325
BC23567,BC23567_E1,ENSG00000169223,-0.224008432378175,-0.22815406233136246
BC23567,BC23567_E1,ENSG00000123349,-0.03126158312183082,-0.040807537517333035
BC23567,BC23567_E1,ENSG00000163479,-0.14520349765531249,-0.17543162401351114
BC23567,BC23567_E1,ENSG00000126247,-0.016396820408168422,-0.023526608306526253
BC23567,BC23567_E1,ENSG00000213988,0.04968691139138704,0.04262871224672915
BC23567,BC23567_E1,ENSG00000279274,0.05100729673664669,0.08493452572606207
BC23567,BC23567_E1,ENSG00000131143,-0.03632896415413833,-0.03601884239445964
BC23567,BC23567_E1,ENSG00000058262,0.1667842385014395,0.17359528460937604
BC23567,BC23567_E1,ENSG00000124172,-0.0413092530054089,-0.03915253614256854
BC23567,BC23567_E1,ENSG00000114391,0.06285241173347049,0.0703039650263243
BC23567,BC23567_E1,ENSG00000170421,-0.032756478159052055,-0.030031016291964717
BC23567,BC23567_E1,ENSG00000163220,0.008115030386206156,-0.00938209604255671
BC23567,BC23567_E1,ENSG00000171863,-0.12972463892369424,-0.16111292647992936
BC23567,BC23567_E1,ENSG00000134419,-0.04665489061719218,-0.08345655829438241
BC23567,BC23567_E1,__ambiguous[ENSG00000219200+ENSG00000161939],0.05125920693001121,0.08402008634176514
BC23567,BC23567_E1,ENSG00000173801,0.07633927805113869,0.07061623009601116
BC23567,BC23567_E1,ENSG00000163399,0.05496228100487029,0.08445976636952711
BC23567,BC23567_E1,ENSG00000104964,0.015559316520016242,0.0037536002687607833
BC23567,BC23567_E1,ENSG00000135390,-0.08597309593181424,-0.08760862836146291
BC23567,BC23567_E1,ENSG00000132475,0.10167983826833618,0.10218756360713689
BC23567,BC23567_E1,ENSG00000100300,0.004923479837760752,0.014298004359190585
BC23567,BC23567_E1,ENSG00000051523,0.20982993567554653,0.275585967788874
BC23567,BC23567_E1,ENSG00000147604,-0.14208178092742624,-0.14237837503885392
BC23567,BC23567_E1,ENSG00000142173,0.12731879610992147,0.14437378413198865
BC23567,BC23567_E1,ENSG00000196576,0.08357033721771662,0.05984209222033611
BC23567,BC23567_E1,ENSG00000141753,0.07379018618987312,0.053922917578459066
BC23567,BC23567_E1,ENSG00000214530,-0.05594339268260398,-0.04637095006678246
BC23567,BC23567_E1,ENSG00000143420,-0.04018107526396547,-0.05101993005329694
BC23567,BC23567_E1,ENSG00000161960,0.08517581486564052,0.11063553607609705
BC23567,BC23567_E1,ENSG00000197956,0.016389467086899284,0.0014983420156875692
BC23567,BC23567_E1,ENSG00000101335,0.030433508492636645,0.029758582219633116
BC23567,BC23567_E1,ENSG00000096384,0.13763279950060844,0.14130074109149385
BC23567,BC23567_E1,ENSG00000123416,-0.005902432427260487,0.004908294053782741
BC23567,BC23567_E1,ENSG00000113140,0.0873560978040915,0.12022320677627218
BC23567,BC23567_E1,ENSG00000177700,-0.1129770267577109,-0.1280784893933858
BC23567,BC23567_E1,ENSG00000131748,0.12685425283772567,0.14559226751298424
BC23567,BC23567_E1,ENSG00000229117,-0.051145687098089004,-0.07008875617657578
BC23567,BC23567_E1,ENSG00000172270,-0.001086944738040143,-0.006239493056107485
BC23567,BC23567_E1,ENSG00000125970,0.0746033252934342,0.0720895963988792
BC23567,BC23567_E1,ENSG00000011304,0.05749370504033035,0.06613941788220709
BC23567,BC23567_E1,ENSG00000159840,0.11441712348818503,0.12024862714462548
BC23567,BC23567_E1,ENSG00000147684,-0.008578398990807637,-0.005312377257384659
BC23567,BC23567_E1,ENSG00000186010,-0.0777749157980645,-0.05622469796330305
BC23567,BC23567_E1,ENSG00000110092,-0.02930841907947706,-0.05222115133971472
BC23567,BC23567_E1,ENSG00000135940,-0.060051354813021096,-0.06100636268977217
BC23567,BC23567_E1,ENSG00000106153,-0.04117394620734658,-0.06484828376863272
BC23567,BC23567_E1,ENSG00000174886,-0.00798170081570982,-0.020190969353653474
BC23567,BC23567_E1,ENSG00000130725,0.026093431738704296,0.02817144809215429
BC23567,BC23567_E1,ENSG00000196405,0.11159960620541352,0.10402549209190683
BC23567,BC23567_E1,ENSG00000176046,0.09777144373377565,0.10709976756780194
BC23567,BC23567_E1,ENSG00000109475,-0.05156694554289946,-0.06867793309425181
BC23567,BC23567_E1,ENSG00000196230,-0.03576942667242281,-0.02317849519424723
BC23567,BC23567_E2,ENSG00000034510,0.021965385263981965,0.014257794383247882
BC23567,BC23567_E2,ENSG00000137818,0.14503424309744095,0.1684640265062044
BC23567,BC23567_E2,ENSG00000111640,0.01792139020636133,0.06325002031077545
BC23567,BC23567_E2,ENSG00000177600,0.14316000608733537,0.17330997563363995
BC23567,BC23567_E2,ENSG00000171345,-0.017082024351268578,0.010945286199234901
BC23567,BC23567_E2,ENSG00000231500,0.03326913805377105,0.06715374325182857
BC23567,BC23567_E2,ENSG00000164587,-0.06206579441488705,-0.08919797671635177
BC23567,BC23567_E2,ENSG00000075624,0.0331899071282968,0.040145333889974565
BC23567,BC23567_E2,ENSG00000197756,-0.006240967130391146,-0.013982421993870035
BC23567,BC23567_E2,ENSG00000254709,0.13337902069214724,0.21202410174483166
BC23567,BC23567_E2,ENSG00000108107,0.11314056711756808,0.13325154665491312
BC23567,BC23567_E2,ENSG00000105372,-0.05440326313566417,-0.048964327705956684
BC23567,BC23567_E2,ENSG00000161016,0.039556278768360355,0.08091219642458658
BC23567,BC23567_E2,ENSG00000167526,0.129324591709451,0.13270832755710765
BC23567,BC23567_E2,ENSG00000087086,0.1171558306422299,0.16121511833828295
BC23567,BC23567_E2,ENSG00000130255,0.07586633338013223,0.0906962859106601
BC23567,BC23567_E2,ENSG00000108298,-0.057831250423799704,-0.09227760107682695
BC23567,BC23567_E2,ENSG00000108518,0.07481650133079523,0.10733829585383356
BC23567,BC23567_E2,ENSG00000141736,0.037985264731294155,0.039178287631167166
BC23567,BC23567_E2,ENSG00000149273,-0.06092768258615447,-0.04563916842195012
BC23567,BC23567_E2,__ambiguous[ENSG00000251357+ENSG00000240972],0.00040427037845005247,0.015495551923672555
BC23567,BC23567_E2,ENSG00000136942,0.05604954670454162,0.09548823902009779
BC23567,BC23567_E2,ENSG00000063177,0.018182764944446744,0.03218087773834937
BC23567,BC23567_E2,ENSG00000197746,0.16778822709810415,0.20575248091131979
BC23567,BC23567_E2,ENSG00000140264,0.03363708741699456,0.040737160768346506
BC23567,BC23567_E2,ENSG00000105193,0.04979819196295794,0.05202857043363341
BC23567,BC23567_E2,ENSG00000167996,0.05987055587828395,0.06136421924080693
BC23567,BC23567_E2,ENSG00000109062,0.006219946583554556,0.010670496035399496
BC23567,BC23567_E2,ENSG00000142541,-0.02853759488787799,-0.03581572790546675
BC23567,BC23567_E2,ENSG00000117984,0.08779008315232723,0.10896403182710554
BC23567,BC23567_E2,ENSG00000179218,0.044302772725096015,0.04781127517803436
BC23567,BC23567_E2,ENSG00000140988,-0.045118026069306656,-0.049176644927768035
BC23567,BC23567_E2,ENSG00000142534,-0.12479801966076842,-0.13269339584310597
BC23567,BC23567_E2,ENSG00000204628,0.016583441759915985,0.009854019035998418
BC23567,BC23567_E2,ENSG00000221983,0.0860697086911611,0.12696401656542944
BC23567,BC23567_E2,ENSG00000111341,-0.044711130587285375,-0.03978952242657171
BC23567,BC23567_E2,ENSG00000089157,-0.04244406081808547,-0.053537436411046226
BC23567,BC23567_E2,ENSG00000166441,0.05755703331922136,0.05368991851520411
BC23567,BC23567_E2,ENSG00000171858,-0.06558926180234213,-0.10124810080668134
BC23567,BC23567_E2,ENSG00000147403,0.07093280790234893,0.09325579211844662
BC23567,BC23567_E2,ENSG00000180879,0.12452425316862843,0.200617292505003
BC23567,BC23567_E2,ENSG00000213741,0.07725032826033883,0.10793441059216231
BC23567,BC23567_E2,ENSG00000115268,0.0718729610207525,0.05311505114557117
BC23567,BC23567_E2,ENSG00000233927,0.119729339160333,0.12297401332672307
BC23567,BC23567_E2,ENSG00000185624,-0.05607687977969021,-0.06617558410554271
BC23567,BC23567_E2,ENSG00000112306,-0.0020498254437409744,-0.017236309094724817
BC23567,BC23567_E2,ENSG00000105640,0.006904243199416562,0.02563043074013705
BC23567,BC23567_E2,ENSG00000182774,0.019634396995097524,0.025668952880091914
BC23567,BC23567_E2,ENSG00000234745,-0.04184885200544966,-0.039604332336158336
BC23567,BC23567_E2,ENSG00000130203,0.32256999859824853,0.3847178945030178
BC23567,BC23567_E2,ENSG00000149806,0.06355433560055464,0.06368922491390112
BC23567,BC23567_E2,ENSG00000198034,-0.03802520007170874,-0.04170839037067723
BC23567,BC23567_E2,ENSG00000142676,-0.0426456680807394,-0.04200825484482189
BC23567,BC23567_E2,ENSG00000101439,-0.022510246772607743,0.01452229617833021
BC23567,BC23567_E2,ENSG00000172809,-0.06388427999416484,-0.04503764105173031
BC23567,BC23567_E2,ENSG00000177954,0.1148445793574434,0.14952603745755674
BC23567,BC23567_E2,ENSG00000100316,-0.02136966324541361,-0.04744389354688025
BC23567,BC23567_E2,ENSG00000184009,0.07535293920473239,0.10110429208618278
BC23567,BC23567_E2,ENSG00000170889,0.09234883080943833,0.0861469882175366
BC23567,BC23567_E2,ENSG00000019582,0.12186909573783851,0.13767398421204388
BC23567,BC23567_E2,ENSG00000172757,-0.05274696269561052,-0.06325784627223224
BC23567,BC23567_E2,ENSG00000142937,-0.07324318303599114,-0.09112713071988607
BC23567,BC23567_E2,ENSG00000137154,-0.019302595117434408,-0.0036491461959853827
BC23567,BC23567_E2,ENSG00000125691,-0.1600350411340835,-0.25651687188211386
BC23567,BC23567_E2,ENSG00000167995,0.13469856201565575,0.18080812333151947
BC23567,BC23567_E2,ENSG00000083845,-0.10828763735647054,-0.1345292571801903
BC23567,BC23567_E2,ENSG00000204525,-0.07385525416636948,-0.0867453904095076
BC23567,BC23567_E2,ENSG00000156482,-0.11788996978834022,-0.09973906826378677
BC23567,BC23567_E2,ENSG00000108821,0.22501734934587306,0.2536932173857181
BC23567,BC23567_E2,__ambiguous[ENSG00000254772+ENSG00000255508],-0.06631398835965836,-0.06393322164544656
BC23567,BC23567_E2,ENSG00000197958,-0.047432073715262146,-0.05655090756498929
BC23567,BC23567_E2,ENSG00000169710,0.05791206671848896,0.07173302776654283
BC23567,BC23567_E2,ENSG00000163191,-0.040113105864170634,-0.023062077899018957
BC23567,BC23567_E2,ENSG00000198242,-0.0364827337314817,-0.0593602064051493
BC23567,BC23567_E2,ENSG00000149925,-0.0398789445652432,-0.016701400624527348
BC23567,BC23567_E2,ENSG00000162244,-0.02581372638393925,-0.015486504198370395
BC23567,BC23567_E2,ENSG00000185499,0.08497474606609737,0.09583160923592844
BC23567,BC23567_E2,ENSG00000167468,-0.03788212921533865,-0.031480403809087044
BC23567,BC23567_E2,ENSG00000148303,-0.0341713496956371,-0.045009807899728346
BC23567,BC23567_E2,__ambiguous[ENSG00000185883+ENSG00000260272],0.02861274614821892,0.07713349250177354
BC23567,BC23567_E2,ENSG00000115457,0.014996637768241535,0.03642516287307089
BC23567,BC23567_E2,ENSG00000131469,0.00617745329428715,0.008464906153237016
BC23567,BC23567_E2,ENSG00000167658,0.04231958828378986,0.06824647637795433
BC23567,BC23567_E2,ENSG00000174748,-0.005946890459907328,-0.016985386631006565
BC23567,BC23567_E2,ENSG00000144713,-0.07583702066075049,-0.11949481169099854
BC23567,BC23567_E2,ENSG00000143947,0.013070159162246185,0.020348456614950824
BC23567,BC23567_E2,ENSG00000135404,-0.10596811600368623,-0.14055922261032053
BC23567,BC23567_E2,ENSG00000145592,-0.04935700177768675,-0.049718233620073805
BC23567,BC23567_E2,ENSG00000204592,0.13581169445516592,0.19518355194954834
BC23567,BC23567_E2,ENSG00000224389,0.02178285463587413,0.018118886507371347
BC23567,BC23567_E2,ENSG00000108639,-0.005121040815010936,-0.006805410953783501
BC23567,BC23567_E2,ENSG00000107223,0.010343523026103987,0.054656806361954836
BC23567,BC23567_E2,ENSG00000206503,-0.024353118638450615,-0.027949849992725827
BC23567,BC23567_E2,ENSG00000279483,0.10369010490915395,0.12031827061754705
BC23567,BC23567_E2,__ambiguous[ENSG00000243678+ENSG00000011052],-0.007833643447308311,0.0046350864662032506
BC23567,BC23567_E2,ENSG00000165949,-0.0462518176685772,-0.014933134011845867
BC23567,BC23567_E2,ENSG00000231925,0.061047785585065226,0.10741115873041768
BC23567,BC23567_E2,ENSG00000110651,0.11631532947659444,0.13323021210376715
BC23567,BC23567_E2,ENSG00000152082,0.001985929505564984,-1.2176196123183811e-05
BC23567,BC23567_E2,ENSG00000106624,0.34771604303644094,0.39845538733821173
BC23567,BC23567_E2,ENSG00000172531,0.11689355792205278,0.16020981156920366
BC23567,BC23567_E2,ENSG00000166710,0.045853423475348744,0.01961151412648948
BC23567,BC23567_E2,ENSG00000115884,0.13839067965558335,0.17305215655350248
BC23567,BC23567_E2,ENSG00000106211,-0.018432234620311187,-0.018685222214142396
BC23567,BC23567_E2,ENSG00000070756,-0.04351505563611834,-0.031006899974362605
BC23567,BC23567_E2,ENSG00000108679,0.09494634085480824,0.12270082217778427
BC23567,BC23567_E2,ENSG00000108344,0.032131503743260674,0.052300113810033605
BC23567,BC23567_E2,ENSG00000118181,-0.010767735252662744,-0.011700455198795198
BC23567,BC23567_E2,ENSG00000071082,-0.02718530918619108,-0.009013644924848949
BC23567,BC23567_E2,ENSG00000133112,0.017613222603729578,-0.01669344087541495
BC23567,BC23567_E2,__ambiguous[ENSG00000185885+ENSG00000185201],0.057815927449362196,0.07410272524736905
BC23567,BC23567_E2,ENSG00000092841,0.03721619707808339,0.025873331640287482
BC23567,BC23567_E2,__ambiguous[ENSG00000257341+ENSG00000213145],0.018116459094093453,0.0271553894963324
BC23567,BC23567_E2,ENSG00000104904,0.009427611876595687,0.04782423824484391
BC23567,BC23567_E2,ENSG00000130303,0.07172098481365574,0.08667875459754552
BC23567,BC23567_E2,ENSG00000158710,-0.01711833017565824,-0.007294938672694038
BC23567,BC23567_E2,ENSG00000141741,0.07122489691062268,0.1126756045734595
BC23567,BC23567_E2,ENSG00000185825,-0.028073474310538207,-0.008809407787440141
BC23567,BC23567_E2,__ambiguous[ENSG00000124614+ENSG00000270800],0.11189482004994306,0.09847998665713657
BC23567,BC23567_E2,ENSG00000205542,0.03603405074261115,0.040050500903473875
BC23567,BC23567_E2,ENSG00000246705,0.008631424431018194,0.051619553409208596
BC23567,BC23567_E2,ENSG00000074800,-0.01611261838932502,-0.03537441169786284
BC23567,BC23567_E2,ENSG00000150991,0.022839465483815286,0.00398985711982923
BC23567,BC23567_E2,ENSG00000111057,-0.036614473688050264,-0.020040477861235136
BC23567,BC23567_E2,ENSG00000178719,0.03341557234948568,0.055848779319206114
BC23567,BC23567_E2,ENSG00000169100,-0.022251318313739752,-0.023173926867613832
BC23567,BC23567_E2,ENSG00000255823,0.1570893176788162,0.17456066470087683
BC23567,BC23567_E2,ENSG00000117410,0.0928509572948669,0.11482422875305259
BC23567,BC23567_E2,ENSG00000126267,0.01966915550410931,0.04206395551850951
BC23567,BC23567_E2,ENSG00000149591,0.21979009570372987,0.2639174144401619
BC23567,BC23567_E2,ENSG00000142669,0.13026271827308408,0.16991321561210232
BC23567,BC23567_E2,ENSG00000115414,0.07891756472546674,0.07123201994347103
BC23567,BC23567_E2,ENSG00000030582,-0.05651432598767411,-0.09614637204296068
BC23567,BC23567_E2,__ambiguous[ENSG00000273259+ENSG00000196136],0.02996509478743055,0.035871887047278665
BC23567,BC23567_E2,ENSG00000163682,-0.06073242152655864,-0.07820616502496983
BC23567,BC23567_E2,ENSG00000117450,0.016719258436684238,0.006437346807070761
BC23567,BC23567_E2,ENSG00000160862,-0.00043555914490071206,0.007000723575995994
BC23567,BC23567_E2,ENSG00000182809,0.04999691528359497,0.04909528872686885
BC23567,BC23567_E2,ENSG00000145425,0.037292329768364926,0.04961357753196613
BC23567,BC23567_E2,ENSG00000102265,0.26151811789985807,0.29760806371288606
BC23567,BC23567_E2,ENSG00000125534,-0.04779265543654978,-0.06889134122375051
BC23567,BC23567_E2,ENSG00000269028,0.10982918992659504,0.15288671473412926
BC23567,BC23567_E2,ENSG00000187514,-0.08226011085793282,-0.10300801218840143
BC23567,BC23567_E2,ENSG00000124664,0.10327136403179245,0.10115534953415599
BC23567,BC23567_E2,ENSG00000143774,0.06261465377738466,0.06752677157150215
BC23567,BC23567_E2,ENSG00000142089,-0.005074800415686783,-0.041268176212871405
BC23567,BC23567_E2,ENSG00000251562,0.16285798952196295,0.21122082598106648
BC23567,BC23567_E2,ENSG00000160789,0.15011842942454945,0.14141289711923996
BC23567,BC23567_E2,ENSG00000272196,-0.027126354216322764,-0.008805839068718596
BC23567,BC23567_E2,ENSG00000124614,-0.0471830081080921,-0.06585191886022734
BC23567,BC23567_E2,ENSG00000127540,-0.09857827935573332,-0.1000353393147078
BC23567,BC23567_E2,ENSG00000182492,0.276795015199101,0.33661522642101893
BC23567,BC23567_E2,ENSG00000138326,0.004309537861775483,-0.008990985371498854
BC23567,BC23567_E2,ENSG00000182899,0.0823857550554055,0.08876348725344384
BC23567,BC23567_E2,ENSG00000144426,0.0032118329583848905,-0.0038606281200574675
BC23567,BC23567_E2,ENSG00000130208,0.07956769078933917,0.09899132554211285
BC23567,BC23567_E2,ENSG00000071553,-0.0031164753385556645,-0.005223074877521609
BC23567,BC23567_E2,ENSG00000164733,-0.02033722552076587,-0.007623702188911032
BC23567,BC23567_E2,ENSG00000176340,0.0069753347599275616,0.02068215218614559
BC23567,BC23567_E2,ENSG00000008988,-0.004490003303353175,-0.014970425495607982
BC23567,BC23567_E2,ENSG00000170315,-0.06094244622712416,-0.07996654058758762
BC23567,BC23567_E2,ENSG00000165215,-0.10843258497169059,-0.11661681854222018
BC23567,BC23567_E2,ENSG00000103363,-0.029497965832989775,-0.01173307611144381
BC23567,BC23567_E2,ENSG00000277972,0.06400709163059619,0.07507981903154043
BC23567,BC23567_E2,ENSG00000204287,0.03753437163259715,0.05189235066403915
BC23567,BC23567_E2,ENSG00000162511,0.21962755588523591,0.2548384919656066
BC23567,BC23567_E2,ENSG00000164692,0.21295720451680725,0.27680294871019745
BC23567,BC23567_E2,__ambiguous[ENSG00000277957+ENSG00000161960],0.037786025773428704,0.016511094740132563
BC23567,BC23567_E2,ENSG00000173372,0.038144324846379404,0.03839831346661469
BC23567,BC23567_E2,ENSG00000052344,6.856423565474321e-06,-0.02986424002247722
BC23567,BC23567_E2,ENSG00000184897,-0.03927474139370341,-0.07900852741127128
BC23567,BC23567_E2,ENSG00000026025,0.09909033676342623,0.12683151765872275
BC23567,BC23567_E2,ENSG00000142949,0.031126355868397432,0.028761935724877164
BC23567,BC23567_E2,ENSG00000196924,0.10325281772804626,0.12740142396720291
BC23567,BC23567_E2,ENSG00000105223,0.11097323931053321,0.11478394143856926
BC23567,BC23567_E2,ENSG00000114353,0.108915626410195,0.12896656735713047
BC23567,BC23567_E2,ENSG00000172354,0.018643044069433973,0.018027081763770315
BC23567,BC23567_E2,ENSG00000178980,-0.029072335988056572,-0.024117761852767268
BC23567,BC23567_E2,ENSG00000111669,0.02573602566128959,0.024436748519703542
BC23567,BC23567_E2,ENSG00000141522,0.025342831331757302,0.040120925519549516
BC23567,BC23567_E2,ENSG00000277791,0.07242473370075504,0.09631716680294118
BC23567,BC23567_E2,ENSG00000188846,0.005874754908578293,-0.016485330663419874
BC23567,BC23567_E2,ENSG00000164919,0.010462827516776576,0.005289806504891883
BC23567,BC23567_E2,ENSG00000104529,0.008540598267782055,0.012413215448105022
BC23567,BC23567_E2,__ambiguous[ENSG00000241343+ENSG00000257529],0.013436561304564793,0.005149477227737538
BC23567,BC23567_E2,ENSG00000167815,-0.016029681698304973,-0.014714307071088539
BC23567,BC23567_E2,__ambiguous[ENSG00000262526+ENSG00000170296],0.015576575251978609,0.033518115900952064
BC23567,BC23567_E2,ENSG00000135480,0.08749810959071536,0.10900555397365803
BC23567,BC23567_E2,ENSG00000100219,0.002742212675500895,-0.022931291419673833
BC23567,BC23567_E2,ENSG00000174444,-0.0353440696541017,-0.03746197477906473
BC23567,BC23567_E2,ENSG00000160180,-0.052098672276355895,-0.06176787641024922
BC23567,BC23567_E2,ENSG00000178952,0.03295761545958307,0.0424879394161344
BC23567,BC23567_E2,ENSG00000173272,0.03522433411467698,0.03923502091742435
BC23567,BC23567_E2,ENSG00000114867,0.035971968439992834,0.0605614029654611
BC23567,BC23567_E2,ENSG00000125730,0.2283966168298033,0.27679196663781314
BC23567,BC23567_E2,ENSG00000087460,0.11176626607362188,0.10964123529937317
BC23567,BC23567_E2,ENSG00000186468,0.03773990256623789,0.06559078766359258
BC23567,BC23567_E2,ENSG00000155366,-0.005562198202061278,0.011070913238624061
BC23567,BC23567_E2,ENSG00000169223,-0.07850991315396841,-0.05284254307070981
BC23567,BC23567_E2,ENSG00000123349,0.06531025365613016,0.09202127904378636
BC23567,BC23567_E2,ENSG00000163479,0.01968671743552935,0.029943049456438525
BC23567,BC23567_E2,ENSG00000126247,-0.06645618912907103,-0.05088403127632466
BC23567,BC23567_E2,ENSG00000213988,-0.06278162282955346,-0.08078845607153111
BC23567,BC23567_E2,ENSG00000279274,0.17989174331836816,0.17916430688805202
BC23567,BC23567_E2,ENSG00000131143,0.001879715482975476,0.03230474554980898
BC23567,BC23567_E2,ENSG00000058262,0.09613252446327665,0.13152458526397223
BC23567,BC23567_E2,ENSG00000124172,0.1290686442601822,0.13790560651379635
BC23567,BC23567_E2,ENSG00000114391,-0.04025178693055514,-0.048633417860116296
BC23567,BC23567_E2,ENSG00000170421,0.07075833881291653,0.08026480083299345
BC23567,BC23567_E2,ENSG00000163220,-0.0017868873393404392,0.01608537480109915
BC23567,BC23567_E2,ENSG00000171863,-0.02560649849903702,-0.04340873892240241
BC23567,BC23567_E2,ENSG00000134419,-0.03692395330224556,-0.036465758671736105
BC23567,BC23567_E2,__ambiguous[ENSG00000219200+ENSG00000161939],0.04002567966523306,0.06234195101070326
BC23567,BC23567_E2,ENSG00000173801,0.04983239281291458,0.06748986226560526
BC23567,BC23567_E2,ENSG00000163399,0.03370327319568588,0.06139661228954398
BC23567,BC23567_E2,ENSG00000104964,2.992232954542696e-05,0.0018811389051863554
BC23567,BC23567_E2,ENSG00000135390,0.021078745017803616,0.046945511308072736
BC23567,BC23567_E2,ENSG00000132475,0.054127542870416455,0.05455433772205067
BC23567,BC23567_E2,ENSG00000100300,0.004363650043174233,0.01309477542322826
BC23567,BC23567_E2,ENSG00000051523,0.18922610716644972,0.25053291750297774
BC23567,BC23567_E2,ENSG00000147604,-0.035790357023776635,-0.03722501272525395
BC23567,BC23567_E2,ENSG00000142173,0.16765662772416653,0.2051496752105247
BC23567,BC23567_E2,ENSG00000196576,-0.033188461840163455,-0.05274041139211596
BC23567,BC23567_E2,ENSG00000141753,0.22688604776051902,0.2814772853616061
BC23567,BC23567_E2,ENSG00000214530,-0.026510069091282458,-0.032995140925637066
BC23567,BC23567_E2,ENSG00000143420,0.058733390665603534,0.0368764038983485
BC23567,BC23567_E2,ENSG00000161960,0.04808732281827385,0.05541276277609269
BC23567,BC23567_E2,ENSG00000197956,0.05255122392802779,0.04930983716523644
BC23567,BC23567_E2,ENSG00000101335,0.1302410617560982,0.16439023040821626
BC23567,BC23567_E2,ENSG00000096384,0.17559714808305363,0.19828223253544114
BC23567,BC23567_E2,ENSG00000123416,0.014392651342315993,-0.002295288118780775
BC23567,BC23567_E2,ENSG00000113140,0.17018397036827534,0.21291984803214267
BC23567,BC23567_E2,ENSG00000177700,-0.022588501855939986,-0.03685696181091662
BC23567,BC23567_E2,ENSG00000131748,0.05834273658469764,0.06644041814864814
BC23567,BC23567_E2,ENSG00000229117,0.034543182314967294,0.048597519035404234
BC23567,BC23567_E2,ENSG00000172270,0.05367094359079409,0.07302214716044238
BC23567,BC23567_E2,ENSG00000125970,0.08072856739529181,0.10147958551536639
BC23567,BC23567_E2,ENSG00000011304,0.012052356581687677,0.012824717941255556
BC23567,BC23567_E2,ENSG00000159840,0.13471993720008732,0.17019092858437107
BC23567,BC23567_E2,ENSG00000147684,0.04668230984734847,0.023868631536826557
BC23567,BC23567_E2,ENSG00000186010,0.05351119281982445,0.09040937793178398
BC23567,BC23567_E2,ENSG00000110092,0.017868763435555334,0.010937991754275766
BC23567,BC23567_E2,ENSG00000135940,-0.04873237352999293,-0.0458645268986551
BC23567,BC23567_E2,ENSG00000106153,0.060267748908068804,0.06114494814860622
BC23567,BC23567_E2,ENSG00000174886,0.022015519040644232,0.023847395751013703
BC23567,BC23567_E2,ENSG00000130725,0.035046310104486625,0.045279950415744286
BC23567,BC23567_E2,ENSG00000196405,0.041651611371532074,0.050389711480784034
BC23567,BC23567_E2,ENSG00000176046,0.0810598841460175,0.1031910838535278
BC23567,BC23567_E2,ENSG00000109475,0.0925587257585145,0.06180912917812449
BC23567,BC23567_E2,ENSG00000196230,-0.03970542672805841,-0.04422252109810054
BC23810,BC23810_D2,ENSG00000034510,0.22476989846524453,0.22748502418443836
BC23810,BC23810_D2,ENSG00000254709,0.031172523240441858,0.030496439149880265
BC23810,BC23810_D2,ENSG00000111640,0.16352952192445863,0.20374176039483555
BC23810,BC23810_D2,ENSG00000137818,0.128485154081261,0.14149425595640433
BC23810,BC23810_D2,ENSG00000171345,0.04183690362489946,0.049292903590531824
BC23810,BC23810_D2,ENSG00000177600,0.08374091168350871,0.08473565075814413
BC23810,BC23810_D2,ENSG00000108298,-0.11440174356497117,-0.1073219717457129
BC23810,BC23810_D2,ENSG00000164587,0.08192443851233111,0.10161737855288845
BC23810,BC23810_D2,ENSG00000231500,0.10824475756828669,0.1352002319116846
BC23810,BC23810_D2,ENSG00000108107,0.027223894215790863,0.037883916741468626
BC23810,BC23810_D2,ENSG00000075624,0.08713568094866622,0.11605395367024626
BC23810,BC23810_D2,ENSG00000161016,0.023368157700892397,0.014188720947924262
BC23810,BC23810_D2,ENSG00000105372,-0.020570389026682092,-0.03814517337942847
BC23810,BC23810_D2,ENSG00000197756,0.04575344762588643,0.0417502483987585
BC23810,BC23810_D2,ENSG00000108518,0.05535029475790549,0.07650090825211787
BC23810,BC23810_D2,ENSG00000087086,0.29206754322030404,0.32565075744233773
BC23810,BC23810_D2,ENSG00000117984,-0.049547137318010546,-0.06144212116629998
BC23810,BC23810_D2,ENSG00000130255,0.11095891170815621,0.1166957562808243
BC23810,BC23810_D2,ENSG00000167526,-0.029918917701034976,-0.047975714542839325
BC23810,BC23810_D2,__ambiguous[ENSG00000251357+ENSG00000240972],0.03516323954718069,0.057182514989792724
BC23810,BC23810_D2,ENSG00000136942,0.018245149203752784,0.011158818383777684
BC23810,BC23810_D2,ENSG00000141736,0.1792433475118471,0.21690215384611503
BC23810,BC23810_D2,ENSG00000180879,0.016904178302783804,0.0098096414320373
BC23810,BC23810_D2,ENSG00000179218,-0.03874380973926501,-0.031261297061150016
BC23810,BC23810_D2,ENSG00000197746,0.17245347402134273,0.21429431293988951
BC23810,BC23810_D2,ENSG00000149273,0.08235344407911671,0.09334363572828329
BC23810,BC23810_D2,ENSG00000063177,-0.08330148732151381,-0.1031891559896874
BC23810,BC23810_D2,ENSG00000140264,0.06275012438158535,0.08516341706886918
BC23810,BC23810_D2,ENSG00000234745,0.18808051414998528,0.24046224737553007
BC23810,BC23810_D2,ENSG00000204628,-0.001186381326575817,-0.015883255130439797
BC23810,BC23810_D2,ENSG00000185624,0.010961794113121454,0.02769799980237998
BC23810,BC23810_D2,ENSG00000130203,0.12168398843633688,0.15665143232600462
BC23810,BC23810_D2,ENSG00000105193,0.04540477267589838,0.06100367176924508
BC23810,BC23810_D2,ENSG00000221983,0.03206247297435248,0.033942356185157174
BC23810,BC23810_D2,ENSG00000142534,-0.05696312338530881,-0.07674542460956414
BC23810,BC23810_D2,ENSG00000142541,-0.017500389330223527,-0.02542999604604785
BC23810,BC23810_D2,ENSG00000166441,0.01483518942212044,0.015730551726688052
BC23810,BC23810_D2,ENSG00000167996,0.09133300389661207,0.12492139894281541
BC23810,BC23810_D2,ENSG00000125691,-0.17105564277323523,-0.17314065742994278
BC23810,BC23810_D2,ENSG00000147403,0.03275662623560788,0.025750634636506647
BC23810,BC23810_D2,ENSG00000171858,0.13373509670815897,0.12842689001960353
BC23810,BC23810_D2,ENSG00000140988,0.16061881447419266,0.19149861824660977
BC23810,BC23810_D2,ENSG00000105640,0.0901232094666889,0.09407870296186603
BC23810,BC23810_D2,ENSG00000089157,0.124379101953537,0.14897850643516689
BC23810,BC23810_D2,ENSG00000213741,0.13828033898257644,0.17448683480219854
BC23810,BC23810_D2,ENSG00000149806,-0.07737356508443759,-0.08611852831474703
BC23810,BC23810_D2,ENSG00000204525,0.1802405636387497,0.21803155183540376
BC23810,BC23810_D2,ENSG00000177954,0.11077875208889479,0.13971660367571703
BC23810,BC23810_D2,ENSG00000224389,0.05481703533171717,0.04492518830288478
BC23810,BC23810_D2,ENSG00000101439,0.005507315779779988,0.02846808259256961
BC23810,BC23810_D2,ENSG00000182774,0.09629154855884116,0.11491199341425848
BC23810,BC23810_D2,ENSG00000115268,0.02719752041191899,-0.007599355588288631
BC23810,BC23810_D2,ENSG00000165949,-0.04115422159637868,-0.04168445766273496
BC23810,BC23810_D2,ENSG00000112306,0.10337108228718574,0.12348992359021232
BC23810,BC23810_D2,ENSG00000108821,0.011802090731066006,0.011080251657457818
BC23810,BC23810_D2,ENSG00000204592,-0.029479479750979115,-0.031115606715689026
BC23810,BC23810_D2,ENSG00000111341,0.13661233573405032,0.16088095019045393
BC23810,BC23810_D2,ENSG00000109062,-0.1324275443592158,-0.12355332346248422
BC23810,BC23810_D2,ENSG00000233927,0.0740700182499378,0.06677927683105031
BC23810,BC23810_D2,ENSG00000019582,0.2210327358721051,0.2797620445147331
BC23810,BC23810_D2,ENSG00000198034,0.03827828846943781,0.050172165300454354
BC23810,BC23810_D2,ENSG00000142676,-0.07183959530845457,-0.08038280628075885
BC23810,BC23810_D2,ENSG00000170889,0.0654110316207156,0.07925692788808433
BC23810,BC23810_D2,ENSG00000231925,0.032308900681535614,0.03681351347167841
BC23810,BC23810_D2,ENSG00000172757,0.00900999185358609,0.018758167864590055
BC23810,BC23810_D2,ENSG00000135404,-0.1767402540770914,-0.22495286648414026
BC23810,BC23810_D2,ENSG00000184009,0.0025987015411860753,-0.0023123108166531433
BC23810,BC23810_D2,ENSG00000106624,0.07177444222465837,0.08204197325437045
BC23810,BC23810_D2,__ambiguous[ENSG00000185883+ENSG00000260272],0.08614689878906757,0.08685062745311671
BC23810,BC23810_D2,ENSG00000185499,-0.017907861541383217,-0.021698644676357546
BC23810,BC23810_D2,__ambiguous[ENSG00000185885+ENSG00000185201],-0.030196404401471293,-0.03043633531997957
BC23810,BC23810_D2,ENSG00000100316,0.0048657104938791464,0.006889052174252774
BC23810,BC23810_D2,ENSG00000167995,-0.06278330927964725,-0.05916871927337721
BC23810,BC23810_D2,ENSG00000246705,0.00577594922327783,0.022304840400870073
BC23810,BC23810_D2,ENSG00000083845,-0.0670702201596267,-0.08115954744865804
BC23810,BC23810_D2,ENSG00000137154,-0.012832462880702876,0.028787390710180605
BC23810,BC23810_D2,ENSG00000163220,0.03187394818105443,0.01937687549095668
BC23810,BC23810_D2,ENSG00000206503,-0.028787664014089463,-0.0351153074201166
BC23810,BC23810_D2,ENSG00000166710,0.10179947596088064,0.12263706281784222
BC23810,BC23810_D2,ENSG00000167468,0.04820967524137445,0.038149898930860834
BC23810,BC23810_D2,ENSG00000107223,0.08636102894033379,0.0931129708301139
BC23810,BC23810_D2,ENSG00000108639,-0.05389946055454794,-0.06597473327532317
BC23810,BC23810_D2,__ambiguous[ENSG00000254772+ENSG00000255508],0.03326635690952751,0.024167569440145045
BC23810,BC23810_D2,ENSG00000172531,0.028385845097198666,0.029413932989902053
BC23810,BC23810_D2,ENSG00000131469,0.0993092128035417,0.10277911606217542
BC23810,BC23810_D2,ENSG00000172809,0.12595170270359146,0.12541754413970577
BC23810,BC23810_D2,ENSG00000163191,0.11814990197170507,0.12504069984534655
BC23810,BC23810_D2,ENSG00000169710,0.021426908419744647,0.019594239105989047
BC23810,BC23810_D2,ENSG00000149925,-0.024961811293442264,-0.022997901510942522
BC23810,BC23810_D2,ENSG00000115884,0.06506155158236769,0.05950136143960024
BC23810,BC23810_D2,ENSG00000185825,0.06785474429011233,0.07679639653347888
BC23810,BC23810_D2,ENSG00000144713,-0.10289250132960277,-0.1341572000851144
BC23810,BC23810_D2,ENSG00000108679,0.0009550672727046547,-0.005686987863730329
BC23810,BC23810_D2,ENSG00000156482,0.047278193677377754,0.04622191834845498
BC23810,BC23810_D2,ENSG00000142937,0.12437598922357497,0.1545386829633393
BC23810,BC23810_D2,ENSG00000197958,0.12230868590595034,0.11459862629653829
BC23810,BC23810_D2,ENSG00000130303,-0.0027891881624742864,0.012251165525419072
BC23810,BC23810_D2,ENSG00000143947,0.03170014574929515,0.0648018249313259
BC23810,BC23810_D2,ENSG00000106211,-0.041626967259164115,-0.03251355885696586
BC23810,BC23810_D2,ENSG00000104904,0.03519692512034527,0.0381782421085992
BC23810,BC23810_D2,ENSG00000148303,-0.10954823018339242,-0.1443631657338968
BC23810,BC23810_D2,__ambiguous[ENSG00000257341+ENSG00000213145],-0.0010552351665368926,0.008284359915224927
BC23810,BC23810_D2,ENSG00000162244,0.04083694812589984,0.015139411199013566
BC23810,BC23810_D2,ENSG00000167658,0.02128068117488164,0.03085621451098571
BC23810,BC23810_D2,ENSG00000152082,-0.04930588600224286,-0.051188440894379884
BC23810,BC23810_D2,ENSG00000158710,0.001982441123619982,0.017208107694683613
BC23810,BC23810_D2,ENSG00000178719,-0.051028829073223606,-0.02891747531401015
BC23810,BC23810_D2,ENSG00000115457,-0.04092025081623909,-0.021505987280472573
BC23810,BC23810_D2,ENSG00000160862,-0.031188851552622847,-0.02883592397971764
BC23810,BC23810_D2,ENSG00000030582,-0.05165983234117715,-0.0689690447314998
BC23810,BC23810_D2,ENSG00000149591,-0.018999543846242622,-0.014898782178474658
BC23810,BC23810_D2,ENSG00000174748,-0.01294212311870207,-0.0016587688252316473
BC23810,BC23810_D2,ENSG00000279483,0.050859465039982094,0.06462863288344456
BC23810,BC23810_D2,ENSG00000110651,0.05144921921435701,0.07591284767002676
BC23810,BC23810_D2,ENSG00000182492,-0.00855822130748298,0.01715216456998458
BC23810,BC23810_D2,ENSG00000142089,0.005213757333182643,0.01749455833683779
BC23810,BC23810_D2,ENSG00000117410,0.014409154584834537,0.023124272015345195
BC23810,BC23810_D2,ENSG00000108344,0.02862172759506245,0.019929903106279512
BC23810,BC23810_D2,ENSG00000165215,-0.04080607125067059,-0.048790270907323144
BC23810,BC23810_D2,__ambiguous[ENSG00000273259+ENSG00000196136],-0.00631205400657707,-0.011200337228526853
BC23810,BC23810_D2,ENSG00000092841,-0.02423249841191461,-0.0116623437474542
BC23810,BC23810_D2,ENSG00000255823,0.19789910636970592,0.21470571369202465
BC23810,BC23810_D2,ENSG00000198242,0.153249403435618,0.14009581639752067
BC23810,BC23810_D2,ENSG00000102265,0.06535737459660783,0.06129729806006355
BC23810,BC23810_D2,ENSG00000071553,0.05655086603361282,0.04991655934695392
BC23810,BC23810_D2,ENSG00000145592,0.13718544924710524,0.12955546140161803
BC23810,BC23810_D2,ENSG00000074800,-0.014273874547995363,-0.004516400844234256
BC23810,BC23810_D2,ENSG00000142669,0.08099794114880046,0.07549267433250763
BC23810,BC23810_D2,ENSG00000173372,-0.004639058700592216,0.00217686553046456
BC23810,BC23810_D2,ENSG00000196924,0.042227526978757285,0.03056386883758703
BC23810,BC23810_D2,ENSG00000118181,0.08900857678389824,0.1251817144948182
BC23810,BC23810_D2,ENSG00000051523,-0.018106771130466645,-0.005038521854331754
BC23810,BC23810_D2,ENSG00000269028,0.15760830134444265,0.17062160643545032
BC23810,BC23810_D2,ENSG00000277972,0.08666367912150663,0.10751872557428993
BC23810,BC23810_D2,__ambiguous[ENSG00000124614+ENSG00000270800],0.01752636311856598,0.03355190917221452
BC23810,BC23810_D2,ENSG00000111057,0.010622676790859577,0.0031565208927563475
BC23810,BC23810_D2,ENSG00000162511,0.03661789340525233,0.025364094173952433
BC23810,BC23810_D2,ENSG00000130208,0.043452380165683674,0.04326618380667783
BC23810,BC23810_D2,ENSG00000141741,0.11853455647633913,0.13626388624351085
BC23810,BC23810_D2,ENSG00000126267,0.042706592452356,0.06372051336944097
BC23810,BC23810_D2,ENSG00000141522,0.009429354635575685,0.03619627965142959
BC23810,BC23810_D2,ENSG00000117450,-0.04105679302678735,-0.0845055052989495
BC23810,BC23810_D2,ENSG00000150991,0.16882974984301402,0.17229804802850932
BC23810,BC23810_D2,ENSG00000125534,0.10916401611575814,0.11998053985771508
BC23810,BC23810_D2,ENSG00000105223,0.01791022115228267,-0.0034795059775033824
BC23810,BC23810_D2,ENSG00000143774,-0.02825072641936631,-0.007466422499063071
BC23810,BC23810_D2,ENSG00000164692,-0.001923693196236312,-0.019193129229312125
BC23810,BC23810_D2,ENSG00000124614,0.04014060787181674,0.03742243945191975
BC23810,BC23810_D2,ENSG00000142173,0.04052255965661464,0.04881253184468488
BC23810,BC23810_D2,ENSG00000169223,9.805085929549801e-05,0.01886040879611574
BC23810,BC23810_D2,ENSG00000160789,0.057886163646325976,0.06749783853723541
BC23810,BC23810_D2,ENSG00000115414,-0.05974576590860426,-0.06108776241848671
BC23810,BC23810_D2,ENSG00000058262,0.005121699713430796,0.013468791356207557
BC23810,BC23810_D2,ENSG00000124664,0.06358953221514128,0.08571207778239238
BC23810,BC23810_D2,ENSG00000160932,0.05581594970097781,0.06072832647179743
BC23810,BC23810_D2,ENSG00000026025,0.11882519934741691,0.17616263262462836
BC23810,BC23810_D2,ENSG00000277791,-0.09921441833418532,-0.09614294345766858
BC23810,BC23810_D2,ENSG00000176340,0.06780406868235912,0.07841067560631214
BC23810,BC23810_D2,ENSG00000272196,-0.030937258025799476,-0.04101704581972116
BC23810,BC23810_D2,ENSG00000187608,-0.013379890382051503,-0.025621126413067113
BC23810,BC23810_D2,ENSG00000052344,0.027363274804547092,0.052074030292349166
BC23810,BC23810_D2,ENSG00000182809,0.010346397680245438,0.015662454752420073
BC23810,BC23810_D2,ENSG00000133112,-0.08367811515100292,-0.08476398109141527
BC23810,BC23810_D2,ENSG00000164733,0.09259225558827225,0.09672908437148398
BC23810,BC23810_D2,ENSG00000103363,0.01888767202543569,0.017178054115487406
BC23810,BC23810_D2,ENSG00000104529,0.0003120687491157435,-0.014199668988187569
BC23810,BC23810_D2,ENSG00000169100,0.0245956603379703,0.028990980049037218
BC23810,BC23810_D2,ENSG00000251562,-0.03643019263727152,-0.036582912042785784
BC23810,BC23810_D2,ENSG00000184897,-0.007039133501590057,-0.004774294071490457
BC23810,BC23810_D2,ENSG00000204287,0.14085737348026797,0.16697598566469432
BC23810,BC23810_D2,ENSG00000114353,0.06650761752571871,0.07544933797882113
BC23810,BC23810_D2,ENSG00000070756,-0.024349370158295892,-0.024325052294771235
BC23810,BC23810_D2,ENSG00000145425,0.13132431735644168,0.15281319789137585
BC23810,BC23810_D2,ENSG00000125730,0.011996304083946661,-0.002527602196693082
BC23810,BC23810_D2,ENSG00000205542,0.053362109208164414,0.06893282087956075
BC23810,BC23810_D2,ENSG00000123349,0.08426891392013548,0.09177292272470725
BC23810,BC23810_D2,ENSG00000127540,0.013086056740938564,0.025305110669756554
BC23810,BC23810_D2,ENSG00000187514,-0.008590529689105553,-0.005414736299758697
BC23810,BC23810_D2,__ambiguous[ENSG00000277957+ENSG00000161960],0.07529597194707878,0.09763071855015175
BC23810,BC23810_D2,ENSG00000114867,0.048442496005551734,0.04018333344727449
BC23810,BC23810_D2,ENSG00000111669,0.11904716445653155,0.1432631775483164
BC23810,BC23810_D2,ENSG00000071082,0.16621736513182164,0.1578045383409629
BC23810,BC23810_D2,__ambiguous[ENSG00000243678+ENSG00000011052],0.17784648779675105,0.18173346124546738
BC23810,BC23810_D2,ENSG00000163682,0.017174863233557394,0.014631713464642756
BC23810,BC23810_D2,ENSG00000100219,-0.05129240300603314,-0.05370641557347323
BC23810,BC23810_D2,ENSG00000160180,-0.0002585733089877108,0.0023304503769532065
BC23810,BC23810_D2,ENSG00000131748,-0.00509511008837901,0.00023342624341106462
BC23810,BC23810_D2,ENSG00000178952,-0.06609634264904285,-0.05553855984936324
BC23810,BC23810_D2,ENSG00000101335,0.07681426245704792,0.06132407649870112
BC23810,BC23810_D2,__ambiguous[ENSG00000219200+ENSG00000161939],-0.018174759476183737,-0.01418224635909281
BC23810,BC23810_D2,ENSG00000104964,0.0027749778654769584,0.017786992130159548
BC23810,BC23810_D2,ENSG00000144426,0.028507575141853144,0.02635362490372132
BC23810,BC23810_D2,ENSG00000171222,-0.04226626067354856,-0.039254097111858635
BC23810,BC23810_D2,ENSG00000145494,-0.05394079978121433,-0.042341829552571285
BC23810,BC23810_D2,ENSG00000172354,-0.07381376246026027,-0.06027597611060902
BC23810,BC23810_D2,ENSG00000138326,0.07854785589883538,0.08865685581549523
BC23810,BC23810_D2,ENSG00000113140,0.0028758335424974575,0.006022753110039948
BC23810,BC23810_D2,ENSG00000178980,0.0021155033288481066,0.009602449740066276
BC23810,BC23810_D2,__ambiguous[ENSG00000262526+ENSG00000170296],-0.022525059626571753,-0.02556232857820115
BC23810,BC23810_D2,ENSG00000172270,0.04571175035000808,0.052775659445236524
BC23810,BC23810_D2,ENSG00000141753,0.06078824420728485,0.06951747475738505
BC23810,BC23810_D2,ENSG00000174886,0.059985895043523293,0.0597381479798134
BC23810,BC23810_D2,ENSG00000173272,-0.04453929298937366,-0.053405884986994966
BC23810,BC23810_D2,ENSG00000164919,0.025066508620683846,0.01645014604681159
BC23810,BC23810_D2,ENSG00000167815,-0.028497622340588412,-0.03162648147402976
BC23810,BC23810_D2,ENSG00000182899,0.14535430178558417,0.13916787362678604
BC23810,BC23810_D2,ENSG00000170315,-0.0037055510753996423,0.015402593774426942
BC23810,BC23810_D2,ENSG00000163479,0.044525348821825024,0.052130874807166626
BC23810,BC23810_D2,ENSG00000186010,-0.032379804979690716,-0.05755142407660787
BC23810,BC23810_D2,ENSG00000025708,-0.0024254861811916126,0.013998794177279696
BC23810,BC23810_D2,ENSG00000214530,-0.059118167657239956,-0.06135614144912717
BC23810,BC23810_D2,ENSG00000130725,0.11256445112966894,0.10579183934331736
BC23810,BC23810_D2,ENSG00000125970,-0.028893377833186344,-0.017078653387930767
BC23810,BC23810_D2,ENSG00000155366,0.02356914224270245,0.034024313110379935
BC23810,BC23810_D2,ENSG00000176046,-0.06037774693909976,-0.05699372826040155
BC23810,BC23810_D2,ENSG00000008988,-0.004256899226155708,-0.010965826592934092
BC23810,BC23810_D2,ENSG00000087460,-0.0700667030430185,-0.06186704502540189
BC23810,BC23810_D2,ENSG00000100300,-0.020808719983614738,-0.012989952351089656
BC23810,BC23810_D2,ENSG00000142949,0.014877097879579011,0.011520076078106479
BC23810,BC23810_D2,ENSG00000100097,0.004617092292900888,0.041223689553270465
BC23810,BC23810_D2,ENSG00000106153,0.026635554528938597,0.02531258973852126
BC23810,BC23810_D2,ENSG00000197956,0.0166794418715722,0.0010375011211329291
BC23810,BC23810_D2,ENSG00000233276,-0.06695429415724863,-0.09522684964020506
BC23810,BC23810_D2,ENSG00000126709,-0.030666829788705878,-0.009288917303283474
BC23810,BC23810_D2,ENSG00000168542,-0.04558363798280057,-0.030814457715069226
BC23810,BC23810_D2,ENSG00000159335,-0.0600942157614516,-0.06713525068345336
BC23810,BC23810_D2,ENSG00000131143,-0.0932604525861818,-0.1175051820765646
BC23810,BC23810_D2,ENSG00000110492,0.12079046327115127,0.13144018674506128
BC23810,BC23810_D2,ENSG00000184840,-0.030442196343269022,-0.00856671925352137
BC23810,BC23810_D2,ENSG00000126247,-0.028147185892251538,-0.012875239380640278
BC23810,BC23810_D2,ENSG00000196405,0.03644058681000154,0.04274966021578619
BC23810,BC23810_D2,ENSG00000137331,-0.029011746973367204,-0.024845093384150568
BC23810,BC23810_D2,ENSG00000140990,0.030730022689377162,0.03401642595147464
BC23810,BC23810_D2,ENSG00000188846,-0.06620283677281298,-0.09025693502125345
BC23810,BC23810_D2,ENSG00000173801,0.009075154972990006,0.017104778263187122
BC23810,BC23810_D2,ENSG00000157227,-0.04706842261078341,-0.0270893416055269
BC23810,BC23810_D2,ENSG00000279274,0.16793307319316053,0.20655225450517165
BC23810,BC23810_D2,ENSG00000213988,0.05092703634575411,0.06392177688433674
BC23810,BC23810_D2,ENSG00000011304,0.01500349959338138,0.032718955438523774
BC23810,BC23810_D2,ENSG00000123989,0.08991878053415314,0.08715535496523426
BC23810,BC23810_D2,ENSG00000114391,0.05378621136933422,0.04537638611428716
BC23810,BC23810_D2,ENSG00000143546,-0.06048108308978111,-0.07957567568512007
BC23810,BC23810_D2,ENSG00000143420,-0.06971197681885402,-0.0715416793100211
BC23810,BC23810_D2,ENSG00000105404,0.03234248803475092,0.027923519747407893
BC23810,BC23810_D2,ENSG00000177700,0.009640701656953672,-0.0010825983850168593
BC23810,BC23810_D2,ENSG00000182871,0.01731764698981086,0.025460783697748665
BC23810,BC23810_D2,ENSG00000173369,0.07246500023408524,0.08144982149653948
BC23810,BC23810_D2,ENSG00000110092,-0.0174634577163998,0.00024146905003642245
BC23810,BC23810_D2,ENSG00000135390,0.022473572471384477,0.025486872482882977
BC23810,BC23810_D2,ENSG00000178209,0.06143776000900143,0.03877303299580916
BC23810,BC23810_E1,ENSG00000034510,0.016863283573526663,-0.0025503086421138745
BC23810,BC23810_E1,ENSG00000254709,0.09166875714251148,0.12022574699835234
BC23810,BC23810_E1,ENSG00000111640,-0.02478373165486662,-0.01942255027916318
BC23810,BC23810_E1,ENSG00000137818,0.22583522732968944,0.2212464488546505
BC23810,BC23810_E1,ENSG00000171345,-0.010617083400408976,-0.010666053683188683
BC23810,BC23810_E1,ENSG00000177600,0.12645965740320017,0.11188716647085076
BC23810,BC23810_E1,ENSG00000108298,0.02076623114621612,0.0340268818719999
BC23810,BC23810_E1,ENSG00000164587,0.05788063983526314,0.07639218457588114
BC23810,BC23810_E1,ENSG00000231500,0.06736983389083892,0.04658363915288607
BC23810,BC23810_E1,ENSG00000108107,-0.045016644473037756,-0.06956227135360314
BC23810,BC23810_E1,ENSG00000075624,0.0567698922514037,0.07254788186575864
BC23810,BC23810_E1,ENSG00000161016,-0.21750329350104305,-0.2545250539210328
BC23810,BC23810_E1,ENSG00000105372,0.0893969579792035,0.08324144207626055
BC23810,BC23810_E1,ENSG00000197756,0.024205940950033793,-0.011228265330605948
BC23810,BC23810_E1,ENSG00000108518,0.043464402469269345,0.028165880151161265
BC23810,BC23810_E1,ENSG00000087086,0.22096046353323082,0.26104128027732454
BC23810,BC23810_E1,ENSG00000117984,-0.17085467491662448,-0.20232209822525432
BC23810,BC23810_E1,ENSG00000130255,0.12674188076483744,0.16932826353595729
BC23810,BC23810_E1,ENSG00000167526,0.15330108693192734,0.16227946660057557
BC23810,BC23810_E1,__ambiguous[ENSG00000251357+ENSG00000240972],0.04187806322397792,0.03272782604761927
BC23810,BC23810_E1,ENSG00000136942,-0.06624151476121357,-0.05231844860617408
BC23810,BC23810_E1,ENSG00000141736,0.10401827103213852,0.13627420168862764
BC23810,BC23810_E1,ENSG00000180879,-0.003858404889837228,-0.008795092717825363
BC23810,BC23810_E1,ENSG00000179218,-0.06483751703044698,-0.0845877926506521
BC23810,BC23810_E1,ENSG00000197746,0.10380168105158462,0.10347526999979854
BC23810,BC23810_E1,ENSG00000149273,0.011869816755908877,0.015272904067023986
BC23810,BC23810_E1,ENSG00000063177,-0.06975976587062102,-0.07447553947825462
BC23810,BC23810_E1,ENSG00000140264,0.027978850706724654,0.023332028888239646
BC23810,BC23810_E1,ENSG00000234745,0.08793351665930159,0.10197982122859896
BC23810,BC23810_E1,ENSG00000204628,-0.07136850052488326,-0.0779175822918685
BC23810,BC23810_E1,ENSG00000185624,-0.06135628170960061,-0.06310909886287532
BC23810,BC23810_E1,ENSG00000130203,0.020290862074231527,-0.013548182491292929
BC23810,BC23810_E1,ENSG00000105193,0.11096017974375749,0.13493493261325887
BC23810,BC23810_E1,ENSG00000221983,-0.06945481583291606,-0.06502660684058743
BC23810,BC23810_E1,ENSG00000142534,0.06889402820067374,0.06634128754660316
BC23810,BC23810_E1,ENSG00000142541,0.035442415053405917,0.06201447072960927
BC23810,BC23810_E1,ENSG00000166441,0.03718259770259333,0.04605981157268339
BC23810,BC23810_E1,ENSG00000167996,0.08206363349467785,0.08366959906783944
BC23810,BC23810_E1,ENSG00000125691,0.039936795812066,0.036984082857789174
BC23810,BC23810_E1,ENSG00000147403,0.11720132630589777,0.15503411853565316
BC23810,BC23810_E1,ENSG00000171858,0.05128601568400375,0.02638033339387693
BC23810,BC23810_E1,ENSG00000140988,0.08526917462884463,0.10183475839512392
BC23810,BC23810_E1,ENSG00000105640,-1.2773001878866625e-05,-0.0017404581115559581
BC23810,BC23810_E1,ENSG00000089157,0.07847422134129158,0.043190957683300994
BC23810,BC23810_E1,ENSG00000213741,0.12937557984473289,0.1519053746769558
BC23810,BC23810_E1,ENSG00000149806,0.10286382686326516,0.10581693808696466
BC23810,BC23810_E1,ENSG00000204525,0.06933343576419207,0.0903032590232847
BC23810,BC23810_E1,ENSG00000177954,0.047994262393637965,0.037289667841994646
BC23810,BC23810_E1,ENSG00000224389,-0.007947812460806595,-0.010320059521090958
BC23810,BC23810_E1,ENSG00000101439,0.07590947684139478,0.08760270444694163
BC23810,BC23810_E1,ENSG00000182774,0.12859699407479186,0.1516020286483449
BC23810,BC23810_E1,ENSG00000115268,0.09869093516445708,0.08766794584853933
BC23810,BC23810_E1,ENSG00000165949,-0.13344307600401056,-0.16055745387534115
BC23810,BC23810_E1,ENSG00000112306,0.1274730887723672,0.1413218244861682
BC23810,BC23810_E1,ENSG00000108821,-0.04134950009007746,-0.04326468734757548
BC23810,BC23810_E1,ENSG00000204592,0.009704391937790447,-0.017011803984154677
BC23810,BC23810_E1,ENSG00000111341,0.023588051313728355,0.012688425744846176
BC23810,BC23810_E1,ENSG00000109062,0.030363402840465233,0.049502749252150195
BC23810,BC23810_E1,ENSG00000233927,0.18961938590796895,0.20731100566197788
BC23810,BC23810_E1,ENSG00000019582,0.3691089833245562,0.41440977900199866
BC23810,BC23810_E1,ENSG00000198034,0.12057426573999264,0.10315336610028264
BC23810,BC23810_E1,ENSG00000142676,0.032405424919199816,0.04545915599866081
BC23810,BC23810_E1,ENSG00000170889,0.0020821093965530274,0.0006882021375090935
BC23810,BC23810_E1,ENSG00000231925,0.000392684198645935,-0.017785985150111226
BC23810,BC23810_E1,ENSG00000172757,-0.022868176228738473,0.006202498649613767
BC23810,BC23810_E1,ENSG00000135404,-0.034311139092096585,-0.04820660795586494
BC23810,BC23810_E1,ENSG00000184009,-0.03233834724358634,-0.0149512030118273
BC23810,BC23810_E1,ENSG00000106624,-0.08999669910161806,-0.08893445163739673
BC23810,BC23810_E1,__ambiguous[ENSG00000185883+ENSG00000260272],-0.010627177156536776,-0.010833252708991709
BC23810,BC23810_E1,ENSG00000185499,0.013858927830032194,0.01891733736088904
BC23810,BC23810_E1,__ambiguous[ENSG00000185885+ENSG00000185201],-0.040356738025323885,-0.04380820367645439
BC23810,BC23810_E1,ENSG00000100316,0.04538383208412839,0.02557004311495333
BC23810,BC23810_E1,ENSG00000167995,0.13949197813577557,0.13345086227941172
BC23810,BC23810_E1,ENSG00000246705,0.009413922779028673,-0.00585082819029024
BC23810,BC23810_E1,ENSG00000083845,0.06747858683406337,0.051063841463841686
BC23810,BC23810_E1,ENSG00000137154,0.08508527774499886,0.08781751047321852
BC23810,BC23810_E1,ENSG00000163220,0.04080907686236065,0.03320752100835448
BC23810,BC23810_E1,ENSG00000206503,-0.02489948815533507,-0.02999574918858326
BC23810,BC23810_E1,ENSG00000166710,0.11662840979855606,0.11384977038809124
BC23810,BC23810_E1,ENSG00000167468,0.046769837809466704,0.0427812638978707
BC23810,BC23810_E1,ENSG00000107223,-0.028663218839624055,-0.02671643675954661
BC23810,BC23810_E1,ENSG00000108639,-0.09089348281447986,-0.09143519864284042
BC23810,BC23810_E1,__ambiguous[ENSG00000254772+ENSG00000255508],-0.050755912711762614,-0.04159669295855146
BC23810,BC23810_E1,ENSG00000172531,-0.07282001534865454,-0.06543011852221461
BC23810,BC23810_E1,ENSG00000131469,-0.058317742917831004,-0.03518783075164158
BC23810,BC23810_E1,ENSG00000172809,-0.008912499120748683,-0.03244330168448848
BC23810,BC23810_E1,ENSG00000163191,-0.014293778239440572,0.010535487697345252
BC23810,BC23810_E1,ENSG00000169710,0.08892231892302484,0.0902465143520293
BC23810,BC23810_E1,ENSG00000149925,-0.06108603967065866,-0.06338747904248931
BC23810,BC23810_E1,ENSG00000115884,0.11831183405796859,0.11092293264553366
BC23810,BC23810_E1,ENSG00000185825,-0.12523538604780377,-0.12728869187015238
BC23810,BC23810_E1,ENSG00000144713,0.015875521590683294,0.013904204243628659
BC23810,BC23810_E1,ENSG00000108679,-0.0875367782741632,-0.0949238520146838
BC23810,BC23810_E1,ENSG00000156482,0.010194717291350134,0.01553199486971924
BC23810,BC23810_E1,ENSG00000142937,0.0640400949731445,0.08190526931729131
BC23810,BC23810_E1,ENSG00000197958,0.005466968752029539,0.021342038188570594
BC23810,BC23810_E1,ENSG00000130303,-0.10039287863017506,-0.10384816578185267
BC23810,BC23810_E1,ENSG00000143947,0.05067473731119631,0.06298916265658817
BC23810,BC23810_E1,ENSG00000106211,-0.009449256111911466,-0.010960613220591869
BC23810,BC23810_E1,ENSG00000104904,0.010131813789257336,-0.02078815331851015
BC23810,BC23810_E1,ENSG00000148303,0.11822705265042267,0.11178652760212743
BC23810,BC23810_E1,__ambiguous[ENSG00000257341+ENSG00000213145],-0.09723781301454068,-0.12367290035029653
BC23810,BC23810_E1,ENSG00000162244,0.07793185531169519,0.09140547180849891
BC23810,BC23810_E1,ENSG00000167658,-0.01385196895118029,-0.019442423014724895
BC23810,BC23810_E1,ENSG00000152082,-0.03774615826353733,-0.0382240086694415
BC23810,BC23810_E1,ENSG00000158710,-0.021234642229060824,-0.027343723687995192
BC23810,BC23810_E1,ENSG00000178719,-0.0951897845665358,-0.11831157702264998
BC23810,BC23810_E1,ENSG00000115457,-0.011249532986419149,-0.0048110318948017105
BC23810,BC23810_E1,ENSG00000160862,-0.05335390252731571,-0.046539331711556754
BC23810,BC23810_E1,ENSG00000030582,-0.0799381200904114,-0.11256476428523417
BC23810,BC23810_E1,ENSG00000149591,0.034713819435838615,0.036143292356516296
BC23810,BC23810_E1,ENSG00000174748,-0.024003781413674246,-0.025897053238844257
BC23810,BC23810_E1,ENSG00000279483,0.07657989608113136,0.06476571651092998
BC23810,BC23810_E1,ENSG00000110651,0.15276059851348736,0.16795280264486454
BC23810,BC23810_E1,ENSG00000182492,-0.02539047354149786,-0.040515721477679706
BC23810,BC23810_E1,ENSG00000142089,-0.10429655446171722,-0.10111740377930882
BC23810,BC23810_E1,ENSG00000117410,-0.12335438054775087,-0.1410127395756455
BC23810,BC23810_E1,ENSG00000108344,0.04979574691086162,0.039015231411271334
BC23810,BC23810_E1,ENSG00000165215,-0.011179213484143717,-0.015001985450855446
BC23810,BC23810_E1,__ambiguous[ENSG00000273259+ENSG00000196136],-0.006221182181424986,0.006182956300905104
BC23810,BC23810_E1,ENSG00000092841,-0.05949772973954139,-0.07626393452004095
BC23810,BC23810_E1,ENSG00000255823,0.07163764683196838,0.07748957802151354
BC23810,BC23810_E1,ENSG00000198242,0.0006246204687062936,-0.016507625255404463
BC23810,BC23810_E1,ENSG00000102265,0.09759237936706235,0.07864764689763723
BC23810,BC23810_E1,ENSG00000071553,0.015462233624322233,-0.002208017743190951
BC23810,BC23810_E1,ENSG00000145592,0.009969134743406233,0.01670604590030004
BC23810,BC23810_E1,ENSG00000074800,-0.0796828632265444,-0.09173487132253443
BC23810,BC23810_E1,ENSG00000142669,-0.008226178678059111,-0.019043271219214418
BC23810,BC23810_E1,ENSG00000173372,-0.051590936843204864,-0.06579858381672937
BC23810,BC23810_E1,ENSG00000196924,0.016905269171700914,0.014239212507981838
BC23810,BC23810_E1,ENSG00000118181,0.06730743839637802,0.04398345914012955
BC23810,BC23810_E1,ENSG00000051523,0.0271302382935961,0.008078938502680664
BC23810,BC23810_E1,ENSG00000269028,0.07215931536133954,0.07281470666991438
BC23810,BC23810_E1,ENSG00000277972,-0.09294995756104721,-0.08130786704135554
BC23810,BC23810_E1,__ambiguous[ENSG00000124614+ENSG00000270800],-0.06282710070558008,-0.06099243881886
BC23810,BC23810_E1,ENSG00000111057,-0.022135616750806355,-0.03260341374856905
BC23810,BC23810_E1,ENSG00000162511,0.02117261077693059,-0.0035657353304843573
BC23810,BC23810_E1,ENSG00000130208,-0.12049714250496618,-0.13771773203166982
BC23810,BC23810_E1,ENSG00000141741,0.0579477626248257,0.07065688121620775
BC23810,BC23810_E1,ENSG00000126267,-0.020951313463817987,-0.008147517739089422
BC23810,BC23810_E1,ENSG00000141522,0.007483678401690315,0.01228004417474832
BC23810,BC23810_E1,ENSG00000117450,-0.006494694472783796,-0.01155948867168405
BC23810,BC23810_E1,ENSG00000150991,-0.02303669131438688,-0.029817176842867325
BC23810,BC23810_E1,ENSG00000125534,-0.05178732012177108,-0.04094664134896545
BC23810,BC23810_E1,ENSG00000105223,-0.05586730449912649,-0.06638618390719805
BC23810,BC23810_E1,ENSG00000143774,-0.04030312059538517,-0.01756071634436551
BC23810,BC23810_E1,ENSG00000164692,0.03409677853225105,0.02145191329558068
BC23810,BC23810_E1,ENSG00000124614,-0.0540081370709286,-0.04394017148234646
BC23810,BC23810_E1,ENSG00000142173,0.12463335233497069,0.10786937836795117
BC23810,BC23810_E1,ENSG00000169223,-0.010940332413258973,-0.024098850269284922
BC23810,BC23810_E1,ENSG00000160789,0.03279153488614176,0.04419479076211716
BC23810,BC23810_E1,ENSG00000115414,-0.055245336050438076,-0.06118049502877012
BC23810,BC23810_E1,ENSG00000058262,-0.005242623258320985,-0.0029071353351972327
BC23810,BC23810_E1,ENSG00000124664,0.01419820360310633,0.03399654110780169
BC23810,BC23810_E1,ENSG00000160932,-0.0027701278084141445,-0.01372015445145256
BC23810,BC23810_E1,ENSG00000026025,0.09968305542186821,0.11041333346471198
BC23810,BC23810_E1,ENSG00000277791,0.0010766667861983475,-0.00899314580708802
BC23810,BC23810_E1,ENSG00000176340,-0.1524515245698446,-0.19852032451216722
BC23810,BC23810_E1,ENSG00000272196,0.027840034165094195,0.02537126883406605
BC23810,BC23810_E1,ENSG00000187608,-0.12229133402805832,-0.11234357770601393
BC23810,BC23810_E1,ENSG00000052344,0.010717370164021604,0.04166451201421267
BC23810,BC23810_E1,ENSG00000182809,0.057146622088912795,0.0846464467622261
BC23810,BC23810_E1,ENSG00000133112,-0.04413493374460927,-0.07956212001899257
BC23810,BC23810_E1,ENSG00000164733,0.03939574631245618,0.05404520607715329
BC23810,BC23810_E1,ENSG00000103363,-0.121583583594449,-0.12115783146159212
BC23810,BC23810_E1,ENSG00000104529,-0.027272572829339155,-0.033111427416463356
BC23810,BC23810_E1,ENSG00000169100,0.03354898590358342,0.04460499501277
BC23810,BC23810_E1,ENSG00000251562,-0.09343652868283785,-0.09874112668514627
BC23810,BC23810_E1,ENSG00000184897,-0.015030869094586383,-0.02631417480291923
BC23810,BC23810_E1,ENSG00000204287,0.134813960684703,0.12470006094820918
BC23810,BC23810_E1,ENSG00000114353,-0.012902338140999767,-0.018492200881135262
BC23810,BC23810_E1,ENSG00000070756,-0.05667427848386679,-0.07984957452135727
BC23810,BC23810_E1,ENSG00000145425,0.13877670103123815,0.16879120779812457
BC23810,BC23810_E1,ENSG00000125730,0.12914772213525225,0.13182277108679494
BC23810,BC23810_E1,ENSG00000205542,0.12063663230269862,0.13431319160391325
BC23810,BC23810_E1,ENSG00000123349,-0.1578618334594207,-0.14842754884454262
BC23810,BC23810_E1,ENSG00000127540,-0.08614284167483292,-0.08058294073271502
BC23810,BC23810_E1,ENSG00000187514,-0.08760145398937426,-0.06703536967315017
BC23810,BC23810_E1,__ambiguous[ENSG00000277957+ENSG00000161960],0.002831244727947312,-0.002174022426419289
BC23810,BC23810_E1,ENSG00000114867,-0.03670498013068749,-0.0362503642626632
BC23810,BC23810_E1,ENSG00000111669,0.040705403787517934,0.029883080346335127
BC23810,BC23810_E1,ENSG00000071082,-0.026274240938653742,-0.018966378045003326
BC23810,BC23810_E1,__ambiguous[ENSG00000243678+ENSG00000011052],0.027729380829740514,0.04295564687267919
BC23810,BC23810_E1,ENSG00000163682,0.009758969781546339,-0.013962307555102577
BC23810,BC23810_E1,ENSG00000100219,-0.060565547164318924,-0.05968217274111078
BC23810,BC23810_E1,ENSG00000160180,-0.019946686045733762,-0.006635362932159109
BC23810,BC23810_E1,ENSG00000131748,0.0007187633547342396,-0.0024800372103634697
BC23810,BC23810_E1,ENSG00000178952,-0.060366054381353014,-0.07190595106392855
BC23810,BC23810_E1,ENSG00000101335,0.05670823695210426,0.0386478676149424
BC23810,BC23810_E1,__ambiguous[ENSG00000219200+ENSG00000161939],-0.047955867888415236,-0.058996560569111484
BC23810,BC23810_E1,ENSG00000104964,0.029405573925040562,0.04853057957514269
BC23810,BC23810_E1,ENSG00000144426,0.06436153711249967,0.06097097894655879
BC23810,BC23810_E1,ENSG00000171222,-0.1392073066695618,-0.13444385206049356
BC23810,BC23810_E1,ENSG00000145494,-0.0712706904850606,-0.09006408374002481
BC23810,BC23810_E1,ENSG00000172354,0.0186883132009499,0.047015233899304634
BC23810,BC23810_E1,ENSG00000138326,0.050095548458064236,0.035796557816659205
BC23810,BC23810_E1,ENSG00000113140,0.027373995647975703,0.003848071361004818
BC23810,BC23810_E1,ENSG00000178980,-0.03107232437375439,-0.028186714797231595
BC23810,BC23810_E1,__ambiguous[ENSG00000262526+ENSG00000170296],-0.06524097070587483,-0.0687170018886327
BC23810,BC23810_E1,ENSG00000172270,-0.010535674844334169,-0.017679835376209853
BC23810,BC23810_E1,ENSG00000141753,-0.0016094951230258556,0.012577927126251965
BC23810,BC23810_E1,ENSG00000174886,-0.08706071154876201,-0.0803279866874557
BC23810,BC23810_E1,ENSG00000173272,-0.11202922297829494,-0.11960510703760423
BC23810,BC23810_E1,ENSG00000164919,-0.028834529686180648,-0.03549526699668495
BC23810,BC23810_E1,ENSG00000167815,-0.03614952177356244,-0.02899564760302705
BC23810,BC23810_E1,ENSG00000182899,0.06450958426674884,0.050445509588599745
BC23810,BC23810_E1,ENSG00000170315,0.017543876930327447,0.0034402463950992876
BC23810,BC23810_E1,ENSG00000163479,-0.10401382970005875,-0.11541508896695953
BC23810,BC23810_E1,ENSG00000186010,-0.05642493478433958,-0.06723346903948885
BC23810,BC23810_E1,ENSG00000025708,0.006536258867914534,-0.021083816873735707
BC23810,BC23810_E1,ENSG00000214530,-0.04659425642580085,-0.039242181833439284
BC23810,BC23810_E1,ENSG00000130725,0.032964883157000864,0.02220292201006764
BC23810,BC23810_E1,ENSG00000125970,0.021664514641339568,0.02161594781011108
BC23810,BC23810_E1,ENSG00000155366,-0.11627347703776422,-0.13453898476937382
BC23810,BC23810_E1,ENSG00000176046,-0.00241812100818014,-0.014180449207572632
BC23810,BC23810_E1,ENSG00000008988,0.03579394302254873,0.025748557926073903
BC23810,BC23810_E1,ENSG00000087460,-0.07257193847924404,-0.06669735456027712
BC23810,BC23810_E1,ENSG00000100300,-0.03903983480832204,-0.05063181352654555
BC23810,BC23810_E1,ENSG00000142949,0.05895222545502075,0.08035005184105387
BC23810,BC23810_E1,ENSG00000100097,0.08637080376650616,0.09676320968660317
BC23810,BC23810_E1,ENSG00000106153,0.019346458181532727,0.02020832468786346
BC23810,BC23810_E1,ENSG00000197956,0.02695201602128071,0.01522756863870772
BC23810,BC23810_E1,ENSG00000233276,-0.15808200992826632,-0.1857010980916831
BC23810,BC23810_E1,ENSG00000126709,-0.03838760251601181,-0.015712885345697897
BC23810,BC23810_E1,ENSG00000168542,0.019520394859225177,-0.006565493793299518
BC23810,BC23810_E1,ENSG00000159335,0.01871245928357538,-0.002651294355971751
BC23810,BC23810_E1,ENSG00000131143,0.03033464083612374,0.055798905050476584
BC23810,BC23810_E1,ENSG00000110492,0.1691472488349634,0.157696881773312
BC23810,BC23810_E1,ENSG00000184840,0.01128142357401365,0.01026676578790767
BC23810,BC23810_E1,ENSG00000126247,-0.0866306532185353,-0.09739149439828969
BC23810,BC23810_E1,ENSG00000196405,0.022397751469226516,0.031801692113832984
BC23810,BC23810_E1,ENSG00000137331,-0.002363028006685802,-0.06027349634853292
BC23810,BC23810_E1,ENSG00000140990,-0.06693354002271809,-0.08054509243425745
BC23810,BC23810_E1,ENSG00000188846,-0.04469074196925017,-0.06780377052026969
BC23810,BC23810_E1,ENSG00000173801,-0.0173134226296683,-0.019775366280377692
BC23810,BC23810_E1,ENSG00000157227,0.07032194811076985,0.09380731459416185
BC23810,BC23810_E1,ENSG00000279274,0.12405522716903615,0.10949493329005298
BC23810,BC23810_E1,ENSG00000213988,0.0704584481782978,0.06148387593801905
BC23810,BC23810_E1,ENSG00000011304,0.041678917012473,0.04282624498074758
BC23810,BC23810_E1,ENSG00000123989,0.02281425172037299,0.012612146691261619
BC23810,BC23810_E1,ENSG00000114391,0.008924643709554989,0.00023517705961905098
BC23810,BC23810_E1,ENSG00000143546,-0.05775173845947893,-0.0354116912487283
BC23810,BC23810_E1,ENSG00000143420,-0.005363811199864732,-0.0018923265866561967
BC23810,BC23810_E1,ENSG00000105404,0.040694283519244034,0.03474075026376534
BC23810,BC23810_E1,ENSG00000177700,-0.10578500265893938,-0.10394011308080796
BC23810,BC23810_E1,ENSG00000182871,0.018548360134671187,0.029860463110642336
BC23810,BC23810_E1,ENSG00000173369,0.02577468198436186,0.015231227430724562
BC23810,BC23810_E1,ENSG00000110092,0.012831662470355129,0.0015209739901025981
BC23810,BC23810_E1,ENSG00000135390,-0.06858144025583067,-0.12428696277335645
BC23810,BC23810_E1,ENSG00000178209,-0.10861224760259577,-0.10667233689014799
BC23810,BC23810_E2,ENSG00000034510,0.08575630042173012,0.1045472953013413
BC23810,BC23810_E2,ENSG00000254709,-0.00518916354764766,-0.00022847789632295684
BC23810,BC23810_E2,ENSG00000111640,0.0840188834111725,0.11965289989798425
BC23810,BC23810_E2,ENSG00000137818,0.023076886277356445,0.02947570689945318
BC23810,BC23810_E2,ENSG00000171345,0.03457164455783745,0.05597330064775091
BC23810,BC23810_E2,ENSG00000177600,-0.11245653797428072,-0.14705627508531174
BC23810,BC23810_E2,ENSG00000108298,-0.0016122493371847314,-0.004929639453100994
BC23810,BC23810_E2,ENSG00000164587,-0.00586346466565692,-0.0260992774403148
BC23810,BC23810_E2,ENSG00000231500,0.03437988512894852,0.022650907786054175
BC23810,BC23810_E2,ENSG00000108107,-0.12747146680807597,-0.1471814985466179
BC23810,BC23810_E2,ENSG00000075624,-0.019831179979856475,-0.0346451808247181
BC23810,BC23810_E2,ENSG00000161016,0.014045871393829849,0.02129651029718747
BC23810,BC23810_E2,ENSG00000105372,-0.10418735670056545,-0.12508279889321858
BC23810,BC23810_E2,ENSG00000197756,-0.004522106044819755,-0.006803647074639804
BC23810,BC23810_E2,ENSG00000108518,0.0003197738764578194,-0.014434049909709638
BC23810,BC23810_E2,ENSG00000087086,0.08594778644214529,0.11859752584893157
BC23810,BC23810_E2,ENSG00000117984,-0.05711828083626786,-0.06844453149485026
BC23810,BC23810_E2,ENSG00000130255,-0.002524995087594832,-0.01029033632357503
BC23810,BC23810_E2,ENSG00000167526,-0.1052783541838394,-0.12269664365528934
BC23810,BC23810_E2,__ambiguous[ENSG00000251357+ENSG00000240972],0.036761972079831506,0.022021820091134136
BC23810,BC23810_E2,ENSG00000136942,0.004565068684551446,-0.006448560223708084
BC23810,BC23810_E2,ENSG00000141736,0.14086911485825165,0.15405766698084092
BC23810,BC23810_E2,ENSG00000180879,0.0503189115628266,0.04893826264556839
BC23810,BC23810_E2,ENSG00000179218,0.03727046261485388,0.05413274641470573
BC23810,BC23810_E2,ENSG00000197746,0.0215271953772681,0.06908110740432348
BC23810,BC23810_E2,ENSG00000149273,0.012792421586249691,-0.004302122973626177
BC23810,BC23810_E2,ENSG00000063177,-0.08772887111640805,-0.09506365840646089
BC23810,BC23810_E2,ENSG00000140264,-0.0005405047200606,0.02822137918803708
BC23810,BC23810_E2,ENSG00000234745,0.016778574506424292,0.03306375869549793
BC23810,BC23810_E2,ENSG00000204628,-0.055959679081552374,-0.08514042821459032
BC23810,BC23810_E2,ENSG00000185624,0.045218269148040925,0.06806674724738354
BC23810,BC23810_E2,ENSG00000130203,0.07428633531271815,0.12019197426536805
BC23810,BC23810_E2,ENSG00000105193,0.08724960693854966,0.10745512109577143
BC23810,BC23810_E2,ENSG00000221983,0.03371586442166908,0.03715545711218989
BC23810,BC23810_E2,ENSG00000142534,0.0013097869708933345,-0.019120502698850194
BC23810,BC23810_E2,ENSG00000142541,-0.0024018076988436554,-0.016865340834914255
BC23810,BC23810_E2,ENSG00000166441,-0.09112055848954503,-0.11289427363638407
BC23810,BC23810_E2,ENSG00000167996,0.29580597102512635,0.3674341070813092
BC23810,BC23810_E2,ENSG00000125691,0.04276640027382421,0.039623133845542786
BC23810,BC23810_E2,ENSG00000147403,-0.013958050390128977,-0.03268767168432075
BC23810,BC23810_E2,ENSG00000171858,-0.034137158569787614,-0.03699746837233665
BC23810,BC23810_E2,ENSG00000140988,0.1868230886798829,0.21702300410700323
BC23810,BC23810_E2,ENSG00000105640,-0.03254766888723435,-0.06339706928711812
BC23810,BC23810_E2,ENSG00000089157,-0.017152497542894052,-0.02007577110193797
BC23810,BC23810_E2,ENSG00000213741,0.1083192166003446,0.12131487880254997
BC23810,BC23810_E2,ENSG00000149806,0.0018079943605365841,-0.006709406486804201
BC23810,BC23810_E2,ENSG00000204525,0.04650004545854482,0.09703631602778946
BC23810,BC23810_E2,ENSG00000177954,-0.00035785761128537074,0.015177022413317719
BC23810,BC23810_E2,ENSG00000224389,-0.013948071410149358,-0.02543276186483162
BC23810,BC23810_E2,ENSG00000101439,-0.07757755994917971,-0.06331871332965981
BC23810,BC23810_E2,ENSG00000182774,-0.0063558326451820845,-0.003105019224003883
BC23810,BC23810_E2,ENSG00000115268,-0.028851251152269393,-0.04994929609374743
BC23810,BC23810_E2,ENSG00000165949,0.001205916144888712,-0.015725264012000386
BC23810,BC23810_E2,ENSG00000112306,-0.02051991827629958,-0.022575817461695655
BC23810,BC23810_E2,ENSG00000108821,-0.030459891907083175,-0.0558255227099173
BC23810,BC23810_E2,ENSG00000204592,-0.035334982922635025,-0.025390553708381326
BC23810,BC23810_E2,ENSG00000111341,0.050189915604394855,0.061638700902069715
BC23810,BC23810_E2,ENSG00000109062,0.04396529507058887,0.05888404676337743
BC23810,BC23810_E2,ENSG00000233927,-0.09090763588240654,-0.12008125339371688
BC23810,BC23810_E2,ENSG00000019582,0.149588895465249,0.19474970300644953
BC23810,BC23810_E2,ENSG00000198034,0.07524606859736971,0.11117019503526539
BC23810,BC23810_E2,ENSG00000142676,0.0021167800671974485,0.01481412647595405
BC23810,BC23810_E2,ENSG00000170889,-0.06560839841097464,-0.06302311099028239
BC23810,BC23810_E2,ENSG00000231925,0.0355418960861314,0.046424143248782086
BC23810,BC23810_E2,ENSG00000172757,0.036982459624674335,-0.0003575849340827678
BC23810,BC23810_E2,ENSG00000135404,-0.25449011946433847,-0.3101187145761694
BC23810,BC23810_E2,ENSG00000184009,0.006609142695550146,0.003491881465189222
BC23810,BC23810_E2,ENSG00000106624,0.06002600438526999,0.07528697198635186
BC23810,BC23810_E2,__ambiguous[ENSG00000185883+ENSG00000260272],0.08447474008696931,0.09638677425883764
BC23810,BC23810_E2,ENSG00000185499,0.08217261621835123,0.07249450848025978
BC23810,BC23810_E2,__ambiguous[ENSG00000185885+ENSG00000185201],-0.02503630259365641,-0.032808492913990454
BC23810,BC23810_E2,ENSG00000100316,-0.06829112717946748,-0.09154907670288859
BC23810,BC23810_E2,ENSG00000167995,-0.03484086591379925,-0.013764675765800502
BC23810,BC23810_E2,ENSG00000246705,-0.037225029163846124,-0.04224378392735464
BC23810,BC23810_E2,ENSG00000083845,-0.05369693726435577,-0.09402775061586416
BC23810,BC23810_E2,ENSG00000137154,-0.021641834973337055,-0.03938835561165333
BC23810,BC23810_E2,ENSG00000163220,-0.11350840202717193,-0.12237873850658586
BC23810,BC23810_E2,ENSG00000206503,-0.06229211149751023,-0.07172925757028414
BC23810,BC23810_E2,ENSG00000166710,0.09822669751011313,0.1183456526282661
BC23810,BC23810_E2,ENSG00000167468,0.0475716819965984,0.03899490779245774
BC23810,BC23810_E2,ENSG00000107223,-0.011162602710098295,-0.012215765403456954
BC23810,BC23810_E2,ENSG00000108639,-0.02409181835803879,-0.01242938743260419
BC23810,BC23810_E2,__ambiguous[ENSG00000254772+ENSG00000255508],-0.015366498618667805,-0.020692900132414576
BC23810,BC23810_E2,ENSG00000172531,0.0035103484067908032,0.007727472305113717
BC23810,BC23810_E2,ENSG00000131469,0.08730594780450074,0.0804842219759046
BC23810,BC23810_E2,ENSG00000172809,-0.0555901962289952,-0.05434542947281285
BC23810,BC23810_E2,ENSG00000163191,-0.0002002178812546136,0.022406201724011914
BC23810,BC23810_E2,ENSG00000169710,-0.004134276886418503,0.0036797744495161563
BC23810,BC23810_E2,ENSG00000149925,-0.04613972743038232,-0.037082217176950934
BC23810,BC23810_E2,ENSG00000115884,-0.021918679240224385,-0.0279795786008731
BC23810,BC23810_E2,ENSG00000185825,-0.053233779259457034,-0.042717799498894184
BC23810,BC23810_E2,ENSG00000144713,-0.06397430052355542,-0.10815226602948165
BC23810,BC23810_E2,ENSG00000108679,0.045547060923283304,0.07416035450509609
BC23810,BC23810_E2,ENSG00000156482,-0.05707204736791928,-0.04635007547199605
BC23810,BC23810_E2,ENSG00000142937,0.16454475393943163,0.2245228756131316
BC23810,BC23810_E2,ENSG00000197958,-0.0532511077557538,-0.05660593502690121
BC23810,BC23810_E2,ENSG00000130303,-0.050847946958864576,-0.06738656049107661
BC23810,BC23810_E2,ENSG00000143947,-0.017985129198895847,-0.0018743346872865491
BC23810,BC23810_E2,ENSG00000106211,-0.04563356955750007,-0.044364372752163164
BC23810,BC23810_E2,ENSG00000104904,0.027950395385201752,0.026077310923227005
BC23810,BC23810_E2,ENSG00000148303,0.014537114499359044,0.006071298872008195
BC23810,BC23810_E2,__ambiguous[ENSG00000257341+ENSG00000213145],-0.015772404480997974,-0.008428404734894392
BC23810,BC23810_E2,ENSG00000162244,-0.010568864635632483,0.018795839392626378
BC23810,BC23810_E2,ENSG00000167658,0.06447513487064346,0.0661297937968805
BC23810,BC23810_E2,ENSG00000152082,0.016511079625280065,0.002761605069855713
BC23810,BC23810_E2,ENSG00000158710,0.06808537917626852,0.0888094772276152
BC23810,BC23810_E2,ENSG00000178719,-0.04332838663435431,-0.03428789447162554
BC23810,BC23810_E2,ENSG00000115457,0.07025756129293555,0.0973148127806668
BC23810,BC23810_E2,ENSG00000160862,0.03551783836340062,0.054044094132824856
BC23810,BC23810_E2,ENSG00000030582,-0.06839858177094359,-0.10586768706523607
BC23810,BC23810_E2,ENSG00000149591,-0.02338460175853222,-0.004105665999109309
BC23810,BC23810_E2,ENSG00000174748,0.01730241932072612,0.03537961331316539
BC23810,BC23810_E2,ENSG00000279483,0.12498229421186813,0.13755078466106227
BC23810,BC23810_E2,ENSG00000110651,0.024881475525571146,0.037096953086730625
BC23810,BC23810_E2,ENSG00000182492,-0.0238337411390844,-0.01568136689610736
BC23810,BC23810_E2,ENSG00000142089,-0.037393575367855175,-0.05390729559335025
BC23810,BC23810_E2,ENSG00000117410,0.11537392122976216,0.11266739361542975
BC23810,BC23810_E2,ENSG00000108344,0.019363010100264987,0.008786701541569393
BC23810,BC23810_E2,ENSG00000165215,0.06891231503849375,0.07613114634301377
BC23810,BC23810_E2,__ambiguous[ENSG00000273259+ENSG00000196136],0.05708640026895968,0.05672290930480137
BC23810,BC23810_E2,ENSG00000092841,0.01018466674157555,0.0015281188591339263
BC23810,BC23810_E2,ENSG00000255823,0.08863860134518015,0.10804018717402157
BC23810,BC23810_E2,ENSG00000198242,0.0027193437389712253,-0.00035866505447370645
BC23810,BC23810_E2,ENSG00000102265,0.04849758778750983,0.053910622226563065
BC23810,BC23810_E2,ENSG00000071553,-0.021416557209956864,-0.024410747480900625
BC23810,BC23810_E2,ENSG00000145592,0.05689957662275382,0.04554201857867628
BC23810,BC23810_E2,ENSG00000074800,-0.1112985492609005,-0.1382357176444734
BC23810,BC23810_E2,ENSG00000142669,0.0337036402654291,0.04072575031961634
BC23810,BC23810_E2,ENSG00000173372,0.01839543569806211,0.01922256034118762
BC23810,BC23810_E2,ENSG00000196924,0.020662503368692745,0.02077508350280951
BC23810,BC23810_E2,ENSG00000118181,0.050844482751447755,0.07649830368551436
BC23810,BC23810_E2,ENSG00000051523,0.010814582260204954,0.008927456506498316
BC23810,BC23810_E2,ENSG00000269028,0.10592713483917039,0.12753587607355446
BC23810,BC23810_E2,ENSG00000277972,0.08067236490411162,0.06932847083716008
BC23810,BC23810_E2,__ambiguous[ENSG00000124614+ENSG00000270800],-0.06011131403719213,-0.06924403189464422
BC23810,BC23810_E2,ENSG00000111057,-0.012805496390042215,-0.03732847155282576
BC23810,BC23810_E2,ENSG00000162511,0.03932261319082868,0.04430525457963364
BC23810,BC23810_E2,ENSG00000130208,0.05333231214952892,0.0715237233013368
BC23810,BC23810_E2,ENSG00000141741,0.029691693580356757,0.0413433806825447
BC23810,BC23810_E2,ENSG00000126267,0.05997855417804238,0.06409919857309958
BC23810,BC23810_E2,ENSG00000141522,0.0217466846382338,0.03291273629255953
BC23810,BC23810_E2,ENSG00000117450,-0.1431250599462783,-0.20317573429370922
BC23810,BC23810_E2,ENSG00000150991,0.07290821393591555,0.06237969040620518
BC23810,BC23810_E2,ENSG00000125534,0.027770945226125127,0.011090644387869678
BC23810,BC23810_E2,ENSG00000105223,0.05454528971119503,0.06629683577961536
BC23810,BC23810_E2,ENSG00000143774,0.03131077029282539,0.02784917573577132
BC23810,BC23810_E2,ENSG00000164692,-0.06159866250464615,-0.0694450661732531
BC23810,BC23810_E2,ENSG00000124614,0.003565821381084689,-0.01646167394353694
BC23810,BC23810_E2,ENSG00000142173,0.06928074517991006,0.1046955925454054
BC23810,BC23810_E2,ENSG00000169223,-0.029146043225414607,-0.03564631301695687
BC23810,BC23810_E2,ENSG00000160789,-0.0004624583801299674,-0.0006555478564088463
BC23810,BC23810_E2,ENSG00000115414,-0.02369357443971938,-0.024383469534145923
BC23810,BC23810_E2,ENSG00000058262,0.040524175870385974,0.029556493871088156
BC23810,BC23810_E2,ENSG00000124664,0.02707126056697723,0.05215888343996964
BC23810,BC23810_E2,ENSG00000160932,0.01608941450676454,0.008494971384171013
BC23810,BC23810_E2,ENSG00000026025,0.058998648373919084,0.0836536953607872
BC23810,BC23810_E2,ENSG00000277791,-0.0663183183405812,-0.06773681761298166
BC23810,BC23810_E2,ENSG00000176340,-0.010775473393502273,0.011711184392006335
BC23810,BC23810_E2,ENSG00000272196,0.01869428569652061,0.02161171369455994
BC23810,BC23810_E2,ENSG00000187608,-0.019022459986648314,-0.01193389685256364
BC23810,BC23810_E2,ENSG00000052344,0.07933302066865919,0.09160869196709856
BC23810,BC23810_E2,ENSG00000182809,0.00012565152045443398,0.0023732306059881104
BC23810,BC23810_E2,ENSG00000133112,-0.023654762292011956,-0.022446242972214935
BC23810,BC23810_E2,ENSG00000164733,0.04450239808190004,0.04374761481719411
BC23810,BC23810_E2,ENSG00000103363,0.001560736970599782,-0.009638230888456337
BC23810,BC23810_E2,ENSG00000104529,-0.04533681546232504,-0.0630726912187617
BC23810,BC23810_E2,ENSG00000169100,-0.02765334203984522,-0.03584068566957009
BC23810,BC23810_E2,ENSG00000251562,0.02853705377875478,0.03917431286620807
BC23810,BC23810_E2,ENSG00000184897,-0.09632989610319638,-0.11778477359845214
BC23810,BC23810_E2,ENSG00000204287,0.004736528370023847,0.030438301301324834
BC23810,BC23810_E2,ENSG00000114353,0.0481159840691851,0.05900187276515683
BC23810,BC23810_E2,ENSG00000070756,0.027188450272482095,0.02532931136418083
BC23810,BC23810_E2,ENSG00000145425,0.050866263257410074,0.05926959427338079
BC23810,BC23810_E2,ENSG00000125730,-0.006887168040842731,-0.012306180127459897
BC23810,BC23810_E2,ENSG00000205542,0.10770126459377243,0.14674890672465662
BC23810,BC23810_E2,ENSG00000123349,-0.054078648617562446,-0.04548956070007975
BC23810,BC23810_E2,ENSG00000127540,0.0073909183178349725,0.008652814687476949
BC23810,BC23810_E2,ENSG00000187514,-0.03037923605675778,-0.06766600068432968
BC23810,BC23810_E2,__ambiguous[ENSG00000277957+ENSG00000161960],0.04908422281162552,0.07124832911433074
BC23810,BC23810_E2,ENSG00000114867,0.004680741989904184,0.015124016263386853
BC23810,BC23810_E2,ENSG00000111669,0.06980848234565676,0.07314029323759771
BC23810,BC23810_E2,ENSG00000071082,0.0892232332035158,0.09150664852961657
BC23810,BC23810_E2,__ambiguous[ENSG00000243678+ENSG00000011052],-0.04009597136065474,-0.03960869377713815
BC23810,BC23810_E2,ENSG00000163682,0.04318382248589666,0.050313834333296344
BC23810,BC23810_E2,ENSG00000100219,-0.0377920482389815,-0.041964059597466616
BC23810,BC23810_E2,ENSG00000160180,0.025380463151185303,0.0301002486678833
BC23810,BC23810_E2,ENSG00000131748,0.028258767302766958,0.03181815773142106
BC23810,BC23810_E2,ENSG00000178952,0.02854488285185,0.0320153140149617
BC23810,BC23810_E2,ENSG00000101335,0.029917034552839835,0.03201398178339079
BC23810,BC23810_E2,__ambiguous[ENSG00000219200+ENSG00000161939],-0.004507375917615968,-0.005018634052222225
BC23810,BC23810_E2,ENSG00000104964,0.09098221431052142,0.10139362359063138
BC23810,BC23810_E2,ENSG00000144426,-0.014011037211804593,-0.016158574985074836
BC23810,BC23810_E2,ENSG00000171222,0.06264728519814837,0.0697098116637821
BC23810,BC23810_E2,ENSG00000145494,0.09060344928800562,0.08497248472746109
BC23810,BC23810_E2,ENSG00000172354,0.007602750860624119,0.014943562770648901
BC23810,BC23810_E2,ENSG00000138326,0.005843561909101956,0.015508774835208072
BC23810,BC23810_E2,ENSG00000113140,0.02036070216354863,0.02212611117510983
BC23810,BC23810_E2,ENSG00000178980,0.10000987394946638,0.10433743814543227
BC23810,BC23810_E2,__ambiguous[ENSG00000262526+ENSG00000170296],-0.09080298420711094,-0.08801905909524062
BC23810,BC23810_E2,ENSG00000172270,-0.012234223740433002,-0.016554707103948713
BC23810,BC23810_E2,ENSG00000141753,-0.02294570612277688,-0.05794057703467631
BC23810,BC23810_E2,ENSG00000174886,-0.0015559777709613946,-0.002243254895665903
BC23810,BC23810_E2,ENSG00000173272,0.05698528286532836,0.05074957764021532
BC23810,BC23810_E2,ENSG00000164919,-0.032225323109616004,-0.024101830486772845
BC23810,BC23810_E2,ENSG00000167815,0.08604520852935832,0.0795646026492668
BC23810,BC23810_E2,ENSG00000182899,0.09536735569904706,0.08376543276104516
BC23810,BC23810_E2,ENSG00000170315,0.02777760871165142,0.01456902924586287
BC23810,BC23810_E2,ENSG00000163479,-0.07009146587312771,-0.05648308605079945
BC23810,BC23810_E2,ENSG00000186010,0.068053101227826,0.054024254367050877
BC23810,BC23810_E2,ENSG00000025708,0.02672796072954583,0.027721576980728573
BC23810,BC23810_E2,ENSG00000214530,0.07639452672466146,0.07112536041726998
BC23810,BC23810_E2,ENSG00000130725,0.062551014632736,0.08105874989618045
BC23810,BC23810_E2,ENSG00000125970,0.11979091697259495,0.11453932490424344
BC23810,BC23810_E2,ENSG00000155366,0.08797287410560374,0.10712050445695123
BC23810,BC23810_E2,ENSG00000176046,-0.008539847983821788,0.0064467390733222735
BC23810,BC23810_E2,ENSG00000008988,0.02664789284454292,0.0299527069376395
BC23810,BC23810_E2,ENSG00000087460,0.040175544074905666,0.04023113192036194
BC23810,BC23810_E2,ENSG00000100300,-0.0014979621927500443,0.014740143682636308
BC23810,BC23810_E2,ENSG00000142949,-0.006920854677463317,0.0043517683425744165
BC23810,BC23810_E2,ENSG00000100097,0.05110234921567628,0.054947357042453994
BC23810,BC23810_E2,ENSG00000106153,0.03366090718191221,0.02329989891124864
BC23810,BC23810_E2,ENSG00000197956,0.0009497922228301597,-0.015296339062429942
BC23810,BC23810_E2,ENSG00000233276,-0.05957779518169619,-0.08878693517170735
BC23810,BC23810_E2,ENSG00000126709,-0.0035533279548536404,-0.00412920868719004
BC23810,BC23810_E2,ENSG00000168542,-0.03734553193446819,-0.03774835503829314
BC23810,BC23810_E2,ENSG00000159335,-0.01915247420908292,-0.037390122440880046
BC23810,BC23810_E2,ENSG00000131143,-0.06203297687674934,-0.056356238309465546
BC23810,BC23810_E2,ENSG00000110492,0.06650080198929699,0.06980754476152556
BC23810,BC23810_E2,ENSG00000184840,-0.048499163783808925,-0.02799650656476284
BC23810,BC23810_E2,ENSG00000126247,0.016388110509004048,0.013920877466631834
BC23810,BC23810_E2,ENSG00000196405,-0.05169416486161428,-0.07664602434723396
BC23810,BC23810_E2,ENSG00000137331,-0.018319757430518172,-0.020305625821685627
BC23810,BC23810_E2,ENSG00000140990,-0.03688542591318784,-0.04573353919752026
BC23810,BC23810_E2,ENSG00000188846,0.004061782431873802,-0.027942751941083376
BC23810,BC23810_E2,ENSG00000173801,-0.014161336003502263,-0.005948958498026984
BC23810,BC23810_E2,ENSG00000157227,-0.036488312534302805,-0.031303608837348826
BC23810,BC23810_E2,ENSG00000279274,-0.008323534878122148,-0.011839726784027695
BC23810,BC23810_E2,ENSG00000213988,0.05796056340946451,0.06007942305148548
BC23810,BC23810_E2,ENSG00000011304,0.0381134844212366,0.06501362442616697
BC23810,BC23810_E2,ENSG00000123989,-0.012252376491399503,-0.006561253598568332
BC23810,BC23810_E2,ENSG00000114391,0.08076641032522615,0.09690122805958545
BC23810,BC23810_E2,ENSG00000143546,-0.06874370768161428,-0.0629138246575383
BC23810,BC23810_E2,ENSG00000143420,-0.102140965213888,-0.11040588980488285
BC23810,BC23810_E2,ENSG00000105404,0.011275999922072923,0.014318804470834076
BC23810,BC23810_E2,ENSG00000177700,-0.009130191832982575,-0.018577630006419134
BC23810,BC23810_E2,ENSG00000182871,0.06048281904098581,0.06581744492854506
BC23810,BC23810_E2,ENSG00000173369,0.03690688293874365,0.05610551598552768
BC23810,BC23810_E2,ENSG00000110092,-0.006957684307477652,0.0032194484607806087
BC23810,BC23810_E2,ENSG00000135390,-0.0012958308138716634,-0.005685901511658393
BC23810,BC23810_E2,ENSG00000178209,-0.041756955222175846,-0.0335486674875192
BC23901,BC23901_C2,ENSG00000034510,-0.014672076469507793,-0.04036157773319644
BC23901,BC23901_C2,ENSG00000254709,-0.08718350930362105,-0.17700223200070225
BC23901,BC23901_C2,ENSG00000137818,0.09974255846197014,0.1518940961758384
BC23901,BC23901_C2,ENSG00000111640,0.32630237207240814,0.4075717375727427
BC23901,BC23901_C2,ENSG00000171345,0.24041060483819782,0.29662306714986897
BC23901,BC23901_C2,ENSG00000177600,0.13000544637064804,0.15094972919952745
BC23901,BC23901_C2,ENSG00000231500,0.008323233869348839,-0.014554171072287425
BC23901,BC23901_C2,ENSG00000164587,0.015338590892267134,0.0010149343384054715
BC23901,BC23901_C2,ENSG00000075624,0.06385076638710807,0.1218812618843153
BC23901,BC23901_C2,ENSG00000108107,-0.03813459065651826,-0.11253990252968198
BC23901,BC23901_C2,ENSG00000108298,-0.06593703195367673,-0.11200193177334258
BC23901,BC23901_C2,ENSG00000105372,-0.044251280756472576,-0.08994312041541981
BC23901,BC23901_C2,ENSG00000197756,0.07717561995211536,0.05985848855539873
BC23901,BC23901_C2,ENSG00000141736,0.13989741986847715,0.17475907723491857
BC23901,BC23901_C2,ENSG00000161016,0.10183834522737044,0.08604836939184084
BC23901,BC23901_C2,ENSG00000167526,-0.024021912406160494,-0.058462875199445846
BC23901,BC23901_C2,ENSG00000087086,0.008979320085000199,0.0688844573647144
BC23901,BC23901_C2,ENSG00000130255,-0.07714476794690277,-0.12605090945074787
BC23901,BC23901_C2,ENSG00000108518,0.07720496028206722,0.06300125930749483
BC23901,BC23901_C2,ENSG00000136942,-0.07053087251367587,-0.1372606116339087
BC23901,BC23901_C2,__ambiguous[ENSG00000251357+ENSG00000240972],0.12263968789968942,0.15606237167719705
BC23901,BC23901_C2,ENSG00000149273,0.1209965264511316,0.09254084369046303
BC23901,BC23901_C2,ENSG00000117984,0.19393574570466443,0.28602774015612353
BC23901,BC23901_C2,ENSG00000197746,-0.02334736962939084,-0.0459712926591773
BC23901,BC23901_C2,ENSG00000063177,-0.06894053287086266,-0.12707218020036018
BC23901,BC23901_C2,ENSG00000180879,-0.11282961277116588,-0.15170134241109584
BC23901,BC23901_C2,ENSG00000140264,-0.10685924258119112,-0.1263984549326935
BC23901,BC23901_C2,ENSG00000179218,0.04088207922171247,0.04412753856023106
BC23901,BC23901_C2,ENSG00000105193,-0.08494581215189753,-0.09890333284070893
BC23901,BC23901_C2,ENSG00000221983,-0.04013541843231597,-0.09432032014595244
BC23901,BC23901_C2,ENSG00000204628,-0.03321759459373218,-0.017706179417270224
BC23901,BC23901_C2,ENSG00000167996,0.013806436995349254,0.06875589325602122
BC23901,BC23901_C2,ENSG00000166441,-0.05007103584009019,-0.05188310017433006
BC23901,BC23901_C2,ENSG00000142541,0.05863361095212724,0.041357996298539396
BC23901,BC23901_C2,ENSG00000130203,-0.09149395649752481,-0.12108934519713085
BC23901,BC23901_C2,ENSG00000142534,-0.01145803605809333,-0.03358546574382283
BC23901,BC23901_C2,ENSG00000234745,-0.12101614741326346,-0.08841865755697922
BC23901,BC23901_C2,ENSG00000185624,0.00480106257132318,0.014882690639487835
BC23901,BC23901_C2,ENSG00000109062,0.023620761828767864,0.019836707634924126
BC23901,BC23901_C2,ENSG00000140988,0.04191174320552489,0.019608174361942714
BC23901,BC23901_C2,ENSG00000147403,0.024931317046641487,-0.005486191536026824
BC23901,BC23901_C2,ENSG00000089157,0.09239239225351174,0.12396136883788149
BC23901,BC23901_C2,ENSG00000105640,0.047904930581018454,0.01569032830234993
BC23901,BC23901_C2,ENSG00000171858,0.03158431045180759,0.05645176453108326
BC23901,BC23901_C2,ENSG00000115268,-0.01107879427992248,-0.06452113667044516
BC23901,BC23901_C2,ENSG00000233927,0.08410334043179095,0.0740247305599461
BC23901,BC23901_C2,ENSG00000112306,0.04374431816960955,0.07902455203489223
BC23901,BC23901_C2,ENSG00000198034,0.09155895476809642,0.12174580530263245
BC23901,BC23901_C2,ENSG00000182774,0.04409975072401069,0.043443930280875905
BC23901,BC23901_C2,ENSG00000149806,-0.0062390931502333555,0.008054292289663248
BC23901,BC23901_C2,ENSG00000125691,-0.07220547010479315,-0.05189210755011313
BC23901,BC23901_C2,ENSG00000142676,-0.027703004467894816,-0.002836502371512883
BC23901,BC23901_C2,ENSG00000213741,-0.09583566572330418,-0.08650646292008637
BC23901,BC23901_C2,ENSG00000111341,-0.07506374623607863,-0.09165884545526352
BC23901,BC23901_C2,ENSG00000019582,-0.021615402605661957,-0.020998937890807687
BC23901,BC23901_C2,ENSG00000170889,-0.0377159048626155,-0.08785852976048206
BC23901,BC23901_C2,ENSG00000172809,-0.07796019671515042,-0.0752692713502235
BC23901,BC23901_C2,ENSG00000204525,-0.035642744519783234,-0.0503556161566975
BC23901,BC23901_C2,ENSG00000101439,-0.03231855343560038,-0.03208124832675701
BC23901,BC23901_C2,ENSG00000100316,0.08617529552848152,0.04696930779428103
BC23901,BC23901_C2,ENSG00000172757,0.055763199889217394,0.026682231937556034
BC23901,BC23901_C2,ENSG00000177954,0.1975444242828389,0.25981070191839434
BC23901,BC23901_C2,ENSG00000184009,-0.005727076595025825,0.056175028036495926
BC23901,BC23901_C2,ENSG00000137154,-0.0048065020794125874,0.0034784757591234026
BC23901,BC23901_C2,ENSG00000204592,-0.09735934386669286,-0.11638658210665087
BC23901,BC23901_C2,ENSG00000108821,0.03264193573076997,0.027305091906252865
BC23901,BC23901_C2,__ambiguous[ENSG00000254772+ENSG00000255508],-0.015489682063934057,-0.021489314612626344
BC23901,BC23901_C2,ENSG00000142937,0.12717801980824783,0.16666151836481038
BC23901,BC23901_C2,ENSG00000206503,0.020172746907628214,0.038360068261257124
BC23901,BC23901_C2,__ambiguous[ENSG00000185883+ENSG00000260272],-0.12297315308085971,-0.15677938265624544
BC23901,BC23901_C2,ENSG00000169710,0.07344452793137624,0.07420825454499348
BC23901,BC23901_C2,ENSG00000083845,0.16931362264841757,0.17331903856758307
BC23901,BC23901_C2,ENSG00000167995,-0.06507168395538075,-0.07239172994683639
BC23901,BC23901_C2,ENSG00000165949,0.07129142335953478,0.1422306307397387
BC23901,BC23901_C2,ENSG00000135404,-0.13528492396037267,-0.13450182904914265
BC23901,BC23901_C2,ENSG00000231925,0.10818138295075783,0.08770288670945939
BC23901,BC23901_C2,ENSG00000163191,0.012300418271949326,0.05076306708838955
BC23901,BC23901_C2,ENSG00000197958,0.04893463243573262,0.043522141245016646
BC23901,BC23901_C2,ENSG00000167468,-0.13977137741846649,-0.18484836483100464
BC23901,BC23901_C2,ENSG00000167658,0.06904060233856373,0.1158031779320175
BC23901,BC23901_C2,ENSG00000107223,-0.016069615992389392,-0.05541143533408248
BC23901,BC23901_C2,ENSG00000162244,0.07677881842276796,0.07252606964855121
BC23901,BC23901_C2,ENSG00000108639,0.026421873776581842,0.014291660936143997
BC23901,BC23901_C2,ENSG00000156482,0.005785780529471512,0.02965024691422791
BC23901,BC23901_C2,ENSG00000144713,-0.013127059028513863,-0.02244991662500803
BC23901,BC23901_C2,ENSG00000148303,-0.08978516634108613,-0.11843615494228565
BC23901,BC23901_C2,ENSG00000149925,0.23363250224343055,0.2638987339150435
BC23901,BC23901_C2,ENSG00000172531,-0.03957249527265181,-0.05464298782564201
BC23901,BC23901_C2,ENSG00000106624,-0.06088955331053727,-0.10179708233291111
BC23901,BC23901_C2,ENSG00000143947,-0.08943742710581519,-0.09284757029612391
BC23901,BC23901_C2,ENSG00000224389,0.0205356836786433,-0.0037497764388304644
BC23901,BC23901_C2,ENSG00000108344,-0.024773592625248468,-0.00651481794359739
BC23901,BC23901_C2,ENSG00000174748,0.02700188700567767,0.06158542481249032
BC23901,BC23901_C2,ENSG00000108679,-0.10782280090464036,-0.1385576783042657
BC23901,BC23901_C2,ENSG00000131469,-0.05688356988771291,-0.04552301277877089
BC23901,BC23901_C2,ENSG00000185825,-0.04219632390353406,-0.0608895293332408
BC23901,BC23901_C2,ENSG00000185499,0.12188138549817633,0.1595874379908086
BC23901,BC23901_C2,ENSG00000115884,-0.07359680735289852,-0.07718589399790059
BC23901,BC23901_C2,ENSG00000198242,-0.010854025049979222,0.006923479430349756
BC23901,BC23901_C2,ENSG00000145592,-0.05430561049755329,-0.03911095645732245
BC23901,BC23901_C2,ENSG00000246705,-0.04168214953715583,-0.06502553883881934
BC23901,BC23901_C2,ENSG00000166710,-0.09282342566679731,-0.03358165942635006
BC23901,BC23901_C2,ENSG00000130303,-0.03269327831390715,-0.07192506182871743
BC23901,BC23901_C2,ENSG00000141741,-0.005593961251806929,-0.012441544344418007
BC23901,BC23901_C2,ENSG00000163220,-0.017906678005541715,-0.04905996190994057
BC23901,BC23901_C2,ENSG00000106211,-0.029326218994814787,-0.014445318275278493
BC23901,BC23901_C2,ENSG00000104904,0.02715988506846975,0.00668731987602831
BC23901,BC23901_C2,ENSG00000158710,0.05629265799149265,0.09739124439363563
BC23901,BC23901_C2,ENSG00000152082,0.008325566458963778,-0.009735486211045927
BC23901,BC23901_C2,ENSG00000160862,-0.027707236204563685,-0.03938802845148869
BC23901,BC23901_C2,ENSG00000279483,0.18046250569554648,0.18320597073178363
BC23901,BC23901_C2,__ambiguous[ENSG00000185885+ENSG00000185201],-0.13046467732770792,-0.1661175659006208
BC23901,BC23901_C2,ENSG00000117410,-0.04379544119967054,-0.034394628786933765
BC23901,BC23901_C2,ENSG00000110651,0.007148389130438592,-0.028444521580898482
BC23901,BC23901_C2,ENSG00000118181,-0.03234011282259747,-0.016025010848050938
BC23901,BC23901_C2,__ambiguous[ENSG00000243678+ENSG00000011052],-0.048001121274756336,-0.0684317579335105
BC23901,BC23901_C2,ENSG00000173372,0.01170279511327687,0.017470219877903922
BC23901,BC23901_C2,ENSG00000115457,0.052541852456166875,-0.02803886020978282
BC23901,BC23901_C2,ENSG00000074800,-0.017807914831581464,-0.03825066175376609
BC23901,BC23901_C2,ENSG00000130208,-0.1510069053653429,-0.2060097768234388
BC23901,BC23901_C2,ENSG00000092841,0.01303798431919712,0.007563984712087489
BC23901,BC23901_C2,ENSG00000111057,-0.06333372546478215,-0.04748398553682522
BC23901,BC23901_C2,__ambiguous[ENSG00000124614+ENSG00000270800],-0.0458596235979381,-0.04528857335755475
BC23901,BC23901_C2,ENSG00000142669,0.04372656807153509,0.013665944611815885
BC23901,BC23901_C2,ENSG00000030582,-0.0191942091393209,-0.0066402006695467294
BC23901,BC23901_C2,ENSG00000133112,-0.03959091789607352,-0.00989400406923432
BC23901,BC23901_C2,ENSG00000126267,0.030725533315430018,-0.020752157434318644
BC23901,BC23901_C2,ENSG00000277972,0.014671743722650506,-0.010377291840013268
BC23901,BC23901_C2,ENSG00000071082,0.033832054347486665,0.0803642592988204
BC23901,BC23901_C2,ENSG00000169100,0.1247058640134527,0.18430290416399817
BC23901,BC23901_C2,ENSG00000205542,0.0895460627782433,0.1519786120271178
BC23901,BC23901_C2,ENSG00000150991,0.027458018776577626,0.05735565915473079
BC23901,BC23901_C2,ENSG00000070756,0.07014657043379882,0.06875076740043476
BC23901,BC23901_C2,ENSG00000117450,-0.019299104386585688,0.025674375445447005
BC23901,BC23901_C2,ENSG00000277791,0.0848333072724173,0.08874129142896717
BC23901,BC23901_C2,ENSG00000071553,0.0606458183221832,0.022428823745060573
BC23901,BC23901_C2,__ambiguous[ENSG00000257341+ENSG00000213145],0.004614356993139619,-0.005269601057604594
BC23901,BC23901_C2,ENSG00000143774,-0.01694046027530798,-0.020314284820365954
BC23901,BC23901_C2,ENSG00000102265,0.04423108025982213,0.04626318148418031
BC23901,BC23901_C2,ENSG00000149591,0.00028004372524777265,-0.006873903081277668
BC23901,BC23901_C2,ENSG00000162511,-0.03765393592071314,-0.04628627251882706
BC23901,BC23901_C2,ENSG00000124664,0.06909467852224035,0.06349092146647603
BC23901,BC23901_C2,ENSG00000165215,-0.02004761329641546,-0.05408761691290068
BC23901,BC23901_C2,ENSG00000178719,0.06716589359020432,0.07411326480017398
BC23901,BC23901_C2,ENSG00000125534,0.005557309440403386,0.010836118589340853
BC23901,BC23901_C2,ENSG00000105223,0.022585293102327028,0.030558826389038188
BC23901,BC23901_C2,ENSG00000145425,-0.11601608732366663,-0.12263208285488181
BC23901,BC23901_C2,ENSG00000182492,0.06462669319601144,0.037067597058332
BC23901,BC23901_C2,ENSG00000163682,-0.10403947719564947,-0.08129929396998858
BC23901,BC23901_C2,ENSG00000160789,-0.03219256185285791,-0.05438221520506475
BC23901,BC23901_C2,ENSG00000176340,-0.08882043885794716,-0.11663240614194216
BC23901,BC23901_C2,ENSG00000196924,-0.02924389686303316,-0.05678651845109817
BC23901,BC23901_C2,ENSG00000141522,0.047665695756526655,0.012714168063981096
BC23901,BC23901_C2,ENSG00000124614,0.1043581462159566,0.0886656659860283
BC23901,BC23901_C2,ENSG00000182809,-0.03035671113556285,-0.048711666469377315
BC23901,BC23901_C2,ENSG00000187514,0.04258585090544134,0.10942689650263623
BC23901,BC23901_C2,ENSG00000164733,-0.03815807439208669,-0.0361434151238555
BC23901,BC23901_C2,ENSG00000204287,0.08451254106129137,0.1548006642977062
BC23901,BC23901_C2,ENSG00000115414,0.03682701609318061,0.0482688570420293
BC23901,BC23901_C2,ENSG00000255823,0.006963037498466828,0.013341328081874805
BC23901,BC23901_C2,ENSG00000051523,-0.09251443811172912,-0.07690921878899208
BC23901,BC23901_C2,ENSG00000135480,0.0015161882880668194,-0.034755032715435945
BC23901,BC23901_C2,ENSG00000131748,-0.015531171415957367,0.009247429055646746
BC23901,BC23901_C2,__ambiguous[ENSG00000277957+ENSG00000161960],0.028754388134597793,0.04746305564547854
BC23901,BC23901_C2,ENSG00000138326,-0.18062030164927703,-0.18636461569299864
BC23901,BC23901_C2,ENSG00000142089,-0.13157938679912531,-0.17946280464755032
BC23901,BC23901_C2,ENSG00000127540,-0.07195490842033125,-0.052575992687808805
BC23901,BC23901_C2,ENSG00000058262,0.08593767612225589,0.09330065088044866
BC23901,BC23901_C2,ENSG00000169223,-0.009361698140979986,0.02095264850383442
BC23901,BC23901_C2,ENSG00000144426,0.03498146998628684,0.03813218691328517
BC23901,BC23901_C2,ENSG00000103363,-0.02545271646028103,0.006529592676992881
BC23901,BC23901_C2,ENSG00000123349,0.08307724837979565,0.07811662657250622
BC23901,BC23901_C2,ENSG00000052344,-0.11817548923363211,-0.15407649494494557
BC23901,BC23901_C2,ENSG00000111669,-0.05192421844736746,-0.036514571345913606
BC23901,BC23901_C2,ENSG00000272196,0.03199832819539295,0.045858538265361425
BC23901,BC23901_C2,ENSG00000114353,-0.06577277812080791,-0.07514987155067455
BC23901,BC23901_C2,ENSG00000269028,-0.0414931519119179,-0.051357827866214165
BC23901,BC23901_C2,ENSG00000125730,-0.03353705392963613,-0.019204388083566178
BC23901,BC23901_C2,ENSG00000184897,-0.011105625131538354,-0.008439829272303558
BC23901,BC23901_C2,ENSG00000182899,0.029085221578189137,0.04072116608589793
BC23901,BC23901_C2,ENSG00000164692,0.03917664398395666,0.062246703047281915
BC23901,BC23901_C2,ENSG00000114867,0.045235891263508854,0.0008854515955891972
BC23901,BC23901_C2,ENSG00000172354,0.0053538097995744355,-0.001656192741960885
BC23901,BC23901_C2,ENSG00000251562,-0.13655529782460002,-0.16870946232588324
BC23901,BC23901_C2,ENSG00000178952,0.025561687761906697,-0.01353371889225823
BC23901,BC23901_C2,ENSG00000026025,0.0593210882926365,0.06832040938131538
BC23901,BC23901_C2,__ambiguous[ENSG00000262526+ENSG00000170296],-0.03023185684384545,-0.04370725954753618
BC23901,BC23901_C2,ENSG00000104529,0.03333593150434033,0.060304351356324025
BC23901,BC23901_C2,ENSG00000178980,0.022265953178126886,-0.0057379959941982845
BC23901,BC23901_C2,ENSG00000142949,0.10896022873282236,0.11146210111863673
BC23901,BC23901_C2,ENSG00000167815,0.09648554674285209,0.09561932423362829
BC23901,BC23901_C2,ENSG00000008988,-0.07827848369846543,-0.07549768593692854
BC23901,BC23901_C2,ENSG00000170315,-0.000729771028064134,0.00032389601733585503
BC23901,BC23901_C2,ENSG00000131143,0.06962488972502123,0.07687987909089966
BC23901,BC23901_C2,__ambiguous[ENSG00000219200+ENSG00000161939],-0.07371777640689776,-0.11664269578574028
BC23901,BC23901_C2,ENSG00000104964,0.02477307384428257,0.0016903213644280637
BC23901,BC23901_C2,ENSG00000100300,0.07964237257831207,0.0907616136130953
BC23901,BC23901_C2,__ambiguous[ENSG00000273259+ENSG00000196136],-0.0896445525676462,-0.12384312003344553
BC23901,BC23901_C2,ENSG00000214530,-0.03230019950875072,-0.0231839943851708
BC23901,BC23901_C2,ENSG00000188846,0.07201694589506111,0.03917943309325222
BC23901,BC23901_C2,ENSG00000087460,0.06818165803330839,0.09092364286319943
BC23901,BC23901_C2,ENSG00000155366,-0.0009387018740443858,-0.014308371520186929
BC23901,BC23901_C2,ENSG00000142173,-0.03395719178387882,-0.07250502800635938
BC23901,BC23901_C2,ENSG00000197956,0.054020246510874566,0.046505579906970046
BC23901,BC23901_C2,ENSG00000126247,0.053859871402185316,-0.005144151888168523
BC23901,BC23901_C2,ENSG00000163479,-0.03761865608850106,-0.0721161827568923
BC23901,BC23901_C2,ENSG00000100219,0.027697372092441108,0.0467434789917999
BC23901,BC23901_C2,__ambiguous[ENSG00000241343+ENSG00000257529],-0.12182269935670441,-0.08891253171403327
BC23901,BC23901_C2,ENSG00000174444,-0.017062339611211293,0.007461397526488358
BC23901,BC23901_C2,ENSG00000173369,0.07146967955863645,0.09718385014478378
BC23901,BC23901_C2,ENSG00000114391,0.05571207128716335,0.07362609261286265
BC23901,BC23901_C2,ENSG00000174886,-0.011615749675702369,-0.027893262149987365
BC23901,BC23901_C2,ENSG00000171222,-0.07081046097996654,-0.08747870829923335
BC23901,BC23901_C2,ENSG00000213988,-0.03101180441893152,-0.060491513384552616
BC23901,BC23901_C2,ENSG00000163399,0.13156650853855148,0.15182265410609327
BC23901,BC23901_C2,ENSG00000173272,0.010800664398946273,0.002700044324643951
BC23901,BC23901_C2,ENSG00000160932,0.05029321470843997,0.0989573788387737
BC23901,BC23901_C2,ENSG00000196576,0.1179740606443536,0.07386193522699971
BC23901,BC23901_C2,ENSG00000135390,0.16667567504353795,0.16191018832323495
BC23901,BC23901_C2,ENSG00000172270,-0.14325311997322157,-0.1634162510039968
BC23901,BC23901_C2,ENSG00000177700,0.03635715547699573,0.04652603376904958
BC23901,BC23901_C2,ENSG00000124172,-0.033584743778372776,0.001035621260126504
BC23901,BC23901_C2,ENSG00000171863,-0.05729138673135481,-0.02634482525470649
BC23901,BC23901_C2,ENSG00000186468,0.008596731162209253,0.007557508635303247
BC23901,BC23901_C2,ENSG00000143546,-0.04955143523626245,-0.06405464708418387
BC23901,BC23901_C2,ENSG00000125970,0.07047438142595659,0.09705510714891416
BC23901,BC23901_C2,ENSG00000170421,0.044220291505122404,0.055100812786296326
BC23901,BC23901_C2,ENSG00000186010,-0.07724612838615706,-0.10029055014305324
BC23901,BC23901_C2,ENSG00000187608,-0.10282167317019454,-0.16306351842589353
BC23901,BC23901_C2,ENSG00000168528,0.10306162129663712,0.11748688817470976
BC23901,BC23901_C2,ENSG00000130725,0.06009815061500863,0.06279696167930326
BC23901,BC23901_C2,ENSG00000011304,0.009274565832759662,0.04270931027318047
BC23901,BC23901_C2,ENSG00000279274,-0.009808307951929813,-0.020943758423013367
BC23901,BC23901_C2,ENSG00000110492,-0.03717028202922135,-0.032153129006556425
BC23901,BC23901_C2,ENSG00000143420,0.005150043655011749,0.021376121729292024
BC23901,BC23901_C2,ENSG00000134419,0.024783642437267016,0.031011118265518858
BC23901,BC23901_C2,ENSG00000161960,0.1917631726284912,0.2551223360837725
BC23901,BC23901_C2,ENSG00000025708,-0.07528536941213618,-0.07994078018652502
BC23901,BC23901_C2,ENSG00000101335,0.0435076928616006,0.0739415379061217
BC23901,BC23901_C2,ENSG00000109475,-0.007638645911845339,0.05153194479948306
BC23901,BC23901_C2,ENSG00000173801,-0.14263347782202446,-0.18891677466083448
BC23901,BC23901_C2,ENSG00000141753,0.007166866060695104,-0.001969931112899287
BC23901,BC23901_C2,ENSG00000106153,0.0386143586264213,0.025821214070358308
BC23901,BC23901_C2,ENSG00000160180,0.04912805848064724,0.05280743391359939
BC23901,BC23901_C2,ENSG00000123989,0.07695751381266465,0.08600857666235014
BC23901,BC23901_C2,ENSG00000159840,-0.033522251924522635,-0.0598649577559527
BC23901,BC23901_C2,ENSG00000147604,0.03914920768091757,0.05284692964330398
BC23901,BC23901_C2,ENSG00000135940,0.12373808671052501,0.09990779961801802
BC23901,BC23901_C2,ENSG00000164919,-0.09815062810277798,-0.08427335218988576
BC23901,BC23901_C2,ENSG00000140990,0.0403199057210268,0.019201058640938275
BC23901,BC23901_D1,ENSG00000034510,-0.07644495112683783,-0.06056410155775449
BC23901,BC23901_D1,ENSG00000254709,-0.008163857247114154,-0.02383749168754992
BC23901,BC23901_D1,ENSG00000137818,0.19394193653464836,0.22814996122630718
BC23901,BC23901_D1,ENSG00000111640,0.10108774119466779,0.10841775044454151
BC23901,BC23901_D1,ENSG00000171345,0.0013644276774434343,-0.007812240274515682
BC23901,BC23901_D1,ENSG00000177600,0.052190365099174865,0.12189869088968118
BC23901,BC23901_D1,ENSG00000231500,-0.051681012442461614,-0.0602267622358411
BC23901,BC23901_D1,ENSG00000164587,0.04928603856597113,0.031263664210943495
BC23901,BC23901_D1,ENSG00000075624,0.09702293746957802,0.11271266920095138
BC23901,BC23901_D1,ENSG00000108107,0.046061621993220385,0.049740484644833514
BC23901,BC23901_D1,ENSG00000108298,-0.01681668842255365,-0.007448398903954121
BC23901,BC23901_D1,ENSG00000105372,0.008708419660282669,0.011257781150623352
BC23901,BC23901_D1,ENSG00000197756,-0.18449980934797008,-0.18234362778328003
BC23901,BC23901_D1,ENSG00000141736,0.11416934467518394,0.1343632939983231
BC23901,BC23901_D1,ENSG00000161016,0.03785749101559684,0.04216610840391035
BC23901,BC23901_D1,ENSG00000167526,0.06719884821982419,0.06760921777709891
BC23901,BC23901_D1,ENSG00000087086,0.06483876674227168,0.09329281901801915
BC23901,BC23901_D1,ENSG00000130255,-0.15398395995446967,-0.15992181793969668
BC23901,BC23901_D1,ENSG00000108518,0.052551271754180874,0.0746876364105773
BC23901,BC23901_D1,ENSG00000136942,-0.04984561883043457,-0.012011914999472005
BC23901,BC23901_D1,__ambiguous[ENSG00000251357+ENSG00000240972],0.11762472910313114,0.15929076069858192
BC23901,BC23901_D1,ENSG00000149273,0.03200859907460982,0.04729540157911363
BC23901,BC23901_D1,ENSG00000117984,0.0063262082195874115,0.055941433892385685
BC23901,BC23901_D1,ENSG00000197746,-0.01242464357965426,0.03372565283285164
BC23901,BC23901_D1,ENSG00000063177,0.02423140367202925,0.03334951025563144
BC23901,BC23901_D1,ENSG00000180879,0.04722896115561668,0.050308555836622255
BC23901,BC23901_D1,ENSG00000140264,-0.04805139484657562,-0.043816863242803504
BC23901,BC23901_D1,ENSG00000179218,0.05239829241756171,0.023940752303957435
BC23901,BC23901_D1,ENSG00000105193,-0.0371683968822208,-0.03706518754052312
BC23901,BC23901_D1,ENSG00000221983,-0.16609653412105785,-0.15373856865295724
BC23901,BC23901_D1,ENSG00000204628,-0.02774199408100229,-0.09016834696739841
BC23901,BC23901_D1,ENSG00000167996,0.12238749875485805,0.1430705195218112
BC23901,BC23901_D1,ENSG00000166441,-0.10928360722294173,-0.09627593639222733
BC23901,BC23901_D1,ENSG00000142541,0.0006709877024457239,0.0015113975059430536
BC23901,BC23901_D1,ENSG00000130203,0.08381311451371178,0.10634835125262426
BC23901,BC23901_D1,ENSG00000142534,-0.07874177319940316,-0.13157460229660603
BC23901,BC23901_D1,ENSG00000234745,0.14386129246476506,0.19500333667876657
BC23901,BC23901_D1,ENSG00000185624,0.07721475762324805,0.0985939856841118
BC23901,BC23901_D1,ENSG00000109062,0.0576373774732386,0.03196601543853712
BC23901,BC23901_D1,ENSG00000140988,-0.0069591752859309896,-0.011474227336166595
BC23901,BC23901_D1,ENSG00000147403,-0.07880317260087874,-0.06823925157738467
BC23901,BC23901_D1,ENSG00000089157,0.02459681406944977,0.030161882929926775
BC23901,BC23901_D1,ENSG00000105640,0.07522872777182033,0.06324140880389804
BC23901,BC23901_D1,ENSG00000171858,-0.08411201144385695,-0.0681104689589462
BC23901,BC23901_D1,ENSG00000115268,-0.00756956367304801,-0.040641939394815134
BC23901,BC23901_D1,ENSG00000233927,-0.04982425413386681,-0.0596534901403167
BC23901,BC23901_D1,ENSG00000112306,-0.010359568302848272,-0.02299959677806575
BC23901,BC23901_D1,ENSG00000198034,0.08617622606280843,0.122126209680757
BC23901,BC23901_D1,ENSG00000182774,0.040110613588478596,0.04547887950973271
BC23901,BC23901_D1,ENSG00000149806,-0.06797145228763152,-0.06196505221069752
BC23901,BC23901_D1,ENSG00000125691,-0.04153818869561767,0.009080052635565512
BC23901,BC23901_D1,ENSG00000142676,-0.07333792131439827,-0.08341472789360138
BC23901,BC23901_D1,ENSG00000213741,-0.02482782495405079,-0.025599284856091892
BC23901,BC23901_D1,ENSG00000111341,-0.1148546949270866,-0.13713569316477128
BC23901,BC23901_D1,ENSG00000019582,0.11002730865378905,0.12094475432531611
BC23901,BC23901_D1,ENSG00000170889,0.033893041153215016,0.06219285753683538
BC23901,BC23901_D1,ENSG00000172809,0.003577420957655768,0.015387943590108822
BC23901,BC23901_D1,ENSG00000204525,0.00655318107873354,0.063585179291267
BC23901,BC23901_D1,ENSG00000101439,-0.07350046619243371,-0.1263920237636863
BC23901,BC23901_D1,ENSG00000100316,-0.04530831140896526,-0.0864273500806252
BC23901,BC23901_D1,ENSG00000172757,-0.07337929296821184,-0.07494433827108052
BC23901,BC23901_D1,ENSG00000177954,0.1822286543915867,0.20247015719147518
BC23901,BC23901_D1,ENSG00000184009,0.18948863068937166,0.23285608317510853
BC23901,BC23901_D1,ENSG00000137154,0.09558408482937579,0.10006761606832802
BC23901,BC23901_D1,ENSG00000204592,-0.09120102991877302,-0.11883303656680487
BC23901,BC23901_D1,ENSG00000108821,0.09933060139251676,0.1366606581734715
BC23901,BC23901_D1,__ambiguous[ENSG00000254772+ENSG00000255508],-0.012747934380154863,-0.030615487708466282
BC23901,BC23901_D1,ENSG00000142937,-0.03905025066271777,-0.007332818428637801
BC23901,BC23901_D1,ENSG00000206503,-0.004935404380959919,0.02937305822727281
BC23901,BC23901_D1,__ambiguous[ENSG00000185883+ENSG00000260272],0.0015224785251263034,-0.005600567250192182
BC23901,BC23901_D1,ENSG00000169710,0.02735030385346743,0.10356943219424726
BC23901,BC23901_D1,ENSG00000083845,0.020761896232639302,0.03920424185150379
BC23901,BC23901_D1,ENSG00000167995,-0.07457161168247847,-0.05589482681534853
BC23901,BC23901_D1,ENSG00000165949,0.09352697253745287,0.12411694528474358
BC23901,BC23901_D1,ENSG00000135404,0.0330898963178708,0.03316791085106591
BC23901,BC23901_D1,ENSG00000231925,-0.12115559625160574,-0.10746752724860531
BC23901,BC23901_D1,ENSG00000163191,0.062242656031196,0.09038953530990596
BC23901,BC23901_D1,ENSG00000197958,-0.010993247602306775,-0.03999464323461289
BC23901,BC23901_D1,ENSG00000167468,0.02728533686887022,0.03129218855097139
BC23901,BC23901_D1,ENSG00000167658,0.07630862773383801,0.13205529973106017
BC23901,BC23901_D1,ENSG00000107223,-0.01476107665410747,0.003311690645800285
BC23901,BC23901_D1,ENSG00000162244,-0.07115777762998818,-0.05941343190010026
BC23901,BC23901_D1,ENSG00000108639,-0.06392098776393086,-0.025381374562395004
BC23901,BC23901_D1,ENSG00000156482,0.07188550263347344,0.060724109674460076
BC23901,BC23901_D1,ENSG00000144713,-0.16714267573326622,-0.18075351834765188
BC23901,BC23901_D1,ENSG00000148303,-0.026199238228512847,-0.08614629700110786
BC23901,BC23901_D1,ENSG00000149925,0.046014144628522435,0.045397232424129345
BC23901,BC23901_D1,ENSG00000172531,0.0408395374123817,0.04159590350235463
BC23901,BC23901_D1,ENSG00000106624,-0.0803054199881067,-0.06754876981271225
BC23901,BC23901_D1,ENSG00000143947,0.0014809572474136852,0.025332873653328345
BC23901,BC23901_D1,ENSG00000224389,0.0143995213584454,-0.01149426333678446
BC23901,BC23901_D1,ENSG00000108344,0.07874363722250208,0.07283094720185329
BC23901,BC23901_D1,ENSG00000174748,0.1312023315330716,0.17306057959943488
BC23901,BC23901_D1,ENSG00000108679,0.05746432278817277,0.08837026012662628
BC23901,BC23901_D1,ENSG00000131469,0.1040436205801606,0.12716117796236157
BC23901,BC23901_D1,ENSG00000185825,-0.06425872494592746,-0.07175761546650353
BC23901,BC23901_D1,ENSG00000185499,0.014890298347112212,0.031102338166376222
BC23901,BC23901_D1,ENSG00000115884,0.016504718759908138,0.01058474316771663
BC23901,BC23901_D1,ENSG00000198242,-0.04163263020818625,-0.04519889247633032
BC23901,BC23901_D1,ENSG00000145592,-0.017611013079945996,0.03237678688272815
BC23901,BC23901_D1,ENSG00000246705,0.043416823786268204,0.04911406167796415
BC23901,BC23901_D1,ENSG00000166710,0.19245691516473293,0.25232897442259616
BC23901,BC23901_D1,ENSG00000130303,-0.15367256799930926,-0.11364707264580569
BC23901,BC23901_D1,ENSG00000141741,0.029196236314581608,0.02042970594927364
BC23901,BC23901_D1,ENSG00000163220,0.03129805621552929,0.04811529832604905
BC23901,BC23901_D1,ENSG00000106211,0.02970881506375617,0.02322356045708753
BC23901,BC23901_D1,ENSG00000104904,0.16426244006550378,0.19935884727321682
BC23901,BC23901_D1,ENSG00000158710,0.054444087843721706,0.03981867409983837
BC23901,BC23901_D1,ENSG00000152082,-0.0323319782755008,-0.011480998053536164
BC23901,BC23901_D1,ENSG00000160862,0.05438275984562698,0.049741220200726355
BC23901,BC23901_D1,ENSG00000279483,-0.03793234318845197,-0.05680349792114847
BC23901,BC23901_D1,__ambiguous[ENSG00000185885+ENSG00000185201],-0.05440133221772307,-0.05895750186562384
BC23901,BC23901_D1,ENSG00000117410,0.1139540698883255,0.15457497978381954
BC23901,BC23901_D1,ENSG00000110651,-0.08002686454787848,-0.08906298578628262
BC23901,BC23901_D1,ENSG00000118181,0.1004144770133143,0.15805624667344703
BC23901,BC23901_D1,__ambiguous[ENSG00000243678+ENSG00000011052],0.18037100354676486,0.20234814504925072
BC23901,BC23901_D1,ENSG00000173372,0.12145224918806556,0.13991257396076187
BC23901,BC23901_D1,ENSG00000115457,0.07386106392907289,0.10750586424530985
BC23901,BC23901_D1,ENSG00000074800,0.002454598626615648,-0.007765570708882702
BC23901,BC23901_D1,ENSG00000130208,-0.07741468255936773,-0.07588523654386098
BC23901,BC23901_D1,ENSG00000092841,0.0022144721130442097,-0.004320990738862536
BC23901,BC23901_D1,ENSG00000111057,0.12625513713711964,0.1416346957766687
BC23901,BC23901_D1,__ambiguous[ENSG00000124614+ENSG00000270800],-0.1006570593400965,-0.09697229138249965
BC23901,BC23901_D1,ENSG00000142669,-0.07125567386200736,-0.05309219551452094
BC23901,BC23901_D1,ENSG00000030582,0.10973034420471776,0.12882239373421708
BC23901,BC23901_D1,ENSG00000133112,0.17774354848085167,0.22062429663179028
BC23901,BC23901_D1,ENSG00000126267,0.08412211034154857,0.11413532836659032
BC23901,BC23901_D1,ENSG00000277972,0.028087904642921654,0.029137516760001803
BC23901,BC23901_D1,ENSG00000071082,0.09330319216277871,0.1452745134003785
BC23901,BC23901_D1,ENSG00000169100,-0.047241265630171676,-0.03208883484360898
BC23901,BC23901_D1,ENSG00000205542,0.2714926695154939,0.31620631874903427
BC23901,BC23901_D1,ENSG00000150991,0.1449509237235564,0.1663805285273385
BC23901,BC23901_D1,ENSG00000070756,0.031317243922701195,0.05558662398597911
BC23901,BC23901_D1,ENSG00000117450,0.07324487391250592,0.11442558122466111
BC23901,BC23901_D1,ENSG00000277791,0.12204127909164457,0.17877578204051475
BC23901,BC23901_D1,ENSG00000071553,-0.03781209459167443,-0.040123415481878165
BC23901,BC23901_D1,__ambiguous[ENSG00000257341+ENSG00000213145],-0.0413764904136577,-0.042134579535804725
BC23901,BC23901_D1,ENSG00000143774,-0.035109844960780234,-0.035985810657334305
BC23901,BC23901_D1,ENSG00000102265,0.0005539701041493067,-0.002542274164379429
BC23901,BC23901_D1,ENSG00000149591,-0.12326314781857463,-0.14485862372659875
BC23901,BC23901_D1,ENSG00000162511,-0.003995304717502941,0.011293120661712938
BC23901,BC23901_D1,ENSG00000124664,0.16063487016941255,0.1926982274232138
BC23901,BC23901_D1,ENSG00000165215,0.014193221654264386,0.005757230140469773
BC23901,BC23901_D1,ENSG00000178719,-0.0682966992754371,-0.06126058849368808
BC23901,BC23901_D1,ENSG00000125534,-0.006336840039401031,-0.029831715737003776
BC23901,BC23901_D1,ENSG00000105223,0.04556102496945708,0.043392159295963
BC23901,BC23901_D1,ENSG00000145425,0.033453006879226824,0.060149937985474085
BC23901,BC23901_D1,ENSG00000182492,-0.07968755482211906,-0.10374060591039083
BC23901,BC23901_D1,ENSG00000163682,0.1312351899192392,0.13704525055300015
BC23901,BC23901_D1,ENSG00000160789,-0.045631594074608636,-0.022765659723049086
BC23901,BC23901_D1,ENSG00000176340,-0.07696212781857267,-0.0866237918634805
BC23901,BC23901_D1,ENSG00000196924,-0.05749335576069296,-0.07556066130282299
BC23901,BC23901_D1,ENSG00000141522,0.10461605019596415,0.12493584278661243
BC23901,BC23901_D1,ENSG00000124614,-0.0450004508118989,-0.06341909584061992
BC23901,BC23901_D1,ENSG00000182809,-0.13155164739043873,-0.11458679038909927
BC23901,BC23901_D1,ENSG00000187514,0.05351899752255347,0.0895946451505955
BC23901,BC23901_D1,ENSG00000164733,0.08252285468497235,0.08955844235070202
BC23901,BC23901_D1,ENSG00000204287,0.08044511261528084,0.14138172143470032
BC23901,BC23901_D1,ENSG00000115414,0.13681796870729931,0.1772374924826526
BC23901,BC23901_D1,ENSG00000255823,-0.0587083565697614,-0.042424928470997804
BC23901,BC23901_D1,ENSG00000051523,0.0851071361290522,0.09408713806631741
BC23901,BC23901_D1,ENSG00000135480,0.040395097684303286,0.06333015819210817
BC23901,BC23901_D1,ENSG00000131748,0.02612110072468103,0.05892051324455313
BC23901,BC23901_D1,__ambiguous[ENSG00000277957+ENSG00000161960],0.06959709642730065,0.13675862395381405
BC23901,BC23901_D1,ENSG00000138326,-0.10851952806692684,-0.13530753586733518
BC23901,BC23901_D1,ENSG00000142089,-0.15590961525618727,-0.23020422606143937
BC23901,BC23901_D1,ENSG00000127540,-0.05792967429155501,-0.03491805190675246
BC23901,BC23901_D1,ENSG00000058262,0.06256364383955602,0.11514454216237509
BC23901,BC23901_D1,ENSG00000169223,0.11782834822323911,0.14666851078207074
BC23901,BC23901_D1,ENSG00000144426,-0.09722325248286456,-0.08996551344181519
BC23901,BC23901_D1,ENSG00000103363,0.05376838016380495,0.016817601391580318
BC23901,BC23901_D1,ENSG00000123349,-0.048109617664551935,-0.030820275175862565
BC23901,BC23901_D1,ENSG00000052344,-0.08638234152515063,-0.08157613172889133
BC23901,BC23901_D1,ENSG00000111669,-0.05988220660608058,-0.07104345837717603
BC23901,BC23901_D1,ENSG00000272196,0.05357132135412697,0.033118355805989264
BC23901,BC23901_D1,ENSG00000114353,-0.06408339289924364,-0.049879264727707914
BC23901,BC23901_D1,ENSG00000269028,0.051146483564129507,0.058995984289585426
BC23901,BC23901_D1,ENSG00000125730,-0.12444467805296347,-0.18696996720008804
BC23901,BC23901_D1,ENSG00000184897,0.0077456633520103825,0.04256914670204327
BC23901,BC23901_D1,ENSG00000182899,0.0408311413205964,0.07214143449922641
BC23901,BC23901_D1,ENSG00000164692,0.02024687371997829,0.05739137246353838
BC23901,BC23901_D1,ENSG00000114867,0.05415593845394109,0.0718035445770186
BC23901,BC23901_D1,ENSG00000172354,0.13174514131019555,0.1357215911565713
BC23901,BC23901_D1,ENSG00000251562,0.00250500716089563,0.012923902461101127
BC23901,BC23901_D1,ENSG00000178952,0.10232438056267125,0.13650815401791572
BC23901,BC23901_D1,ENSG00000026025,-0.09135464864804077,-0.10276013152074469
BC23901,BC23901_D1,__ambiguous[ENSG00000262526+ENSG00000170296],-0.056244311820423526,-0.054618695558847206
BC23901,BC23901_D1,ENSG00000104529,0.08340872541873798,0.10471796876826929
BC23901,BC23901_D1,ENSG00000178980,0.004598697676506583,0.055159580906198366
BC23901,BC23901_D1,ENSG00000142949,-0.12573444714011292,-0.16142140893459817
BC23901,BC23901_D1,ENSG00000167815,0.07073143028415382,0.11889387476701872
BC23901,BC23901_D1,ENSG00000008988,-0.049086789345145196,-0.04784317484727534
BC23901,BC23901_D1,ENSG00000170315,0.14025463237003366,0.17374733557357175
BC23901,BC23901_D1,ENSG00000131143,0.18516790239210595,0.17259704179375876
BC23901,BC23901_D1,__ambiguous[ENSG00000219200+ENSG00000161939],-0.11320421367507649,-0.0924479794998672
BC23901,BC23901_D1,ENSG00000104964,-0.07244569291984071,-0.0408528070430608
BC23901,BC23901_D1,ENSG00000100300,0.00040502695705711775,0.0010986517202948313
BC23901,BC23901_D1,__ambiguous[ENSG00000273259+ENSG00000196136],-0.056235000242269,-0.10154265032916565
BC23901,BC23901_D1,ENSG00000214530,0.035505408066394024,0.035665826352729156
BC23901,BC23901_D1,ENSG00000188846,0.0400487762147805,0.061103422892026464
BC23901,BC23901_D1,ENSG00000087460,0.09940461157144788,0.1139124434228091
BC23901,BC23901_D1,ENSG00000155366,0.02297212758466401,0.014080090538288749
BC23901,BC23901_D1,ENSG00000142173,-0.15685781427498524,-0.1426039197408677
BC23901,BC23901_D1,ENSG00000197956,-0.002163190012760864,0.006206867441013691
BC23901,BC23901_D1,ENSG00000126247,-0.06037000062231381,-0.060320975641445555
BC23901,BC23901_D1,ENSG00000163479,0.01055200031832049,-0.007624138798407601
BC23901,BC23901_D1,ENSG00000100219,0.09404660656842614,0.14473717541725276
BC23901,BC23901_D1,__ambiguous[ENSG00000241343+ENSG00000257529],0.08587933515014878,0.10315756419763485
BC23901,BC23901_D1,ENSG00000174444,0.013622089275380245,0.01915667261456169
BC23901,BC23901_D1,ENSG00000173369,0.12593828815953628,0.15208134282627692
BC23901,BC23901_D1,ENSG00000114391,0.10129814870784451,0.13729156439462334
BC23901,BC23901_D1,ENSG00000174886,0.12687759344057445,0.12481574947724881
BC23901,BC23901_D1,ENSG00000171222,0.07237763447950459,0.09744348524289631
BC23901,BC23901_D1,ENSG00000213988,0.011437551123046681,0.0025530739176160915
BC23901,BC23901_D1,ENSG00000163399,0.01835248807510826,0.053280487868162765
BC23901,BC23901_D1,ENSG00000173272,-0.07303583842547179,-0.08623170847103034
BC23901,BC23901_D1,ENSG00000160932,0.013989741776440577,0.04492819486110766
BC23901,BC23901_D1,ENSG00000196576,0.11867894585022289,0.1294796989230965
BC23901,BC23901_D1,ENSG00000135390,-0.008708126734485492,0.03943616327823061
BC23901,BC23901_D1,ENSG00000172270,-0.07611769926530929,-0.057256252449910706
BC23901,BC23901_D1,ENSG00000177700,0.07209680609265397,0.06463091435732633
BC23901,BC23901_D1,ENSG00000124172,0.05594224852238284,0.06454202009009183
BC23901,BC23901_D1,ENSG00000171863,0.017599415165906532,0.052895827226400245
BC23901,BC23901_D1,ENSG00000186468,0.0584752610554204,0.05260855327848622
BC23901,BC23901_D1,ENSG00000143546,-0.0536364952380672,-0.0592961951862483
BC23901,BC23901_D1,ENSG00000125970,0.027437043942754306,0.03888341620511093
BC23901,BC23901_D1,ENSG00000170421,0.01538192114395559,0.03584089833107619
BC23901,BC23901_D1,ENSG00000186010,0.06833563361741288,0.08643805449306323
BC23901,BC23901_D1,ENSG00000187608,-0.04135793463937622,-0.059928936625443775
BC23901,BC23901_D1,ENSG00000168528,0.10186467101918281,0.1305962782329824
BC23901,BC23901_D1,ENSG00000130725,-0.01217797092398534,0.034351975319851305
BC23901,BC23901_D1,ENSG00000011304,0.20171259789962592,0.262923722218653
BC23901,BC23901_D1,ENSG00000279274,-0.11623461767998362,-0.11985340200818437
BC23901,BC23901_D1,ENSG00000110492,0.0042531124846770275,0.014412984123780438
BC23901,BC23901_D1,ENSG00000143420,0.10892953389332498,0.11212136070220952
BC23901,BC23901_D1,ENSG00000134419,0.05130894498698794,0.07333010345948394
BC23901,BC23901_D1,ENSG00000161960,0.12277268645166503,0.15368468677954605
BC23901,BC23901_D1,ENSG00000025708,-0.08249855376843239,-0.09275292660432954
BC23901,BC23901_D1,ENSG00000101335,-0.030229931135172115,-0.05237378079674423
BC23901,BC23901_D1,ENSG00000109475,0.005952945547703115,0.020117739587694503
BC23901,BC23901_D1,ENSG00000173801,-0.09169770418090809,-0.09396085727915175
BC23901,BC23901_D1,ENSG00000141753,-0.12791713452029752,-0.15171394327090357
BC23901,BC23901_D1,ENSG00000106153,0.07578577995949402,0.07509914847803562
BC23901,BC23901_D1,ENSG00000160180,-0.121643137331436,-0.11126801201507178
BC23901,BC23901_D1,ENSG00000123989,0.05087529096790302,0.09085558342387946
BC23901,BC23901_D1,ENSG00000159840,0.04289586622656758,0.05409298897342132
BC23901,BC23901_D1,ENSG00000147604,-0.01621733234229236,-0.01570878735540011
BC23901,BC23901_D1,ENSG00000135940,0.07611480768454697,0.09054338540832256
BC23901,BC23901_D1,ENSG00000164919,-0.0806816241355592,-0.10964578666721048
BC23901,BC23901_D1,ENSG00000140990,0.016589522012766963,0.04110325431561036
BC23903,BC23903_C1,ENSG00000034510,-0.05573450341925495,-0.10614645980722692
BC23903,BC23903_C1,ENSG00000111640,-0.060781695925183565,-0.05982247089565545
BC23903,BC23903_C1,ENSG00000254709,0.11441726952179049,0.14342024020347072
BC23903,BC23903_C1,ENSG00000171345,-0.042586076803631245,-0.051382142188714355
BC23903,BC23903_C1,ENSG00000137818,0.10075710389970266,0.1435030786644894
BC23903,BC23903_C1,ENSG00000177600,0.12005413432533311,0.13696457976747642
BC23903,BC23903_C1,ENSG00000231500,0.023131819995779845,0.030882260281980732
BC23903,BC23903_C1,ENSG00000164587,0.16886092399198424,0.1830704609082972
BC23903,BC23903_C1,ENSG00000108298,0.06349936848115761,0.076154444128343
BC23903,BC23903_C1,ENSG00000075624,-0.06291419464111454,-0.12785842618325807
BC23903,BC23903_C1,ENSG00000108107,0.08805088488716317,0.08331640120911454
BC23903,BC23903_C1,ENSG00000105372,0.020062895085692742,0.03186534051363018
BC23903,BC23903_C1,ENSG00000197756,0.0543802191209138,0.07025732583441273
BC23903,BC23903_C1,ENSG00000161016,-0.02615538706251226,-0.036621941761125806
BC23903,BC23903_C1,ENSG00000141736,0.06822309513526523,0.07741444418198706
BC23903,BC23903_C1,ENSG00000087086,-0.015427020040291162,0.014905602631568428
BC23903,BC23903_C1,ENSG00000108518,-0.06838355299195739,-0.11166878159494345
BC23903,BC23903_C1,ENSG00000136942,0.14720222593438276,0.15845346346524208
BC23903,BC23903_C1,ENSG00000167526,0.12489685142308056,0.13351493180949106
BC23903,BC23903_C1,ENSG00000130255,0.08585296402176074,0.08334794464627752
BC23903,BC23903_C1,__ambiguous[ENSG00000251357+ENSG00000240972],0.003247950418781198,0.022974132685707162
BC23903,BC23903_C1,ENSG00000117984,0.0858327736384018,0.061961799939858765
BC23903,BC23903_C1,ENSG00000063177,-0.003793224975051618,-0.005725239251380957
BC23903,BC23903_C1,ENSG00000180879,-0.012556328797548089,-0.02960797795992027
BC23903,BC23903_C1,ENSG00000149273,-0.04096668371718617,-0.06423386985614372
BC23903,BC23903_C1,ENSG00000197746,0.0227378938455511,0.06713244950847574
BC23903,BC23903_C1,ENSG00000140264,0.01856974775594167,0.033939919780869514
BC23903,BC23903_C1,ENSG00000105193,0.01039414603733684,0.011405223001765689
BC23903,BC23903_C1,ENSG00000204628,0.01223047993351647,0.01601742332323209
BC23903,BC23903_C1,ENSG00000130203,0.08844485363467842,0.13585775252311366
BC23903,BC23903_C1,ENSG00000221983,-0.059496510855905675,-0.06889961195513751
BC23903,BC23903_C1,ENSG00000179218,0.11954779393437029,0.1688159229351937
BC23903,BC23903_C1,ENSG00000185624,0.055231767311741245,0.10542324569443827
BC23903,BC23903_C1,ENSG00000234745,-0.1275976433610723,-0.15834276908568415
BC23903,BC23903_C1,ENSG00000142534,0.09382769037141768,0.10688990511922711
BC23903,BC23903_C1,ENSG00000166441,0.11457870094768878,0.12043220691090356
BC23903,BC23903_C1,ENSG00000109062,0.02196608153502351,0.018034582031027088
BC23903,BC23903_C1,ENSG00000140988,-0.017222701198004654,0.007624652944559361
BC23903,BC23903_C1,ENSG00000142541,0.08439310991686345,0.10729158976511775
BC23903,BC23903_C1,ENSG00000089157,0.07558746110874041,0.09160658779086214
BC23903,BC23903_C1,ENSG00000167996,-0.12226589692460552,-0.17783624284424457
BC23903,BC23903_C1,ENSG00000147403,0.03257006294218929,0.046163964192357784
BC23903,BC23903_C1,ENSG00000105640,0.048451188697824096,0.06303812003184463
BC23903,BC23903_C1,ENSG00000115268,0.05543660852456145,0.060389571922796
BC23903,BC23903_C1,ENSG00000171858,0.031318910951434444,0.055467407782871396
BC23903,BC23903_C1,ENSG00000233927,-0.012687077335196124,0.004478908504416211
BC23903,BC23903_C1,ENSG00000198034,-0.07318226447749562,-0.10320292410311815
BC23903,BC23903_C1,ENSG00000112306,-0.022277557727379303,-0.01084217889451366
BC23903,BC23903_C1,ENSG00000111341,-0.12500097077237188,-0.19574021842445224
BC23903,BC23903_C1,ENSG00000182774,-0.04210979169374437,-0.06409702329120155
BC23903,BC23903_C1,ENSG00000142676,-0.03567600341608344,-0.037348249830257335
BC23903,BC23903_C1,ENSG00000149806,0.04304617265785348,0.032243273479618195
BC23903,BC23903_C1,ENSG00000213741,0.05202330543601317,0.06012431966351008
BC23903,BC23903_C1,ENSG00000019582,-0.11081823801772973,-0.10362737783382237
BC23903,BC23903_C1,ENSG00000204525,-0.05330143707827754,-0.06564193989545763
BC23903,BC23903_C1,ENSG00000169710,0.03664748244415688,0.04777158516791295
BC23903,BC23903_C1,ENSG00000172809,-0.041646625891066415,-0.09877193312832569
BC23903,BC23903_C1,ENSG00000170889,-0.016240091515327303,-0.016680824042240788
BC23903,BC23903_C1,ENSG00000177954,0.004911610347903597,0.010207771130250788
BC23903,BC23903_C1,ENSG00000125691,0.12260226424175977,0.15595529094474703
BC23903,BC23903_C1,ENSG00000101439,-0.006835295938714363,-0.005641167073897962
BC23903,BC23903_C1,ENSG00000172757,0.00908678209924233,0.02185768609101296
BC23903,BC23903_C1,ENSG00000100316,0.0014943898462813719,0.004876941572007922
BC23903,BC23903_C1,ENSG00000204592,0.036141285263218144,0.07348135955587887
BC23903,BC23903_C1,ENSG00000137154,-0.05486235610900923,-0.06910652005204132
BC23903,BC23903_C1,ENSG00000184009,0.15559793100007463,0.1789790996375581
BC23903,BC23903_C1,__ambiguous[ENSG00000185883+ENSG00000260272],0.042725098023845845,0.04979930618973772
BC23903,BC23903_C1,ENSG00000231925,-0.05224302790440744,-0.03381894152900268
BC23903,BC23903_C1,ENSG00000206503,-0.0411376101612438,-0.022650143870940786
BC23903,BC23903_C1,__ambiguous[ENSG00000254772+ENSG00000255508],-0.04187562409576722,-0.04271979326999662
BC23903,BC23903_C1,ENSG00000165949,-0.21955613046942132,-0.2755439110547842
BC23903,BC23903_C1,ENSG00000083845,0.07911883103597972,0.09041194067489176
BC23903,BC23903_C1,ENSG00000142937,0.0358270446718799,0.014703214946512907
BC23903,BC23903_C1,ENSG00000135404,0.00401761806299313,-0.01017810798104086
BC23903,BC23903_C1,ENSG00000108821,0.22837910386142016,0.2796027600932667
BC23903,BC23903_C1,ENSG00000115457,-0.045796404220566245,-0.07978345838500112
BC23903,BC23903_C1,ENSG00000107223,0.0047235900812978805,0.012435340863961114
BC23903,BC23903_C1,ENSG00000108639,0.15541517770448163,0.17164053030047696
BC23903,BC23903_C1,ENSG00000167658,0.01783475913127394,0.02082120916341148
BC23903,BC23903_C1,ENSG00000167468,0.0863321451991919,0.10943816818293615
BC23903,BC23903_C1,ENSG00000163191,0.005688650973009077,-0.025531008203210935
BC23903,BC23903_C1,ENSG00000108679,0.0730637776036367,0.06117256901154766
BC23903,BC23903_C1,ENSG00000149925,0.026869762563896563,0.043720281161336645
BC23903,BC23903_C1,ENSG00000197958,0.005209570791980123,-0.024626157179145434
BC23903,BC23903_C1,ENSG00000162244,0.08045936159367034,0.08695918192251303
BC23903,BC23903_C1,ENSG00000185825,-0.019428223860156992,-0.04256778004329299
BC23903,BC23903_C1,ENSG00000156482,-0.030032147164541292,-0.03637254656739945
BC23903,BC23903_C1,ENSG00000148303,-0.012350558936954083,-0.012992664880395416
BC23903,BC23903_C1,ENSG00000160862,-0.12465298943148724,-0.15889092478840533
BC23903,BC23903_C1,ENSG00000246705,-0.02526161037280578,-0.017067534273773395
BC23903,BC23903_C1,ENSG00000167995,0.14880274532969248,0.21692114785228325
BC23903,BC23903_C1,ENSG00000224389,0.1654541345312271,0.19829998425870082
BC23903,BC23903_C1,ENSG00000131469,-0.07151511785030017,-0.05459261219574802
BC23903,BC23903_C1,ENSG00000144713,0.024517597598903436,-0.01074725392474013
BC23903,BC23903_C1,ENSG00000172531,-0.014712050809226385,0.016757154395748212
BC23903,BC23903_C1,ENSG00000174748,-0.0016391243757374672,0.020110761262299895
BC23903,BC23903_C1,ENSG00000106624,0.09233154740745554,0.1192557997605773
BC23903,BC23903_C1,ENSG00000185499,-0.03341242967433322,-0.053002885121867356
BC23903,BC23903_C1,ENSG00000143947,0.07191043161893428,0.09445863328580917
BC23903,BC23903_C1,ENSG00000163220,0.015470627545498106,0.023912069779721493
BC23903,BC23903_C1,__ambiguous[ENSG00000243678+ENSG00000011052],0.0543431807018442,0.0366726393345345
BC23903,BC23903_C1,ENSG00000145592,0.0436009427954439,0.052516740005048954
BC23903,BC23903_C1,ENSG00000117410,-0.10581943483428197,-0.10782290035498168
BC23903,BC23903_C1,ENSG00000198242,-0.06965105751321078,-0.06967921957789519
BC23903,BC23903_C1,ENSG00000106211,-0.009558986132129871,-0.006336494870381103
BC23903,BC23903_C1,ENSG00000166710,0.04121625985131156,0.06819728124555545
BC23903,BC23903_C1,ENSG00000152082,-0.006864303410707412,-0.007063425646920853
BC23903,BC23903_C1,ENSG00000108344,0.07550957770839459,0.09373406675189273
BC23903,BC23903_C1,__ambiguous[ENSG00000185885+ENSG00000185201],-0.11301815746623971,-0.14113969805514806
BC23903,BC23903_C1,ENSG00000130208,-0.04627105431426422,-0.0368817875733991
BC23903,BC23903_C1,ENSG00000130303,0.01906683012739683,0.029286127050283068
BC23903,BC23903_C1,ENSG00000141741,0.041327941648893196,0.06145033463179831
BC23903,BC23903_C1,ENSG00000165215,-0.035546930651297534,-0.047999242948248574
BC23903,BC23903_C1,ENSG00000104904,0.037741342742196364,0.07762097059070108
BC23903,BC23903_C1,ENSG00000111057,0.041346857063640524,0.021507910859021543
BC23903,BC23903_C1,ENSG00000074800,-0.07701947284663681,-0.08938033510284112
BC23903,BC23903_C1,ENSG00000173372,0.02872677365779487,0.04505794872264307
BC23903,BC23903_C1,__ambiguous[ENSG00000257341+ENSG00000213145],-0.1820168117296364,-0.22764984070544889
BC23903,BC23903_C1,ENSG00000030582,0.002902695562519261,-0.0151847755164516
BC23903,BC23903_C1,ENSG00000115884,-0.07627924892464376,-0.11370495831992623
BC23903,BC23903_C1,ENSG00000126267,-0.07431024437363487,-0.0713973901731623
BC23903,BC23903_C1,ENSG00000118181,0.029107831316801218,0.004292543070415552
BC23903,BC23903_C1,ENSG00000124664,-0.024648957829170495,-0.02013187452689578
BC23903,BC23903_C1,ENSG00000158710,0.06561398426099112,0.08687892273801397
BC23903,BC23903_C1,ENSG00000279483,0.0013305712037192169,0.00769103187597611
BC23903,BC23903_C1,ENSG00000071553,0.019482063715306676,0.0517525332467621
BC23903,BC23903_C1,__ambiguous[ENSG00000124614+ENSG00000270800],-0.007671135950255252,0.0007687166721323129
BC23903,BC23903_C1,ENSG00000142669,-0.01693041654090503,-0.029562075102497535
BC23903,BC23903_C1,ENSG00000169100,-0.07665405634816597,-0.08638762534736509
BC23903,BC23903_C1,ENSG00000110651,0.017488367408143007,0.017282926543175613
BC23903,BC23903_C1,ENSG00000150991,-0.005092342713560643,0.00463719181003603
BC23903,BC23903_C1,ENSG00000071082,-0.024598272229071638,-0.02175254290652196
BC23903,BC23903_C1,ENSG00000070756,-0.02436597519685424,-0.021698277950627044
BC23903,BC23903_C1,ENSG00000092841,-0.04170088220709108,-0.04896775583187515
BC23903,BC23903_C1,ENSG00000141522,-0.08596002292954957,-0.09254841220049269
BC23903,BC23903_C1,ENSG00000117450,0.1860457341484656,0.2059175925446283
BC23903,BC23903_C1,ENSG00000133112,-0.04377009935885972,-0.020911996249266356
BC23903,BC23903_C1,ENSG00000178719,0.16931353715187933,0.187683758912984
BC23903,BC23903_C1,ENSG00000105223,0.031951611213898896,0.04628090305501275
BC23903,BC23903_C1,ENSG00000162511,-0.09740193612639368,-0.11046674002909135
BC23903,BC23903_C1,ENSG00000205542,0.03647046129866262,0.02875095190223627
BC23903,BC23903_C1,ENSG00000176340,0.06736399125345814,0.05841905849470994
BC23903,BC23903_C1,ENSG00000143774,0.007881930381959345,0.0063344765732586536
BC23903,BC23903_C1,ENSG00000163682,-0.04586560736581194,-0.01047106240972604
BC23903,BC23903_C1,ENSG00000182809,-0.002824062223486817,0.003988212497214111
BC23903,BC23903_C1,ENSG00000277972,-0.0025074705573630606,0.00017887943285360312
BC23903,BC23903_C1,ENSG00000102265,-0.0009769446839145031,0.025618497267368198
BC23903,BC23903_C1,ENSG00000125534,-0.018219250729542443,-0.006550429227824442
BC23903,BC23903_C1,ENSG00000051523,0.0533860322701777,0.054789411450836274
BC23903,BC23903_C1,ENSG00000124614,-0.0169714535751067,0.0047089806844795015
BC23903,BC23903_C1,ENSG00000204287,-0.05914336791489133,-0.022149785926876938
BC23903,BC23903_C1,ENSG00000277791,0.07554435180792927,0.12523402818180934
BC23903,BC23903_C1,ENSG00000127540,-0.07926592094431523,-0.07508378516035047
BC23903,BC23903_C1,ENSG00000164733,0.049059144904459936,0.06415773583624751
BC23903,BC23903_C1,ENSG00000145425,-0.04484788204539293,-0.048601262112926515
BC23903,BC23903_C1,__ambiguous[ENSG00000277957+ENSG00000161960],0.06045559260998926,0.10944510443249773
BC23903,BC23903_C1,ENSG00000184897,0.04885185731606334,0.07918003829559281
BC23903,BC23903_C1,ENSG00000142089,-0.057287304904894136,-0.07686545476412954
BC23903,BC23903_C1,ENSG00000111669,-0.10687445457079078,-0.10317400512690869
BC23903,BC23903_C1,ENSG00000058262,0.030324488597564165,0.0744928188606587
BC23903,BC23903_C1,ENSG00000160789,-0.019854830589132212,-0.020147012065476158
BC23903,BC23903_C1,ENSG00000178952,0.015024436660202981,0.01673982755255336
BC23903,BC23903_C1,ENSG00000187514,0.028314838327109248,0.08156324899685238
BC23903,BC23903_C1,ENSG00000138326,-0.024464258966085794,0.011021356648060955
BC23903,BC23903_C1,ENSG00000103363,-0.06835898450601198,-0.06553380545229234
BC23903,BC23903_C1,ENSG00000135480,-0.03824988663662967,-0.055592148062648686
BC23903,BC23903_C1,ENSG00000131748,-0.000649713197936586,0.01592225114533627
BC23903,BC23903_C1,ENSG00000115414,0.28962978541880424,0.34438263424036614
BC23903,BC23903_C1,ENSG00000052344,0.035604068068450095,0.04777707680026811
BC23903,BC23903_C1,ENSG00000123349,0.04702718364630988,0.04756953285384557
BC23903,BC23903_C1,ENSG00000272196,0.21492980012655408,0.2482775885022845
BC23903,BC23903_C1,ENSG00000104529,0.01160569710085291,0.020247393181006344
BC23903,BC23903_C1,ENSG00000182492,0.14655615312576298,0.1728685989112627
BC23903,BC23903_C1,ENSG00000196924,-0.10749648845805065,-0.13224502616450345
BC23903,BC23903_C1,ENSG00000100219,-0.05598268635015217,-0.0563161533716136
BC23903,BC23903_C1,ENSG00000114353,0.04340166208903652,0.015843954571652805
BC23903,BC23903_C1,ENSG00000167815,-0.0304331581473992,-0.04580005397994541
BC23903,BC23903_C1,ENSG00000144426,-0.06835778841082206,-0.06129592468715211
BC23903,BC23903_C1,ENSG00000149591,0.06203629781750568,0.1309921739137216
BC23903,BC23903_C1,ENSG00000172354,0.04161796085878677,0.060611618555993396
BC23903,BC23903_C1,__ambiguous[ENSG00000262526+ENSG00000170296],0.025387560517065158,0.03169710835008137
BC23903,BC23903_C1,ENSG00000170315,-0.015827233758004926,-0.019683876641254483
BC23903,BC23903_C1,ENSG00000114867,0.025810362916949558,0.04185944640131339
BC23903,BC23903_C1,ENSG00000104964,0.04142362736594779,0.05597138301635685
BC23903,BC23903_C1,__ambiguous[ENSG00000219200+ENSG00000161939],0.04768453966416694,0.07805594764044359
BC23903,BC23903_C1,ENSG00000131143,0.022914698824855178,0.03480990535887235
BC23903,BC23903_C1,__ambiguous[ENSG00000273259+ENSG00000196136],-0.2866331229082662,-0.3118153807838684
BC23903,BC23903_C1,ENSG00000169223,0.16623147858981557,0.240573886922313
BC23903,BC23903_C1,ENSG00000178980,-0.05016011763207821,-0.035235766035718936
BC23903,BC23903_C1,ENSG00000182899,0.08929487720395624,0.08690663471797551
BC23903,BC23903_C1,ENSG00000255823,0.019672125095061565,0.06066623473347039
BC23903,BC23903_C1,ENSG00000214530,0.10027833145784942,0.13891143308149287
BC23903,BC23903_C1,ENSG00000188846,0.004679279260472091,0.0013411555345109257
BC23903,BC23903_C1,ENSG00000126247,-0.10439952824702867,-0.09998127169980905
BC23903,BC23903_C1,ENSG00000145494,-0.031048497610563948,-0.024574996074150268
BC23903,BC23903_C1,ENSG00000008988,-0.011729080213524914,0.0007249521257556237
BC23903,BC23903_C1,ENSG00000155366,-0.054811428039933385,-0.04429268100647401
BC23903,BC23903_C1,ENSG00000174886,-0.03064940136468158,-0.010867854506015307
BC23903,BC23903_C1,ENSG00000187608,-0.17809726334239692,-0.21725709303716473
BC23903,BC23903_C1,ENSG00000100300,0.01047338059912936,0.013816976083940015
BC23903,BC23903_C1,ENSG00000173369,0.016898547665165072,0.021497760439187562
BC23903,BC23903_C1,ENSG00000114391,-0.046397239512153014,-0.06250116846890175
BC23903,BC23903_C1,ENSG00000087460,0.10784197010101368,0.13525279126120715
BC23903,BC23903_C1,ENSG00000163479,0.013543245609257952,0.0033381170925954554
BC23903,BC23903_C1,ENSG00000171222,-0.01626884315535735,0.014988758920395346
BC23903,BC23903_C1,ENSG00000164692,0.27935054050279795,0.3329078949960984
BC23903,BC23903_C1,ENSG00000164919,0.07453650453509185,0.08282119621188817
BC23903,BC23903_C1,ENSG00000173272,0.0038025684849987396,-0.007154832228797816
BC23903,BC23903_C1,ENSG00000163399,0.14230719692799662,0.181320463919428
BC23903,BC23903_C1,ENSG00000125730,0.10441955602489982,0.11392251868872381
BC23903,BC23903_C1,ENSG00000142949,0.0354295186018516,0.04388395105967566
BC23903,BC23903_C1,ENSG00000135390,0.049448168442281844,0.030011862392654208
BC23903,BC23903_C1,ENSG00000269028,0.006484962182340743,0.035119049861594795
BC23903,BC23903_C1,ENSG00000026025,0.089096254361969,0.1146492308907314
BC23903,BC23903_C1,ENSG00000251562,-0.030822870331596187,-0.031246605585170194
BC23903,BC23903_C1,__ambiguous[ENSG00000241343+ENSG00000257529],0.019094481221075443,0.02588203605534737
BC23903,BC23903_C1,ENSG00000143546,-0.047873774968026236,-0.03244702262929479
BC23903,BC23903_C1,ENSG00000130725,-0.04751766985956347,-0.01644250194079594
BC23903,BC23903_C1,ENSG00000160180,-0.05560662187399265,-0.06418560421188617
BC23903,BC23903_C1,ENSG00000174444,0.0798292708223865,0.07411396550182414
BC23903,BC23903_C1,ENSG00000170421,-0.03231589902260326,-0.04011160669137773
BC23903,BC23903_C1,ENSG00000025708,-0.025652190067370028,-0.0046122877359504105
BC23903,BC23903_C1,ENSG00000011304,0.04450880225951861,0.061441317780277734
BC23903,BC23903_C1,ENSG00000186010,0.012270601910725286,0.011816036323400185
BC23903,BC23903_C1,ENSG00000213988,-0.03326737812980723,-0.03098519708434714
BC23903,BC23903_C1,ENSG00000197956,0.06691546923230637,0.06784055927762771
BC23903,BC23903_C1,ENSG00000125970,0.047825233261201625,0.11185195903057263
BC23903,BC23903_C1,ENSG00000177700,-0.027798257332331166,-0.045144968294605105
BC23903,BC23903_C1,ENSG00000140990,-0.0656609100890439,-0.06163367745251578
BC23903,BC23903_C1,ENSG00000160932,0.012047167803911293,-0.003541371621909904
BC23903,BC23903_C1,ENSG00000147684,0.050704605297021185,0.02033818763630476
BC23903,BC23903_C1,ENSG00000196576,0.09062744262143918,0.11325844703096605
BC23903,BC23903_C1,ENSG00000143420,-0.08116340765895277,-0.06211433816722019
BC23903,BC23903_C1,ENSG00000161960,0.023897713905121683,0.04361013770331291
BC23903,BC23903_C1,ENSG00000142173,0.02051269569320281,0.041475650751789904
BC23903,BC23903_C1,ENSG00000172270,-0.057457526933403696,-0.05700538365110025
BC23903,BC23903_C1,ENSG00000110492,0.06363171209740558,0.0673361126449336
BC23903,BC23903_C1,ENSG00000186468,-0.056664535061656675,-0.038676935372868704
BC23903,BC23903_C1,ENSG00000124172,0.029168875206772204,0.048638804210144396
BC23903,BC23903_C1,ENSG00000168528,0.07160217955768702,0.1259651876491885
BC23903,BC23903_C1,ENSG00000109475,-0.002651218173877597,0.029173190900129473
BC23903,BC23903_C1,ENSG00000135940,0.0010728705222582354,0.00434859628411294
BC23903,BC23903_C1,ENSG00000196405,0.03695332632926243,0.03850540174234437
BC23903,BC23903_C1,ENSG00000147604,0.03471428206492476,0.07679952152264846
BC23903,BC23903_C1,ENSG00000171863,-0.010490423721889288,0.01168152775497911
BC23903,BC23903_C1,ENSG00000173801,0.1308576627072592,0.1094235780038118
BC23903,BC23903_C1,ENSG00000129226,0.010981357181061269,0.03331480579423624
BC23903,BC23903_C1,ENSG00000132507,0.006686577241935974,0.02767616838586026
BC23903,BC23903_C1,ENSG00000132475,0.04536999034133803,0.051642784927701926
BC23903,BC23903_C1,ENSG00000130520,-0.15330853748825513,-0.17959300624375643
BC23903,BC23903_C2,ENSG00000034510,0.029816259285520327,0.03027984196347085
BC23903,BC23903_C2,ENSG00000111640,-0.0178442437731188,-0.026180737495735226
BC23903,BC23903_C2,ENSG00000254709,0.051888148851118615,0.08768954653643421
BC23903,BC23903_C2,ENSG00000171345,0.14672437855140746,0.19501793548175594
BC23903,BC23903_C2,ENSG00000137818,0.010272754668289603,0.03567367722360727
BC23903,BC23903_C2,ENSG00000177600,0.1487858290044133,0.1536143286126031
BC23903,BC23903_C2,ENSG00000231500,0.11159570423308296,0.12907728537493046
BC23903,BC23903_C2,ENSG00000164587,0.07809256550648468,0.11184212433069207
BC23903,BC23903_C2,ENSG00000108298,0.04560062634758169,0.05486974968196746
BC23903,BC23903_C2,ENSG00000075624,0.0706534148785066,0.08857807539457822
BC23903,BC23903_C2,ENSG00000108107,0.09091320585328566,0.10723042190911103
BC23903,BC23903_C2,ENSG00000105372,0.06427324373167902,0.0839140814101555
BC23903,BC23903_C2,ENSG00000197756,0.11539802267130264,0.14673636837273354
BC23903,BC23903_C2,ENSG00000161016,-0.04484715415507567,-0.0642436838055283
BC23903,BC23903_C2,ENSG00000141736,0.06709309329289774,0.07404527120040523
BC23903,BC23903_C2,ENSG00000087086,0.04593207902584397,0.06808613792728221
BC23903,BC23903_C2,ENSG00000108518,0.004701088951804308,0.017759884476380782
BC23903,BC23903_C2,ENSG00000136942,0.14017995155130944,0.12480202278064663
BC23903,BC23903_C2,ENSG00000167526,0.12182785778921706,0.1320512566126106
BC23903,BC23903_C2,ENSG00000130255,0.11070629140047132,0.11732025780436726
BC23903,BC23903_C2,__ambiguous[ENSG00000251357+ENSG00000240972],0.008684735069364251,0.01143714966614845
BC23903,BC23903_C2,ENSG00000117984,-0.09045214979596083,-0.13147129451427253
BC23903,BC23903_C2,ENSG00000063177,-0.04517260933177551,-0.041773874580802665
BC23903,BC23903_C2,ENSG00000180879,-0.046900818080870176,-0.02532091940122376
BC23903,BC23903_C2,ENSG00000149273,-0.08936949992455019,-0.11639277862102558
BC23903,BC23903_C2,ENSG00000197746,0.14634683027559514,0.15195443069863762
BC23903,BC23903_C2,ENSG00000140264,0.018505611378451747,0.029091085668556838
BC23903,BC23903_C2,ENSG00000105193,-0.010816467516118984,0.015540369299117757
BC23903,BC23903_C2,ENSG00000204628,0.10695654189455284,0.10779501071207352
BC23903,BC23903_C2,ENSG00000130203,0.0638216545386239,0.08168180489132
BC23903,BC23903_C2,ENSG00000221983,0.00404126503689658,0.01634113281512486
BC23903,BC23903_C2,ENSG00000179218,0.15449637714515727,0.20898569805266237
BC23903,BC23903_C2,ENSG00000185624,0.0906610375615018,0.11579493113197761
BC23903,BC23903_C2,ENSG00000234745,-0.028925734049742406,-0.045535222063655054
BC23903,BC23903_C2,ENSG00000142534,0.11667163832813318,0.15499843144594458
BC23903,BC23903_C2,ENSG00000166441,0.16804141231581116,0.17913860679747098
BC23903,BC23903_C2,ENSG00000109062,0.14846321255305356,0.21933878399652576
BC23903,BC23903_C2,ENSG00000140988,0.060085199616234715,0.0707628397716493
BC23903,BC23903_C2,ENSG00000142541,0.10677449964896232,0.150457662045308
BC23903,BC23903_C2,ENSG00000089157,-0.02237034203302975,-0.011684631377826406
BC23903,BC23903_C2,ENSG00000167996,-0.027204498329087775,-0.012503828065553342
BC23903,BC23903_C2,ENSG00000147403,-0.04669216400000061,-0.03463626404338085
BC23903,BC23903_C2,ENSG00000105640,0.11016740728955438,0.12696129589598418
BC23903,BC23903_C2,ENSG00000115268,0.05767050149529768,0.0881075748962434
BC23903,BC23903_C2,ENSG00000171858,-0.014979721759740295,-0.014126535378555558
BC23903,BC23903_C2,ENSG00000233927,-0.02943612818048647,-0.04018674725256511
BC23903,BC23903_C2,ENSG00000198034,0.0014209678459579035,0.021735675818164414
BC23903,BC23903_C2,ENSG00000112306,0.06554845473352328,0.1292991841830696
BC23903,BC23903_C2,ENSG00000111341,-0.0026290168997344958,-0.04174623214867079
BC23903,BC23903_C2,ENSG00000182774,0.07146248777706096,0.08375835343082641
BC23903,BC23903_C2,ENSG00000142676,0.12646028243502333,0.1403793468818871
BC23903,BC23903_C2,ENSG00000149806,-0.014404421410106045,-0.0009666664294496869
BC23903,BC23903_C2,ENSG00000213741,0.03332200413457201,0.06908978938941293
BC23903,BC23903_C2,ENSG00000019582,0.00842110595399021,0.05974217710089407
BC23903,BC23903_C2,ENSG00000204525,0.0848987659439081,0.07999142213836176
BC23903,BC23903_C2,ENSG00000169710,0.12856674905789217,0.14311683981164475
BC23903,BC23903_C2,ENSG00000172809,-0.004810854400341887,-0.0024009505267234303
BC23903,BC23903_C2,ENSG00000170889,0.038166950291281525,0.057617368298368075
BC23903,BC23903_C2,ENSG00000177954,0.060930982317157274,0.06973184092249349
BC23903,BC23903_C2,ENSG00000125691,0.0605875351184011,0.09725355604779895
BC23903,BC23903_C2,ENSG00000101439,0.1345706769535892,0.1789409905761189
BC23903,BC23903_C2,ENSG00000172757,0.05470343775403525,0.05959155152865573
BC23903,BC23903_C2,ENSG00000100316,0.018964353336088167,0.030243664447925887
BC23903,BC23903_C2,ENSG00000204592,0.03948733949673122,0.08690406523506361
BC23903,BC23903_C2,ENSG00000137154,0.11389525962090885,0.13373414110290846
BC23903,BC23903_C2,ENSG00000184009,0.21582829006624302,0.2481676417399414
BC23903,BC23903_C2,__ambiguous[ENSG00000185883+ENSG00000260272],0.05723486113330748,0.08082015335458533
BC23903,BC23903_C2,ENSG00000231925,0.17169777621873333,0.16238634525889714
BC23903,BC23903_C2,ENSG00000206503,-0.072293167890933,-0.06909079923641641
BC23903,BC23903_C2,__ambiguous[ENSG00000254772+ENSG00000255508],-0.05115860081032859,-0.027196310354666225
BC23903,BC23903_C2,ENSG00000165949,-0.21115540675643213,-0.26040786761982593
BC23903,BC23903_C2,ENSG00000083845,0.05149019021699292,0.07864409729580171
BC23903,BC23903_C2,ENSG00000142937,0.025988526180133992,0.028567295373569338
BC23903,BC23903_C2,ENSG00000135404,0.029375002729059543,0.04858400793217033
BC23903,BC23903_C2,ENSG00000108821,0.21944912905574213,0.24715016447782984
BC23903,BC23903_C2,ENSG00000115457,0.031628129414128174,0.003536163950980973
BC23903,BC23903_C2,ENSG00000107223,-0.030398052758410093,-0.043171283194983326
BC23903,BC23903_C2,ENSG00000108639,0.13998846185682726,0.17333814296220865
BC23903,BC23903_C2,ENSG00000167658,-0.04512029806261537,-0.04077040513329446
BC23903,BC23903_C2,ENSG00000167468,0.02218930319122566,0.034680734717064766
BC23903,BC23903_C2,ENSG00000163191,0.03415808211939875,0.07672465786257963
BC23903,BC23903_C2,ENSG00000108679,0.07333314557721679,0.10472386536617447
BC23903,BC23903_C2,ENSG00000149925,0.06469934777782697,0.07460761293943088
BC23903,BC23903_C2,ENSG00000197958,0.05094989594493256,0.0734612676300822
BC23903,BC23903_C2,ENSG00000162244,-0.06331009530305377,-0.03685273805939831
BC23903,BC23903_C2,ENSG00000185825,-0.06118807565200682,-0.063977631491258
BC23903,BC23903_C2,ENSG00000156482,-0.005636105678792026,-0.015404647177812477
BC23903,BC23903_C2,ENSG00000148303,0.03424992136059548,0.05607094460543159
BC23903,BC23903_C2,ENSG00000160862,-0.10632585449035872,-0.1452630149662716
BC23903,BC23903_C2,ENSG00000246705,-0.06780097903013621,-0.07821983161734321
BC23903,BC23903_C2,ENSG00000167995,0.20011916920412634,0.30917794550888317
BC23903,BC23903_C2,ENSG00000224389,0.19141631685081797,0.21207689010262606
BC23903,BC23903_C2,ENSG00000131469,-0.009080315791416032,-0.026044345674288708
BC23903,BC23903_C2,ENSG00000144713,0.05627559426467109,0.09664464150031747
BC23903,BC23903_C2,ENSG00000172531,0.13892940785394098,0.1789467328025147
BC23903,BC23903_C2,ENSG00000174748,0.1195040812243747,0.1676516006882176
BC23903,BC23903_C2,ENSG00000106624,0.025674724431900588,0.07806615111813801
BC23903,BC23903_C2,ENSG00000185499,0.07964630958604337,0.06598248617162888
BC23903,BC23903_C2,ENSG00000143947,0.05447840813980278,0.07853125930726794
BC23903,BC23903_C2,ENSG00000163220,-0.007247302395149201,0.026301057399474644
BC23903,BC23903_C2,__ambiguous[ENSG00000243678+ENSG00000011052],-0.07455594890898906,-0.04290434641349746
BC23903,BC23903_C2,ENSG00000145592,0.014626836886421336,0.033382408615115676
BC23903,BC23903_C2,ENSG00000117410,-0.007168454762247193,-0.016738765860399515
BC23903,BC23903_C2,ENSG00000198242,-0.005773741727622257,-0.003958521085811367
BC23903,BC23903_C2,ENSG00000106211,0.048317930269111964,0.03905364561584959
BC23903,BC23903_C2,ENSG00000166710,0.02402157882267743,0.037461892774787744
BC23903,BC23903_C2,ENSG00000152082,-0.010668720128142555,0.007019755399103063
BC23903,BC23903_C2,ENSG00000108344,0.18920243480990281,0.21816203360380879
BC23903,BC23903_C2,__ambiguous[ENSG00000185885+ENSG00000185201],-0.0018433098503992395,0.01080059906906924
BC23903,BC23903_C2,ENSG00000130208,0.025700786043536206,0.026113043823488353
BC23903,BC23903_C2,ENSG00000130303,0.06609141423782942,0.0903970648370844
BC23903,BC23903_C2,ENSG00000141741,0.09841915823103178,0.09877053671671603
BC23903,BC23903_C2,ENSG00000165215,0.10192587781159448,0.09419528625124954
BC23903,BC23903_C2,ENSG00000104904,0.0332173965307697,0.05893997313222873
BC23903,BC23903_C2,ENSG00000111057,0.05792770624248989,0.0656216351125029
BC23903,BC23903_C2,ENSG00000074800,0.02410794158372927,0.03759629184892112
BC23903,BC23903_C2,ENSG00000173372,0.022001435988885126,0.030845101891296866
BC23903,BC23903_C2,__ambiguous[ENSG00000257341+ENSG00000213145],-0.156714757690971,-0.19642869384292483
BC23903,BC23903_C2,ENSG00000030582,0.13603772060908545,0.1450635478477951
BC23903,BC23903_C2,ENSG00000115884,-0.02129485991809834,-0.05474206074474249
BC23903,BC23903_C2,ENSG00000126267,-0.02608783702842557,-0.033853310066596
BC23903,BC23903_C2,ENSG00000118181,0.07181080194505382,0.09847358266491088
BC23903,BC23903_C2,ENSG00000124664,0.12249920704685338,0.14910256634149568
BC23903,BC23903_C2,ENSG00000158710,0.12786469230145098,0.19665241916153756
BC23903,BC23903_C2,ENSG00000279483,0.08678615268373291,0.10425500438912777
BC23903,BC23903_C2,ENSG00000071553,0.026163359860118276,0.06938319415671627
BC23903,BC23903_C2,__ambiguous[ENSG00000124614+ENSG00000270800],-0.01960396146136281,-0.011008385945709534
BC23903,BC23903_C2,ENSG00000142669,-0.025279713803008686,-0.019825259118389622
BC23903,BC23903_C2,ENSG00000169100,-0.010865472927310438,-0.01580143416959523
BC23903,BC23903_C2,ENSG00000110651,0.020857613967614725,0.03628026553117271
BC23903,BC23903_C2,ENSG00000150991,0.07561932296458788,0.08904326105232288
BC23903,BC23903_C2,ENSG00000071082,0.026836504362713207,0.04169680634882812
BC23903,BC23903_C2,ENSG00000070756,0.08376824215866725,0.11781387215112504
BC23903,BC23903_C2,ENSG00000092841,-0.13854677729515555,-0.16615218586518168
BC23903,BC23903_C2,ENSG00000141522,-0.026022123935608727,-0.016741027776524177
BC23903,BC23903_C2,ENSG00000117450,0.0666616220817826,0.08943473633721813
BC23903,BC23903_C2,ENSG00000133112,0.061174251285445194,0.0654527235024135
BC23903,BC23903_C2,ENSG00000178719,0.029307607180019655,0.06858975209711635
BC23903,BC23903_C2,ENSG00000105223,-0.01126921261683913,-0.01765395638864814
BC23903,BC23903_C2,ENSG00000162511,-0.03784576027807435,-0.011488455053585343
BC23903,BC23903_C2,ENSG00000205542,0.09571952114769852,0.11551362364797478
BC23903,BC23903_C2,ENSG00000176340,-0.024174326419805336,-0.03320466588857146
BC23903,BC23903_C2,ENSG00000143774,0.10488324598312898,0.11035102421818616
BC23903,BC23903_C2,ENSG00000163682,0.025091997439641352,0.04262054251412503
BC23903,BC23903_C2,ENSG00000182809,-0.00855152456662419,0.021105345867236155
BC23903,BC23903_C2,ENSG00000277972,0.06439481236582377,0.1045752997958483
BC23903,BC23903_C2,ENSG00000102265,0.10474427871928527,0.14262578072624865
BC23903,BC23903_C2,ENSG00000125534,-0.032441724295100685,-0.04705974972326178
BC23903,BC23903_C2,ENSG00000051523,0.047311716403717174,0.06329254118644662
BC23903,BC23903_C2,ENSG00000124614,0.01761855050266352,0.02607696247714202
BC23903,BC23903_C2,ENSG00000204287,-0.0304218345090744,-0.020116713633441693
BC23903,BC23903_C2,ENSG00000277791,0.12862358853801184,0.15132932157293305
BC23903,BC23903_C2,ENSG00000127540,0.0006930901450620459,0.0011109572428514318
BC23903,BC23903_C2,ENSG00000164733,0.05935460943653821,0.07751401450919514
BC23903,BC23903_C2,ENSG00000145425,0.0729040706701407,0.10533594930636082
BC23903,BC23903_C2,__ambiguous[ENSG00000277957+ENSG00000161960],0.12166796986939146,0.13294558353023747
BC23903,BC23903_C2,ENSG00000184897,0.011875312222969635,0.033194175940016425
BC23903,BC23903_C2,ENSG00000142089,-0.0613212585052817,-0.0806231340538088
BC23903,BC23903_C2,ENSG00000111669,-0.14347946481328838,-0.14379889205373142
BC23903,BC23903_C2,ENSG00000058262,0.1035128380005256,0.1308920507175995
BC23903,BC23903_C2,ENSG00000160789,-0.06297890349437663,-0.051724737691637906
BC23903,BC23903_C2,ENSG00000178952,0.06224343889541645,0.08034061753602255
BC23903,BC23903_C2,ENSG00000187514,0.12204003484702176,0.14138967082416726
BC23903,BC23903_C2,ENSG00000138326,-0.0010799884216506994,0.017344859844732812
BC23903,BC23903_C2,ENSG00000103363,0.04629790642941443,0.046211641785393005
BC23903,BC23903_C2,ENSG00000135480,-0.0708627481814099,-0.056595248465021016
BC23903,BC23903_C2,ENSG00000131748,0.04542778417200582,0.05757985596008566
BC23903,BC23903_C2,ENSG00000115414,0.29708644298019266,0.34584271297031177
BC23903,BC23903_C2,ENSG00000052344,0.12239024521355238,0.16685026071689923
BC23903,BC23903_C2,ENSG00000123349,-0.003586273952064391,-0.013825426455796569
BC23903,BC23903_C2,ENSG00000272196,0.23772241197539856,0.2892189302105176
BC23903,BC23903_C2,ENSG00000104529,-0.023258326582243142,-0.03705587220823144
BC23903,BC23903_C2,ENSG00000182492,-0.005626662947764103,-0.0010283454731631178
BC23903,BC23903_C2,ENSG00000196924,-0.09769383852229117,-0.11180702669296878
BC23903,BC23903_C2,ENSG00000100219,0.055939229251425394,0.047406284915336105
BC23903,BC23903_C2,ENSG00000114353,-0.031914981321371674,-0.034421057495643094
BC23903,BC23903_C2,ENSG00000167815,0.0008149718442362589,0.03427939064393807
BC23903,BC23903_C2,ENSG00000144426,0.019939868368824464,0.03197176752297085
BC23903,BC23903_C2,ENSG00000149591,0.05246920763048626,0.07979866401167782
BC23903,BC23903_C2,ENSG00000172354,0.002357259633519855,0.011516144255889371
BC23903,BC23903_C2,__ambiguous[ENSG00000262526+ENSG00000170296],0.08386868473576463,0.10590423283807869
BC23903,BC23903_C2,ENSG00000170315,0.06854930717936814,0.07307238649357689
BC23903,BC23903_C2,ENSG00000114867,0.1006744839588565,0.1218890504780385
BC23903,BC23903_C2,ENSG00000104964,-0.014351187140450836,0.011904022073220234
BC23903,BC23903_C2,__ambiguous[ENSG00000219200+ENSG00000161939],-0.033932910168228844,-0.029483582746051434
BC23903,BC23903_C2,ENSG00000131143,0.059594523085836675,0.06948247539208567
BC23903,BC23903_C2,__ambiguous[ENSG00000273259+ENSG00000196136],-0.16448781300272453,-0.20125469991210324
BC23903,BC23903_C2,ENSG00000169223,0.17892718273502237,0.2562246973143655
BC23903,BC23903_C2,ENSG00000178980,0.07069913858718191,0.11766743930119826
BC23903,BC23903_C2,ENSG00000182899,0.01056011175502527,0.032410505066303504
BC23903,BC23903_C2,ENSG00000255823,0.23443347981780066,0.311031884138233
BC23903,BC23903_C2,ENSG00000214530,0.13027821926316283,0.15356622942002227
BC23903,BC23903_C2,ENSG00000188846,-0.011103063985431486,0.0055813454897673895
BC23903,BC23903_C2,ENSG00000126247,-0.02372386899219228,-0.019743687611577774
BC23903,BC23903_C2,ENSG00000145494,-0.03428797268378811,-0.021629699765308968
BC23903,BC23903_C2,ENSG00000008988,0.05076207635999538,0.056784199520601944
BC23903,BC23903_C2,ENSG00000155366,-0.0020298632607235216,0.018074285354214452
BC23903,BC23903_C2,ENSG00000174886,-0.05783896633739641,-0.053793510972432956
BC23903,BC23903_C2,ENSG00000187608,-0.12158123772359773,-0.15909942885226697
BC23903,BC23903_C2,ENSG00000100300,0.07028920300769506,0.10008475147892458
BC23903,BC23903_C2,ENSG00000173369,0.009667879263920933,0.013074734672504192
BC23903,BC23903_C2,ENSG00000114391,0.06137441049700274,0.059099527535449475
BC23903,BC23903_C2,ENSG00000087460,0.19191855912163122,0.2242979721989082
BC23903,BC23903_C2,ENSG00000163479,0.04360216231729759,0.07332196155202605
BC23903,BC23903_C2,ENSG00000171222,0.06059786857774296,0.0428661977332979
BC23903,BC23903_C2,ENSG00000164692,0.2950677236157619,0.3505094591726657
BC23903,BC23903_C2,ENSG00000164919,0.08446885599604545,0.10472054685280077
BC23903,BC23903_C2,ENSG00000173272,0.04280950905416306,0.05299634555127142
BC23903,BC23903_C2,ENSG00000163399,0.1520451417094054,0.20956048541215058
BC23903,BC23903_C2,ENSG00000125730,0.1196824309050036,0.1470433991858327
BC23903,BC23903_C2,ENSG00000142949,0.0634605628110194,0.06997599498584274
BC23903,BC23903_C2,ENSG00000135390,-0.03204486266361716,-0.00983835437665298
BC23903,BC23903_C2,ENSG00000269028,0.2445032828364515,0.31895634786022625
BC23903,BC23903_C2,ENSG00000026025,0.06844752625067163,0.10854997027966203
BC23903,BC23903_C2,ENSG00000251562,0.1382839768024539,0.13160943511922638
BC23903,BC23903_C2,__ambiguous[ENSG00000241343+ENSG00000257529],0.02827212517041277,0.04156132149004405
BC23903,BC23903_C2,ENSG00000143546,-0.0558520095300067,-0.05696706684069859
BC23903,BC23903_C2,ENSG00000130725,0.09690914526779605,0.12954455651940447
BC23903,BC23903_C2,ENSG00000160180,0.05494549302302466,0.04432472563603133
BC23903,BC23903_C2,ENSG00000174444,0.0932271777163935,0.10169390054578434
BC23903,BC23903_C2,ENSG00000170421,0.0645251149447318,0.05758993111399439
BC23903,BC23903_C2,ENSG00000025708,-0.05601644177034516,-0.04626470000579835
BC23903,BC23903_C2,ENSG00000011304,-0.0207445184272627,0.037561693774210994
BC23903,BC23903_C2,ENSG00000186010,-0.02033022986306231,-0.024790875488458375
BC23903,BC23903_C2,ENSG00000213988,-0.024872831222561603,-0.016936824365025586
BC23903,BC23903_C2,ENSG00000197956,0.041368433088521284,0.03243491441199148
BC23903,BC23903_C2,ENSG00000125970,0.030270824586303997,0.05781988732902013
BC23903,BC23903_C2,ENSG00000177700,0.051425226529965694,0.08502902733804152
BC23903,BC23903_C2,ENSG00000140990,0.001750382668470459,-0.020082278324727334
BC23903,BC23903_C2,ENSG00000160932,-0.015993130529298575,-0.019823005771452858
BC23903,BC23903_C2,ENSG00000147684,0.02934017264841775,0.048448509914704015
BC23903,BC23903_C2,ENSG00000196576,0.14585398251467857,0.1816355000704523
BC23903,BC23903_C2,ENSG00000143420,0.07897303796614653,0.08376611349103233
BC23903,BC23903_C2,ENSG00000161960,0.05759287219993972,0.05202682244028693
BC23903,BC23903_C2,ENSG00000142173,-0.052914727521736295,-0.04706371250049677
BC23903,BC23903_C2,ENSG00000172270,0.006725059661306655,0.011803327825777107
BC23903,BC23903_C2,ENSG00000110492,0.05565913567108098,0.05566723510035777
BC23903,BC23903_C2,ENSG00000186468,0.0776782322928834,0.1002974170095385
BC23903,BC23903_C2,ENSG00000124172,0.10237009287772635,0.1125535624324543
BC23903,BC23903_C2,ENSG00000168528,0.09567987537531508,0.147394073952736
BC23903,BC23903_C2,ENSG00000109475,0.06443128744605653,0.053394494518761416
BC23903,BC23903_C2,ENSG00000135940,-0.04404281574897957,-0.032891995709618115
BC23903,BC23903_C2,ENSG00000196405,0.01790931945660718,0.01814922131041395
BC23903,BC23903_C2,ENSG00000147604,0.004656551060380251,0.016793378654604684
BC23903,BC23903_C2,ENSG00000171863,0.1357249371678427,0.18559414549464537
BC23903,BC23903_C2,ENSG00000173801,0.1086506476354234,0.1187295377427926
BC23903,BC23903_C2,ENSG00000129226,-0.06658889908128272,-0.062130801347277685
BC23903,BC23903_C2,ENSG00000132507,-0.023805507190942824,-0.025453835243917304
BC23903,BC23903_C2,ENSG00000132475,0.20623291617675366,0.21126159340213102
BC23903,BC23903_C2,ENSG00000130520,0.04219290848450602,0.05212405425189426
BC23903,BC23903_D1,ENSG00000034510,0.02644728373714889,0.06072310343927823
BC23903,BC23903_D1,ENSG00000111640,0.11106217824923968,0.10560813946602626
BC23903,BC23903_D1,ENSG00000254709,-0.1769087527363812,-0.1997641640221505
BC23903,BC23903_D1,ENSG00000171345,0.15982246446700726,0.19430376594263868
BC23903,BC23903_D1,ENSG00000137818,0.1961674463074594,0.18243671984933174
BC23903,BC23903_D1,ENSG00000177600,0.19940184223329216,0.1848018827700794
BC23903,BC23903_D1,ENSG00000231500,0.13419639853564672,0.11833040886654331
BC23903,BC23903_D1,ENSG00000164587,0.12178991831749574,0.12802470726916002
BC23903,BC23903_D1,ENSG00000108298,0.007867556522281549,0.016521322043531877
BC23903,BC23903_D1,ENSG00000075624,0.1730023463181375,0.1973622791421592
BC23903,BC23903_D1,ENSG00000108107,0.17533042384795308,0.16869172213046896
BC23903,BC23903_D1,ENSG00000105372,0.15529012243123747,0.12439564577316635
BC23903,BC23903_D1,ENSG00000197756,0.15840029953230708,0.12638259216586564
BC23903,BC23903_D1,ENSG00000161016,-0.06647850556295651,-0.09431792940232195
BC23903,BC23903_D1,ENSG00000141736,0.13941129710023648,0.1597810131470494
BC23903,BC23903_D1,ENSG00000087086,0.12359663071465107,0.15677914863589798
BC23903,BC23903_D1,ENSG00000108518,0.0577302251672038,0.08744600709590535
BC23903,BC23903_D1,ENSG00000136942,0.05241376907243217,0.05346755000883977
BC23903,BC23903_D1,ENSG00000167526,0.11214651937433498,0.09385140432830064
BC23903,BC23903_D1,ENSG00000130255,0.10394096382504532,0.10358056252663522
BC23903,BC23903_D1,__ambiguous[ENSG00000251357+ENSG00000240972],0.01078647078698254,-0.005691623156659815
BC23903,BC23903_D1,ENSG00000117984,-0.02546777097125751,-0.009294001922168773
BC23903,BC23903_D1,ENSG00000063177,0.01305398646694135,0.014360871461696711
BC23903,BC23903_D1,ENSG00000180879,-0.000752887254205189,-0.012033471539584931
BC23903,BC23903_D1,ENSG00000149273,-0.0021880053021274557,-0.03193119030814942
BC23903,BC23903_D1,ENSG00000197746,0.19050518131125202,0.23346825242103794
BC23903,BC23903_D1,ENSG00000140264,0.19007707572579688,0.21591982916967667
BC23903,BC23903_D1,ENSG00000105193,0.06918629192346787,0.08634980623996924
BC23903,BC23903_D1,ENSG00000204628,0.10348233650687996,0.09600947389312982
BC23903,BC23903_D1,ENSG00000130203,0.07755293012614642,0.09257473676988417
BC23903,BC23903_D1,ENSG00000221983,0.013117121124970904,-0.005604991280606085
BC23903,BC23903_D1,ENSG00000179218,0.13488249093187757,0.194535902685478
BC23903,BC23903_D1,ENSG00000185624,0.15147722601094862,0.19777418404252467
BC23903,BC23903_D1,ENSG00000234745,0.04012166423514419,0.006449640590394561
BC23903,BC23903_D1,ENSG00000142534,0.0615352138832827,0.05826468913705273
BC23903,BC23903_D1,ENSG00000166441,0.007865903839142034,-0.0010122181118899065
BC23903,BC23903_D1,ENSG00000109062,0.2654390957139726,0.33442865933933597
BC23903,BC23903_D1,ENSG00000140988,0.026720953345996945,0.019244907206086886
BC23903,BC23903_D1,ENSG00000142541,0.05325965384818309,0.04408498644070249
BC23903,BC23903_D1,ENSG00000089157,0.048737186742608546,0.06570058474612107
BC23903,BC23903_D1,ENSG00000167996,0.14977022930370973,0.1416451844789915
BC23903,BC23903_D1,ENSG00000147403,0.08723600945208299,0.054961521207050085
BC23903,BC23903_D1,ENSG00000105640,0.07446637526377835,0.04879621418598833
BC23903,BC23903_D1,ENSG00000115268,0.11049221848734253,0.10923127907978313
BC23903,BC23903_D1,ENSG00000171858,0.05185230161353143,0.05678305415482911
BC23903,BC23903_D1,ENSG00000233927,0.034613246932644594,0.021945192372274557
BC23903,BC23903_D1,ENSG00000198034,0.17461843671908883,0.2083315953633665
BC23903,BC23903_D1,ENSG00000112306,0.2372780315954965,0.24016686160836703
BC23903,BC23903_D1,ENSG00000111341,-0.03606555446626678,-0.03020801382377933
BC23903,BC23903_D1,ENSG00000182774,0.23011876511999352,0.2290927419101441
BC23903,BC23903_D1,ENSG00000142676,0.042794563034085964,0.03150156355094836
BC23903,BC23903_D1,ENSG00000149806,-0.01374547540726169,-0.06112694411734456
BC23903,BC23903_D1,ENSG00000213741,0.21699885249711134,0.25971144522492295
BC23903,BC23903_D1,ENSG00000019582,0.1711925233875635,0.18993213713993629
BC23903,BC23903_D1,ENSG00000204525,0.1582690815480808,0.1571834596806215
BC23903,BC23903_D1,ENSG00000169710,0.1639189140965239,0.1718421290073475
BC23903,BC23903_D1,ENSG00000172809,0.15817663203110835,0.18753124237047752
BC23903,BC23903_D1,ENSG00000170889,0.0299396301020724,0.01772142157799413
BC23903,BC23903_D1,ENSG00000177954,0.032559815918247456,0.01762638271733415
BC23903,BC23903_D1,ENSG00000125691,0.12141330386832509,0.1537972870850104
BC23903,BC23903_D1,ENSG00000101439,0.0926928036709811,0.14040287549180214
BC23903,BC23903_D1,ENSG00000172757,0.024532056861249867,0.003283262032645785
BC23903,BC23903_D1,ENSG00000100316,0.03330373466398603,0.03633827339998163
BC23903,BC23903_D1,ENSG00000204592,-0.05472829842961511,-0.05031599073122645
BC23903,BC23903_D1,ENSG00000137154,0.09264354938887222,0.10374825473108859
BC23903,BC23903_D1,ENSG00000184009,0.35975829999547587,0.3531797186590203
BC23903,BC23903_D1,__ambiguous[ENSG00000185883+ENSG00000260272],0.12273469041968686,0.17482053443747952
BC23903,BC23903_D1,ENSG00000231925,0.17018835874935104,0.197544436481659
BC23903,BC23903_D1,ENSG00000206503,-0.07475038058765497,-0.10041898061057102
BC23903,BC23903_D1,__ambiguous[ENSG00000254772+ENSG00000255508],0.04282223073003016,0.02966507069590344
BC23903,BC23903_D1,ENSG00000165949,-0.022285705886379507,-0.013863053471674153
BC23903,BC23903_D1,ENSG00000083845,-0.07495842584365413,-0.06463033807020471
BC23903,BC23903_D1,ENSG00000142937,0.032513557783636494,0.02373774645753601
BC23903,BC23903_D1,ENSG00000135404,0.025899086288478135,0.010324819978721712
BC23903,BC23903_D1,ENSG00000108821,0.18312219455663029,0.23643440630053253
BC23903,BC23903_D1,ENSG00000115457,-0.045580508177074416,-0.08098155288087262
BC23903,BC23903_D1,ENSG00000107223,0.09266101876771922,0.08009652745128668
BC23903,BC23903_D1,ENSG00000108639,0.21741472964084219,0.26024958652370056
BC23903,BC23903_D1,ENSG00000167658,-0.006983332256096943,-0.03322718653991746
BC23903,BC23903_D1,ENSG00000167468,0.07553353466738369,0.07245120296548417
BC23903,BC23903_D1,ENSG00000163191,0.22027714962626616,0.2738436939848009
BC23903,BC23903_D1,ENSG00000108679,0.15279137589999456,0.1934694035183174
BC23903,BC23903_D1,ENSG00000149925,-0.00659288534105368,0.01170402909808305
BC23903,BC23903_D1,ENSG00000197958,0.026365569881190397,0.026727069199429392
BC23903,BC23903_D1,ENSG00000162244,0.020070915221436728,0.011484703164592502
BC23903,BC23903_D1,ENSG00000185825,0.08319183085804299,0.0996388676659719
BC23903,BC23903_D1,ENSG00000156482,0.08691274795155492,0.08809927433678963
BC23903,BC23903_D1,ENSG00000148303,0.00864547707341091,-0.014862849452843736
BC23903,BC23903_D1,ENSG00000160862,-0.0007588087254801782,-0.02718309417155389
BC23903,BC23903_D1,ENSG00000246705,-0.02962332050912982,-0.0107128035802177
BC23903,BC23903_D1,ENSG00000167995,0.30369344181547125,0.3791809242974718
BC23903,BC23903_D1,ENSG00000224389,0.18946765988951722,0.22956899705146588
BC23903,BC23903_D1,ENSG00000131469,0.009427045424092598,0.00013780929269284007
BC23903,BC23903_D1,ENSG00000144713,-0.031042279085497573,-0.05624824799204847
BC23903,BC23903_D1,ENSG00000172531,0.14711754217197134,0.1720865358864248
BC23903,BC23903_D1,ENSG00000174748,0.20712521796020353,0.2269488488688731
BC23903,BC23903_D1,ENSG00000106624,-0.02179127667658658,0.0319860205514966
BC23903,BC23903_D1,ENSG00000185499,0.18287165961860155,0.2211822350366988
BC23903,BC23903_D1,ENSG00000143947,0.20305822743253132,0.20421774713368301
BC23903,BC23903_D1,ENSG00000163220,-0.11162463186149005,-0.1340912220960454
BC23903,BC23903_D1,__ambiguous[ENSG00000243678+ENSG00000011052],0.13978497973025933,0.1596558876777782
BC23903,BC23903_D1,ENSG00000145592,0.15059687362166696,0.1665091010005523
BC23903,BC23903_D1,ENSG00000117410,0.0365855129327131,0.05187997485664572
BC23903,BC23903_D1,ENSG00000198242,-0.02292894295293284,-0.022713330445567642
BC23903,BC23903_D1,ENSG00000106211,0.0780942292489645,0.07376763446905
BC23903,BC23903_D1,ENSG00000166710,0.2552358519946093,0.21605635316231422
BC23903,BC23903_D1,ENSG00000152082,0.09461384530418078,0.10073577899421367
BC23903,BC23903_D1,ENSG00000108344,0.2295459445258434,0.2796908186965656
BC23903,BC23903_D1,__ambiguous[ENSG00000185885+ENSG00000185201],0.0076304470490421925,0.002896622282224922
BC23903,BC23903_D1,ENSG00000130208,0.08355755360282219,0.11703405704435715
BC23903,BC23903_D1,ENSG00000130303,0.06945581810684838,0.08206841200455918
BC23903,BC23903_D1,ENSG00000141741,0.04792697731641717,0.03286461651730006
BC23903,BC23903_D1,ENSG00000165215,0.070574141120912,0.09810453207282377
BC23903,BC23903_D1,ENSG00000104904,0.11027656734859917,0.13984315387158402
BC23903,BC23903_D1,ENSG00000111057,0.10313283679120802,0.11481617364322246
BC23903,BC23903_D1,ENSG00000074800,0.04315156265298399,0.026891510628984445
BC23903,BC23903_D1,ENSG00000173372,-0.12214963173206861,-0.13965046287368835
BC23903,BC23903_D1,__ambiguous[ENSG00000257341+ENSG00000213145],-0.10916840231517064,-0.11939680173822537
BC23903,BC23903_D1,ENSG00000030582,0.12225942903379791,0.10638916182430476
BC23903,BC23903_D1,ENSG00000115884,0.13190668221251256,0.19806570585466593
BC23903,BC23903_D1,ENSG00000126267,0.19208115813101026,0.221157082252206
BC23903,BC23903_D1,ENSG00000118181,0.22693312978648164,0.23830825465921096
BC23903,BC23903_D1,ENSG00000124664,0.22390665509695623,0.24603090869289534
BC23903,BC23903_D1,ENSG00000158710,0.2060880892381571,0.23598897721531728
BC23903,BC23903_D1,ENSG00000279483,0.040933112962018355,0.034473232820714066
BC23903,BC23903_D1,ENSG00000071553,0.1605879238750001,0.18315742387216036
BC23903,BC23903_D1,__ambiguous[ENSG00000124614+ENSG00000270800],0.03091352807039818,0.010228331480076463
BC23903,BC23903_D1,ENSG00000142669,0.058873938594053134,0.06168021678650737
BC23903,BC23903_D1,ENSG00000169100,0.10390079146571436,0.08637551211475378
BC23903,BC23903_D1,ENSG00000110651,0.06434102352237273,0.05663603441131251
BC23903,BC23903_D1,ENSG00000150991,0.17454345360798307,0.19489860199315828
BC23903,BC23903_D1,ENSG00000071082,0.23993641766570473,0.26706719071867224
BC23903,BC23903_D1,ENSG00000070756,0.14185176621466397,0.14872409883899793
BC23903,BC23903_D1,ENSG00000092841,-0.029339049153678954,-0.05472982988066304
BC23903,BC23903_D1,ENSG00000141522,0.037196958922911486,0.03819384045596224
BC23903,BC23903_D1,ENSG00000117450,0.25049773761431576,0.29365425020051583
BC23903,BC23903_D1,ENSG00000133112,0.23989363227511254,0.23253443029770843
BC23903,BC23903_D1,ENSG00000178719,0.12333726537328374,0.14114870405364516
BC23903,BC23903_D1,ENSG00000105223,0.043006125277444594,0.051636063578277075
BC23903,BC23903_D1,ENSG00000162511,0.06616451104042353,0.07631914260374426
BC23903,BC23903_D1,ENSG00000205542,0.28073386460564637,0.2917567287668413
BC23903,BC23903_D1,ENSG00000176340,-0.1458654646021057,-0.15622145751303837
BC23903,BC23903_D1,ENSG00000143774,0.07674708032190973,0.1085780592882993
BC23903,BC23903_D1,ENSG00000163682,0.23809073657454494,0.2161362270172981
BC23903,BC23903_D1,ENSG00000182809,0.20432722468405654,0.18901470480503818
BC23903,BC23903_D1,ENSG00000277972,0.08497765932278507,0.11522665371405114
BC23903,BC23903_D1,ENSG00000102265,0.148371761938649,0.13056042341580998
BC23903,BC23903_D1,ENSG00000125534,-0.1641602831129339,-0.17226248551160322
BC23903,BC23903_D1,ENSG00000051523,-0.008149319916099943,0.0026503731030355937
BC23903,BC23903_D1,ENSG00000124614,-0.023190014258521255,-0.034985463812527144
BC23903,BC23903_D1,ENSG00000204287,0.14958895311200635,0.11973169865922828
BC23903,BC23903_D1,ENSG00000277791,0.2020945295883747,0.26292814606699316
BC23903,BC23903_D1,ENSG00000127540,-0.05257251089314536,-0.0646881138180399
BC23903,BC23903_D1,ENSG00000164733,0.16791278135370305,0.20728147685901177
BC23903,BC23903_D1,ENSG00000145425,0.1418316684031638,0.1504390021099285
BC23903,BC23903_D1,__ambiguous[ENSG00000277957+ENSG00000161960],0.09240749184226928,0.10190745255733676
BC23903,BC23903_D1,ENSG00000184897,0.1717986241387279,0.19215830385678292
BC23903,BC23903_D1,ENSG00000142089,-0.078504315154238,-0.11511360806224549
BC23903,BC23903_D1,ENSG00000111669,-0.06056985612939988,-0.08278727267168702
BC23903,BC23903_D1,ENSG00000058262,0.23625845278424407,0.26030135691403866
BC23903,BC23903_D1,ENSG00000160789,0.1260054908484046,0.13458403588112383
BC23903,BC23903_D1,ENSG00000178952,0.059987157015278104,0.07571943450940222
BC23903,BC23903_D1,ENSG00000187514,0.3182697789534216,0.35566352027757797
BC23903,BC23903_D1,ENSG00000138326,0.16582303686096309,0.17298281870179993
BC23903,BC23903_D1,ENSG00000103363,-0.01856970731836004,-0.05267085867583157
BC23903,BC23903_D1,ENSG00000135480,-0.0009048730725838415,-0.030351434839869625
BC23903,BC23903_D1,ENSG00000131748,0.10225595601286093,0.12714241649872635
BC23903,BC23903_D1,ENSG00000115414,0.34876173781557385,0.40839948528116965
BC23903,BC23903_D1,ENSG00000052344,0.2638596039511916,0.340330182461458
BC23903,BC23903_D1,ENSG00000123349,-0.07965452628504015,-0.07596168563422392
BC23903,BC23903_D1,ENSG00000272196,0.19293206688028144,0.2497936043098788
BC23903,BC23903_D1,ENSG00000104529,0.08767542866582416,0.10327539812195867
BC23903,BC23903_D1,ENSG00000182492,0.061840586591369054,0.07548066431443502
BC23903,BC23903_D1,ENSG00000196924,-0.03858613440371004,-0.030145010535882512
BC23903,BC23903_D1,ENSG00000100219,0.17113123118629514,0.15461589948585147
BC23903,BC23903_D1,ENSG00000114353,0.06715251527311557,0.061131107972102285
BC23903,BC23903_D1,ENSG00000167815,0.1153103788488316,0.14797798607232707
BC23903,BC23903_D1,ENSG00000144426,0.06830213420308737,0.06256673040626282
BC23903,BC23903_D1,ENSG00000149591,0.16535296437533284,0.11658253276378629
BC23903,BC23903_D1,ENSG00000172354,0.16562300930465712,0.17109311157096468
BC23903,BC23903_D1,__ambiguous[ENSG00000262526+ENSG00000170296],-0.11008565268672751,-0.13507818432708335
BC23903,BC23903_D1,ENSG00000170315,0.0650212012430262,0.06306126117014259
BC23903,BC23903_D1,ENSG00000114867,0.015991447088427264,0.05793999047100935
BC23903,BC23903_D1,ENSG00000104964,0.11882039697615647,0.1463116948072678
BC23903,BC23903_D1,__ambiguous[ENSG00000219200+ENSG00000161939],0.07845625142545563,0.08248438259179094
BC23903,BC23903_D1,ENSG00000131143,0.098631342471565,0.10938848994236382
BC23903,BC23903_D1,__ambiguous[ENSG00000273259+ENSG00000196136],-0.062476521330121236,-0.04784858288706572
BC23903,BC23903_D1,ENSG00000169223,0.2665225929306553,0.30498903061839533
BC23903,BC23903_D1,ENSG00000178980,0.13840981770005314,0.16909129092156616
BC23903,BC23903_D1,ENSG00000182899,0.1282139138718794,0.144895022362057
BC23903,BC23903_D1,ENSG00000255823,0.5412591031487776,0.5787209110998414
BC23903,BC23903_D1,ENSG00000214530,0.07398159147925853,0.1082583538321349
BC23903,BC23903_D1,ENSG00000188846,-0.09933271915960497,-0.09904413851215589
BC23903,BC23903_D1,ENSG00000126247,0.0804827612211289,0.06720603804824989
BC23903,BC23903_D1,ENSG00000145494,-0.09072433523851367,-0.10855972933907965
BC23903,BC23903_D1,ENSG00000008988,0.15382050607879222,0.17573811933583186
BC23903,BC23903_D1,ENSG00000155366,0.005549392641578922,-0.009886496003108022
BC23903,BC23903_D1,ENSG00000174886,0.08863582706789307,0.10661925860876661
BC23903,BC23903_D1,ENSG00000187608,-0.11839452904041113,-0.14452050454488666
BC23903,BC23903_D1,ENSG00000100300,0.07380763222265337,0.08431372352764181
BC23903,BC23903_D1,ENSG00000173369,0.0802886434385431,0.08919873836775835
BC23903,BC23903_D1,ENSG00000114391,0.043563860362342804,0.023905601140637046
BC23903,BC23903_D1,ENSG00000087460,0.26015849205211106,0.2693337202578815
BC23903,BC23903_D1,ENSG00000163479,0.1668193460527299,0.17602189770912338
BC23903,BC23903_D1,ENSG00000171222,-0.023560450061817895,0.01414771190616342
BC23903,BC23903_D1,ENSG00000164692,0.26536667283144655,0.30525575925845444
BC23903,BC23903_D1,ENSG00000164919,0.03845775386325214,0.05521828198184011
BC23903,BC23903_D1,ENSG00000173272,0.11982578795669473,0.1157777810152258
BC23903,BC23903_D1,ENSG00000163399,0.17344213827934082,0.18771234576860293
BC23903,BC23903_D1,ENSG00000125730,0.19335751890529118,0.20210114547319077
BC23903,BC23903_D1,ENSG00000142949,0.27731468901706907,0.3150997734736927
BC23903,BC23903_D1,ENSG00000135390,0.003846084753403232,0.009710830612846545
BC23903,BC23903_D1,ENSG00000269028,0.528002694454514,0.5663780863576996
BC23903,BC23903_D1,ENSG00000026025,0.16198868606509384,0.16567067988512843
BC23903,BC23903_D1,ENSG00000251562,0.15125750182503517,0.13297825192490764
BC23903,BC23903_D1,__ambiguous[ENSG00000241343+ENSG00000257529],0.2027938007297468,0.18524470480350166
BC23903,BC23903_D1,ENSG00000143546,0.09114448494780913,0.09890612093876171
BC23903,BC23903_D1,ENSG00000130725,0.13194027914253065,0.1584208342461916
BC23903,BC23903_D1,ENSG00000160180,-0.027739627458249233,-0.046108395391244575
BC23903,BC23903_D1,ENSG00000174444,0.1136130092458615,0.14512498268322432
BC23903,BC23903_D1,ENSG00000170421,0.1453895588909872,0.14359692230266766
BC23903,BC23903_D1,ENSG00000025708,0.07906765631395046,0.0936340743830925
BC23903,BC23903_D1,ENSG00000011304,0.17320468541224382,0.17327687680819737
BC23903,BC23903_D1,ENSG00000186010,0.10020898602194747,0.09953732512731937
BC23903,BC23903_D1,ENSG00000213988,0.19167790987469077,0.20810120744913252
BC23903,BC23903_D1,ENSG00000197956,0.03803451543620112,0.01879917220935053
BC23903,BC23903_D1,ENSG00000125970,0.2146735164708478,0.24928935397765334
BC23903,BC23903_D1,ENSG00000177700,-4.937244017939425e-06,0.052562045759596845
BC23903,BC23903_D1,ENSG00000140990,0.11093628807903316,0.11976521756022455
BC23903,BC23903_D1,ENSG00000160932,0.13905936417012235,0.15696220481954562
BC23903,BC23903_D1,ENSG00000147684,0.11864038433415756,0.15682607029800935
BC23903,BC23903_D1,ENSG00000196576,0.2251814669685016,0.2272954007999844
BC23903,BC23903_D1,ENSG00000143420,0.2553411200518825,0.27558204977651296
BC23903,BC23903_D1,ENSG00000161960,0.1838506198294565,0.18782079100330032
BC23903,BC23903_D1,ENSG00000142173,0.11782410080896442,0.10768572540744141
BC23903,BC23903_D1,ENSG00000172270,0.06529416680060804,0.09096268813539615
BC23903,BC23903_D1,ENSG00000110492,-0.05697775897830166,-0.05302345389290154
BC23903,BC23903_D1,ENSG00000186468,0.11474071480304673,0.12584284612964874
BC23903,BC23903_D1,ENSG00000124172,0.2577727342316051,0.24127098641782777
BC23903,BC23903_D1,ENSG00000168528,0.1714727410818249,0.2220136590823848
BC23903,BC23903_D1,ENSG00000109475,0.1923583058757532,0.21447031222492388
BC23903,BC23903_D1,ENSG00000135940,0.09272586420352703,0.10767258149582268
BC23903,BC23903_D1,ENSG00000196405,0.03153763012235127,0.025873645921166148
BC23903,BC23903_D1,ENSG00000147604,0.11609848229555327,0.13516126578543444
BC23903,BC23903_D1,ENSG00000171863,0.2246242939640534,0.2297916239410269
BC23903,BC23903_D1,ENSG00000173801,0.18591623680843428,0.22134297041066942
BC23903,BC23903_D1,ENSG00000129226,0.01847519936693474,0.029217157520961795
BC23903,BC23903_D1,ENSG00000132507,0.04883118931635376,0.05936157982260136
BC23903,BC23903_D1,ENSG00000132475,0.2828632040649855,0.3041089949642896
BC23903,BC23903_D1,ENSG00000130520,0.16614656845567166,0.20327999260490015
BC23944,BC23944_D2,ENSG00000034510,-0.031942299193740115,-0.029996138439561507
BC23944,BC23944_D2,ENSG00000111640,0.09017899944119398,0.09267701045983084
BC23944,BC23944_D2,ENSG00000177600,0.16928989214413678,0.18550612750137288
BC23944,BC23944_D2,ENSG00000137818,0.39406914389630127,0.43563315454150403
BC23944,BC23944_D2,ENSG00000254709,0.010273074311288532,0.00949360594990273
BC23944,BC23944_D2,ENSG00000231500,0.014168094445922666,0.0359665344746775
BC23944,BC23944_D2,ENSG00000171345,0.13925141078139253,0.19071408644591337
BC23944,BC23944_D2,ENSG00000164587,0.13176745462917847,0.1579692574908121
BC23944,BC23944_D2,ENSG00000075624,-0.0072407036964114305,0.0016047214674216903
BC23944,BC23944_D2,ENSG00000141736,0.06910792644630356,0.11969737415765734
BC23944,BC23944_D2,ENSG00000108107,0.11300002460784653,0.13853949318272898
BC23944,BC23944_D2,ENSG00000105372,0.20442982345113014,0.2459446925250222
BC23944,BC23944_D2,ENSG00000197756,0.102407621166441,0.10947191012980215
BC23944,BC23944_D2,ENSG00000108298,-0.1130174691664989,-0.14240134171247656
BC23944,BC23944_D2,ENSG00000167526,0.19520311478430027,0.24085077291939774
BC23944,BC23944_D2,ENSG00000161016,0.1784739284051634,0.19167904771790906
BC23944,BC23944_D2,ENSG00000130255,0.2053341631199884,0.2357118175614632
BC23944,BC23944_D2,ENSG00000087086,-0.012060169919291984,-0.011378346589213356
BC23944,BC23944_D2,ENSG00000108518,0.0691290925111191,0.08779794033752746
BC23944,BC23944_D2,__ambiguous[ENSG00000251357+ENSG00000240972],0.0725757833967561,0.10267229054304093
BC23944,BC23944_D2,ENSG00000136942,0.1289895848503311,0.20467586627332374
BC23944,BC23944_D2,ENSG00000149273,-0.077089005787701,-0.08237982614870597
BC23944,BC23944_D2,ENSG00000117984,-0.12630386494508483,-0.16298626004371036
BC23944,BC23944_D2,ENSG00000197746,-0.05334281792367794,-0.08399802106093357
BC23944,BC23944_D2,ENSG00000179218,0.054130830953809404,0.067545574939852
BC23944,BC23944_D2,ENSG00000063177,-0.028999326416504382,-0.010595283653827225
BC23944,BC23944_D2,ENSG00000180879,0.11652877389405733,0.14488664451030892
BC23944,BC23944_D2,ENSG00000140264,-0.08663808020812501,-0.07939681153094127
BC23944,BC23944_D2,ENSG00000105193,0.049320957470241525,0.07717882246523053
BC23944,BC23944_D2,ENSG00000221983,-0.04422479832591666,-0.05309150946742546
BC23944,BC23944_D2,ENSG00000130203,0.26055012652242243,0.27866489681199663
BC23944,BC23944_D2,ENSG00000166441,0.11265333140372306,0.14806240914371288
BC23944,BC23944_D2,ENSG00000167996,0.08493579739571076,0.1077951130061405
BC23944,BC23944_D2,ENSG00000234745,-0.000684675196016489,0.00972702708925453
BC23944,BC23944_D2,ENSG00000142541,0.23149077064813467,0.22819875225039293
BC23944,BC23944_D2,ENSG00000204628,0.10609862152041505,0.13001175285639924
BC23944,BC23944_D2,ENSG00000185624,0.16429550646205734,0.17536495665146118
BC23944,BC23944_D2,ENSG00000142534,0.05495652037391673,0.04189590967225636
BC23944,BC23944_D2,ENSG00000147403,0.0010572799283557785,-0.03526436179121805
BC23944,BC23944_D2,ENSG00000109062,0.10894995639247124,0.18326984177751807
BC23944,BC23944_D2,ENSG00000140988,0.18072221841520716,0.21085230746570857
BC23944,BC23944_D2,ENSG00000089157,0.24173319843912636,0.2792691628942742
BC23944,BC23944_D2,ENSG00000115268,-0.060693425638577,-0.06381806722992062
BC23944,BC23944_D2,ENSG00000105640,0.28730561995885806,0.3137583731437063
BC23944,BC23944_D2,ENSG00000112306,0.15335391622585942,0.19385194440128953
BC23944,BC23944_D2,ENSG00000233927,0.04582887999156953,0.04955627893341049
BC23944,BC23944_D2,ENSG00000171858,0.21470619478179206,0.24196607508043586
BC23944,BC23944_D2,ENSG00000182774,0.01964144520452159,0.027481996275599895
BC23944,BC23944_D2,ENSG00000213741,0.1802859275561665,0.19722151905864835
BC23944,BC23944_D2,ENSG00000198034,0.11149282383874641,0.15062017944732659
BC23944,BC23944_D2,ENSG00000125691,0.0923060759517032,0.14512790045941648
BC23944,BC23944_D2,ENSG00000142676,0.08722194542828794,0.13416434674412656
BC23944,BC23944_D2,ENSG00000149806,0.0447848281958103,0.060673394197877116
BC23944,BC23944_D2,ENSG00000111341,0.18978698658806795,0.18603101698429408
BC23944,BC23944_D2,ENSG00000170889,0.0966663919353274,0.10967481562098458
BC23944,BC23944_D2,ENSG00000019582,0.134946192542893,0.19700999725256774
BC23944,BC23944_D2,ENSG00000204525,0.009278014982313816,0.010845874999531395
BC23944,BC23944_D2,ENSG00000177954,0.27734365613228024,0.3054531726152598
BC23944,BC23944_D2,ENSG00000172809,-0.03984398637188537,-0.08272573936176962
BC23944,BC23944_D2,ENSG00000172757,0.034451925789073405,0.06656700878390914
BC23944,BC23944_D2,ENSG00000100316,0.11982626990163381,0.11096116432222874
BC23944,BC23944_D2,ENSG00000204592,-0.1653619130826222,-0.2125226678683627
BC23944,BC23944_D2,ENSG00000101439,-0.05183914368561664,-0.06657481079078582
BC23944,BC23944_D2,ENSG00000137154,-0.04864605086573141,-0.08071386306754588
BC23944,BC23944_D2,ENSG00000184009,0.23680704118291312,0.259612100051902
BC23944,BC23944_D2,ENSG00000167995,-0.04801801909620388,-0.0693046206165674
BC23944,BC23944_D2,ENSG00000108821,0.20298918069681363,0.23755573071660338
BC23944,BC23944_D2,__ambiguous[ENSG00000254772+ENSG00000255508],0.14102896741325208,0.1452166335174057
BC23944,BC23944_D2,__ambiguous[ENSG00000185883+ENSG00000260272],0.20792337835236466,0.2196408975611317
BC23944,BC23944_D2,ENSG00000163191,0.09733359134916446,0.13914560883152685
BC23944,BC23944_D2,ENSG00000206503,-0.08057280738466428,-0.08962074252494005
BC23944,BC23944_D2,ENSG00000167468,-0.09364456979448402,-0.10226622445316991
BC23944,BC23944_D2,ENSG00000142937,0.10359436140452427,0.12846608304951293
BC23944,BC23944_D2,ENSG00000083845,0.14312957727547002,0.1499460969106756
BC23944,BC23944_D2,ENSG00000135404,-0.059637688029728,-0.06764955565583197
BC23944,BC23944_D2,ENSG00000197958,0.09738206944979236,0.12158028250507202
BC23944,BC23944_D2,ENSG00000224389,0.13836440988072288,0.13920915042278842
BC23944,BC23944_D2,ENSG00000107223,0.14190233849972808,0.14953004375949303
BC23944,BC23944_D2,ENSG00000169710,0.36196223117253934,0.414393411773078
BC23944,BC23944_D2,ENSG00000106624,0.15303596207356826,0.17816831821766418
BC23944,BC23944_D2,ENSG00000231925,0.19352925317113104,0.20362223431324591
BC23944,BC23944_D2,ENSG00000163220,-0.04408081281017883,-0.02316406043685428
BC23944,BC23944_D2,ENSG00000156482,0.11404687956544142,0.1645487113033215
BC23944,BC23944_D2,ENSG00000167658,-0.03968925989944334,-0.06789307034973177
BC23944,BC23944_D2,ENSG00000162244,-0.030506047734316328,-0.004250326275005396
BC23944,BC23944_D2,ENSG00000143947,0.033899315667602216,0.04350521720563286
BC23944,BC23944_D2,ENSG00000149925,0.06418545196593008,0.07102852566078194
BC23944,BC23944_D2,ENSG00000108344,0.09767694955650733,0.1399116019651913
BC23944,BC23944_D2,ENSG00000148303,-0.0009628613748666404,0.02819754981421219
BC23944,BC23944_D2,ENSG00000165949,-0.06501534648707738,-0.052080476958201935
BC23944,BC23944_D2,ENSG00000115884,0.1658204777265227,0.19461165617010062
BC23944,BC23944_D2,ENSG00000108639,0.18607303481295687,0.1894679990056564
BC23944,BC23944_D2,ENSG00000144713,0.13312197001467033,0.16634841822511007
BC23944,BC23944_D2,ENSG00000172531,-0.02387933659395121,-0.012824851969403393
BC23944,BC23944_D2,ENSG00000131469,0.06406077636629066,0.13209577447511275
BC23944,BC23944_D2,ENSG00000141741,-0.01696631637376313,-0.002416530289729656
BC23944,BC23944_D2,ENSG00000108679,0.09762116147543322,0.14548342763505173
BC23944,BC23944_D2,ENSG00000174748,0.03213297984690636,0.028893226389878558
BC23944,BC23944_D2,ENSG00000185825,-0.06439757718375597,-0.04113962474962243
BC23944,BC23944_D2,ENSG00000130303,-0.00273609981152237,0.003442081994935663
BC23944,BC23944_D2,ENSG00000166710,0.12490056697962544,0.16640357162484162
BC23944,BC23944_D2,ENSG00000158710,-0.00739736121960921,-0.009288313172183617
BC23944,BC23944_D2,ENSG00000198242,0.13336173796854917,0.1615414355429148
BC23944,BC23944_D2,ENSG00000106211,0.18943879382546777,0.22843928058527158
BC23944,BC23944_D2,ENSG00000145592,0.11890452943785614,0.16530624134553162
BC23944,BC23944_D2,ENSG00000104904,0.052056368569358795,0.0205654044684598
BC23944,BC23944_D2,ENSG00000118181,0.08799481746650206,0.1315057657093064
BC23944,BC23944_D2,ENSG00000110651,0.14494556396780986,0.13798630553470226
BC23944,BC23944_D2,ENSG00000246705,0.05840662650032211,0.08031932882377586
BC23944,BC23944_D2,ENSG00000279483,0.1261267747309743,0.14897744576340946
BC23944,BC23944_D2,ENSG00000173372,-0.026810329519765485,-0.016375908524882608
BC23944,BC23944_D2,ENSG00000115457,0.13406492967695663,0.16492553361713774
BC23944,BC23944_D2,ENSG00000160862,-0.04133396912325037,-0.03545195737200561
BC23944,BC23944_D2,__ambiguous[ENSG00000243678+ENSG00000011052],-0.08403206249843914,-0.12600441740559298
BC23944,BC23944_D2,ENSG00000074800,-0.03691951471173935,-0.02674728214971978
BC23944,BC23944_D2,ENSG00000133112,0.01665998794611633,0.031249011450334565
BC23944,BC23944_D2,ENSG00000117410,0.17597611654406503,0.18048509522142606
BC23944,BC23944_D2,ENSG00000142669,0.04735641855981177,0.0602904341629141
BC23944,BC23944_D2,ENSG00000070756,0.012402469198639094,0.029250474887338358
BC23944,BC23944_D2,ENSG00000152082,-0.010342278255340037,-0.01727557168940226
BC23944,BC23944_D2,ENSG00000092841,0.11325446179620484,0.12577243627772242
BC23944,BC23944_D2,ENSG00000030582,0.004412250036330981,-0.005443023934690407
BC23944,BC23944_D2,ENSG00000130208,-0.12037180474681414,-0.11447259842420295
BC23944,BC23944_D2,__ambiguous[ENSG00000185885+ENSG00000185201],-0.0037225610306075886,-0.00920026147365298
BC23944,BC23944_D2,ENSG00000185499,0.10603103777583052,0.13937927277340095
BC23944,BC23944_D2,ENSG00000205542,0.011722931477019638,0.026250084871567006
BC23944,BC23944_D2,__ambiguous[ENSG00000124614+ENSG00000270800],-0.003472795817309292,-0.022446293384550977
BC23944,BC23944_D2,ENSG00000126267,0.11791085122474709,0.14135714854932913
BC23944,BC23944_D2,ENSG00000071082,-0.0018797400838379847,0.037235432766773026
BC23944,BC23944_D2,ENSG00000277972,-0.07938497612045818,-0.08352461856662083
BC23944,BC23944_D2,ENSG00000149591,0.11270204121102045,0.11964565394157227
BC23944,BC23944_D2,ENSG00000135480,-0.018660034929017025,0.005759868737662017
BC23944,BC23944_D2,ENSG00000102265,-0.024270223939200575,-0.023772838716838746
BC23944,BC23944_D2,ENSG00000071553,0.08087846220252021,0.09113529038092252
BC23944,BC23944_D2,ENSG00000169100,0.016326266187145166,-0.006167883738585353
BC23944,BC23944_D2,ENSG00000277791,0.017655219339291647,0.04225320548612178
BC23944,BC23944_D2,ENSG00000143774,-0.08597640128818759,-0.1218329786254625
BC23944,BC23944_D2,ENSG00000150991,0.10058374367323245,0.12089814519715177
BC23944,BC23944_D2,ENSG00000162511,-0.08451302530599973,-0.11650005611016194
BC23944,BC23944_D2,ENSG00000160789,-0.04076361763440727,-0.04453536293832085
BC23944,BC23944_D2,ENSG00000187514,0.06555457842822274,0.07884982110784697
BC23944,BC23944_D2,ENSG00000111057,0.07302870698635566,0.0864703641813848
BC23944,BC23944_D2,ENSG00000115414,0.19855423561426064,0.3057065917496691
BC23944,BC23944_D2,ENSG00000255823,0.4965218400801118,0.5317155503084134
BC23944,BC23944_D2,ENSG00000131748,0.07334786129175906,0.09167603591911797
BC23944,BC23944_D2,ENSG00000196924,0.013766225457321516,0.002584006904552253
BC23944,BC23944_D2,ENSG00000105223,0.01554982828599538,0.005285186640701872
BC23944,BC23944_D2,ENSG00000117450,0.22291365673608457,0.25004613285941524
BC23944,BC23944_D2,ENSG00000163682,0.020899733853186886,0.06595212363618742
BC23944,BC23944_D2,ENSG00000165215,0.17782130394943035,0.209594741542909
BC23944,BC23944_D2,ENSG00000125534,-0.018246893266713426,-0.03311922720534518
BC23944,BC23944_D2,ENSG00000145425,0.1443912203009143,0.2016992276882133
BC23944,BC23944_D2,ENSG00000182492,-0.05605939491178428,-0.05766749632185082
BC23944,BC23944_D2,ENSG00000178719,0.09899647220757589,0.07078463316098986
BC23944,BC23944_D2,ENSG00000124664,0.12829255435708947,0.14742205855296825
BC23944,BC23944_D2,ENSG00000051523,0.08573470379552746,0.067184220232874
BC23944,BC23944_D2,ENSG00000138326,-0.052999923037389846,-0.041417748475874414
BC23944,BC23944_D2,ENSG00000204287,0.04006148289450399,0.0675845194913651
BC23944,BC23944_D2,ENSG00000124614,0.03859769355133925,0.03695120816159042
BC23944,BC23944_D2,ENSG00000182809,0.1615760800326652,0.20007768473721546
BC23944,BC23944_D2,ENSG00000176340,-0.0035824362186336134,0.017669362247022168
BC23944,BC23944_D2,ENSG00000058262,0.11902222382174668,0.1344663440727692
BC23944,BC23944_D2,ENSG00000269028,0.5021586389857087,0.529352906221805
BC23944,BC23944_D2,ENSG00000251562,0.34562104137830063,0.36319116898476544
BC23944,BC23944_D2,__ambiguous[ENSG00000277957+ENSG00000161960],0.23887357106600624,0.2878940018888124
BC23944,BC23944_D2,ENSG00000164733,-0.05003639677203095,-0.04043349333035362
BC23944,BC23944_D2,ENSG00000169223,0.10032797076161845,0.09456546379117822
BC23944,BC23944_D2,ENSG00000164692,0.25695006632005274,0.2757754097553653
BC23944,BC23944_D2,ENSG00000114353,-0.00569391994631533,-0.017182232430346597
BC23944,BC23944_D2,ENSG00000141522,0.1734363452081049,0.20188502436877617
BC23944,BC23944_D2,ENSG00000144426,0.03557409355616061,0.04827336533608275
BC23944,BC23944_D2,ENSG00000127540,0.014003532691934628,0.03794808271795118
BC23944,BC23944_D2,__ambiguous[ENSG00000257341+ENSG00000213145],0.24778324274952018,0.29612130638075057
BC23944,BC23944_D2,ENSG00000142089,0.046992106004548416,0.0596120361536951
BC23944,BC23944_D2,ENSG00000052344,0.1651829523990635,0.2135280922990132
BC23944,BC23944_D2,ENSG00000026025,0.0056344421747273506,-0.022197774110287533
BC23944,BC23944_D2,ENSG00000272196,0.04178477659561426,0.03727482501652586
BC23944,BC23944_D2,ENSG00000114867,-0.011110671769539757,-0.010926652269967559
BC23944,BC23944_D2,ENSG00000111669,0.012302235176069336,0.006801483799145816
BC23944,BC23944_D2,ENSG00000103363,0.08275922043391984,0.09831915318336328
BC23944,BC23944_D2,ENSG00000104964,-0.033609455232606805,-0.005304300918268982
BC23944,BC23944_D2,ENSG00000125730,0.15796213029499054,0.1928569186645718
BC23944,BC23944_D2,ENSG00000087460,0.13804467228483625,0.15222862311838478
BC23944,BC23944_D2,ENSG00000142949,0.06983027747501323,0.10756879303879553
BC23944,BC23944_D2,ENSG00000160932,0.09251095538413129,0.07330588928662773
BC23944,BC23944_D2,ENSG00000172354,-3.5495432050779815e-05,0.01472709636198617
BC23944,BC23944_D2,ENSG00000182899,0.14873355997073362,0.19275054450630696
BC23944,BC23944_D2,ENSG00000123349,0.012476075388230961,0.029724210604017733
BC23944,BC23944_D2,ENSG00000184897,-0.040516852650759515,-0.024614299428029406
BC23944,BC23944_D2,ENSG00000142173,0.1177459479775065,0.10949093636696254
BC23944,BC23944_D2,ENSG00000167815,0.08790323907144652,0.10517627605933706
BC23944,BC23944_D2,ENSG00000131143,0.033809843596914434,0.020860482200516648
BC23944,BC23944_D2,__ambiguous[ENSG00000262526+ENSG00000170296],-0.026996814664428402,-0.05075011412858228
BC23944,BC23944_D2,__ambiguous[ENSG00000219200+ENSG00000161939],-0.025942207780498317,-0.01661200260446316
BC23944,BC23944_D2,ENSG00000178952,0.23365265526022644,0.2687935432057976
BC23944,BC23944_D2,ENSG00000178980,0.1720213515959848,0.20302854173561707
BC23944,BC23944_D2,ENSG00000170315,-0.05563540965756715,-0.05962736682787479
BC23944,BC23944_D2,ENSG00000143546,0.12122061758049485,0.10271746822708736
BC23944,BC23944_D2,ENSG00000163479,0.012271101374531817,0.03285423591731043
BC23944,BC23944_D2,ENSG00000197956,0.05571936794853204,0.07751929437124686
BC23944,BC23944_D2,ENSG00000104529,0.029105965069473553,0.016644407499926413
BC23944,BC23944_D2,ENSG00000155366,0.0515100732014837,0.08820554875966229
BC23944,BC23944_D2,ENSG00000008988,0.17440339040619388,0.18509790122715924
BC23944,BC23944_D2,ENSG00000100219,0.05976507730816881,0.11318392400662428
BC23944,BC23944_D2,ENSG00000163399,0.18831400993156067,0.19874247331563108
BC23944,BC23944_D2,ENSG00000174886,0.04002890407931681,0.03740693240127048
BC23944,BC23944_D2,ENSG00000114391,-0.02538226332432547,-0.04265042974223889
BC23944,BC23944_D2,__ambiguous[ENSG00000241343+ENSG00000257529],0.12785762049793828,0.1821100413557296
BC23944,BC23944_D2,ENSG00000100300,-0.017422865387536443,-0.009595562483838945
BC23944,BC23944_D2,ENSG00000110492,0.1372690258736466,0.1571483846139961
BC23944,BC23944_D2,ENSG00000196576,0.1631631704632657,0.18634589902478174
BC23944,BC23944_D2,ENSG00000172270,-0.012767609369597631,-0.03490935672609496
BC23944,BC23944_D2,ENSG00000126247,0.05936550288742249,0.06757949898865975
BC23944,BC23944_D2,ENSG00000171863,0.023080906945176345,0.053947011883689944
BC23944,BC23944_D2,ENSG00000174444,0.0914898867893379,0.11505096652572024
BC23944,BC23944_D2,ENSG00000188846,0.1074012568331691,0.14187966952878922
BC23944,BC23944_D2,ENSG00000101335,0.041956923533672495,0.07752719640361055
BC23944,BC23944_D2,ENSG00000145494,0.04534011007934757,0.052242239016615094
BC23944,BC23944_D2,ENSG00000173369,0.08503681517486467,0.08283668648720306
BC23944,BC23944_D2,ENSG00000124172,0.03673051319212777,0.056583485423670865
BC23944,BC23944_D2,ENSG00000213988,-0.054150119947809654,-0.04924571162777642
BC23944,BC23944_D2,ENSG00000125970,0.1924954689167453,0.18773934906774842
BC23944,BC23944_D2,ENSG00000159840,-0.040862337663299775,-0.013756534818110617
BC23944,BC23944_D2,ENSG00000186468,0.09374131032214877,0.08097190900521294
BC23944,BC23944_D2,ENSG00000171222,0.056662053697315216,0.06256010858122114
BC23944,BC23944_D2,ENSG00000011304,0.11410326446538814,0.14207111678283002
BC23944,BC23944_D2,ENSG00000123989,0.04554810582974584,0.02009976328612
BC23944,BC23944_D2,ENSG00000134419,0.044253726900236774,0.08996784218000618
BC23944,BC23944_D2,ENSG00000106153,0.11771940610859787,0.16263776123022672
BC23944,BC23944_D2,ENSG00000186010,-0.012429040116839946,0.017822196808629703
BC23944,BC23944_D2,ENSG00000130725,0.2821092696431269,0.29689941046481066
BC23944,BC23944_D2,ENSG00000141738,0.11134997572850788,0.12875766545947817
BC23944,BC23944_D2,ENSG00000135390,-0.007579847607432001,0.0018684014981518613
BC23944,BC23944_D2,ENSG00000109475,-0.020529574301183795,-0.010107699936482705
BC23944,BC23944_D2,ENSG00000143420,0.07361318029439008,0.10763764398442457
BC23944,BC23944_D2,ENSG00000113140,0.1757692489405935,0.2074091108441899
BC23944,BC23944_D2,ENSG00000173272,0.015459323610726263,0.0225284408087884
BC23944,BC23944_D2,ENSG00000025708,0.010167355274964263,-0.015857852797266928
BC23944,BC23944_D2,ENSG00000279274,0.25337237000498425,0.25058602547729375
BC23944,BC23944_D2,ENSG00000161960,0.15913866762388532,0.19453525392924034
BC23944,BC23944_D2,ENSG00000177700,0.055600609538769497,0.05640594762357417
BC23944,BC23944_D2,ENSG00000135940,0.037980975167534924,0.039741190643064
BC23944,BC23944_D2,ENSG00000170421,0.11674632354177449,0.16220134085721477
BC23944,BC23944_D2,ENSG00000184840,0.012728815625940757,-0.0013131295667646252
BC23944,BC23944_D2,ENSG00000168542,0.024327358628884833,0.07001841121967481
BC23944,BC23944_D2,ENSG00000187608,-0.11175955327173957,-0.12737174398720355
BC23944,BC23944_D2,ENSG00000214530,-2.8081759911645617e-05,0.05752029157243526
BC23944,BC23944_D2,ENSG00000173801,0.05423099692316971,0.06297433883841103
BC23944,BC23944_D2,ENSG00000176046,0.11133933248298764,0.1430667915439097
BC23944,BC23944_D2,__ambiguous[ENSG00000273259+ENSG00000196136],-0.052071154255657795,-0.0740501464252263
BC23944,BC23944_E1,ENSG00000034510,-0.10188214796455453,-0.10906412423965198
BC23944,BC23944_E1,ENSG00000111640,0.010231664749498446,-0.015166368107131461
BC23944,BC23944_E1,ENSG00000177600,0.16231000002679385,0.20186887061435174
BC23944,BC23944_E1,ENSG00000137818,0.16336241889761285,0.1956784696508947
BC23944,BC23944_E1,ENSG00000254709,0.09511497350289644,0.11126691977939725
BC23944,BC23944_E1,ENSG00000231500,0.07234483893985717,0.10003693691596259
BC23944,BC23944_E1,ENSG00000171345,0.00348158468879637,-0.012563291428163401
BC23944,BC23944_E1,ENSG00000164587,0.10562679353709754,0.13493952881779842
BC23944,BC23944_E1,ENSG00000075624,-0.03022107880390968,-0.02487501668087197
BC23944,BC23944_E1,ENSG00000141736,-0.02361170505101699,-0.01855912729541566
BC23944,BC23944_E1,ENSG00000108107,0.017641848573001787,0.045217824244212446
BC23944,BC23944_E1,ENSG00000105372,0.1039855872471203,0.1665931323180096
BC23944,BC23944_E1,ENSG00000197756,0.04691816450594541,0.09415982062333088
BC23944,BC23944_E1,ENSG00000108298,0.13240968572368272,0.17296402347849787
BC23944,BC23944_E1,ENSG00000167526,0.15771299658752505,0.19462626915197834
BC23944,BC23944_E1,ENSG00000161016,-0.11886570537462819,-0.12503126854658744
BC23944,BC23944_E1,ENSG00000130255,0.09104017041609129,0.1458068707417162
BC23944,BC23944_E1,ENSG00000087086,0.10293361761989561,0.10440924314207649
BC23944,BC23944_E1,ENSG00000108518,-0.046539214883003256,-0.029778408969982344
BC23944,BC23944_E1,__ambiguous[ENSG00000251357+ENSG00000240972],0.032170199151828886,0.023683226757133125
BC23944,BC23944_E1,ENSG00000136942,0.013398818232267929,0.044897437496783224
BC23944,BC23944_E1,ENSG00000149273,0.018955639584431715,0.04292405369549298
BC23944,BC23944_E1,ENSG00000117984,-0.024442293370312704,-0.03589440418513056
BC23944,BC23944_E1,ENSG00000197746,0.0009959002726256726,-0.02230504425015996
BC23944,BC23944_E1,ENSG00000179218,-0.10505735359177017,-0.1092933598208271
BC23944,BC23944_E1,ENSG00000063177,-0.01810961225562416,-0.01724301100138765
BC23944,BC23944_E1,ENSG00000180879,0.026428037455047737,0.0033262830637632804
BC23944,BC23944_E1,ENSG00000140264,-0.031319114543393624,-0.017898151721676643
BC23944,BC23944_E1,ENSG00000105193,0.1346835684223914,0.15935683092397643
BC23944,BC23944_E1,ENSG00000221983,-0.011504625581745179,-0.0023464442162581304
BC23944,BC23944_E1,ENSG00000130203,0.08469951983908768,0.09807176228668772
BC23944,BC23944_E1,ENSG00000166441,0.051327886244105,0.09739238643058007
BC23944,BC23944_E1,ENSG00000167996,0.013689488134293852,0.017448825131696197
BC23944,BC23944_E1,ENSG00000234745,0.0901748141802311,0.09254770057571503
BC23944,BC23944_E1,ENSG00000142541,0.18713064671046173,0.2117063884772863
BC23944,BC23944_E1,ENSG00000204628,0.14016906294727133,0.19095267661026186
BC23944,BC23944_E1,ENSG00000185624,0.04358408155970886,0.05642005003612628
BC23944,BC23944_E1,ENSG00000142534,0.15292000162216612,0.23183424386609033
BC23944,BC23944_E1,ENSG00000147403,0.09549672914326938,0.151155996472151
BC23944,BC23944_E1,ENSG00000109062,-0.017097878391522662,-0.026592245501522015
BC23944,BC23944_E1,ENSG00000140988,0.06800370187898407,0.10144804145078196
BC23944,BC23944_E1,ENSG00000089157,0.13781772376557083,0.2023997335635446
BC23944,BC23944_E1,ENSG00000115268,0.04791357142269447,0.046192602791334046
BC23944,BC23944_E1,ENSG00000105640,0.07759226740990834,0.13788921533809803
BC23944,BC23944_E1,ENSG00000112306,0.05112736477717322,0.046818560625658236
BC23944,BC23944_E1,ENSG00000233927,0.04326643312794208,0.06590441089583701
BC23944,BC23944_E1,ENSG00000171858,0.19308129999929077,0.21829646052042034
BC23944,BC23944_E1,ENSG00000182774,-0.03348477874625724,-0.011221334347297314
BC23944,BC23944_E1,ENSG00000213741,0.1260513559755487,0.16234392449393314
BC23944,BC23944_E1,ENSG00000198034,-0.07196688505520955,-0.09339522592332365
BC23944,BC23944_E1,ENSG00000125691,0.07530216372807283,0.0679005792646749
BC23944,BC23944_E1,ENSG00000142676,0.0695888361708492,0.08101511226038302
BC23944,BC23944_E1,ENSG00000149806,0.1555514438933426,0.17022260483789187
BC23944,BC23944_E1,ENSG00000111341,0.01804379035309144,0.022178994732255583
BC23944,BC23944_E1,ENSG00000170889,0.01375937639022017,0.043583671248365805
BC23944,BC23944_E1,ENSG00000019582,0.04772624549120455,0.05038092772465406
BC23944,BC23944_E1,ENSG00000204525,-0.060579612493287326,-0.0666991939124609
BC23944,BC23944_E1,ENSG00000177954,0.10762887512515114,0.11590494552823738
BC23944,BC23944_E1,ENSG00000172809,0.005857057218169289,0.015374030266749142
BC23944,BC23944_E1,ENSG00000172757,0.10892648731870795,0.1520604977956035
BC23944,BC23944_E1,ENSG00000100316,0.08837424899153458,0.11564179395664169
BC23944,BC23944_E1,ENSG00000204592,-0.025901890406050874,-0.05723522795259233
BC23944,BC23944_E1,ENSG00000101439,0.16186285665778227,0.1750613991445381
BC23944,BC23944_E1,ENSG00000137154,0.057676016363697194,0.05310440338095932
BC23944,BC23944_E1,ENSG00000184009,0.09058702685534982,0.12706548549773164
BC23944,BC23944_E1,ENSG00000167995,0.03889788748366931,0.05474031008494936
BC23944,BC23944_E1,ENSG00000108821,0.010390912306848736,0.022353242771064527
BC23944,BC23944_E1,__ambiguous[ENSG00000254772+ENSG00000255508],0.06054359267323982,0.11280241104202324
BC23944,BC23944_E1,__ambiguous[ENSG00000185883+ENSG00000260272],0.0028224464853582325,0.0034138636196290764
BC23944,BC23944_E1,ENSG00000163191,-0.013396427299390341,-0.06973203191380004
BC23944,BC23944_E1,ENSG00000206503,0.038455129771328415,0.04159385143213782
BC23944,BC23944_E1,ENSG00000167468,0.041639572289028516,0.06243606392392718
BC23944,BC23944_E1,ENSG00000142937,0.07792459453354214,0.12683162940509565
BC23944,BC23944_E1,ENSG00000083845,0.028323391548333313,0.05044714377523453
BC23944,BC23944_E1,ENSG00000135404,0.009148626065584345,-0.013560166492406451
BC23944,BC23944_E1,ENSG00000197958,-0.11860991991151272,-0.08827626520493526
BC23944,BC23944_E1,ENSG00000224389,0.027712847574979615,0.018827107772811116
BC23944,BC23944_E1,ENSG00000107223,0.03622299736046304,0.033321153577415295
BC23944,BC23944_E1,ENSG00000169710,0.14449108393395618,0.17999462724212684
BC23944,BC23944_E1,ENSG00000106624,-0.062250144696295674,-0.10171102687428397
BC23944,BC23944_E1,ENSG00000231925,0.025647608507769884,0.01707561145552269
BC23944,BC23944_E1,ENSG00000163220,-0.03718028428904933,-0.04358207382241996
BC23944,BC23944_E1,ENSG00000156482,0.09722450799331658,0.10272010404600658
BC23944,BC23944_E1,ENSG00000167658,-0.045180899693667516,-0.01925730771632703
BC23944,BC23944_E1,ENSG00000162244,0.024669639636896674,0.03237078328344474
BC23944,BC23944_E1,ENSG00000143947,0.07875625757870343,0.08671077922843666
BC23944,BC23944_E1,ENSG00000149925,-0.06178342928458837,-0.07470926940076836
BC23944,BC23944_E1,ENSG00000108344,0.07602750053786458,0.020180461190706118
BC23944,BC23944_E1,ENSG00000148303,-0.06714757569875844,-0.03291451952479187
BC23944,BC23944_E1,ENSG00000165949,-0.021175961414310027,-0.02402874611540811
BC23944,BC23944_E1,ENSG00000115884,0.08244845978614924,0.09065941834681117
BC23944,BC23944_E1,ENSG00000108639,-0.023914725660888644,0.004035967015053951
BC23944,BC23944_E1,ENSG00000144713,0.009398536288701893,0.021835309072149364
BC23944,BC23944_E1,ENSG00000172531,-0.028697464160426744,-0.02822505311035188
BC23944,BC23944_E1,ENSG00000131469,0.020940918886392223,0.027752610924835656
BC23944,BC23944_E1,ENSG00000141741,-0.005511612816395576,0.005820736003944815
BC23944,BC23944_E1,ENSG00000108679,0.013813499498484276,0.0141092378899904
BC23944,BC23944_E1,ENSG00000174748,0.0016864032602428873,0.047545325011261734
BC23944,BC23944_E1,ENSG00000185825,0.07670054104972364,0.0775631738472765
BC23944,BC23944_E1,ENSG00000130303,-0.009320693372353172,-0.00852428925084192
BC23944,BC23944_E1,ENSG00000166710,0.057079050858542764,0.06623071101277976
BC23944,BC23944_E1,ENSG00000158710,-0.08411770277565644,-0.10780799866067943
BC23944,BC23944_E1,ENSG00000198242,0.06428930613603581,0.09398535089390422
BC23944,BC23944_E1,ENSG00000106211,-0.029645742281504257,-0.0181774928276693
BC23944,BC23944_E1,ENSG00000145592,0.07534581282098686,0.07489871101023936
BC23944,BC23944_E1,ENSG00000104904,-0.09308695282067236,-0.06251560263157346
BC23944,BC23944_E1,ENSG00000118181,0.00899512655125043,0.02972821020312989
BC23944,BC23944_E1,ENSG00000110651,0.08848713275504023,0.10741855131991608
BC23944,BC23944_E1,ENSG00000246705,0.06327576235831857,0.07457144212501256
BC23944,BC23944_E1,ENSG00000279483,0.13676876475113364,0.15932468005783593
BC23944,BC23944_E1,ENSG00000173372,0.032687645677783074,0.027903237186340208
BC23944,BC23944_E1,ENSG00000115457,-0.032857678929799294,-0.027545378182640284
BC23944,BC23944_E1,ENSG00000160862,-0.03532331917370735,-0.04378618472065637
BC23944,BC23944_E1,__ambiguous[ENSG00000243678+ENSG00000011052],-0.023410880494453973,-0.05486381195441399
BC23944,BC23944_E1,ENSG00000074800,-0.08125189257481222,-0.08158613782987298
BC23944,BC23944_E1,ENSG00000133112,0.07933026524238303,0.07110380751722095
BC23944,BC23944_E1,ENSG00000117410,0.026069651253121287,0.03291677576240855
BC23944,BC23944_E1,ENSG00000142669,-0.025163522663425905,-0.03598417351900477
BC23944,BC23944_E1,ENSG00000070756,0.1224953555170015,0.1385091525688548
BC23944,BC23944_E1,ENSG00000152082,0.08548240988084353,0.07793181105843641
BC23944,BC23944_E1,ENSG00000092841,0.09804501976530684,0.12101610625341443
BC23944,BC23944_E1,ENSG00000030582,-0.02870629691970597,-0.04941988461593417
BC23944,BC23944_E1,ENSG00000130208,0.018491353800413363,-0.00308664773031423
BC23944,BC23944_E1,__ambiguous[ENSG00000185885+ENSG00000185201],0.04290578314908053,0.02991843344561122
BC23944,BC23944_E1,ENSG00000185499,-0.037200559198690676,-0.05023836446542467
BC23944,BC23944_E1,ENSG00000205542,0.10276875892687813,0.14612778622542275
BC23944,BC23944_E1,__ambiguous[ENSG00000124614+ENSG00000270800],0.0842060567918523,0.09950180213687934
BC23944,BC23944_E1,ENSG00000126267,-0.06127464363141982,-0.07658717250248741
BC23944,BC23944_E1,ENSG00000071082,0.08086902707695963,0.07610168448888922
BC23944,BC23944_E1,ENSG00000277972,-0.00735338636758231,-0.017180968601358287
BC23944,BC23944_E1,ENSG00000149591,0.04103467408242075,0.052153128806915264
BC23944,BC23944_E1,ENSG00000135480,0.04166316600040438,0.038507852752257175
BC23944,BC23944_E1,ENSG00000102265,0.02998653846108851,0.03477431891847877
BC23944,BC23944_E1,ENSG00000071553,0.026456435410756943,0.016216046852053877
BC23944,BC23944_E1,ENSG00000169100,0.029019962002842008,0.017835884617242358
BC23944,BC23944_E1,ENSG00000277791,0.05684960475938627,0.04486474905057392
BC23944,BC23944_E1,ENSG00000143774,-0.046204285087165654,-0.03876955082206831
BC23944,BC23944_E1,ENSG00000150991,0.022042914629248147,0.032427606621351794
BC23944,BC23944_E1,ENSG00000162511,0.055076631779748635,0.038913611826285444
BC23944,BC23944_E1,ENSG00000160789,0.014533610379271747,0.023532927887781586
BC23944,BC23944_E1,ENSG00000187514,0.11577510400714036,0.125146376637779
BC23944,BC23944_E1,ENSG00000111057,-0.027622579987001225,-0.07382671518359894
BC23944,BC23944_E1,ENSG00000115414,0.09838546519189036,0.14682588479620762
BC23944,BC23944_E1,ENSG00000255823,0.17331067145842155,0.2079917244843958
BC23944,BC23944_E1,ENSG00000131748,0.03280942762852692,0.03354766441496014
BC23944,BC23944_E1,ENSG00000196924,0.11348506771816189,0.14944277585842072
BC23944,BC23944_E1,ENSG00000105223,0.004925040246837481,-0.028800992857766623
BC23944,BC23944_E1,ENSG00000117450,0.06825286351284868,0.06220622728987547
BC23944,BC23944_E1,ENSG00000163682,0.09026303819858897,0.0890487689770256
BC23944,BC23944_E1,ENSG00000165215,-0.013103697996524243,-0.0021194153238588698
BC23944,BC23944_E1,ENSG00000125534,0.09590954809478787,0.15038753985669703
BC23944,BC23944_E1,ENSG00000145425,0.026492340402009828,-0.0016493824628053674
BC23944,BC23944_E1,ENSG00000182492,-0.049061784030439405,-0.034668979391266584
BC23944,BC23944_E1,ENSG00000178719,-0.029170154354173642,-0.03727802751393202
BC23944,BC23944_E1,ENSG00000124664,0.0036795942937227757,0.004941186007840469
BC23944,BC23944_E1,ENSG00000051523,0.04034114979556983,0.062339824555094805
BC23944,BC23944_E1,ENSG00000138326,-0.021514967937001656,0.00623456893243057
BC23944,BC23944_E1,ENSG00000204287,0.08290170509695396,0.0914085414878088
BC23944,BC23944_E1,ENSG00000124614,0.06684672115696792,0.058768334371925496
BC23944,BC23944_E1,ENSG00000182809,-0.07435605969349234,-0.05651111383338503
BC23944,BC23944_E1,ENSG00000176340,0.009430226772416563,0.01928292000194915
BC23944,BC23944_E1,ENSG00000058262,-0.001932475283188528,0.009856110271523989
BC23944,BC23944_E1,ENSG00000269028,0.20144422107658208,0.22799819689591871
BC23944,BC23944_E1,ENSG00000251562,-0.0414124606226844,-0.04799677014520007
BC23944,BC23944_E1,__ambiguous[ENSG00000277957+ENSG00000161960],0.13441891598306802,0.19271869073729303
BC23944,BC23944_E1,ENSG00000164733,-1.3011339522941882e-05,0.02386540020712284
BC23944,BC23944_E1,ENSG00000169223,-0.005993263572612876,0.0003455901853267128
BC23944,BC23944_E1,ENSG00000164692,0.052789646059992694,0.06548850589190215
BC23944,BC23944_E1,ENSG00000114353,-0.06340957572066389,-0.07316537122928486
BC23944,BC23944_E1,ENSG00000141522,-0.009272653751345552,-0.0175174957305112
BC23944,BC23944_E1,ENSG00000144426,-0.06839749188089175,-0.07800761082750261
BC23944,BC23944_E1,ENSG00000127540,0.03710901625977973,0.05299329245969962
BC23944,BC23944_E1,__ambiguous[ENSG00000257341+ENSG00000213145],-0.015929043400199037,-0.046696769953204285
BC23944,BC23944_E1,ENSG00000142089,0.05335232761514221,0.03626675077305719
BC23944,BC23944_E1,ENSG00000052344,-0.02310173033485471,-0.023676590923802525
BC23944,BC23944_E1,ENSG00000026025,0.0572409145740912,0.0507987843298361
BC23944,BC23944_E1,ENSG00000272196,0.06279373645577298,0.062262786435366584
BC23944,BC23944_E1,ENSG00000114867,0.037398318964026,0.04488339802108948
BC23944,BC23944_E1,ENSG00000111669,-0.16677496946632253,-0.1943454071707076
BC23944,BC23944_E1,ENSG00000103363,0.029523810078785247,0.03700331347360074
BC23944,BC23944_E1,ENSG00000104964,-0.04985129678836283,-0.062112560930256
BC23944,BC23944_E1,ENSG00000125730,0.097916572783962,0.12790776537629275
BC23944,BC23944_E1,ENSG00000087460,0.13772244968130348,0.170736873678757
BC23944,BC23944_E1,ENSG00000142949,0.07218575025631256,0.1000341933772035
BC23944,BC23944_E1,ENSG00000160932,-0.06967118026386017,-0.08347485329573302
BC23944,BC23944_E1,ENSG00000172354,0.017638201633005248,0.022018811153597904
BC23944,BC23944_E1,ENSG00000182899,0.12260170440702221,0.13169209302919177
BC23944,BC23944_E1,ENSG00000123349,0.03679374647284342,0.023097731221232938
BC23944,BC23944_E1,ENSG00000184897,0.05690363118014915,0.05944165773827448
BC23944,BC23944_E1,ENSG00000142173,0.037459886744279774,0.038578656567668686
BC23944,BC23944_E1,ENSG00000167815,-0.06556041221064411,-0.05315506075337603
BC23944,BC23944_E1,ENSG00000131143,-0.12097976666956131,-0.1232542236457996
BC23944,BC23944_E1,__ambiguous[ENSG00000262526+ENSG00000170296],0.01709770376067672,0.03646654197536338
BC23944,BC23944_E1,__ambiguous[ENSG00000219200+ENSG00000161939],0.0205098007687251,0.022092354987071572
BC23944,BC23944_E1,ENSG00000178952,0.02280040156023501,-0.021057056525293896
BC23944,BC23944_E1,ENSG00000178980,-0.06406112171508103,-0.05193527403712106
BC23944,BC23944_E1,ENSG00000170315,0.10788314782207498,0.14693832080560634
BC23944,BC23944_E1,ENSG00000143546,-0.0015503881531906836,-0.03068590484950835
BC23944,BC23944_E1,ENSG00000163479,0.06143592839162571,0.06042411907032987
BC23944,BC23944_E1,ENSG00000197956,-0.04529203033530438,-0.03780412356234263
BC23944,BC23944_E1,ENSG00000104529,-0.05044508378759049,-0.04910459085656364
BC23944,BC23944_E1,ENSG00000155366,-0.15397247125874122,-0.17872712536405683
BC23944,BC23944_E1,ENSG00000008988,0.013865602180024583,0.034936771597499264
BC23944,BC23944_E1,ENSG00000100219,0.12159114683660215,0.14129409242417051
BC23944,BC23944_E1,ENSG00000163399,0.03878898311384302,0.05775727844240976
BC23944,BC23944_E1,ENSG00000174886,-0.030383210536984666,-0.026841638694187413
BC23944,BC23944_E1,ENSG00000114391,0.04061760121982316,0.035041004709604716
BC23944,BC23944_E1,__ambiguous[ENSG00000241343+ENSG00000257529],0.048653903675283605,0.08489986974181711
BC23944,BC23944_E1,ENSG00000100300,0.028048720552257194,-0.0037596890953316073
BC23944,BC23944_E1,ENSG00000110492,-0.001246930051065683,-0.012856617704551859
BC23944,BC23944_E1,ENSG00000196576,0.013959055191566809,0.04519246359212156
BC23944,BC23944_E1,ENSG00000172270,0.026629940380154787,0.04864024025737397
BC23944,BC23944_E1,ENSG00000126247,0.035266348326874065,0.041941212132435714
BC23944,BC23944_E1,ENSG00000171863,0.08762612001950006,0.07535670805196752
BC23944,BC23944_E1,ENSG00000174444,0.018704108362700415,0.014882426633991433
BC23944,BC23944_E1,ENSG00000188846,0.005654458237255205,0.05465811269430444
BC23944,BC23944_E1,ENSG00000101335,0.044952343550390426,0.09584422985357915
BC23944,BC23944_E1,ENSG00000145494,-0.03542568823102809,-0.05128153706491314
BC23944,BC23944_E1,ENSG00000173369,0.038484397982937124,0.02208739079428985
BC23944,BC23944_E1,ENSG00000124172,-0.0772606614565982,-0.06565987133047115
BC23944,BC23944_E1,ENSG00000213988,0.05280200680954752,0.04247875500862967
BC23944,BC23944_E1,ENSG00000125970,0.010777097616871444,0.029693333409120212
BC23944,BC23944_E1,ENSG00000159840,0.18061821318246166,0.19246694666763295
BC23944,BC23944_E1,ENSG00000186468,0.06781960913476849,0.03836619017312137
BC23944,BC23944_E1,ENSG00000171222,-0.0198974164241418,-0.00869035945573795
BC23944,BC23944_E1,ENSG00000011304,-0.02024247993366904,-0.013632192653370344
BC23944,BC23944_E1,ENSG00000123989,-0.02636103716196721,-0.019698060195483456
BC23944,BC23944_E1,ENSG00000134419,0.05968307023748847,0.06519502665472905
BC23944,BC23944_E1,ENSG00000106153,0.0463794402773618,0.09357627374197608
BC23944,BC23944_E1,ENSG00000186010,-0.08061525604597697,-0.09412815424388635
BC23944,BC23944_E1,ENSG00000130725,-0.08986787095106051,-0.06936069712474707
BC23944,BC23944_E1,ENSG00000141738,-0.05170697574904468,-0.0865409360717098
BC23944,BC23944_E1,ENSG00000135390,-0.0715100753193415,-0.0896578555074864
BC23944,BC23944_E1,ENSG00000109475,-0.03834984706890285,-0.03092101937381521
BC23944,BC23944_E1,ENSG00000143420,0.0273604934099443,0.01155951733620674
BC23944,BC23944_E1,ENSG00000113140,0.031247752214630616,0.04566009886698917
BC23944,BC23944_E1,ENSG00000173272,0.1271646524201568,0.1418576420234969
BC23944,BC23944_E1,ENSG00000025708,0.08100113725477814,0.07199236776027854
BC23944,BC23944_E1,ENSG00000279274,0.13448440437526304,0.15365408972471484
BC23944,BC23944_E1,ENSG00000161960,0.14021146353342645,0.16717594109816503
BC23944,BC23944_E1,ENSG00000177700,-0.124553465908295,-0.13507344772008686
BC23944,BC23944_E1,ENSG00000135940,0.0006884503457641576,0.032068652120248835
BC23944,BC23944_E1,ENSG00000170421,0.12753102210914458,0.13995541685126342
BC23944,BC23944_E1,ENSG00000184840,0.002981505422826412,0.015851359543449503
BC23944,BC23944_E1,ENSG00000168542,0.06180031038583617,0.07029661355676896
BC23944,BC23944_E1,ENSG00000187608,-0.03384143272763914,-0.020469152199121862
BC23944,BC23944_E1,ENSG00000214530,0.041922703406458456,0.029904394460850393
BC23944,BC23944_E1,ENSG00000173801,0.02277294877250231,0.04268654573866833
BC23944,BC23944_E1,ENSG00000176046,0.10125185735303464,0.13267257933651747
BC23944,BC23944_E1,__ambiguous[ENSG00000273259+ENSG00000196136],0.127923449700991,0.14918095511596882
BC23944,BC23944_E2,ENSG00000034510,-0.06571498706436102,-0.0742190964002043
BC23944,BC23944_E2,ENSG00000111640,0.15384628753491436,0.1830495055274206
BC23944,BC23944_E2,ENSG00000177600,0.14714716477667292,0.15969247365958378
BC23944,BC23944_E2,ENSG00000137818,0.09940358325118372,0.12943680414547232
BC23944,BC23944_E2,ENSG00000254709,-0.028762184094779503,0.010006927070345008
BC23944,BC23944_E2,ENSG00000231500,0.008066715591124464,0.017378603464301486
BC23944,BC23944_E2,ENSG00000171345,0.08299417218279827,0.08274548865229703
BC23944,BC23944_E2,ENSG00000164587,0.04849872145105362,0.049345431695522246
BC23944,BC23944_E2,ENSG00000075624,-0.10592786944950285,-0.09659644161378846
BC23944,BC23944_E2,ENSG00000141736,0.01366516174600542,0.02025539942517739
BC23944,BC23944_E2,ENSG00000108107,0.060975935770319976,0.08540065514014192
BC23944,BC23944_E2,ENSG00000105372,0.043919069020733705,0.07099309146413321
BC23944,BC23944_E2,ENSG00000197756,0.052131042554235826,0.07182246151035851
BC23944,BC23944_E2,ENSG00000108298,0.054811407590064296,0.04836646456409349
BC23944,BC23944_E2,ENSG00000167526,0.03032092126878598,0.04300985625695305
BC23944,BC23944_E2,ENSG00000161016,0.10302689881626188,0.10881060991480643
BC23944,BC23944_E2,ENSG00000130255,0.15782295745266112,0.14438625483120887
BC23944,BC23944_E2,ENSG00000087086,-0.022434983687021865,-0.02108392405071758
BC23944,BC23944_E2,ENSG00000108518,-0.003275634837754033,-0.01490653401634978
BC23944,BC23944_E2,__ambiguous[ENSG00000251357+ENSG00000240972],0.06989926572084675,0.09133875355997961
BC23944,BC23944_E2,ENSG00000136942,0.03729836479800566,0.07527085647122461
BC23944,BC23944_E2,ENSG00000149273,-0.017027165900083262,-0.017056162997669124
BC23944,BC23944_E2,ENSG00000117984,-0.018507913365648998,-0.015146535831437382
BC23944,BC23944_E2,ENSG00000197746,0.056485416908583316,0.038705527101254265
BC23944,BC23944_E2,ENSG00000179218,-0.08705163477051128,-0.0956334484518308
BC23944,BC23944_E2,ENSG00000063177,0.010811511772548443,-0.006078866260598659
BC23944,BC23944_E2,ENSG00000180879,0.041674477290822326,0.031429095510399144
BC23944,BC23944_E2,ENSG00000140264,-0.055132435964238245,-0.04786527882594884
BC23944,BC23944_E2,ENSG00000105193,0.0020801410037677936,-0.012538021872721216
BC23944,BC23944_E2,ENSG00000221983,0.10092932997800028,0.07059630522262168
BC23944,BC23944_E2,ENSG00000130203,0.08766838807419138,0.12263570507301949
BC23944,BC23944_E2,ENSG00000166441,0.13439736543042044,0.14373435312914873
BC23944,BC23944_E2,ENSG00000167996,-0.04566596603692111,-0.06479738258305036
BC23944,BC23944_E2,ENSG00000234745,0.02298195137266757,0.020408312949148504
BC23944,BC23944_E2,ENSG00000142541,0.08682684875494863,0.08560451434351522
BC23944,BC23944_E2,ENSG00000204628,0.014413699108561358,0.0178034282074226
BC23944,BC23944_E2,ENSG00000185624,-0.003853532888210885,0.008933585847776898
BC23944,BC23944_E2,ENSG00000142534,0.04070599536364023,0.04095063844693849
BC23944,BC23944_E2,ENSG00000147403,0.05928280666728701,0.06224996277061395
BC23944,BC23944_E2,ENSG00000109062,-0.03427505276241787,-0.039740456684922314
BC23944,BC23944_E2,ENSG00000140988,0.056097199904927175,0.0690072521685901
BC23944,BC23944_E2,ENSG00000089157,0.033920288344073915,0.05080402878594816
BC23944,BC23944_E2,ENSG00000115268,-0.05162026408079139,-0.038541228852067136
BC23944,BC23944_E2,ENSG00000105640,-0.02964255248960593,0.007978253950145049
BC23944,BC23944_E2,ENSG00000112306,-0.007015038320676421,-0.02379269445996847
BC23944,BC23944_E2,ENSG00000233927,-0.018273933467271845,-0.01562451140000109
BC23944,BC23944_E2,ENSG00000171858,0.08263217518523992,0.0804458049729573
BC23944,BC23944_E2,ENSG00000182774,0.08524642808113408,0.08156654494152654
BC23944,BC23944_E2,ENSG00000213741,0.04353691663116149,0.05628451848429005
BC23944,BC23944_E2,ENSG00000198034,0.04211220787216021,0.030657885013430843
BC23944,BC23944_E2,ENSG00000125691,0.09946783361196582,0.11511787513200203
BC23944,BC23944_E2,ENSG00000142676,0.020672040331441422,0.029654716948326422
BC23944,BC23944_E2,ENSG00000149806,0.0529881093464219,0.07375177904703605
BC23944,BC23944_E2,ENSG00000111341,-0.010896169557054197,0.008919173986085877
BC23944,BC23944_E2,ENSG00000170889,0.025499431191242376,0.0444933858594049
BC23944,BC23944_E2,ENSG00000019582,-0.02817818859027335,-0.005897341546056834
BC23944,BC23944_E2,ENSG00000204525,-0.029923894437808178,-0.022832095582927946
BC23944,BC23944_E2,ENSG00000177954,0.10140321881006704,0.1370044657507358
BC23944,BC23944_E2,ENSG00000172809,-0.007495398866590516,0.013755102658564887
BC23944,BC23944_E2,ENSG00000172757,-0.0037911910293049974,0.033720531485058124
BC23944,BC23944_E2,ENSG00000100316,0.055569657372626924,0.0672409009320796
BC23944,BC23944_E2,ENSG00000204592,-0.013768813432482535,-0.024816499266845357
BC23944,BC23944_E2,ENSG00000101439,-0.0912673206592483,-0.1103561706111793
BC23944,BC23944_E2,ENSG00000137154,-0.008947417283802472,-0.015390089474400782
BC23944,BC23944_E2,ENSG00000184009,0.01291780758511074,0.031134538661579288
BC23944,BC23944_E2,ENSG00000167995,-0.03172090878874436,-0.045477394560171
BC23944,BC23944_E2,ENSG00000108821,0.0971769483339228,0.13888472937106303
BC23944,BC23944_E2,__ambiguous[ENSG00000254772+ENSG00000255508],0.09617697525624795,0.10080970112747034
BC23944,BC23944_E2,__ambiguous[ENSG00000185883+ENSG00000260272],0.11558714934667418,0.10891058036618467
BC23944,BC23944_E2,ENSG00000163191,-0.11297868122034323,-0.10103613024983582
BC23944,BC23944_E2,ENSG00000206503,-0.02255373093473472,-0.023576472630791104
BC23944,BC23944_E2,ENSG00000167468,-0.050227465078286855,-0.06957883867893622
BC23944,BC23944_E2,ENSG00000142937,0.04974108724176807,0.045966317641522605
BC23944,BC23944_E2,ENSG00000083845,0.06571428821780774,0.1025615985281894
BC23944,BC23944_E2,ENSG00000135404,-0.02889403075956969,-0.06366794771151926
BC23944,BC23944_E2,ENSG00000197958,-0.00628922706359742,-0.016345079756102096
BC23944,BC23944_E2,ENSG00000224389,-0.014722694310325728,-0.031252101114277724
BC23944,BC23944_E2,ENSG00000107223,-0.006395007792332654,-0.0012915031238763008
BC23944,BC23944_E2,ENSG00000169710,0.12527322590729334,0.1433308427823727
BC23944,BC23944_E2,ENSG00000106624,-0.1193618333351593,-0.13382878944420656
BC23944,BC23944_E2,ENSG00000231925,0.14373076038926855,0.15783334830607196
BC23944,BC23944_E2,ENSG00000163220,-0.07872335153189938,-0.07218646401333846
BC23944,BC23944_E2,ENSG00000156482,-0.030055426745091002,-0.011816869980016798
BC23944,BC23944_E2,ENSG00000167658,-0.030962230145811453,-0.0323608507603113
BC23944,BC23944_E2,ENSG00000162244,-0.10441677714245319,-0.10255367959122394
BC23944,BC23944_E2,ENSG00000143947,-0.03736685000027203,-0.056594311351448115
BC23944,BC23944_E2,ENSG00000149925,-0.07459779297676714,-0.02779949106689535
BC23944,BC23944_E2,ENSG00000108344,0.08712008139111593,0.07209703929248881
BC23944,BC23944_E2,ENSG00000148303,0.0037534077300441612,0.006724714128772332
BC23944,BC23944_E2,ENSG00000165949,0.06572591454358241,0.051769145633195145
BC23944,BC23944_E2,ENSG00000115884,-0.00998496324452349,-0.038765637159719785
BC23944,BC23944_E2,ENSG00000108639,0.045958016880201714,0.037665376912891194
BC23944,BC23944_E2,ENSG00000144713,0.10543611566577972,0.0999658255754448
BC23944,BC23944_E2,ENSG00000172531,-0.05529374564706121,-0.0745727512291395
BC23944,BC23944_E2,ENSG00000131469,-0.0377512300895648,-0.04368111267222999
BC23944,BC23944_E2,ENSG00000141741,-0.03483412331386083,-0.040385137055397514
BC23944,BC23944_E2,ENSG00000108679,0.03403828536161419,0.03842169936425573
BC23944,BC23944_E2,ENSG00000174748,0.07121525878332939,0.08245695385420976
BC23944,BC23944_E2,ENSG00000185825,0.04820648390365366,0.058676308423756006
BC23944,BC23944_E2,ENSG00000130303,0.0054924238972651074,0.001142479924134875
BC23944,BC23944_E2,ENSG00000166710,0.004271220941260017,-0.005967359056443467
BC23944,BC23944_E2,ENSG00000158710,-0.017174487438294098,-0.03497808737429983
BC23944,BC23944_E2,ENSG00000198242,0.05114403216189374,0.06326022233972789
BC23944,BC23944_E2,ENSG00000106211,0.043326430220451025,0.06587777574729542
BC23944,BC23944_E2,ENSG00000145592,0.08864777959932964,0.0872844011133665
BC23944,BC23944_E2,ENSG00000104904,-0.02515044650720126,-0.045504038169781894
BC23944,BC23944_E2,ENSG00000118181,0.01161737258796579,0.010844475241314808
BC23944,BC23944_E2,ENSG00000110651,0.07172694434276815,0.07410909764737258
BC23944,BC23944_E2,ENSG00000246705,-0.07066490824881133,-0.05305754956620543
BC23944,BC23944_E2,ENSG00000279483,0.03766877843219601,0.06280422272475328
BC23944,BC23944_E2,ENSG00000173372,-0.03845881149852649,-0.0469179996464365
BC23944,BC23944_E2,ENSG00000115457,0.05290068049869626,0.08208855255398537
BC23944,BC23944_E2,ENSG00000160862,0.04591337707021122,0.019489232169992075
BC23944,BC23944_E2,__ambiguous[ENSG00000243678+ENSG00000011052],0.0452360935242122,0.029092968990273
BC23944,BC23944_E2,ENSG00000074800,0.06551243011593319,0.07417252501125152
BC23944,BC23944_E2,ENSG00000133112,-0.05157654893460748,-0.05800593082494815
BC23944,BC23944_E2,ENSG00000117410,0.04768712381698861,0.04770544326064772
BC23944,BC23944_E2,ENSG00000142669,0.011113964475613951,-0.03250373156653255
BC23944,BC23944_E2,ENSG00000070756,0.04573529033420351,0.06492200149174715
BC23944,BC23944_E2,ENSG00000152082,0.10336538974562559,0.07967129030093123
BC23944,BC23944_E2,ENSG00000092841,0.015244636077086843,0.025888302741977176
BC23944,BC23944_E2,ENSG00000030582,0.04198207937589508,0.029618785808272364
BC23944,BC23944_E2,ENSG00000130208,-0.05392043879701776,-0.05591996826358035
BC23944,BC23944_E2,__ambiguous[ENSG00000185885+ENSG00000185201],0.06332867864576863,0.06554216832842655
BC23944,BC23944_E2,ENSG00000185499,0.10525242065976419,0.12086015803296325
BC23944,BC23944_E2,ENSG00000205542,-0.0483176175135163,-0.06327921210853274
BC23944,BC23944_E2,__ambiguous[ENSG00000124614+ENSG00000270800],0.05935592427794237,0.0566064290492346
BC23944,BC23944_E2,ENSG00000126267,-0.009932730581789633,-0.019779586068342674
BC23944,BC23944_E2,ENSG00000071082,-0.0291376223283033,-0.03839643028699771
BC23944,BC23944_E2,ENSG00000277972,-0.03865665784804742,-0.04229982894684005
BC23944,BC23944_E2,ENSG00000149591,0.03706370411118319,0.08791572146812955
BC23944,BC23944_E2,ENSG00000135480,-0.15199978101698644,-0.16204169802395577
BC23944,BC23944_E2,ENSG00000102265,0.09426774136140967,0.10808512004864662
BC23944,BC23944_E2,ENSG00000071553,0.013423514307106357,0.027424293486640768
BC23944,BC23944_E2,ENSG00000169100,-0.03157423568796307,-0.01397065381417895
BC23944,BC23944_E2,ENSG00000277791,0.027128418287381568,0.0024195119000206206
BC23944,BC23944_E2,ENSG00000143774,0.02871740553226212,0.018713086927965243
BC23944,BC23944_E2,ENSG00000150991,-0.02052015632834776,-0.03378060918313883
BC23944,BC23944_E2,ENSG00000162511,-0.0666044554890809,-0.05813266440876481
BC23944,BC23944_E2,ENSG00000160789,-0.07449384865343273,-0.0850598561558303
BC23944,BC23944_E2,ENSG00000187514,-0.03404590051292039,-0.04779543975721537
BC23944,BC23944_E2,ENSG00000111057,-0.10014936555404479,-0.117182785916185
BC23944,BC23944_E2,ENSG00000115414,0.07531748633294694,0.11936875619839717
BC23944,BC23944_E2,ENSG00000255823,0.19192368387071504,0.20939742337725473
BC23944,BC23944_E2,ENSG00000131748,-0.014244079497329287,-0.027117605612761046
BC23944,BC23944_E2,ENSG00000196924,0.022921571614260814,-0.0031685135411630354
BC23944,BC23944_E2,ENSG00000105223,0.08699492579031938,0.0713539917957091
BC23944,BC23944_E2,ENSG00000117450,-0.0015834161774457313,-0.012349822369501115
BC23944,BC23944_E2,ENSG00000163682,-0.06456624324422651,-0.0639907896749165
BC23944,BC23944_E2,ENSG00000165215,0.07815942360829267,0.08541489878233417
BC23944,BC23944_E2,ENSG00000125534,-0.021834628459823202,-0.008953268225023639
BC23944,BC23944_E2,ENSG00000145425,0.0025369839144234953,0.030768288679339655
BC23944,BC23944_E2,ENSG00000182492,-0.02263694202466232,-0.04351501911938317
BC23944,BC23944_E2,ENSG00000178719,0.0023381710901633317,-0.0068043668632357356
BC23944,BC23944_E2,ENSG00000124664,-0.039259455495656334,-0.018099903307925623
BC23944,BC23944_E2,ENSG00000051523,0.0362074052870257,0.03495633749295526
BC23944,BC23944_E2,ENSG00000138326,-0.01963617619900188,-0.04963002660135891
BC23944,BC23944_E2,ENSG00000204287,-0.014616869764140094,-0.0048288540148390255
BC23944,BC23944_E2,ENSG00000124614,0.1029061337831758,0.11541241271735334
BC23944,BC23944_E2,ENSG00000182809,0.0541878221002154,0.07076574106200458
BC23944,BC23944_E2,ENSG00000176340,0.04721065932379227,0.06749891604871057
BC23944,BC23944_E2,ENSG00000058262,0.04312869528364129,0.044463446537333653
BC23944,BC23944_E2,ENSG00000269028,0.22678169235125983,0.23737043888821022
BC23944,BC23944_E2,ENSG00000251562,0.003028217912805933,0.017922016425871986
BC23944,BC23944_E2,__ambiguous[ENSG00000277957+ENSG00000161960],0.0011390974126233501,-0.003190607650925622
BC23944,BC23944_E2,ENSG00000164733,-0.06809520250501244,-0.10164752559665577
BC23944,BC23944_E2,ENSG00000169223,-0.007850000927785353,-0.00893663500373318
BC23944,BC23944_E2,ENSG00000164692,0.03732705762976734,0.054132026783648195
BC23944,BC23944_E2,ENSG00000114353,-0.0011196439758183938,-0.01616146018560028
BC23944,BC23944_E2,ENSG00000141522,0.1657549252941042,0.17744023823013602
BC23944,BC23944_E2,ENSG00000144426,-0.017609514166292875,-0.014767930851172659
BC23944,BC23944_E2,ENSG00000127540,0.04410985946110729,0.06348430895071387
BC23944,BC23944_E2,__ambiguous[ENSG00000257341+ENSG00000213145],0.052654583087360526,0.02615553442888572
BC23944,BC23944_E2,ENSG00000142089,0.10151549930090539,0.11643863534698971
BC23944,BC23944_E2,ENSG00000052344,-0.0357525388415723,-0.06632153797471317
BC23944,BC23944_E2,ENSG00000026025,-0.0699668670781555,-0.06694153976799566
BC23944,BC23944_E2,ENSG00000272196,0.003839525218376406,-0.01459815889631121
BC23944,BC23944_E2,ENSG00000114867,-0.04068951360269929,-0.0612625873712534
BC23944,BC23944_E2,ENSG00000111669,-0.04053642185272937,-0.026047230036360197
BC23944,BC23944_E2,ENSG00000103363,-0.06847587993978206,-0.07164833401558986
BC23944,BC23944_E2,ENSG00000104964,-0.05762151040721469,-0.07351559377059763
BC23944,BC23944_E2,ENSG00000125730,-0.02763220401498893,-0.021595210113853992
BC23944,BC23944_E2,ENSG00000087460,-0.026034680380885772,-0.01613971627147873
BC23944,BC23944_E2,ENSG00000142949,0.011722243962559404,-0.011873391942377748
BC23944,BC23944_E2,ENSG00000160932,0.06831544120625963,0.057219466026184586
BC23944,BC23944_E2,ENSG00000172354,0.026266042874822898,0.004061080557643468
BC23944,BC23944_E2,ENSG00000182899,0.03904336303696739,0.04932586844007237
BC23944,BC23944_E2,ENSG00000123349,0.009253446977153022,0.048694125218186037
BC23944,BC23944_E2,ENSG00000184897,-0.06970777678733489,-0.05988327747036367
BC23944,BC23944_E2,ENSG00000142173,-0.05969901495583903,-0.07080933590005833
BC23944,BC23944_E2,ENSG00000167815,-0.04143865003188653,-0.04145933122100442
BC23944,BC23944_E2,ENSG00000131143,-0.1124726735223498,-0.12147884598292145
BC23944,BC23944_E2,__ambiguous[ENSG00000262526+ENSG00000170296],-0.07001180132786324,-0.05062603730294999
BC23944,BC23944_E2,__ambiguous[ENSG00000219200+ENSG00000161939],-0.04036325558068946,-0.08042379532364415
BC23944,BC23944_E2,ENSG00000178952,-0.10112541871706415,-0.10986225193847547
BC23944,BC23944_E2,ENSG00000178980,0.0033076799007305206,0.015342310934752749
BC23944,BC23944_E2,ENSG00000170315,0.05525958367544993,0.046867990312436277
BC23944,BC23944_E2,ENSG00000143546,0.01708451947285972,0.005010269566909644
BC23944,BC23944_E2,ENSG00000163479,0.03667445415359589,0.039537394110478796
BC23944,BC23944_E2,ENSG00000197956,-0.007619512089733759,-0.025082269494106885
BC23944,BC23944_E2,ENSG00000104529,0.04706892418272243,0.0434038876472667
BC23944,BC23944_E2,ENSG00000155366,-0.028637723467009477,-0.03369259428926015
BC23944,BC23944_E2,ENSG00000008988,-0.04743417647590348,-0.02962394723188119
BC23944,BC23944_E2,ENSG00000100219,0.046129198593526315,0.049342584753678406
BC23944,BC23944_E2,ENSG00000163399,0.02302940827902627,0.020559954434164848
BC23944,BC23944_E2,ENSG00000174886,0.017229548960928504,-0.016364009020183916
BC23944,BC23944_E2,ENSG00000114391,-0.0605842306662207,-0.06211769747942644
BC23944,BC23944_E2,__ambiguous[ENSG00000241343+ENSG00000257529],0.01718863816682213,0.005877000899065732
BC23944,BC23944_E2,ENSG00000100300,-0.011661663579449201,-0.04167299114473028
BC23944,BC23944_E2,ENSG00000110492,-0.009112655791196769,-0.005308704510551567
BC23944,BC23944_E2,ENSG00000196576,-0.0617847888367707,-0.07252503294638292
BC23944,BC23944_E2,ENSG00000172270,0.0035545374781043412,-0.026077590484975825
BC23944,BC23944_E2,ENSG00000126247,-0.06571348955800958,-0.08862191742594797
BC23944,BC23944_E2,ENSG00000171863,0.018925874686115472,-0.0011987558812088118
BC23944,BC23944_E2,ENSG00000174444,-0.019786659594393175,-0.002570592649726702
BC23944,BC23944_E2,ENSG00000188846,0.0021865531616925282,0.015485484910110071
BC23944,BC23944_E2,ENSG00000101335,-0.07265111370066842,-0.04942301241107715
BC23944,BC23944_E2,ENSG00000145494,-0.05571585009537543,-0.06062874017441989
BC23944,BC23944_E2,ENSG00000173369,0.03160996615450931,-0.002468782348110518
BC23944,BC23944_E2,ENSG00000124172,-0.03465252089212783,-0.057138501955144534
BC23944,BC23944_E2,ENSG00000213988,-0.004287940944566933,-0.007004033526070845
BC23944,BC23944_E2,ENSG00000125970,0.12414382640799974,0.14077699710262342
BC23944,BC23944_E2,ENSG00000159840,-0.018964622816091264,-0.05581587670487407
BC23944,BC23944_E2,ENSG00000186468,0.0031443224840631977,0.002718940929379354
BC23944,BC23944_E2,ENSG00000171222,0.04264896267761983,0.061912394920117964
BC23944,BC23944_E2,ENSG00000011304,0.0035902287474294235,-0.0034374684469596238
BC23944,BC23944_E2,ENSG00000123989,-0.10713533904458594,-0.1131475362753722
BC23944,BC23944_E2,ENSG00000134419,-0.015104979992803809,-0.030421862013575177
BC23944,BC23944_E2,ENSG00000106153,-0.02412023770829773,-0.02252739842966619
BC23944,BC23944_E2,ENSG00000186010,-0.07256103994136782,-0.07374797905163602
BC23944,BC23944_E2,ENSG00000130725,0.012134692819320862,0.011233731039991356
BC23944,BC23944_E2,ENSG00000141738,0.025010942456304884,0.02549017971529069
BC23944,BC23944_E2,ENSG00000135390,-0.10123508077366138,-0.07055295157743241
BC23944,BC23944_E2,ENSG00000109475,0.02452906573372715,0.003759569578904813
BC23944,BC23944_E2,ENSG00000143420,-0.1523476886720909,-0.1442875955764796
BC23944,BC23944_E2,ENSG00000113140,0.019826903723093023,0.033069195559103134
BC23944,BC23944_E2,ENSG00000173272,0.11287114303185143,0.1075652621219351
BC23944,BC23944_E2,ENSG00000025708,0.014933245952673438,0.021236223473905486
BC23944,BC23944_E2,ENSG00000279274,0.062104190732179605,0.06632305921290531
BC23944,BC23944_E2,ENSG00000161960,-0.048586068315554246,-0.06209815303434197
BC23944,BC23944_E2,ENSG00000177700,0.037781886014056264,0.029320878248378864
BC23944,BC23944_E2,ENSG00000135940,-0.035643827842790916,-0.051234357029631826
BC23944,BC23944_E2,ENSG00000170421,0.04958561238811841,0.02737429109802592
BC23944,BC23944_E2,ENSG00000184840,-0.033262350912223904,-0.042832817997850464
BC23944,BC23944_E2,ENSG00000168542,0.04195519700388783,0.05872417053304642
BC23944,BC23944_E2,ENSG00000187608,0.0030871316110058413,0.007872245192309614
BC23944,BC23944_E2,ENSG00000214530,-0.023427701924264663,-0.04198987772926855
BC23944,BC23944_E2,ENSG00000173801,0.03195285763254494,0.037032048515705296
BC23944,BC23944_E2,ENSG00000176046,-0.008433216627521138,-0.02386900370901645
BC23944,BC23944_E2,__ambiguous[ENSG00000273259+ENSG00000196136],0.02668016334147891,-0.010204359049281166
BC24044,BC24044_D2,ENSG00000034510,0.19953236875731972,0.23617536992041352
BC24044,BC24044_D2,ENSG00000171345,-0.040142161568801585,-0.051052285151385705
BC24044,BC24044_D2,ENSG00000137818,0.14251751278992167,0.18418373231175694
BC24044,BC24044_D2,ENSG00000111640,-0.18436174204939657,-0.19338098082609548
BC24044,BC24044_D2,ENSG00000254709,-0.378059115329028,-0.4216359928459326
BC24044,BC24044_D2,ENSG00000177600,0.14351458080538362,0.13102104020225308
BC24044,BC24044_D2,ENSG00000075624,0.26423240292093125,0.2876035895031578
BC24044,BC24044_D2,ENSG00000231500,-0.16551429573206353,-0.19205656254586292
BC24044,BC24044_D2,ENSG00000164587,-0.19515850694711234,-0.2151387906976523
BC24044,BC24044_D2,ENSG00000108107,-0.3651293918416192,-0.3796388360864682
BC24044,BC24044_D2,ENSG00000197756,-0.007533956929341992,-0.03353663589296755
BC24044,BC24044_D2,ENSG00000087086,0.22297848314506455,0.22400379245838403
BC24044,BC24044_D2,ENSG00000141736,0.30999562248241824,0.37927243812531025
BC24044,BC24044_D2,ENSG00000161016,-0.18859810947429034,-0.20834899577523674
BC24044,BC24044_D2,ENSG00000108298,-0.06692057243812496,-0.04142095474701575
BC24044,BC24044_D2,ENSG00000105372,-0.34292487411645717,-0.3589881754467525
BC24044,BC24044_D2,ENSG00000108518,0.17992321766223984,0.2228917304371451
BC24044,BC24044_D2,ENSG00000117984,-0.10831298175628724,-0.1090425433925539
BC24044,BC24044_D2,ENSG00000197746,0.2460091132614891,0.25877251872404267
BC24044,BC24044_D2,ENSG00000167526,-0.24247154989173172,-0.2889891977075637
BC24044,BC24044_D2,__ambiguous[ENSG00000251357+ENSG00000240972],-0.23384045957503918,-0.21241918789711284
BC24044,BC24044_D2,ENSG00000130255,-0.4243067330173017,-0.4451329018547267
BC24044,BC24044_D2,ENSG00000130203,0.16465627332426933,0.16879292929369366
BC24044,BC24044_D2,ENSG00000140264,0.05777309197087502,0.0776219174840335
BC24044,BC24044_D2,ENSG00000179218,-0.023206441297047412,-0.039951861488845546
BC24044,BC24044_D2,ENSG00000136942,-0.49267620486797786,-0.504107528479472
BC24044,BC24044_D2,ENSG00000063177,0.010039743824185028,0.00640773910573014
BC24044,BC24044_D2,ENSG00000185624,0.18468178930981474,0.19368517360528076
BC24044,BC24044_D2,ENSG00000180879,-0.259304461219903,-0.2852118337689792
BC24044,BC24044_D2,ENSG00000109062,0.016510974053940072,0.04022898205007989
BC24044,BC24044_D2,ENSG00000149273,-0.015305923955505651,-0.023090569461107716
BC24044,BC24044_D2,ENSG00000234745,0.21392238446219466,0.21169123660133884
BC24044,BC24044_D2,ENSG00000105193,0.07084710182674488,0.057380509674347394
BC24044,BC24044_D2,ENSG00000221983,-0.0184106534799386,-0.013468924804672284
BC24044,BC24044_D2,ENSG00000167996,-0.14827687740919843,-0.1996501875540295
BC24044,BC24044_D2,ENSG00000204628,-0.09827696947362442,-0.09831216940635028
BC24044,BC24044_D2,ENSG00000166441,-0.2328681043438471,-0.2545113094380906
BC24044,BC24044_D2,ENSG00000147403,-0.01871673886772624,-0.01726047135794497
BC24044,BC24044_D2,ENSG00000142541,-0.0793042915353669,-0.10869757902708875
BC24044,BC24044_D2,ENSG00000089157,-0.017428926192412316,-0.04458491734647102
BC24044,BC24044_D2,ENSG00000140988,0.04224351406265707,0.029648101816943273
BC24044,BC24044_D2,ENSG00000171858,-0.05109031188410983,-0.05488296411788747
BC24044,BC24044_D2,ENSG00000142534,-0.14211650515234758,-0.14145117201446233
BC24044,BC24044_D2,ENSG00000198034,0.25894122938298786,0.2696344715589147
BC24044,BC24044_D2,ENSG00000115268,0.0023918269201803777,-0.000179912744755459
BC24044,BC24044_D2,ENSG00000112306,-0.050972194567735024,-0.08508240830473449
BC24044,BC24044_D2,ENSG00000204525,0.17760085985965268,0.18498244950381446
BC24044,BC24044_D2,ENSG00000125691,-0.007117332922725385,0.0037677362842867233
BC24044,BC24044_D2,ENSG00000182774,0.03870197345110092,0.0020913371744898054
BC24044,BC24044_D2,ENSG00000233927,0.027552284953443845,0.02084558553637194
BC24044,BC24044_D2,ENSG00000105640,-0.4864272562224387,-0.5105053945748881
BC24044,BC24044_D2,ENSG00000213741,0.023918946957418988,-0.014862631458524747
BC24044,BC24044_D2,ENSG00000184009,-0.2134737331720565,-0.276425552727756
BC24044,BC24044_D2,ENSG00000108821,0.06157734826248866,0.040374702735142244
BC24044,BC24044_D2,ENSG00000172809,0.1155633891547878,0.1287571375351542
BC24044,BC24044_D2,ENSG00000169710,0.23553774318444032,0.2569376602201659
BC24044,BC24044_D2,ENSG00000142676,0.04162734925328234,0.053295791546896454
BC24044,BC24044_D2,ENSG00000149806,0.020961426488725593,0.03706041287327313
BC24044,BC24044_D2,ENSG00000137154,0.2212029322155315,0.2289537219443004
BC24044,BC24044_D2,ENSG00000019582,0.12632671753593594,0.13261508195732583
BC24044,BC24044_D2,ENSG00000111341,-0.2660709566733967,-0.307729238078142
BC24044,BC24044_D2,ENSG00000224389,0.04759694531150632,0.0665476612576681
BC24044,BC24044_D2,ENSG00000167995,-0.23740027178580905,-0.2692002954004327
BC24044,BC24044_D2,ENSG00000101439,0.07069930042559819,0.07153763088032762
BC24044,BC24044_D2,ENSG00000177954,0.10090846608064326,0.08107186759625017
BC24044,BC24044_D2,ENSG00000170889,-0.3002877429532866,-0.32457361689288405
BC24044,BC24044_D2,ENSG00000204592,-0.08670815130241309,-0.09410802708140295
BC24044,BC24044_D2,ENSG00000185499,-0.06224408228333515,-0.032546001746560416
BC24044,BC24044_D2,ENSG00000172757,-0.030419086154661282,-0.03557133357905761
BC24044,BC24044_D2,ENSG00000100316,-0.01902839684946452,-0.03884230122155662
BC24044,BC24044_D2,ENSG00000108344,-0.049036180037590464,-0.03821059513279907
BC24044,BC24044_D2,ENSG00000165949,0.14287520945838436,0.17433953100460844
BC24044,BC24044_D2,ENSG00000206503,0.037124789421805686,0.04159735866540477
BC24044,BC24044_D2,ENSG00000231925,0.0947203620294956,0.09510855326357844
BC24044,BC24044_D2,ENSG00000163191,0.121268619259645,0.15785404666599812
BC24044,BC24044_D2,__ambiguous[ENSG00000185883+ENSG00000260272],0.04093933099224064,0.06636190430182295
BC24044,BC24044_D2,ENSG00000106624,0.04592852417903473,0.03758923521464009
BC24044,BC24044_D2,ENSG00000135404,0.056752002121288024,0.07139113298108359
BC24044,BC24044_D2,ENSG00000108639,0.23948595872627143,0.2623423514155474
BC24044,BC24044_D2,ENSG00000156482,-0.15460897363059972,-0.17047330582388429
BC24044,BC24044_D2,ENSG00000149925,0.08576648776231158,0.08192281698906093
BC24044,BC24044_D2,ENSG00000108679,0.06491846640665906,0.06036451326515431
BC24044,BC24044_D2,ENSG00000142937,0.10022944259557688,0.09227983507782866
BC24044,BC24044_D2,ENSG00000167468,-0.11690755526010813,-0.10848578591844117
BC24044,BC24044_D2,ENSG00000083845,-0.0011532261787399864,-0.016095521717720183
BC24044,BC24044_D2,ENSG00000166710,0.2859072810531782,0.31555416413814397
BC24044,BC24044_D2,ENSG00000197958,0.1483418498629274,0.14814277320736458
BC24044,BC24044_D2,ENSG00000143947,-0.1329931353498229,-0.17969252752924203
BC24044,BC24044_D2,ENSG00000106211,-0.13685382596126983,-0.15140176183430704
BC24044,BC24044_D2,__ambiguous[ENSG00000254772+ENSG00000255508],-0.26174104139135934,-0.26381692220036584
BC24044,BC24044_D2,ENSG00000131469,-0.09353795092392986,-0.09968706770838823
BC24044,BC24044_D2,ENSG00000160862,-0.017078085471854094,-0.023610795162968996
BC24044,BC24044_D2,ENSG00000107223,-0.018217973416512916,0.00027998805317719627
BC24044,BC24044_D2,ENSG00000167658,0.11003903255565038,0.1169404160465054
BC24044,BC24044_D2,ENSG00000174748,0.1755416527605069,0.18536158394146032
BC24044,BC24044_D2,ENSG00000172531,0.0931708528583717,0.10254799600583683
BC24044,BC24044_D2,ENSG00000162244,-0.1307382502308958,-0.13322136178508573
BC24044,BC24044_D2,ENSG00000185825,-0.035878526610059386,-0.01774662027622157
BC24044,BC24044_D2,ENSG00000158710,-0.08679856435903838,-0.09101480258267766
BC24044,BC24044_D2,ENSG00000130208,0.08645519490054626,0.0864948619407998
BC24044,BC24044_D2,__ambiguous[ENSG00000243678+ENSG00000011052],0.1338679507906001,0.1576473150426034
BC24044,BC24044_D2,ENSG00000198242,-0.07353326251543738,-0.08255716534451718
BC24044,BC24044_D2,__ambiguous[ENSG00000185885+ENSG00000185201],0.026194759125451158,0.016407622453874098
BC24044,BC24044_D2,ENSG00000145592,-0.053542210780846,-0.07439912136020313
BC24044,BC24044_D2,ENSG00000115884,0.15383702806700844,0.1967364255321805
BC24044,BC24044_D2,ENSG00000130303,0.040482594510370375,0.04891882026432346
BC24044,BC24044_D2,ENSG00000144713,0.08868295055494743,0.099129005037084
BC24044,BC24044_D2,ENSG00000141741,0.006311089094941323,0.009812202576932319
BC24044,BC24044_D2,ENSG00000246705,-0.0822364609811523,-0.06793125299855425
BC24044,BC24044_D2,ENSG00000104904,0.1036285689406099,0.12618681663443154
BC24044,BC24044_D2,ENSG00000152082,-0.01844518866976244,-0.011875926067975079
BC24044,BC24044_D2,ENSG00000115457,0.1292832398600627,0.12512355155785276
BC24044,BC24044_D2,ENSG00000148303,0.1586612196568435,0.19793395951387555
BC24044,BC24044_D2,__ambiguous[ENSG00000257341+ENSG00000213145],0.03426584552711004,0.052324734417924804
BC24044,BC24044_D2,ENSG00000118181,0.12791863756737962,0.13951388484027355
BC24044,BC24044_D2,ENSG00000277972,0.05809747503493272,0.08223003585546057
BC24044,BC24044_D2,ENSG00000030582,0.10555781083264398,0.11450763829052565
BC24044,BC24044_D2,ENSG00000133112,-0.10870203495140857,-0.1344745775242032
BC24044,BC24044_D2,ENSG00000173372,-0.009294999048447064,0.0023764191604980856
BC24044,BC24044_D2,ENSG00000110651,-0.011585869411488457,0.009503529297628762
BC24044,BC24044_D2,ENSG00000115414,-0.05867242102217357,-0.11280586516572817
BC24044,BC24044_D2,ENSG00000071553,0.13976914796171264,0.1538899370148753
BC24044,BC24044_D2,ENSG00000074800,0.009686324069891294,0.0384045661473699
BC24044,BC24044_D2,ENSG00000117410,0.17513457286972567,0.23451036591120053
BC24044,BC24044_D2,ENSG00000178719,-0.009741579321439488,0.001546696156740784
BC24044,BC24044_D2,ENSG00000205542,0.11225525399417144,0.16973030321667643
BC24044,BC24044_D2,ENSG00000150991,0.007312922307547325,-0.02438001335660227
BC24044,BC24044_D2,ENSG00000126267,0.09929834262837837,0.11148356129308089
BC24044,BC24044_D2,ENSG00000111057,-0.020867847881427065,-0.01666194372132118
BC24044,BC24044_D2,ENSG00000071082,-0.026880145844954406,0.006349824659560282
BC24044,BC24044_D2,ENSG00000143774,0.053203593801607114,0.05786154357307593
BC24044,BC24044_D2,ENSG00000105223,0.06225921268575828,0.06183085966985287
BC24044,BC24044_D2,ENSG00000142669,0.17637085792583032,0.18363380845444957
BC24044,BC24044_D2,ENSG00000279483,0.3475939841589388,0.3573688336253371
BC24044,BC24044_D2,ENSG00000092841,0.029702056192482982,0.022823378532168773
BC24044,BC24044_D2,ENSG00000277791,0.208363785465407,0.2289025547348948
BC24044,BC24044_D2,ENSG00000160789,0.14736775971917807,0.16841070678739853
BC24044,BC24044_D2,ENSG00000117450,0.35909409132725656,0.41854895308370516
BC24044,BC24044_D2,ENSG00000165215,0.12792164169660158,0.17194890808179583
BC24044,BC24044_D2,ENSG00000169100,0.10965528967560753,0.10651289050541626
BC24044,BC24044_D2,ENSG00000070756,-0.17628552659377425,-0.23331086338054874
BC24044,BC24044_D2,ENSG00000164733,0.15271133325796207,0.16672298539854088
BC24044,BC24044_D2,ENSG00000272196,0.024566153616466635,0.027544508799228266
BC24044,BC24044_D2,ENSG00000124664,0.061111714918080574,0.08834713681699177
BC24044,BC24044_D2,ENSG00000182492,0.1862676373270327,0.19236543949579454
BC24044,BC24044_D2,ENSG00000162511,0.1328616662480313,0.14071435878202218
BC24044,BC24044_D2,ENSG00000164692,-0.12444784867018426,-0.14964043649475003
BC24044,BC24044_D2,ENSG00000204287,0.3403227294613919,0.35161875208237164
BC24044,BC24044_D2,ENSG00000102265,0.2188053528723013,0.24618000307373997
BC24044,BC24044_D2,ENSG00000163682,0.2255657783076934,0.26945615805775025
BC24044,BC24044_D2,__ambiguous[ENSG00000124614+ENSG00000270800],-0.07634791061447971,-0.08776109826576704
BC24044,BC24044_D2,ENSG00000182809,0.12138692136727008,0.14307647968976334
BC24044,BC24044_D2,ENSG00000138326,0.16633848336917162,0.18088907510941443
BC24044,BC24044_D2,ENSG00000145425,0.0329383941339679,0.041832411859976146
BC24044,BC24044_D2,ENSG00000142089,0.08826791394083064,0.09822899262823595
BC24044,BC24044_D2,ENSG00000251562,-0.09429130869423735,-0.06764127315122188
BC24044,BC24044_D2,ENSG00000149591,0.1399540536381395,0.160413274629817
BC24044,BC24044_D2,ENSG00000187514,0.29459168522780094,0.3570249334699498
BC24044,BC24044_D2,ENSG00000176340,-0.057088121182183225,-0.05481497755571611
BC24044,BC24044_D2,ENSG00000255823,0.38166641572447113,0.41202293128668593
BC24044,BC24044_D2,ENSG00000141522,-0.006454997786604289,0.003475687194615287
BC24044,BC24044_D2,__ambiguous[ENSG00000277957+ENSG00000161960],0.22370046016412667,0.2243082143261427
BC24044,BC24044_D2,ENSG00000058262,0.10244310171777614,0.12843773540435344
BC24044,BC24044_D2,ENSG00000125534,0.003303441991322566,0.008740744632886861
BC24044,BC24044_D2,ENSG00000178980,0.11297948846121988,0.14031496915276695
BC24044,BC24044_D2,ENSG00000052344,0.07565896626336896,0.10045114394907215
BC24044,BC24044_D2,ENSG00000169223,0.10646421595748552,0.1286332024130772
BC24044,BC24044_D2,ENSG00000131748,0.07217616793463029,0.07858048725436978
BC24044,BC24044_D2,ENSG00000087460,-0.14049846244456965,-0.14744568703753103
BC24044,BC24044_D2,ENSG00000114867,0.040432743939340876,0.07066644849664633
BC24044,BC24044_D2,ENSG00000127540,-0.07238836942450648,-0.06337376997410357
BC24044,BC24044_D2,__ambiguous[ENSG00000273259+ENSG00000196136],-0.03247477410113167,-0.024531225338001835
BC24044,BC24044_D2,ENSG00000100219,0.15821885281206605,0.1534553697529355
BC24044,BC24044_D2,ENSG00000196924,0.08555689389686724,0.09454039337649353
BC24044,BC24044_D2,ENSG00000144426,0.05347506649071982,0.052556308719033946
BC24044,BC24044_D2,ENSG00000026025,0.040495919295642,0.005880222812382182
BC24044,BC24044_D2,ENSG00000114353,0.13127374740840322,0.13951707398724894
BC24044,BC24044_D2,ENSG00000163220,-0.33875390670325234,-0.3139259449119373
BC24044,BC24044_D2,ENSG00000172354,0.21429286715656135,0.24328429530878307
BC24044,BC24044_D2,ENSG00000269028,0.4123045532893225,0.43259850463472116
BC24044,BC24044_D2,ENSG00000104529,0.03769274899720079,0.03887769618176
BC24044,BC24044_D2,ENSG00000170315,-0.13901810507984466,-0.1621626467486987
BC24044,BC24044_D2,ENSG00000103363,-0.05935016063338426,-0.05500819089231583
BC24044,BC24044_D2,ENSG00000164919,-0.13698987860708287,-0.14503578607111337
BC24044,BC24044_D2,ENSG00000184897,0.08647114921163951,0.11480889060881194
BC24044,BC24044_D2,ENSG00000124614,-0.058546220282326776,-0.07015251427842285
BC24044,BC24044_D2,ENSG00000008988,-0.021710842940570987,-0.060406178779826264
BC24044,BC24044_D2,ENSG00000178952,0.062060003932461624,0.08767000295492884
BC24044,BC24044_D2,ENSG00000100300,0.18047220949992004,0.19957218549349776
BC24044,BC24044_D2,ENSG00000182899,-0.09923281251593379,-0.10867933596873705
BC24044,BC24044_D2,ENSG00000135480,0.11692036289327097,0.13221222648346592
BC24044,BC24044_D2,ENSG00000187608,-0.12472466297776538,-0.1345887763841448
BC24044,BC24044_D2,ENSG00000163399,0.23206185009254407,0.23782843527161196
BC24044,BC24044_D2,ENSG00000167815,0.0039159542676460764,0.023261462145578185
BC24044,BC24044_D2,ENSG00000214530,-0.013151416124981169,-0.007899574631302959
BC24044,BC24044_D2,ENSG00000163479,-0.05615422329654581,-0.053847681882332354
BC24044,BC24044_D2,ENSG00000104964,0.08860368673940042,0.07927341900388764
BC24044,BC24044_D2,ENSG00000051523,-0.15258923947608918,-0.14896404819478723
BC24044,BC24044_D2,ENSG00000123349,-0.12133561530249402,-0.12589915925972597
BC24044,BC24044_D2,ENSG00000160932,-0.003929396993206706,-0.008127841110732153
BC24044,BC24044_D2,ENSG00000155366,0.06215805169814339,0.050465018697772444
BC24044,BC24044_D2,ENSG00000124172,-0.10769621420656353,-0.14352355180130508
BC24044,BC24044_D2,ENSG00000142173,0.21665757160343793,0.23359131350433274
BC24044,BC24044_D2,ENSG00000168528,0.05246847716288446,0.04806667861006772
BC24044,BC24044_D2,ENSG00000131143,0.08869049713524181,0.10689884938634159
BC24044,BC24044_D2,ENSG00000142949,-0.03133535493921826,0.014136669630150062
BC24044,BC24044_D2,ENSG00000114391,0.06588791074758464,0.07816314897540919
BC24044,BC24044_D2,ENSG00000143420,0.09369122217371102,0.0994353448168684
BC24044,BC24044_D2,__ambiguous[ENSG00000241343+ENSG00000257529],0.03683332779287914,0.012982374040796107
BC24044,BC24044_D2,__ambiguous[ENSG00000219200+ENSG00000161939],0.0018275431914351174,0.006701404017769363
BC24044,BC24044_D2,ENSG00000173272,-0.054324594090572144,-0.04352756147685186
BC24044,BC24044_D2,__ambiguous[ENSG00000262526+ENSG00000170296],-0.049041294439429305,-0.037981159806007775
BC24044,BC24044_D2,ENSG00000197956,0.0698694628755682,0.0690955603833655
BC24044,BC24044_D2,ENSG00000160180,0.050653456216023914,0.05172632387117583
BC24044,BC24044_D2,ENSG00000173801,-0.1947512206750052,-0.20356878443287713
BC24044,BC24044_D2,ENSG00000126247,0.017804957595990545,0.03565208455304896
BC24044,BC24044_D2,ENSG00000173369,0.037674753018458816,0.02346354335474451
BC24044,BC24044_D2,ENSG00000174444,0.15431731944018043,0.12422486562351868
BC24044,BC24044_D2,ENSG00000147684,-0.021459165983749997,-0.002993152541635424
BC24044,BC24044_D2,ENSG00000161960,0.3015551024415434,0.3067666322861685
BC24044,BC24044_D2,ENSG00000177700,-0.02735458869400302,-0.03246033590863107
BC24044,BC24044_D2,ENSG00000188846,-0.03233490896470543,-0.03277089568405658
BC24044,BC24044_D2,ENSG00000196576,0.2588734158417697,0.2825023592658186
BC24044,BC24044_D2,ENSG00000170421,0.12220140271376476,0.13906728197567222
BC24044,BC24044_D2,ENSG00000111669,-0.08041701719489984,-0.05945538143804972
BC24044,BC24044_D2,ENSG00000171222,0.03719503788653516,0.04400227615521708
BC24044,BC24044_D2,ENSG00000113140,-0.08590547538370723,-0.10656915607035043
BC24044,BC24044_D2,ENSG00000125970,0.05356481001625931,0.08393281005798964
BC24044,BC24044_D2,ENSG00000171863,0.1706289650669221,0.19024304945567141
BC24044,BC24044_D2,ENSG00000186468,-0.14412004626743483,-0.16426308815958388
BC24044,BC24044_D2,ENSG00000174886,-0.0680606227367826,-0.07970671604091611
BC24044,BC24044_D2,ENSG00000125730,0.18063815953559606,0.185003085007548
BC24044,BC24044_D2,ENSG00000168542,-0.011985480222291515,-0.02538620337247595
BC24044,BC24044_D2,ENSG00000106153,-0.1363573147347758,-0.16872306214652183
BC24044,BC24044_D2,ENSG00000130725,0.15924868450762175,0.19842100499090437
BC24044,BC24044_D2,ENSG00000135390,0.02398976457595449,0.05343369235480739
BC24044,BC24044_D2,ENSG00000141738,0.2113018139943421,0.21020632056444152
BC24044,BC24044_D2,ENSG00000132475,0.24156504013853713,0.2783058117234456
BC24044,BC24044_D2,ENSG00000132507,0.08718057953032184,0.08795316318460447
BC24044,BC24044_D2,ENSG00000145494,-0.06327484393024899,-0.041561596654953535
BC24044,BC24044_D2,ENSG00000213988,0.13525518351467938,0.128187808757192
BC24044,BC24044_D2,ENSG00000184840,-0.11536934031887344,-0.11323941984073173
BC24044,BC24044_D2,ENSG00000147604,-0.14411106793831624,-0.13181527608647667
BC24044,BC24044_D2,ENSG00000186010,-0.06230081804001594,-0.05812834799346954
BC24044,BC24044_D2,ENSG00000129226,0.07516171942384303,0.08265622389935526
BC24044,BC24044_D2,ENSG00000172270,-0.006195083162683467,0.02421250543404492
BC24044,BC24044_D2,ENSG00000176046,0.08297931388809655,0.10117272576221671
BC24044,BC24044_D2,ENSG00000109475,0.23798150339115678,0.23196185647785217
BC24044,BC24044_D2,ENSG00000096384,0.14266885235912444,0.1356863842355151
BC24044,BC24044_D2,ENSG00000123416,0.09134586753795454,0.09026083909587565
BC24044,BC24044_E1,ENSG00000034510,0.1193842689575994,0.16729748292972357
BC24044,BC24044_E1,ENSG00000171345,-0.02188419042735133,-0.030085202724364074
BC24044,BC24044_E1,ENSG00000137818,0.1744064990791146,0.1940908313998199
BC24044,BC24044_E1,ENSG00000111640,-0.15612619079322876,-0.15309915796889537
BC24044,BC24044_E1,ENSG00000254709,-0.37691551417090363,-0.435806301385201
BC24044,BC24044_E1,ENSG00000177600,0.12447476662998878,0.11949767858038711
BC24044,BC24044_E1,ENSG00000075624,0.24249933659580492,0.28759445636892955
BC24044,BC24044_E1,ENSG00000231500,-0.2806521221125295,-0.31159607890293267
BC24044,BC24044_E1,ENSG00000164587,-0.21172016825290393,-0.24489249468250562
BC24044,BC24044_E1,ENSG00000108107,-0.4199524665781754,-0.4355369071420474
BC24044,BC24044_E1,ENSG00000197756,0.08785607175359192,0.10082361788740284
BC24044,BC24044_E1,ENSG00000087086,0.0901487927711041,0.08981920446745825
BC24044,BC24044_E1,ENSG00000141736,0.3836068271423134,0.4605631831279044
BC24044,BC24044_E1,ENSG00000161016,-0.18591968115774432,-0.2060068310871306
BC24044,BC24044_E1,ENSG00000108298,-0.24101505165181897,-0.22139458204286994
BC24044,BC24044_E1,ENSG00000105372,-0.34167580732821284,-0.36210939399139963
BC24044,BC24044_E1,ENSG00000108518,0.18195581419977802,0.2418900791028387
BC24044,BC24044_E1,ENSG00000117984,-0.03690987899716351,-0.050923346571934126
BC24044,BC24044_E1,ENSG00000197746,0.18757584254171047,0.20677662723495563
BC24044,BC24044_E1,ENSG00000167526,-0.2764225331114226,-0.3502547503042873
BC24044,BC24044_E1,__ambiguous[ENSG00000251357+ENSG00000240972],-0.24557038007566007,-0.2144050093530206
BC24044,BC24044_E1,ENSG00000130255,-0.4205247120265717,-0.4497661586490891
BC24044,BC24044_E1,ENSG00000130203,0.12371120344868135,0.13781174079853076
BC24044,BC24044_E1,ENSG00000140264,0.05842952544298755,0.06543306642837958
BC24044,BC24044_E1,ENSG00000179218,0.06709033731384738,0.07616800201420752
BC24044,BC24044_E1,ENSG00000136942,-0.49024800967412857,-0.499808678180612
BC24044,BC24044_E1,ENSG00000063177,-0.020239671483647182,-0.02164315978724474
BC24044,BC24044_E1,ENSG00000185624,0.17124060569916844,0.18322386023866652
BC24044,BC24044_E1,ENSG00000180879,-0.2857252999107877,-0.3019607275167223
BC24044,BC24044_E1,ENSG00000109062,0.06975548174646426,0.07655939978863359
BC24044,BC24044_E1,ENSG00000149273,-0.0742080956384581,-0.08945268342819934
BC24044,BC24044_E1,ENSG00000234745,0.25043807223445985,0.2619611305717602
BC24044,BC24044_E1,ENSG00000105193,0.03234675921901095,0.05186074355455536
BC24044,BC24044_E1,ENSG00000221983,-0.06447831621506736,-0.04331989756842201
BC24044,BC24044_E1,ENSG00000167996,-0.09811567289240133,-0.15607313337275158
BC24044,BC24044_E1,ENSG00000204628,-0.07867955263694044,-0.08244745288389355
BC24044,BC24044_E1,ENSG00000166441,-0.22130512421166237,-0.23893262402035556
BC24044,BC24044_E1,ENSG00000147403,-0.10626666618888436,-0.10807297195829611
BC24044,BC24044_E1,ENSG00000142541,0.05528113285169546,0.044757851096058975
BC24044,BC24044_E1,ENSG00000089157,-0.021114388659258854,-0.010133779313590786
BC24044,BC24044_E1,ENSG00000140988,0.018487835824813607,0.008665131255748115
BC24044,BC24044_E1,ENSG00000171858,-0.03460323222558314,-0.055858849265634905
BC24044,BC24044_E1,ENSG00000142534,-0.23735828114763155,-0.25735677427028775
BC24044,BC24044_E1,ENSG00000198034,0.18773688407521014,0.18227128522227148
BC24044,BC24044_E1,ENSG00000115268,-0.034294875520767674,-0.05205489917487262
BC24044,BC24044_E1,ENSG00000112306,-0.03663573899278271,-0.03935666591122142
BC24044,BC24044_E1,ENSG00000204525,0.15362041019174444,0.17365095257752905
BC24044,BC24044_E1,ENSG00000125691,0.10004752997355565,0.11298801075028117
BC24044,BC24044_E1,ENSG00000182774,-0.019844753014516794,-0.04856418885778518
BC24044,BC24044_E1,ENSG00000233927,0.1084856582651304,0.11793760281452884
BC24044,BC24044_E1,ENSG00000105640,-0.32955978432212607,-0.35599801766101863
BC24044,BC24044_E1,ENSG00000213741,0.05132064536771811,0.022682044577457296
BC24044,BC24044_E1,ENSG00000184009,-0.1187007192973522,-0.1902740976023125
BC24044,BC24044_E1,ENSG00000108821,0.11259279697621796,0.11495538096174693
BC24044,BC24044_E1,ENSG00000172809,0.09164503430757388,0.10369511300531552
BC24044,BC24044_E1,ENSG00000169710,0.2375501545054279,0.2692039723214591
BC24044,BC24044_E1,ENSG00000142676,0.1216868393567082,0.14035539997144142
BC24044,BC24044_E1,ENSG00000149806,-0.01258114532282305,0.011981192345847056
BC24044,BC24044_E1,ENSG00000137154,0.21171858469420654,0.2089853755338644
BC24044,BC24044_E1,ENSG00000019582,0.12575462962683015,0.1169919490840489
BC24044,BC24044_E1,ENSG00000111341,-0.3356243199469161,-0.3822629521883172
BC24044,BC24044_E1,ENSG00000224389,-0.01697143439269531,-0.0004705739229095513
BC24044,BC24044_E1,ENSG00000167995,-0.19670204819203066,-0.25380129181519057
BC24044,BC24044_E1,ENSG00000101439,0.06297161369850697,0.05793096788830607
BC24044,BC24044_E1,ENSG00000177954,0.006112187876325263,-0.008027536774774498
BC24044,BC24044_E1,ENSG00000170889,-0.29284052143349293,-0.3031484643100059
BC24044,BC24044_E1,ENSG00000204592,-0.04510549647996735,-0.05847789294337528
BC24044,BC24044_E1,ENSG00000185499,0.0334331972822391,0.04471630549856982
BC24044,BC24044_E1,ENSG00000172757,0.11028449206605259,0.12854156877686568
BC24044,BC24044_E1,ENSG00000100316,-0.03708585723386562,-0.037150867492678735
BC24044,BC24044_E1,ENSG00000108344,0.06448716491075641,0.07717357556196186
BC24044,BC24044_E1,ENSG00000165949,0.06752196238121472,0.08672817795031591
BC24044,BC24044_E1,ENSG00000206503,0.027841904214242385,0.03278473707238724
BC24044,BC24044_E1,ENSG00000231925,0.06609413778217771,0.08529938458152872
BC24044,BC24044_E1,ENSG00000163191,0.12916779174305695,0.17385933278885818
BC24044,BC24044_E1,__ambiguous[ENSG00000185883+ENSG00000260272],0.08222282435405638,0.09712409953383097
BC24044,BC24044_E1,ENSG00000106624,0.14409292232879553,0.16212096892639333
BC24044,BC24044_E1,ENSG00000135404,0.08693650890717458,0.12739862452218595
BC24044,BC24044_E1,ENSG00000108639,0.08105110680797842,0.10984391660671017
BC24044,BC24044_E1,ENSG00000156482,-0.0642631960837877,-0.08079381709864764
BC24044,BC24044_E1,ENSG00000149925,0.04397713431941739,0.043011381675349535
BC24044,BC24044_E1,ENSG00000108679,-0.008254362982149096,0.02226431223412608
BC24044,BC24044_E1,ENSG00000142937,0.1166292966961123,0.11541948198559626
BC24044,BC24044_E1,ENSG00000167468,-0.03307968125804654,-0.02909143434109644
BC24044,BC24044_E1,ENSG00000083845,0.11800512180385006,0.1809627729146965
BC24044,BC24044_E1,ENSG00000166710,0.41161017547998247,0.44994025191835857
BC24044,BC24044_E1,ENSG00000197958,0.039607045961321946,0.0433129180169694
BC24044,BC24044_E1,ENSG00000143947,-0.045769609974491386,-0.03846585478407848
BC24044,BC24044_E1,ENSG00000106211,-0.049044949103797045,-0.0833653947245171
BC24044,BC24044_E1,__ambiguous[ENSG00000254772+ENSG00000255508],-0.1828920584951904,-0.19214589336237292
BC24044,BC24044_E1,ENSG00000131469,-0.005809938239216708,-0.009525923708121982
BC24044,BC24044_E1,ENSG00000160862,0.0027500793226763382,-0.03604526027163552
BC24044,BC24044_E1,ENSG00000107223,0.05330982808754455,0.08299173081512601
BC24044,BC24044_E1,ENSG00000167658,0.11272773571487717,0.13352737726413252
BC24044,BC24044_E1,ENSG00000174748,0.17984395283847843,0.20006328362940803
BC24044,BC24044_E1,ENSG00000172531,0.054430304416355615,0.07524106793299194
BC24044,BC24044_E1,ENSG00000162244,-0.10913985218259574,-0.110194632309623
BC24044,BC24044_E1,ENSG00000185825,0.011107945186486256,0.02937383637361371
BC24044,BC24044_E1,ENSG00000158710,0.051980065123835385,0.04514614621142437
BC24044,BC24044_E1,ENSG00000130208,0.022861484151448168,0.08144671361501166
BC24044,BC24044_E1,__ambiguous[ENSG00000243678+ENSG00000011052],0.11917559692483876,0.14557554055874733
BC24044,BC24044_E1,ENSG00000198242,-0.04858858875388616,-0.06847002834282631
BC24044,BC24044_E1,__ambiguous[ENSG00000185885+ENSG00000185201],-0.05527362762865129,-0.06532841674975592
BC24044,BC24044_E1,ENSG00000145592,-0.008037662627918869,-0.020201409959319974
BC24044,BC24044_E1,ENSG00000115884,0.12677007394597847,0.18250065577627167
BC24044,BC24044_E1,ENSG00000130303,-7.25617367016003e-05,0.04066144470242651
BC24044,BC24044_E1,ENSG00000144713,0.02200264882282257,0.04831608825317401
BC24044,BC24044_E1,ENSG00000141741,0.15819187422386158,0.18728234130155302
BC24044,BC24044_E1,ENSG00000246705,-0.11103296902233337,-0.11026316457193046
BC24044,BC24044_E1,ENSG00000104904,0.12747572612229618,0.15665731652285791
BC24044,BC24044_E1,ENSG00000152082,-0.012591930022628805,-0.013805481562364656
BC24044,BC24044_E1,ENSG00000115457,-0.0313624057370183,-0.02957993073874694
BC24044,BC24044_E1,ENSG00000148303,0.17176710513316826,0.22625973109924796
BC24044,BC24044_E1,__ambiguous[ENSG00000257341+ENSG00000213145],-0.08614521516872455,-0.11100837697411643
BC24044,BC24044_E1,ENSG00000118181,0.22228854316177857,0.24507768358733392
BC24044,BC24044_E1,ENSG00000277972,0.052130022045852806,0.053184907177712105
BC24044,BC24044_E1,ENSG00000030582,0.10235727927068632,0.12797527622106544
BC24044,BC24044_E1,ENSG00000133112,0.014961254557492493,0.01456853796570464
BC24044,BC24044_E1,ENSG00000173372,-0.04238718648179619,-0.027553573360857748
BC24044,BC24044_E1,ENSG00000110651,0.011252257431762844,0.0018085354392506931
BC24044,BC24044_E1,ENSG00000115414,0.09840629896372308,0.08156856449387673
BC24044,BC24044_E1,ENSG00000071553,0.13295830234583694,0.14866114076376932
BC24044,BC24044_E1,ENSG00000074800,-0.001379766698587262,0.016640934240596848
BC24044,BC24044_E1,ENSG00000117410,0.13977578505793833,0.20310791703798536
BC24044,BC24044_E1,ENSG00000178719,-0.023601156439920713,-0.02352932069688915
BC24044,BC24044_E1,ENSG00000205542,0.25831197855083804,0.30345729006161587
BC24044,BC24044_E1,ENSG00000150991,0.07486201822137406,0.0795872387958759
BC24044,BC24044_E1,ENSG00000126267,0.03086164536012603,0.045187539990412175
BC24044,BC24044_E1,ENSG00000111057,-0.017152345888602257,0.015276156561286888
BC24044,BC24044_E1,ENSG00000071082,0.0070265631695378035,0.051497997122377626
BC24044,BC24044_E1,ENSG00000143774,0.05942907955600443,0.07214799238592237
BC24044,BC24044_E1,ENSG00000105223,0.09531236176516764,0.10044834440176326
BC24044,BC24044_E1,ENSG00000142669,0.07278910191821933,0.08880522642294177
BC24044,BC24044_E1,ENSG00000279483,0.3146347579429705,0.31239762130138354
BC24044,BC24044_E1,ENSG00000092841,0.07289753720123907,0.05855170233300064
BC24044,BC24044_E1,ENSG00000277791,0.2731186478849503,0.3254139804136377
BC24044,BC24044_E1,ENSG00000160789,0.06012317677579479,0.05352161411012458
BC24044,BC24044_E1,ENSG00000117450,0.31584291695893696,0.3784064358057872
BC24044,BC24044_E1,ENSG00000165215,0.08060864088675629,0.13802855992598131
BC24044,BC24044_E1,ENSG00000169100,0.08244974943229963,0.09510392741881185
BC24044,BC24044_E1,ENSG00000070756,-0.17980321876524732,-0.24238683384468215
BC24044,BC24044_E1,ENSG00000164733,0.06047877020496738,0.08839983480228392
BC24044,BC24044_E1,ENSG00000272196,0.027202445257612347,0.029250439525992426
BC24044,BC24044_E1,ENSG00000124664,0.09125708847562648,0.12647839704721522
BC24044,BC24044_E1,ENSG00000182492,0.11657789561523026,0.1169143602560087
BC24044,BC24044_E1,ENSG00000162511,0.12411645732651005,0.13307032989946
BC24044,BC24044_E1,ENSG00000164692,-0.07260258096588447,-0.1171216064796073
BC24044,BC24044_E1,ENSG00000204287,0.3496291841749606,0.3762353010688576
BC24044,BC24044_E1,ENSG00000102265,0.13774178344084873,0.15198602320075613
BC24044,BC24044_E1,ENSG00000163682,0.21968382652672183,0.27170970568560465
BC24044,BC24044_E1,__ambiguous[ENSG00000124614+ENSG00000270800],-0.11900641274429205,-0.1125929451860579
BC24044,BC24044_E1,ENSG00000182809,0.14086174437135232,0.16596850154236317
BC24044,BC24044_E1,ENSG00000138326,0.16648266304696963,0.1832239235356725
BC24044,BC24044_E1,ENSG00000145425,0.08818144446193246,0.08950280250047234
BC24044,BC24044_E1,ENSG00000142089,-0.11224302463826749,-0.10921114235962927
BC24044,BC24044_E1,ENSG00000251562,-0.18904404739490566,-0.1578678913901499
BC24044,BC24044_E1,ENSG00000149591,0.15575359361139904,0.15594870888803625
BC24044,BC24044_E1,ENSG00000187514,0.33341308126570157,0.412915434865417
BC24044,BC24044_E1,ENSG00000176340,-0.049925960180668985,-0.04085390705587712
BC24044,BC24044_E1,ENSG00000255823,0.29333037115720306,0.32595271881998744
BC24044,BC24044_E1,ENSG00000141522,0.03374018336295169,0.06423526127113596
BC24044,BC24044_E1,__ambiguous[ENSG00000277957+ENSG00000161960],0.24170059715965064,0.2785142925003415
BC24044,BC24044_E1,ENSG00000058262,0.13972915418389428,0.1589434439636259
BC24044,BC24044_E1,ENSG00000125534,-0.0051669215510911455,-0.011968877995357672
BC24044,BC24044_E1,ENSG00000178980,0.019575956968611564,0.04971145658667473
BC24044,BC24044_E1,ENSG00000052344,0.10914757098094702,0.1513355639165191
BC24044,BC24044_E1,ENSG00000169223,0.08593501794357136,0.1104009210277359
BC24044,BC24044_E1,ENSG00000131748,0.09723955311667905,0.10629661461625727
BC24044,BC24044_E1,ENSG00000087460,0.13212308563968353,0.13988244058678867
BC24044,BC24044_E1,ENSG00000114867,0.11286107689089403,0.11075759594450799
BC24044,BC24044_E1,ENSG00000127540,-0.1484371984372497,-0.14895048454425627
BC24044,BC24044_E1,__ambiguous[ENSG00000273259+ENSG00000196136],-0.008949514894831858,-0.008768977355450748
BC24044,BC24044_E1,ENSG00000100219,0.1748649436008436,0.197094901366017
BC24044,BC24044_E1,ENSG00000196924,0.0706025416149027,0.09063647871630107
BC24044,BC24044_E1,ENSG00000144426,-0.0357685947722132,-0.04094992877664272
BC24044,BC24044_E1,ENSG00000026025,-0.059693178437262566,-0.11199353684388198
BC24044,BC24044_E1,ENSG00000114353,0.13248331264453464,0.13983557009199263
BC24044,BC24044_E1,ENSG00000163220,-0.34239332450178417,-0.3167291133075646
BC24044,BC24044_E1,ENSG00000172354,0.06402640372159313,0.0712482142089875
BC24044,BC24044_E1,ENSG00000269028,0.31833922214976373,0.3464898660552236
BC24044,BC24044_E1,ENSG00000104529,-0.002059216926662375,0.006531228517455235
BC24044,BC24044_E1,ENSG00000170315,-0.11003360526385608,-0.16681351883836656
BC24044,BC24044_E1,ENSG00000103363,-0.018088429930998257,-0.011765459371759124
BC24044,BC24044_E1,ENSG00000164919,-0.07985220195384252,-0.10574970526457655
BC24044,BC24044_E1,ENSG00000184897,0.09656496237572404,0.10780480953631319
BC24044,BC24044_E1,ENSG00000124614,-0.0852143198357061,-0.07801140025323144
BC24044,BC24044_E1,ENSG00000008988,-0.10324775187835922,-0.12210477864847775
BC24044,BC24044_E1,ENSG00000178952,0.06793090526098731,0.09773672742848681
BC24044,BC24044_E1,ENSG00000100300,0.13855278835585613,0.1566290837956522
BC24044,BC24044_E1,ENSG00000182899,-0.09932779422477542,-0.11942411739654807
BC24044,BC24044_E1,ENSG00000135480,0.06883645865304584,0.10387432510262744
BC24044,BC24044_E1,ENSG00000187608,-0.048313617186910074,-0.038684655556729675
BC24044,BC24044_E1,ENSG00000163399,0.3172055495497783,0.329642314963777
BC24044,BC24044_E1,ENSG00000167815,0.0625395835919718,0.1154013701884279
BC24044,BC24044_E1,ENSG00000214530,0.018295273715750415,0.020158971182857997
BC24044,BC24044_E1,ENSG00000163479,0.05204627955924195,0.049246640890242215
BC24044,BC24044_E1,ENSG00000104964,0.08388356394034412,0.08448565241875614
BC24044,BC24044_E1,ENSG00000051523,-0.06834652542640679,-0.04384319528912539
BC24044,BC24044_E1,ENSG00000123349,-0.11577373684288214,-0.1082214142785314
BC24044,BC24044_E1,ENSG00000160932,0.02268814211993686,0.029557893272770627
BC24044,BC24044_E1,ENSG00000155366,0.05581921349294181,0.07437113869635241
BC24044,BC24044_E1,ENSG00000124172,-0.10908715633852298,-0.13913242682560342
BC24044,BC24044_E1,ENSG00000142173,0.15451452563536816,0.18733508368708113
BC24044,BC24044_E1,ENSG00000168528,0.08049513851023314,0.09784309613904868
BC24044,BC24044_E1,ENSG00000131143,0.07279351941744833,0.09535200986864995
BC24044,BC24044_E1,ENSG00000142949,0.10307360926275164,0.1657299453280202
BC24044,BC24044_E1,ENSG00000114391,-0.019701652129569803,-0.009786204202147162
BC24044,BC24044_E1,ENSG00000143420,0.02610190292832002,0.04992946401086589
BC24044,BC24044_E1,__ambiguous[ENSG00000241343+ENSG00000257529],0.025106681359901184,0.02802460811011641
BC24044,BC24044_E1,__ambiguous[ENSG00000219200+ENSG00000161939],0.06480411531886666,0.07360692894893983
BC24044,BC24044_E1,ENSG00000173272,-0.010494793310210814,-0.01239019737141554
BC24044,BC24044_E1,__ambiguous[ENSG00000262526+ENSG00000170296],0.07225842849154943,0.09365208937212496
BC24044,BC24044_E1,ENSG00000197956,0.22138605634759947,0.22698798835786968
BC24044,BC24044_E1,ENSG00000160180,-0.03616092943580292,-0.038541083826987274
BC24044,BC24044_E1,ENSG00000173801,-0.1377053509386563,-0.16278175798734215
BC24044,BC24044_E1,ENSG00000126247,0.05276366023519139,0.07561606665027848
BC24044,BC24044_E1,ENSG00000173369,0.020358715468202865,0.024521868680166817
BC24044,BC24044_E1,ENSG00000174444,0.14782566257728713,0.17179287004772612
BC24044,BC24044_E1,ENSG00000147684,0.013320997512495401,0.0007952312381480268
BC24044,BC24044_E1,ENSG00000161960,0.3050669554705127,0.32147470008813434
BC24044,BC24044_E1,ENSG00000177700,-0.04177775041513987,-0.020207584306877496
BC24044,BC24044_E1,ENSG00000188846,0.04295205163263955,0.03821136847944652
BC24044,BC24044_E1,ENSG00000196576,0.2581021692805043,0.27316916483550685
BC24044,BC24044_E1,ENSG00000170421,0.07402045780466462,0.07935069444413888
BC24044,BC24044_E1,ENSG00000111669,0.07296984939887889,0.10079893145904772
BC24044,BC24044_E1,ENSG00000171222,0.05149165213578212,0.06920572852323538
BC24044,BC24044_E1,ENSG00000113140,-0.15537937907580204,-0.19165913219102118
BC24044,BC24044_E1,ENSG00000125970,0.12654386477014018,0.15236609066294707
BC24044,BC24044_E1,ENSG00000171863,0.25495344263956976,0.3059653565962678
BC24044,BC24044_E1,ENSG00000186468,-0.15194521597999425,-0.18785760363209722
BC24044,BC24044_E1,ENSG00000174886,0.006750220501126815,0.016494992871652937
BC24044,BC24044_E1,ENSG00000125730,0.17599539431452302,0.19835531307297752
BC24044,BC24044_E1,ENSG00000168542,-0.058162806103606524,-0.09645059124915241
BC24044,BC24044_E1,ENSG00000106153,-3.696864252044943e-05,-0.013092373364619929
BC24044,BC24044_E1,ENSG00000130725,0.07915702079704967,0.09806878840757761
BC24044,BC24044_E1,ENSG00000135390,0.10872640821555672,0.13667278280632417
BC24044,BC24044_E1,ENSG00000141738,0.19714658193538256,0.22187812616697036
BC24044,BC24044_E1,ENSG00000132475,0.24625762445152252,0.2820076696907336
BC24044,BC24044_E1,ENSG00000132507,0.058032583207042146,0.06984460309853116
BC24044,BC24044_E1,ENSG00000145494,-0.12003789465541422,-0.1104478210424677
BC24044,BC24044_E1,ENSG00000213988,0.03946185289220254,0.03370806134615736
BC24044,BC24044_E1,ENSG00000184840,-0.17523330730202033,-0.2039308342673922
BC24044,BC24044_E1,ENSG00000147604,-0.1232585744410079,-0.12843440490526747
BC24044,BC24044_E1,ENSG00000186010,-0.021221547459383667,-0.01810043626640672
BC24044,BC24044_E1,ENSG00000129226,0.09607395014413334,0.11057990686685162
BC24044,BC24044_E1,ENSG00000172270,0.061906253664119656,0.09818634949050938
BC24044,BC24044_E1,ENSG00000176046,0.033981501877992634,0.028871595119057566
BC24044,BC24044_E1,ENSG00000109475,0.27271435658019866,0.2782034483554663
BC24044,BC24044_E1,ENSG00000096384,0.1989121930719478,0.19162978279761167
BC24044,BC24044_E1,ENSG00000123416,0.1504610049927763,0.18891521922707696
BC24044,BC24044_E2,ENSG00000034510,0.10226987745590932,0.1594935695993166
BC24044,BC24044_E2,ENSG00000171345,-0.007415561088406674,0.015098317978299821
BC24044,BC24044_E2,ENSG00000137818,0.269355923558029,0.338055611852036
BC24044,BC24044_E2,ENSG00000111640,-0.07753516130470833,-0.10173584283360138
BC24044,BC24044_E2,ENSG00000254709,-0.3211773184173622,-0.39082509949398425
BC24044,BC24044_E2,ENSG00000177600,0.1911461083035885,0.2310803742229528
BC24044,BC24044_E2,ENSG00000075624,0.1698568792954339,0.20209078683194265
BC24044,BC24044_E2,ENSG00000231500,0.08750859589666139,0.07001190645323935
BC24044,BC24044_E2,ENSG00000164587,0.03909281119735704,0.049326661694146554
BC24044,BC24044_E2,ENSG00000108107,-0.15480784719136956,-0.18963036340326256
BC24044,BC24044_E2,ENSG00000197756,0.13263432336687903,0.12222890382524826
BC24044,BC24044_E2,ENSG00000087086,0.14269601838783294,0.1583228317506345
BC24044,BC24044_E2,ENSG00000141736,0.23895134207563673,0.2868964418446023
BC24044,BC24044_E2,ENSG00000161016,-0.061637906743757825,-0.09604149249847402
BC24044,BC24044_E2,ENSG00000108298,-0.0942449399131487,-0.1082246535012747
BC24044,BC24044_E2,ENSG00000105372,-0.22486770052394456,-0.26236295123509745
BC24044,BC24044_E2,ENSG00000108518,0.19995806749245673,0.24170670193302263
BC24044,BC24044_E2,ENSG00000117984,0.08179823793957466,0.06881338146490179
BC24044,BC24044_E2,ENSG00000197746,0.23002345843998442,0.25487629757936703
BC24044,BC24044_E2,ENSG00000167526,-0.04718449153384128,-0.0692840060776085
BC24044,BC24044_E2,__ambiguous[ENSG00000251357+ENSG00000240972],-0.1739738306150289,-0.17660858676518126
BC24044,BC24044_E2,ENSG00000130255,-0.23368591085223522,-0.27659825786584646
BC24044,BC24044_E2,ENSG00000130203,0.09979096845012744,0.12656506606786494
BC24044,BC24044_E2,ENSG00000140264,0.031223127098174017,0.04865828820651875
BC24044,BC24044_E2,ENSG00000179218,-0.021148979091780772,-0.016163467499470525
BC24044,BC24044_E2,ENSG00000136942,-0.3655665428007444,-0.4226061918859579
BC24044,BC24044_E2,ENSG00000063177,-0.027333123148592015,-0.04106858801207208
BC24044,BC24044_E2,ENSG00000185624,0.10302062397001259,0.13356769344814465
BC24044,BC24044_E2,ENSG00000180879,-0.16340827530079244,-0.2072262036713935
BC24044,BC24044_E2,ENSG00000109062,0.01868116393355017,-0.01938753024696725
BC24044,BC24044_E2,ENSG00000149273,-0.003088068896333172,-0.004851847422094193
BC24044,BC24044_E2,ENSG00000234745,0.16382252003082348,0.1715333046633342
BC24044,BC24044_E2,ENSG00000105193,0.09636152076259825,0.1242376577357523
BC24044,BC24044_E2,ENSG00000221983,0.05389513027942097,0.06924415729596392
BC24044,BC24044_E2,ENSG00000167996,-0.08714075567977084,-0.12079951570030084
BC24044,BC24044_E2,ENSG00000204628,-0.10303218586449725,-0.11496592156142245
BC24044,BC24044_E2,ENSG00000166441,-0.15329725216914114,-0.1830090885649986
BC24044,BC24044_E2,ENSG00000147403,0.08021552253754138,0.07807057149363365
BC24044,BC24044_E2,ENSG00000142541,0.16666399815947283,0.18399785965827156
BC24044,BC24044_E2,ENSG00000089157,0.07414341255560396,0.09060979476668836
BC24044,BC24044_E2,ENSG00000140988,0.05538382498379116,0.05170179698623909
BC24044,BC24044_E2,ENSG00000171858,0.0013787013127766195,-0.0010384876197195602
BC24044,BC24044_E2,ENSG00000142534,0.024521188370427365,0.031539400514268276
BC24044,BC24044_E2,ENSG00000198034,0.1448834885924086,0.1606767375685279
BC24044,BC24044_E2,ENSG00000115268,0.047836979242285325,0.035153838963973956
BC24044,BC24044_E2,ENSG00000112306,0.016658351187772452,0.009564669548206148
BC24044,BC24044_E2,ENSG00000204525,0.21215507346016857,0.23687226425788432
BC24044,BC24044_E2,ENSG00000125691,0.11486337678524626,0.14670218620931827
BC24044,BC24044_E2,ENSG00000182774,-0.041632706692620994,-0.02729442165000371
BC24044,BC24044_E2,ENSG00000233927,0.0029460878454232345,0.023268801061273704
BC24044,BC24044_E2,ENSG00000105640,-0.26364572033871736,-0.3284211442887046
BC24044,BC24044_E2,ENSG00000213741,0.019448202888791233,-0.014636147718101478
BC24044,BC24044_E2,ENSG00000184009,-0.0564855693373093,-0.08197743809951957
BC24044,BC24044_E2,ENSG00000108821,0.10942020064099096,0.11594615719451873
BC24044,BC24044_E2,ENSG00000172809,0.021912603707200738,0.03807159411483293
BC24044,BC24044_E2,ENSG00000169710,0.21417559077276077,0.2525286556156826
BC24044,BC24044_E2,ENSG00000142676,0.1025386750448477,0.10133621143352174
BC24044,BC24044_E2,ENSG00000149806,0.09412512984676231,0.12935196751969344
BC24044,BC24044_E2,ENSG00000137154,0.21783308550492,0.23397943125345477
BC24044,BC24044_E2,ENSG00000019582,0.023670176993684577,0.03784793433578852
BC24044,BC24044_E2,ENSG00000111341,-0.18071838101207016,-0.22193738686295372
BC24044,BC24044_E2,ENSG00000224389,-0.036570832211658806,-0.03621418223138163
BC24044,BC24044_E2,ENSG00000167995,-0.0784263795715147,-0.0979658742818745
BC24044,BC24044_E2,ENSG00000101439,-0.07531632855087957,-0.0728837144939968
BC24044,BC24044_E2,ENSG00000177954,0.12762903270527773,0.14826520799836498
BC24044,BC24044_E2,ENSG00000170889,-0.0781149333667095,-0.11448251527454205
BC24044,BC24044_E2,ENSG00000204592,-0.0016208422394659724,-0.01628724485689799
BC24044,BC24044_E2,ENSG00000185499,-0.020157189749383842,-0.02622600108339724
BC24044,BC24044_E2,ENSG00000172757,-0.0019696731471428998,-0.012990224895126853
BC24044,BC24044_E2,ENSG00000100316,0.11827972816945669,0.14330827055623077
BC24044,BC24044_E2,ENSG00000108344,0.0599157158869684,0.06189364337305035
BC24044,BC24044_E2,ENSG00000165949,0.11675963494828999,0.15662726605704066
BC24044,BC24044_E2,ENSG00000206503,0.03791036320369111,0.0600443244244843
BC24044,BC24044_E2,ENSG00000231925,0.14062614056391257,0.15939259754049848
BC24044,BC24044_E2,ENSG00000163191,0.12475336072639683,0.14081413866951972
BC24044,BC24044_E2,__ambiguous[ENSG00000185883+ENSG00000260272],0.06811376168647967,0.08299693528166932
BC24044,BC24044_E2,ENSG00000106624,0.09291953142777391,0.12073693871031942
BC24044,BC24044_E2,ENSG00000135404,0.02936905045858404,0.06176397587581589
BC24044,BC24044_E2,ENSG00000108639,0.08713942951887159,0.11658369649970929
BC24044,BC24044_E2,ENSG00000156482,-0.03976764323203271,-0.037116864346520534
BC24044,BC24044_E2,ENSG00000149925,0.09679496028682459,0.10577207120690246
BC24044,BC24044_E2,ENSG00000108679,-0.002963976283187524,0.007900786485789499
BC24044,BC24044_E2,ENSG00000142937,0.048316986833244674,0.06789931271874508
BC24044,BC24044_E2,ENSG00000167468,-0.06719556091259153,-0.06493123302056505
BC24044,BC24044_E2,ENSG00000083845,0.09923037146238955,0.1417761200586881
BC24044,BC24044_E2,ENSG00000166710,0.27306936430825285,0.29584692489646724
BC24044,BC24044_E2,ENSG00000197958,0.12676546872402014,0.14256258012076783
BC24044,BC24044_E2,ENSG00000143947,0.04157149265479921,0.05548313703847965
BC24044,BC24044_E2,ENSG00000106211,0.0757968318118805,0.08485242457145264
BC24044,BC24044_E2,__ambiguous[ENSG00000254772+ENSG00000255508],-0.12761286037070946,-0.14103791081741596
BC24044,BC24044_E2,ENSG00000131469,-0.08828055910615548,-0.09610524789297945
BC24044,BC24044_E2,ENSG00000160862,-0.06350583770046843,-0.12099677086072838
BC24044,BC24044_E2,ENSG00000107223,0.060170919847499414,0.08290217465080255
BC24044,BC24044_E2,ENSG00000167658,-0.010638911816249413,-0.009881321120193803
BC24044,BC24044_E2,ENSG00000174748,0.15820406095074369,0.18724688481413299
BC24044,BC24044_E2,ENSG00000172531,0.06486091849832737,0.09697233769339185
BC24044,BC24044_E2,ENSG00000162244,0.029649627260640247,0.01640616815136758
BC24044,BC24044_E2,ENSG00000185825,0.010261478460012576,0.012731152326275579
BC24044,BC24044_E2,ENSG00000158710,-0.06535979486402814,-0.058854533669676606
BC24044,BC24044_E2,ENSG00000130208,0.030291761477159163,0.03913175791131909
BC24044,BC24044_E2,__ambiguous[ENSG00000243678+ENSG00000011052],0.06514451105116055,0.1174602104614384
BC24044,BC24044_E2,ENSG00000198242,-0.0034693565809868518,-0.018289104168343343
BC24044,BC24044_E2,__ambiguous[ENSG00000185885+ENSG00000185201],0.02958843447714816,0.033614200743401476
BC24044,BC24044_E2,ENSG00000145592,0.0005008414923683563,0.007769401347549277
BC24044,BC24044_E2,ENSG00000115884,0.11127928568408713,0.13540292080090102
BC24044,BC24044_E2,ENSG00000130303,0.0107122704279056,0.027941818627160782
BC24044,BC24044_E2,ENSG00000144713,0.03843038914237861,0.06722591260373424
BC24044,BC24044_E2,ENSG00000141741,-0.021025912782868503,-0.0011279321038559706
BC24044,BC24044_E2,ENSG00000246705,-0.050397732249357306,-0.04365509572207175
BC24044,BC24044_E2,ENSG00000104904,0.08171437894445226,0.11333242916100021
BC24044,BC24044_E2,ENSG00000152082,0.05657409859723584,0.05873602696531083
BC24044,BC24044_E2,ENSG00000115457,-0.012935239235641782,0.003168882967405439
BC24044,BC24044_E2,ENSG00000148303,0.04061749712341307,0.06031476284083857
BC24044,BC24044_E2,__ambiguous[ENSG00000257341+ENSG00000213145],-0.0402052674201834,-0.046815426314832896
BC24044,BC24044_E2,ENSG00000118181,0.22386722355995334,0.251608121265631
BC24044,BC24044_E2,ENSG00000277972,0.04806755742577211,0.064652815856438
BC24044,BC24044_E2,ENSG00000030582,0.11021631398568402,0.13044744487218488
BC24044,BC24044_E2,ENSG00000133112,-0.003450143181727942,-0.005463651286590661
BC24044,BC24044_E2,ENSG00000173372,0.037019730529993036,0.04972414725997997
BC24044,BC24044_E2,ENSG00000110651,0.005456484746551441,0.00019106754935745588
BC24044,BC24044_E2,ENSG00000115414,0.004215757202337505,-0.01763246407484764
BC24044,BC24044_E2,ENSG00000071553,0.0759552552157096,0.08159417011496303
BC24044,BC24044_E2,ENSG00000074800,0.004856123256134001,0.016645107608962782
BC24044,BC24044_E2,ENSG00000117410,0.1900296179690219,0.23988268075511845
BC24044,BC24044_E2,ENSG00000178719,-0.010908748949385138,-0.011011496465589543
BC24044,BC24044_E2,ENSG00000205542,0.16242391460181316,0.22753954831879794
BC24044,BC24044_E2,ENSG00000150991,0.09465793059240156,0.13421625835160078
BC24044,BC24044_E2,ENSG00000126267,0.07592653263188014,0.11048995685824961
BC24044,BC24044_E2,ENSG00000111057,0.0075077310963325445,0.0007209721993862609
BC24044,BC24044_E2,ENSG00000071082,0.026223333996342635,0.03040152771175219
BC24044,BC24044_E2,ENSG00000143774,0.04017711181596766,0.04683041438263274
BC24044,BC24044_E2,ENSG00000105223,0.11844212458048263,0.11908353591004212
BC24044,BC24044_E2,ENSG00000142669,0.11913431406125859,0.14777501490779082
BC24044,BC24044_E2,ENSG00000279483,0.2632048059369319,0.2882088159080855
BC24044,BC24044_E2,ENSG00000092841,0.031633975543360816,0.030108773766620137
BC24044,BC24044_E2,ENSG00000277791,0.18746402453412495,0.2186060327188755
BC24044,BC24044_E2,ENSG00000160789,-0.02377391376666669,0.0033196362194885015
BC24044,BC24044_E2,ENSG00000117450,0.2952436271922206,0.3447799693761235
BC24044,BC24044_E2,ENSG00000165215,0.16552482912380298,0.19228639757241878
BC24044,BC24044_E2,ENSG00000169100,0.049840917956183436,0.06672761663247151
BC24044,BC24044_E2,ENSG00000070756,-0.1358116914617539,-0.21379649543046372
BC24044,BC24044_E2,ENSG00000164733,0.046526878567154824,0.06863486339041966
BC24044,BC24044_E2,ENSG00000272196,0.06454741278321623,0.051810190249757235
BC24044,BC24044_E2,ENSG00000124664,0.06186681488081957,0.09501314664413757
BC24044,BC24044_E2,ENSG00000182492,0.07616404933513976,0.11120308588370051
BC24044,BC24044_E2,ENSG00000162511,0.017887150169896986,0.0233029337919158
BC24044,BC24044_E2,ENSG00000164692,-0.016461576326460114,-0.06041806199028
BC24044,BC24044_E2,ENSG00000204287,0.33793945122066515,0.37416079443161077
BC24044,BC24044_E2,ENSG00000102265,0.11288416543977417,0.149827853422772
BC24044,BC24044_E2,ENSG00000163682,0.1387914750518619,0.19337077929202273
BC24044,BC24044_E2,__ambiguous[ENSG00000124614+ENSG00000270800],0.031203578469806634,0.021414846990829507
BC24044,BC24044_E2,ENSG00000182809,0.06910860883141157,0.09307969475495427
BC24044,BC24044_E2,ENSG00000138326,0.11814802611535702,0.16046442022132712
BC24044,BC24044_E2,ENSG00000145425,0.049332762533064775,0.05159105247949422
BC24044,BC24044_E2,ENSG00000142089,0.03433536855643781,0.02562731701643956
BC24044,BC24044_E2,ENSG00000251562,-0.15039563508784298,-0.14923351839241308
BC24044,BC24044_E2,ENSG00000149591,-0.013399953561767368,0.030886674314812616
BC24044,BC24044_E2,ENSG00000187514,0.164862329915561,0.21728779741837925
BC24044,BC24044_E2,ENSG00000176340,-0.06533244542138614,-0.0784204350664488
BC24044,BC24044_E2,ENSG00000255823,0.18849988796727093,0.235861960310212
BC24044,BC24044_E2,ENSG00000141522,0.0042398961778480045,0.021108637754512636
BC24044,BC24044_E2,__ambiguous[ENSG00000277957+ENSG00000161960],0.14551520218856226,0.1766389048130548
BC24044,BC24044_E2,ENSG00000058262,0.14362968485166216,0.1494442396947737
BC24044,BC24044_E2,ENSG00000125534,-0.08365982638803879,-0.0850589722827281
BC24044,BC24044_E2,ENSG00000178980,0.05800989604959963,0.07616092651632991
BC24044,BC24044_E2,ENSG00000052344,0.03204138142260032,0.042779881132961474
BC24044,BC24044_E2,ENSG00000169223,0.07374784966121048,0.12190251966587083
BC24044,BC24044_E2,ENSG00000131748,0.047409303880903045,0.0713327711808951
BC24044,BC24044_E2,ENSG00000087460,0.11796761840446977,0.1474043353161466
BC24044,BC24044_E2,ENSG00000114867,0.05114734425438559,0.05424313650682811
BC24044,BC24044_E2,ENSG00000127540,-0.03620764059193735,-0.035571018403237044
BC24044,BC24044_E2,__ambiguous[ENSG00000273259+ENSG00000196136],-0.05292701212437573,-0.030667905616446306
BC24044,BC24044_E2,ENSG00000100219,0.15005082093851277,0.1932367387148956
BC24044,BC24044_E2,ENSG00000196924,0.00406199786786839,0.002050223946283626
BC24044,BC24044_E2,ENSG00000144426,0.010594724935705143,0.005110900473272518
BC24044,BC24044_E2,ENSG00000026025,-0.042651103065162524,-0.05547053338015869
BC24044,BC24044_E2,ENSG00000114353,0.1333787646507311,0.17503000846419342
BC24044,BC24044_E2,ENSG00000163220,-0.29248639246252084,-0.28885224626107475
BC24044,BC24044_E2,ENSG00000172354,0.08280577715277943,0.11573785874497673
BC24044,BC24044_E2,ENSG00000269028,0.1766780456584661,0.23449360476755396
BC24044,BC24044_E2,ENSG00000104529,0.014071235232332646,0.023608948046054436
BC24044,BC24044_E2,ENSG00000170315,-0.07124269724418598,-0.08975557588858787
BC24044,BC24044_E2,ENSG00000103363,-0.021363542695463675,-0.03612430397239776
BC24044,BC24044_E2,ENSG00000164919,-0.04520088189759647,-0.05370921438215476
BC24044,BC24044_E2,ENSG00000184897,0.06605867082212816,0.09411775133496168
BC24044,BC24044_E2,ENSG00000124614,-0.117374878599903,-0.14539818849168867
BC24044,BC24044_E2,ENSG00000008988,-0.1763511956055176,-0.2092815130732944
BC24044,BC24044_E2,ENSG00000178952,0.022186897189634364,0.03085451037534729
BC24044,BC24044_E2,ENSG00000100300,0.02934364720498305,0.04577872169753831
BC24044,BC24044_E2,ENSG00000182899,-0.007919581427529226,-0.028592103723528193
BC24044,BC24044_E2,ENSG00000135480,0.03747293428891402,0.06052442247556029
BC24044,BC24044_E2,ENSG00000187608,-0.10964173389524397,-0.11479689787030284
BC24044,BC24044_E2,ENSG00000163399,0.21798610370295168,0.263860123515629
BC24044,BC24044_E2,ENSG00000167815,0.07985435852955837,0.11174447272896582
BC24044,BC24044_E2,ENSG00000214530,-0.007580290251657464,-0.006705896724616129
BC24044,BC24044_E2,ENSG00000163479,-0.010106170403756975,0.003096710408619661
BC24044,BC24044_E2,ENSG00000104964,0.0168309957756906,-0.001024048655894863
BC24044,BC24044_E2,ENSG00000051523,-0.060883410895880764,-0.05661234779767637
BC24044,BC24044_E2,ENSG00000123349,-0.08183109857870359,-0.07188540951322384
BC24044,BC24044_E2,ENSG00000160932,0.024429742218406277,0.034761920490777594
BC24044,BC24044_E2,ENSG00000155366,-0.043609638770088964,-0.03719009059609662
BC24044,BC24044_E2,ENSG00000124172,-0.05167679908807434,-0.06121592128865247
BC24044,BC24044_E2,ENSG00000142173,0.1399895303776848,0.15596304438605296
BC24044,BC24044_E2,ENSG00000168528,0.07793513680795108,0.09615208200837591
BC24044,BC24044_E2,ENSG00000131143,0.13338802899525604,0.14591183772029048
BC24044,BC24044_E2,ENSG00000142949,0.03712528254306751,0.06389096140977227
BC24044,BC24044_E2,ENSG00000114391,-0.012935834586064291,-0.0031656483786140195
BC24044,BC24044_E2,ENSG00000143420,0.06899587924954842,0.0806623486870666
BC24044,BC24044_E2,__ambiguous[ENSG00000241343+ENSG00000257529],0.03822669034724208,0.03343993742584945
BC24044,BC24044_E2,__ambiguous[ENSG00000219200+ENSG00000161939],0.04709034005879523,0.047889806250808443
BC24044,BC24044_E2,ENSG00000173272,0.07169247010896092,0.08148979246095556
BC24044,BC24044_E2,__ambiguous[ENSG00000262526+ENSG00000170296],0.03091549247736382,0.048908225803566
BC24044,BC24044_E2,ENSG00000197956,0.08707228617078283,0.0808779019653895
BC24044,BC24044_E2,ENSG00000160180,-0.028368539594632567,-0.035081781632243826
BC24044,BC24044_E2,ENSG00000173801,-0.16662192664704897,-0.17994742655932583
BC24044,BC24044_E2,ENSG00000126247,-0.03526980851127089,-0.030399660455473595
BC24044,BC24044_E2,ENSG00000173369,0.01747957930585943,0.019975312479016346
BC24044,BC24044_E2,ENSG00000174444,0.10494808664625062,0.10468794463343056
BC24044,BC24044_E2,ENSG00000147684,0.04006018480276355,0.023112123854017817
BC24044,BC24044_E2,ENSG00000161960,0.10760093135368165,0.12073130469825803
BC24044,BC24044_E2,ENSG00000177700,-0.04187206712883617,-0.055050254499687166
BC24044,BC24044_E2,ENSG00000188846,0.014180488484476303,0.019066788755324644
BC24044,BC24044_E2,ENSG00000196576,0.1872575390700248,0.24246346917268352
BC24044,BC24044_E2,ENSG00000170421,0.06668649461780159,0.09535243645086028
BC24044,BC24044_E2,ENSG00000111669,-0.08630590269554088,-0.03936396411624156
BC24044,BC24044_E2,ENSG00000171222,0.04901042351777097,0.06275209381447037
BC24044,BC24044_E2,ENSG00000113140,-0.13953837438860653,-0.14372299937756527
BC24044,BC24044_E2,ENSG00000125970,0.035586348268405586,0.06885403636650866
BC24044,BC24044_E2,ENSG00000171863,0.07079195473480586,0.10411822744641382
BC24044,BC24044_E2,ENSG00000186468,-0.08122903709398843,-0.1085930250545638
BC24044,BC24044_E2,ENSG00000174886,0.06958872411410755,0.06843810010842422
BC24044,BC24044_E2,ENSG00000125730,0.2025307932697717,0.22306513412291484
BC24044,BC24044_E2,ENSG00000168542,0.013865689487092901,0.022843873769281802
BC24044,BC24044_E2,ENSG00000106153,0.022685915350262955,0.0002698890666680819
BC24044,BC24044_E2,ENSG00000130725,0.06554884123901407,0.09301127353390658
BC24044,BC24044_E2,ENSG00000135390,0.08569760748994418,0.07543445032458926
BC24044,BC24044_E2,ENSG00000141738,0.11867966053085599,0.15053699614208724
BC24044,BC24044_E2,ENSG00000132475,0.1054696354787172,0.13950646120411497
BC24044,BC24044_E2,ENSG00000132507,0.05528413207018069,0.063186161824678
BC24044,BC24044_E2,ENSG00000145494,-0.01741151117509097,-0.01289721850991884
BC24044,BC24044_E2,ENSG00000213988,0.013456390146433822,0.015115165748750704
BC24044,BC24044_E2,ENSG00000184840,-0.07046690967441925,-0.11022999463920496
BC24044,BC24044_E2,ENSG00000147604,-0.13596103886670652,-0.17644797441062204
BC24044,BC24044_E2,ENSG00000186010,-0.08336151046779838,-0.08876544140417145
BC24044,BC24044_E2,ENSG00000129226,0.13389002741628767,0.13694168410471966
BC24044,BC24044_E2,ENSG00000172270,0.1229098199480506,0.14643721608577906
BC24044,BC24044_E2,ENSG00000176046,0.018273574654489803,0.037963058114569806
BC24044,BC24044_E2,ENSG00000109475,0.22759162423251175,0.2488858269538514
BC24044,BC24044_E2,ENSG00000096384,0.0792758772775661,0.10636241666566222
BC24044,BC24044_E2,ENSG00000123416,0.053047138893128974,0.08083383930583403
BC24105,BC24105_C1,ENSG00000034510,-0.17513481117488813,-0.1947357391374388
BC24105,BC24105_C1,ENSG00000137818,0.11439008553263524,0.12764883860488396
BC24105,BC24105_C1,ENSG00000111640,-0.26862491888933565,-0.3469100020463589
BC24105,BC24105_C1,ENSG00000254709,-0.07168620419844468,-0.051971920332229526
BC24105,BC24105_C1,ENSG00000171345,0.007606137204181249,0.03529168849867564
BC24105,BC24105_C1,ENSG00000177600,-0.075534755768611,-0.07847069691845211
BC24105,BC24105_C1,ENSG00000231500,-0.08045503166618337,-0.09264973449319222
BC24105,BC24105_C1,ENSG00000164587,-0.16755456819867764,-0.1890717083992397
BC24105,BC24105_C1,ENSG00000075624,0.060661741225080876,0.08496208862484171
BC24105,BC24105_C1,ENSG00000108107,-0.05744232480729501,-0.09329147282997005
BC24105,BC24105_C1,ENSG00000105372,-0.1275722784812632,-0.14497490573566402
BC24105,BC24105_C1,ENSG00000197756,-0.028118758148962416,-0.001195081558494541
BC24105,BC24105_C1,ENSG00000108298,-0.0575645754421639,-0.036063450830533895
BC24105,BC24105_C1,ENSG00000161016,0.10199473765062048,0.10876410872317978
BC24105,BC24105_C1,ENSG00000141736,-0.1334055181200811,-0.12663765334162624
BC24105,BC24105_C1,ENSG00000167526,-0.02738940383455096,-0.057639575122652394
BC24105,BC24105_C1,ENSG00000087086,-0.10525591598114784,-0.12735067354469923
BC24105,BC24105_C1,ENSG00000130255,-0.04586643146087631,-0.05984444686033556
BC24105,BC24105_C1,ENSG00000108518,-0.17569952558967045,-0.19092456960562673
BC24105,BC24105_C1,ENSG00000136942,-0.03220210721496321,-0.033552204920267316
BC24105,BC24105_C1,__ambiguous[ENSG00000251357+ENSG00000240972],-0.10279691253436067,-0.13011568090321188
BC24105,BC24105_C1,ENSG00000117984,-0.13597578002738347,-0.2135700549385294
BC24105,BC24105_C1,ENSG00000149273,-0.21785042018206252,-0.2566804755444302
BC24105,BC24105_C1,ENSG00000063177,-0.1546155041785437,-0.1721058711401371
BC24105,BC24105_C1,ENSG00000197746,-0.18193102431256167,-0.2228235953939981
BC24105,BC24105_C1,ENSG00000140264,0.12100204906731607,0.10308661614123604
BC24105,BC24105_C1,ENSG00000180879,-0.17924789168751895,-0.21480575285924539
BC24105,BC24105_C1,ENSG00000221983,-0.024208572952968934,-0.044919261316401
BC24105,BC24105_C1,ENSG00000179218,-0.2266288831185319,-0.28212602251992747
BC24105,BC24105_C1,ENSG00000105193,0.07185236509619997,0.10309125062004022
BC24105,BC24105_C1,ENSG00000142534,0.10363741791704163,0.12094117381449628
BC24105,BC24105_C1,ENSG00000109062,0.035821878351448275,0.07473166555965255
BC24105,BC24105_C1,ENSG00000204628,-0.009445277803818843,-0.026764035871231155
BC24105,BC24105_C1,ENSG00000130203,-0.1850816746179076,-0.20642243737515115
BC24105,BC24105_C1,ENSG00000166441,-0.0495786407474329,-0.022773459432311113
BC24105,BC24105_C1,ENSG00000142541,-0.009887471740417134,-0.004240191002623263
BC24105,BC24105_C1,ENSG00000167996,-0.04832762077182128,-0.08034740755089023
BC24105,BC24105_C1,ENSG00000185624,0.040587914359831646,0.026790211685017835
BC24105,BC24105_C1,ENSG00000147403,-0.063489159365745,-0.06244293003875467
BC24105,BC24105_C1,ENSG00000089157,0.15048146393675588,0.17154908790846177
BC24105,BC24105_C1,ENSG00000234745,-0.050859551290536056,-0.057888923897485026
BC24105,BC24105_C1,ENSG00000140988,0.007551553207632714,0.026094248145599477
BC24105,BC24105_C1,ENSG00000105640,-0.044901118296632236,-0.04375329355011804
BC24105,BC24105_C1,ENSG00000171858,0.1284127646724761,0.11033575687385272
BC24105,BC24105_C1,ENSG00000115268,-0.05315808338347961,-0.07552946936423036
BC24105,BC24105_C1,ENSG00000233927,-0.02148833512672339,-0.02006009664026488
BC24105,BC24105_C1,ENSG00000111341,0.033768332858325964,0.04467576685735701
BC24105,BC24105_C1,ENSG00000125691,0.05630132221962473,0.06232174275604531
BC24105,BC24105_C1,ENSG00000213741,-0.15375482724753997,-0.16480946000724858
BC24105,BC24105_C1,ENSG00000112306,0.04619545060667587,0.046346181669850814
BC24105,BC24105_C1,ENSG00000149806,0.04490939396060828,0.04646626078145334
BC24105,BC24105_C1,ENSG00000142676,0.046353971214912915,0.029258204323015187
BC24105,BC24105_C1,ENSG00000198034,0.05454740001057758,0.05432622890523927
BC24105,BC24105_C1,ENSG00000182774,0.10188920972235664,0.1264655776468246
BC24105,BC24105_C1,ENSG00000170889,-0.07588971865841715,-0.11500537040801564
BC24105,BC24105_C1,ENSG00000101439,0.08788213716289835,0.12236141382687325
BC24105,BC24105_C1,ENSG00000172809,0.0720361169519529,0.041710303320540244
BC24105,BC24105_C1,ENSG00000172757,0.02668101090829077,0.022955413513515998
BC24105,BC24105_C1,ENSG00000100316,-0.07249295481495398,-0.058172251254992875
BC24105,BC24105_C1,ENSG00000204525,-0.00454267522813386,-0.018948188857383117
BC24105,BC24105_C1,ENSG00000177954,0.07973968495179615,0.06852355971493324
BC24105,BC24105_C1,ENSG00000019582,-0.0931774052398922,-0.10957878756670951
BC24105,BC24105_C1,ENSG00000204592,-0.09745070666651712,-0.12557078348753378
BC24105,BC24105_C1,ENSG00000184009,0.015897318953711617,0.017165427857771632
BC24105,BC24105_C1,ENSG00000137154,-0.0021552567385502153,-0.0009304962208400863
BC24105,BC24105_C1,ENSG00000083845,0.054662961642715446,0.05997025975574193
BC24105,BC24105_C1,__ambiguous[ENSG00000254772+ENSG00000255508],-0.05073773038809972,-0.05825542005259076
BC24105,BC24105_C1,__ambiguous[ENSG00000185883+ENSG00000260272],-0.0493506075589279,-0.04172380519323318
BC24105,BC24105_C1,ENSG00000206503,0.00893355125379822,0.03469929163222778
BC24105,BC24105_C1,ENSG00000165949,-0.12307435736400664,-0.10560298163911978
BC24105,BC24105_C1,ENSG00000163191,0.07376879436566817,0.09472387406112551
BC24105,BC24105_C1,ENSG00000142937,0.0710618947931592,0.06996289979720025
BC24105,BC24105_C1,ENSG00000231925,-0.22499199849919144,-0.2243559459058422
BC24105,BC24105_C1,ENSG00000108821,0.1454985395591593,0.24968139004301923
BC24105,BC24105_C1,ENSG00000107223,-0.15516756361299225,-0.16852196053360002
BC24105,BC24105_C1,ENSG00000135404,-0.0278504316934156,-0.04418573023351521
BC24105,BC24105_C1,ENSG00000115457,0.023813828881659463,0.018975437732794413
BC24105,BC24105_C1,ENSG00000167468,-0.03853017222775657,-0.055060843208365295
BC24105,BC24105_C1,ENSG00000108639,0.02367751962757742,0.01853571590766296
BC24105,BC24105_C1,ENSG00000169710,-0.12577371148537794,-0.11157988748937063
BC24105,BC24105_C1,ENSG00000106624,-0.1779207020338025,-0.22864429579468537
BC24105,BC24105_C1,ENSG00000167995,-0.041979587825279205,-0.032260397535779556
BC24105,BC24105_C1,ENSG00000149925,-0.07770276037565416,-0.0794993160362139
BC24105,BC24105_C1,ENSG00000156482,-0.0560361739377229,-0.07094984070787835
BC24105,BC24105_C1,ENSG00000197958,0.12710799860286617,0.11868143352335304
BC24105,BC24105_C1,ENSG00000172531,-0.1494146921367999,-0.14817888857800776
BC24105,BC24105_C1,ENSG00000144713,-0.021743289237906267,-0.010264943379960798
BC24105,BC24105_C1,ENSG00000162244,0.03697792946191754,0.03357151369593647
BC24105,BC24105_C1,ENSG00000167658,-0.030709773916669087,-0.03646659271556887
BC24105,BC24105_C1,ENSG00000224389,0.16618466365198173,0.2193167435234845
BC24105,BC24105_C1,ENSG00000108679,-0.11794907060996782,-0.09651903264051447
BC24105,BC24105_C1,ENSG00000108344,-0.01638120253335782,-0.049135851105835744
BC24105,BC24105_C1,ENSG00000185825,-0.16521796717050963,-0.1856709679472866
BC24105,BC24105_C1,ENSG00000148303,0.03608776368373188,0.03965273088333233
BC24105,BC24105_C1,ENSG00000174748,-0.042368214964874105,-0.024849327176529636
BC24105,BC24105_C1,ENSG00000185499,-0.04551099056059454,-0.06102008273329355
BC24105,BC24105_C1,ENSG00000131469,0.02062088412181929,0.019567107442775816
BC24105,BC24105_C1,ENSG00000246705,-0.1341283114243916,-0.13626421920344944
BC24105,BC24105_C1,ENSG00000115884,-0.16483089450810703,-0.16910592661917784
BC24105,BC24105_C1,ENSG00000198242,-0.0042736295157288304,-0.025545968368719772
BC24105,BC24105_C1,ENSG00000130303,-0.12735748227163768,-0.12921556232892203
BC24105,BC24105_C1,ENSG00000143947,0.07655435553958276,0.10340513514626205
BC24105,BC24105_C1,ENSG00000117410,-0.09670995713564105,-0.09592583043809386
BC24105,BC24105_C1,ENSG00000158710,0.01904139239602817,0.012534692931681315
BC24105,BC24105_C1,ENSG00000145592,0.01085827295697603,0.0014522559665253309
BC24105,BC24105_C1,__ambiguous[ENSG00000185885+ENSG00000185201],0.09411259176860405,0.12922357007574098
BC24105,BC24105_C1,ENSG00000279483,-0.004635115585318095,0.001879911355904379
BC24105,BC24105_C1,ENSG00000104904,-0.04668119851198362,-0.01831254991293168
BC24105,BC24105_C1,ENSG00000152082,0.06680445058046294,0.09849702628444737
BC24105,BC24105_C1,__ambiguous[ENSG00000257341+ENSG00000213145],0.032121380233542364,0.011038631742488071
BC24105,BC24105_C1,__ambiguous[ENSG00000243678+ENSG00000011052],0.023388655487839576,0.02321409240316153
BC24105,BC24105_C1,ENSG00000141741,-0.016743960852175294,-0.02702011984964983
BC24105,BC24105_C1,ENSG00000277972,0.10446231183936187,0.10570860935448531
BC24105,BC24105_C1,ENSG00000092841,0.009755252735415061,0.055031080207971296
BC24105,BC24105_C1,ENSG00000106211,0.05328732167847346,0.08831286964826404
BC24105,BC24105_C1,ENSG00000110651,0.06799257598946798,0.08975540796244395
BC24105,BC24105_C1,ENSG00000173372,-0.21873868173061645,-0.23139362669139926
BC24105,BC24105_C1,ENSG00000074800,0.009034700234946095,0.05527002110119916
BC24105,BC24105_C1,ENSG00000111057,-0.04849703785931774,-0.05679534561070438
BC24105,BC24105_C1,ENSG00000130208,-0.15460365133465387,-0.15113158311581745
BC24105,BC24105_C1,__ambiguous[ENSG00000124614+ENSG00000270800],-0.043677027131905626,-0.03577454892160616
BC24105,BC24105_C1,ENSG00000030582,-0.03451158957664699,-0.05452272989056181
BC24105,BC24105_C1,ENSG00000142669,-0.14525258687739265,-0.14375484664874513
BC24105,BC24105_C1,ENSG00000071553,-0.05956812456067364,-0.07414960091208064
BC24105,BC24105_C1,ENSG00000118181,-0.006926586055465387,-0.005450526567203657
BC24105,BC24105_C1,ENSG00000126267,-0.07828940754388213,-0.10680074119405725
BC24105,BC24105_C1,ENSG00000160862,-0.0938248713729049,-0.1318019045323005
BC24105,BC24105_C1,ENSG00000124664,-0.10739049228947369,-0.12478691127393547
BC24105,BC24105_C1,ENSG00000166710,-0.06640268281856969,-0.07959659236446533
BC24105,BC24105_C1,ENSG00000169100,-0.0155489576024304,-0.017324799244546232
BC24105,BC24105_C1,ENSG00000178719,-0.04056621751735717,-0.04728424349141135
BC24105,BC24105_C1,ENSG00000277791,-0.037347037762883055,-0.011766678031162388
BC24105,BC24105_C1,ENSG00000150991,2.3944460223860808e-05,0.010524933586806581
BC24105,BC24105_C1,ENSG00000163220,0.15062141106026322,0.17561642801409919
BC24105,BC24105_C1,ENSG00000071082,-0.039724114648030946,-0.025418503891511717
BC24105,BC24105_C1,ENSG00000102265,-0.12775862061836704,-0.14008330299715452
BC24105,BC24105_C1,ENSG00000141522,-0.1821556451093029,-0.20649708491755558
BC24105,BC24105_C1,ENSG00000117450,-0.1775322015847445,-0.171858846052179
BC24105,BC24105_C1,ENSG00000160789,-0.020376234272803006,0.00433756333475359
BC24105,BC24105_C1,ENSG00000149591,-0.030523232631011747,-0.03879334808120546
BC24105,BC24105_C1,ENSG00000182492,-0.15358670157683862,-0.17093966347873596
BC24105,BC24105_C1,ENSG00000165215,0.08023639306089393,0.06631610728260968
BC24105,BC24105_C1,ENSG00000133112,-0.12544620410217305,-0.14887085336049788
BC24105,BC24105_C1,ENSG00000182809,-0.071319521470099,-0.07151090792343963
BC24105,BC24105_C1,ENSG00000143774,-0.13282431007175402,-0.15232471895218125
BC24105,BC24105_C1,ENSG00000125534,0.11467780942134416,0.11890621249308787
BC24105,BC24105_C1,ENSG00000162511,-0.22302619796452786,-0.24512397589623253
BC24105,BC24105_C1,ENSG00000205542,-0.05770345311070371,-0.04959572145088088
BC24105,BC24105_C1,ENSG00000070756,-0.03873442104929883,-0.023787446073347613
BC24105,BC24105_C1,ENSG00000124614,0.041334030263308355,0.03508512557544649
BC24105,BC24105_C1,ENSG00000105223,-0.10340657461088207,-0.11380143357640428
BC24105,BC24105_C1,ENSG00000176340,0.03144540235001822,0.05284725599066681
BC24105,BC24105_C1,ENSG00000196924,-0.2971537880016251,-0.31621633892496825
BC24105,BC24105_C1,ENSG00000187514,-0.016103761296941334,-0.041103577160958304
BC24105,BC24105_C1,ENSG00000052344,-0.05584142503220116,-0.01744294224227781
BC24105,BC24105_C1,ENSG00000142089,0.08204900466921014,0.0891877702401002
BC24105,BC24105_C1,ENSG00000051523,-0.07511563630643589,-0.07151401849869737
BC24105,BC24105_C1,ENSG00000123349,0.005882196427473134,-0.00170302407452137
BC24105,BC24105_C1,ENSG00000255823,-0.2346005365972563,-0.2762318527331726
BC24105,BC24105_C1,ENSG00000058262,-0.037517263080819215,-0.06494830603655276
BC24105,BC24105_C1,ENSG00000131748,0.10866533386981082,0.12521188577574152
BC24105,BC24105_C1,ENSG00000178980,-0.02054700859142728,-0.013372194366556543
BC24105,BC24105_C1,ENSG00000184897,0.016750139928841865,0.011480433226923369
BC24105,BC24105_C1,ENSG00000114353,-0.0594813571657901,-0.060695271240238796
BC24105,BC24105_C1,ENSG00000103363,0.035502038397213824,0.03827754892330139
BC24105,BC24105_C1,ENSG00000145425,-0.07201335479923018,-0.0439662048757562
BC24105,BC24105_C1,ENSG00000164733,0.07314538945848764,0.10423133802064047
BC24105,BC24105_C1,__ambiguous[ENSG00000277957+ENSG00000161960],-0.09505426482142557,-0.12988503077219737
BC24105,BC24105_C1,ENSG00000138326,-0.04498794317492078,-0.032975293853449175
BC24105,BC24105_C1,ENSG00000111669,-0.010490279987411864,-0.002652278968343727
BC24105,BC24105_C1,ENSG00000178952,0.008700508197096666,0.0006232081697394838
BC24105,BC24105_C1,ENSG00000163682,-0.015310409047391185,-0.015681069915564852
BC24105,BC24105_C1,ENSG00000272196,-0.06148517762544327,-0.09938980896468048
BC24105,BC24105_C1,ENSG00000104529,-0.07346660236988617,-0.059663864300469785
BC24105,BC24105_C1,__ambiguous[ENSG00000262526+ENSG00000170296],0.07876511820697009,0.03606485467126072
BC24105,BC24105_C1,ENSG00000127540,0.1009860416773327,0.1147011209819533
BC24105,BC24105_C1,ENSG00000125730,-0.08833598188052669,-0.06811612918637919
BC24105,BC24105_C1,ENSG00000114867,-0.01581244480632323,-0.027195981863564145
BC24105,BC24105_C1,ENSG00000169223,-0.0288067728030788,-0.04476362792610806
BC24105,BC24105_C1,ENSG00000144426,0.17509070023685067,0.1639915205889028
BC24105,BC24105_C1,__ambiguous[ENSG00000219200+ENSG00000161939],-0.014693736440083077,-0.0406070941380636
BC24105,BC24105_C1,ENSG00000269028,-0.28184098253447154,-0.34270068572792334
BC24105,BC24105_C1,ENSG00000115414,0.20170572159666308,0.232462697773176
BC24105,BC24105_C1,ENSG00000251562,-0.27678987853725323,-0.34620538415728036
BC24105,BC24105_C1,ENSG00000142949,-0.028548241971437682,-0.018179372390702338
BC24105,BC24105_C1,ENSG00000155366,0.05080737551538463,0.07814919215033793
BC24105,BC24105_C1,ENSG00000182899,0.06042353628048412,0.04650029360434949
BC24105,BC24105_C1,ENSG00000204287,-0.12487958068569865,-0.1239497196154331
BC24105,BC24105_C1,ENSG00000170315,0.05597139308124737,0.027837823522350074
BC24105,BC24105_C1,ENSG00000172354,-0.09175723065542567,-0.07489474217596874
BC24105,BC24105_C1,ENSG00000008988,0.06331216608154218,0.05907911360092787
BC24105,BC24105_C1,ENSG00000142173,-0.1629529733417471,-0.19837668409947773
BC24105,BC24105_C1,ENSG00000126247,0.05328605116679589,0.0670761870389358
BC24105,BC24105_C1,ENSG00000135480,-0.03576232779154114,-0.03491028672624853
BC24105,BC24105_C1,ENSG00000188846,0.06265225649855224,0.05713962792180226
BC24105,BC24105_C1,ENSG00000104964,0.03679770633628002,0.03418665659312792
BC24105,BC24105_C1,ENSG00000131143,0.02781804900276317,0.02974262207683665
BC24105,BC24105_C1,ENSG00000187608,-0.09035245868850454,-0.08722517655079276
BC24105,BC24105_C1,ENSG00000167815,-0.11638662397038939,-0.16312483176952255
BC24105,BC24105_C1,ENSG00000026025,-0.09695293811358698,-0.08884118372624614
BC24105,BC24105_C1,ENSG00000164692,0.14240468364770162,0.18906094202716922
BC24105,BC24105_C1,ENSG00000145494,0.039456212247148556,0.05002026359370475
BC24105,BC24105_C1,ENSG00000163479,0.033869433812193504,0.020132442574427055
BC24105,BC24105_C1,ENSG00000197956,-0.14882638070755286,-0.1580177768294438
BC24105,BC24105_C1,ENSG00000100300,-0.03700820717909982,-0.02874937063464178
BC24105,BC24105_C1,ENSG00000214530,-0.010497510939579492,-0.008360122766893647
BC24105,BC24105_C1,ENSG00000174886,-0.08313418580449397,-0.07519317076856802
BC24105,BC24105_C1,ENSG00000171222,-0.041087991289247,-0.05067501904938941
BC24105,BC24105_C1,ENSG00000087460,-0.11007387596860577,-0.13883769127472784
BC24105,BC24105_C1,ENSG00000135390,0.027236302736994938,0.04010972955332477
BC24105,BC24105_C1,ENSG00000114391,-0.006748114374555504,0.016867528735107447
BC24105,BC24105_C1,__ambiguous[ENSG00000273259+ENSG00000196136],-0.0536321511178043,-0.08234748789007772
BC24105,BC24105_C1,ENSG00000177700,-0.05163957218246783,-0.06257744591894579
BC24105,BC24105_C1,ENSG00000100219,-0.15059943478904117,-0.14965772455134646
BC24105,BC24105_C1,ENSG00000125970,-0.011096554241088569,-0.014635075605906728
BC24105,BC24105_C1,ENSG00000160932,-0.039579555807979665,-0.05350873558842933
BC24105,BC24105_C1,ENSG00000130725,0.01738082520974365,-0.004178452623221341
BC24105,BC24105_C1,ENSG00000170421,0.12445753134713225,0.11524004138966927
BC24105,BC24105_C1,ENSG00000173272,0.09298293258878373,0.09950222743149775
BC24105,BC24105_C1,ENSG00000173369,-0.17784411382800952,-0.1904582651173116
BC24105,BC24105_C1,ENSG00000160180,0.10555280885959471,0.10675168080996418
BC24105,BC24105_C1,ENSG00000101335,-0.05648548389702722,-0.09748598178536316
BC24105,BC24105_C1,ENSG00000186010,-0.01347975028088937,0.006306018287289956
BC24105,BC24105_C1,ENSG00000011304,-0.027683295207089283,-0.05537500465817322
BC24105,BC24105_C1,ENSG00000174444,0.031530095199449236,0.0018548641513554554
BC24105,BC24105_C1,ENSG00000173801,-0.08235174595005189,-0.07218249529406968
BC24105,BC24105_C1,ENSG00000196576,0.053347978878810494,0.038485339497974724
BC24105,BC24105_C1,ENSG00000110492,-0.12003792525612816,-0.11627213509220084
BC24105,BC24105_C1,ENSG00000141753,0.14409003453731623,0.16955197348662343
BC24105,BC24105_C1,ENSG00000164919,-0.10783136121836805,-0.11572674684190336
BC24105,BC24105_C1,ENSG00000172270,-0.029796043487828803,-0.029537957757031566
BC24105,BC24105_C1,ENSG00000130520,0.09331886802693533,0.07670164449543683
BC24105,BC24105_C1,__ambiguous[ENSG00000241343+ENSG00000257529],-0.04151977858962603,-0.021037150642910275
BC24105,BC24105_C1,ENSG00000186468,-0.06660230990872695,-0.06084719453006112
BC24105,BC24105_C1,ENSG00000213988,0.03632802448938182,0.043623813866383386
BC24105,BC24105_C1,ENSG00000025708,-0.010578454709605684,-0.018194331866689867
BC24105,BC24105_C1,ENSG00000124172,-0.04559033884035249,-0.04990393661979565
BC24105,BC24105_C1,ENSG00000168528,-0.00924996114726643,-0.005442069486680811
BC24105,BC24105_C1,ENSG00000147684,-0.0196218946280953,-0.014833534031198374
BC24105,BC24105_C1,ENSG00000279274,-0.02968080256017143,-0.04764489365910654
BC24105,BC24105_C1,ENSG00000143420,0.0855017246581454,0.08612522596595887
BC24105,BC24105_C1,ENSG00000140990,0.01599045927431423,0.009938026542353243
BC24105,BC24105_C1,ENSG00000233276,0.006110960210266233,-0.01906254802035951
BC24105,BC24105_C1,ENSG00000163399,0.02919701944723999,0.031213029651052406
BC24105,BC24105_C1,ENSG00000161960,0.03042500782122708,0.01662476927482155
BC24105,BC24105_C1,ENSG00000132507,0.0543445412723228,0.05957049948439761
BC24105,BC24105_C1,ENSG00000176046,0.023577951696722183,0.020663514038639225
BC24105,BC24105_C1,ENSG00000184110,-0.09302610832907982,-0.06627432632496004
BC24105,BC24105_C1,ENSG00000135940,0.0154734891509453,0.02351192526419937
BC24105,BC24105_C1,ENSG00000184840,0.026060818274706646,0.05578037424960239
BC24105,BC24105_C2,ENSG00000034510,-0.3235272417519416,-0.3714463254244991
BC24105,BC24105_C2,ENSG00000137818,0.03315382182458197,0.03880796312577572
BC24105,BC24105_C2,ENSG00000111640,-0.1377900652244732,-0.14187906788853755
BC24105,BC24105_C2,ENSG00000254709,0.053961860678869746,0.07488157965922107
BC24105,BC24105_C2,ENSG00000171345,0.08938345489649031,0.10131975830451216
BC24105,BC24105_C2,ENSG00000177600,-0.0168336211208763,-0.021304102889970325
BC24105,BC24105_C2,ENSG00000231500,-0.0030908582520906393,-0.005871703501091317
BC24105,BC24105_C2,ENSG00000164587,0.045933942183121586,0.05097789933820022
BC24105,BC24105_C2,ENSG00000075624,-0.08279795145712651,-0.09120931059035627
BC24105,BC24105_C2,ENSG00000108107,-0.008745407790888785,-0.016647407601864627
BC24105,BC24105_C2,ENSG00000105372,0.04270886042525925,0.03493226769138229
BC24105,BC24105_C2,ENSG00000197756,0.1232867455068038,0.12949361394491885
BC24105,BC24105_C2,ENSG00000108298,-0.04482333966166395,-0.01472325422795847
BC24105,BC24105_C2,ENSG00000161016,-0.0018175424424174563,-0.009277361636750612
BC24105,BC24105_C2,ENSG00000141736,0.07615368567924378,0.09964567378044897
BC24105,BC24105_C2,ENSG00000167526,-0.0043944434945823235,-0.021944092607169733
BC24105,BC24105_C2,ENSG00000087086,0.06417805537067654,0.09813504269000552
BC24105,BC24105_C2,ENSG00000130255,-0.034111251680471646,-0.027280029056859414
BC24105,BC24105_C2,ENSG00000108518,-0.1526693127524046,-0.15278563381071925
BC24105,BC24105_C2,ENSG00000136942,-0.04641888407555534,-0.026443498094489162
BC24105,BC24105_C2,__ambiguous[ENSG00000251357+ENSG00000240972],-0.16296474481834258,-0.17791301336482915
BC24105,BC24105_C2,ENSG00000117984,-0.27440809691421336,-0.26669034988479573
BC24105,BC24105_C2,ENSG00000149273,0.06446994377094475,0.09257338178386934
BC24105,BC24105_C2,ENSG00000063177,0.0397543742708738,0.06025219120219851
BC24105,BC24105_C2,ENSG00000197746,0.09691029732022909,0.10272959880898803
BC24105,BC24105_C2,ENSG00000140264,0.0010685056632507679,-0.011549967096246325
BC24105,BC24105_C2,ENSG00000180879,-0.09181968955098588,-0.08337802407102672
BC24105,BC24105_C2,ENSG00000221983,-0.04454572194648856,-0.07136098735910067
BC24105,BC24105_C2,ENSG00000179218,-0.244458940186014,-0.2612244242483944
BC24105,BC24105_C2,ENSG00000105193,0.040997508072473356,0.021593867130554584
BC24105,BC24105_C2,ENSG00000142534,-0.011038445333020916,-0.0028349417592856167
BC24105,BC24105_C2,ENSG00000109062,-0.003837140378605635,-0.022359439993425993
BC24105,BC24105_C2,ENSG00000204628,-0.04483578139007976,-0.03520859075255046
BC24105,BC24105_C2,ENSG00000130203,-0.13117558864627285,-0.15509460698338942
BC24105,BC24105_C2,ENSG00000166441,-0.022140068057808767,-0.05785869324947075
BC24105,BC24105_C2,ENSG00000142541,-0.05741448030161755,-0.07304931674851592
BC24105,BC24105_C2,ENSG00000167996,-0.17713290171833915,-0.19596052907389983
BC24105,BC24105_C2,ENSG00000185624,-0.08804240475938617,-0.1318894178041397
BC24105,BC24105_C2,ENSG00000147403,0.06473141878679266,0.07063698265982829
BC24105,BC24105_C2,ENSG00000089157,-0.07497489273648206,-0.08120146740341092
BC24105,BC24105_C2,ENSG00000234745,-0.04225380199591328,-0.04079708849485203
BC24105,BC24105_C2,ENSG00000140988,0.03589892999608676,0.02286251976306322
BC24105,BC24105_C2,ENSG00000105640,-0.04197361017627849,-0.049297433524151335
BC24105,BC24105_C2,ENSG00000171858,0.09979787939271051,0.09067666114725917
BC24105,BC24105_C2,ENSG00000115268,0.07757707683644736,0.1269848348057166
BC24105,BC24105_C2,ENSG00000233927,0.04515500369603281,0.047219655133066064
BC24105,BC24105_C2,ENSG00000111341,-0.1039765510840354,-0.1073652816611555
BC24105,BC24105_C2,ENSG00000125691,-0.044815894619991234,-0.06841395293509617
BC24105,BC24105_C2,ENSG00000213741,0.006832830254432284,-0.02569397137986579
BC24105,BC24105_C2,ENSG00000112306,-0.03251195490610011,-0.06033938125006325
BC24105,BC24105_C2,ENSG00000149806,0.0627761507142738,0.0942051200681476
BC24105,BC24105_C2,ENSG00000142676,-0.029229023976483637,-0.0080128776759925
BC24105,BC24105_C2,ENSG00000198034,-0.11306922064498613,-0.12596388777343742
BC24105,BC24105_C2,ENSG00000182774,0.024365697010028435,0.005682361693059705
BC24105,BC24105_C2,ENSG00000170889,-0.02433878711678027,-0.02746187031332525
BC24105,BC24105_C2,ENSG00000101439,0.1505414505136657,0.16138859964015762
BC24105,BC24105_C2,ENSG00000172809,0.011907247347473972,0.024589877387280096
BC24105,BC24105_C2,ENSG00000172757,-0.024719201642566184,-0.04445584985383575
BC24105,BC24105_C2,ENSG00000100316,0.09785257690094479,0.09229825744951009
BC24105,BC24105_C2,ENSG00000204525,-0.01796213494894292,-0.03685180505427255
BC24105,BC24105_C2,ENSG00000177954,-0.04087981676946235,-0.061882703947914335
BC24105,BC24105_C2,ENSG00000019582,-0.02762500610445809,-0.03138367478408677
BC24105,BC24105_C2,ENSG00000204592,-0.15687138516496946,-0.1475061792950332
BC24105,BC24105_C2,ENSG00000184009,-0.08788720380129779,-0.09241037272804932
BC24105,BC24105_C2,ENSG00000137154,-0.022944479848261628,-0.0029375345051047236
BC24105,BC24105_C2,ENSG00000083845,0.07957457185250968,0.10816035736442604
BC24105,BC24105_C2,__ambiguous[ENSG00000254772+ENSG00000255508],-0.030531713911367126,-0.045957694075234805
BC24105,BC24105_C2,__ambiguous[ENSG00000185883+ENSG00000260272],-0.09989472639432406,-0.11980250645894858
BC24105,BC24105_C2,ENSG00000206503,-0.038088716231738415,-0.03433301329864799
BC24105,BC24105_C2,ENSG00000165949,-0.123407471566285,-0.10735056998933705
BC24105,BC24105_C2,ENSG00000163191,0.07204761040888967,0.0928738397822902
BC24105,BC24105_C2,ENSG00000142937,-0.02282659089925242,-0.02177491659159685
BC24105,BC24105_C2,ENSG00000231925,0.016796990630965833,0.0007939517684934554
BC24105,BC24105_C2,ENSG00000108821,0.15266623758128098,0.14818732757510178
BC24105,BC24105_C2,ENSG00000107223,-0.07998182511324063,-0.10409510277854003
BC24105,BC24105_C2,ENSG00000135404,-0.04934933637214135,-0.041719587764746005
BC24105,BC24105_C2,ENSG00000115457,0.024247113322214603,0.029188401864177364
BC24105,BC24105_C2,ENSG00000167468,-0.1440413261388971,-0.1416584011304479
BC24105,BC24105_C2,ENSG00000108639,0.03237552440882786,0.041198574685795
BC24105,BC24105_C2,ENSG00000169710,-0.13822424779248754,-0.13547677273037959
BC24105,BC24105_C2,ENSG00000106624,-0.23040849485575104,-0.27002779380022573
BC24105,BC24105_C2,ENSG00000167995,0.04291463817531151,0.02923703772794273
BC24105,BC24105_C2,ENSG00000149925,0.026640256851012182,0.023279784765778133
BC24105,BC24105_C2,ENSG00000156482,0.06536388714426486,0.07495308312485689
BC24105,BC24105_C2,ENSG00000197958,-0.03696276832840473,-0.05328109432853174
BC24105,BC24105_C2,ENSG00000172531,-0.05632027751354968,-0.07464312051638453
BC24105,BC24105_C2,ENSG00000144713,0.13068581998091747,0.1008078312570191
BC24105,BC24105_C2,ENSG00000162244,0.03578009500952288,0.04574116918272133
BC24105,BC24105_C2,ENSG00000167658,-0.007507248565843789,0.01713249630384516
BC24105,BC24105_C2,ENSG00000224389,-0.19229523451377864,-0.2500616369574859
BC24105,BC24105_C2,ENSG00000108679,-0.11663598768173447,-0.1313373449409842
BC24105,BC24105_C2,ENSG00000108344,-0.032281594397696275,-0.010273782748199388
BC24105,BC24105_C2,ENSG00000185825,0.0019417663507436754,-0.006530528560108921
BC24105,BC24105_C2,ENSG00000148303,0.021929899097157403,0.006309881003927688
BC24105,BC24105_C2,ENSG00000174748,-0.03301971470130605,-0.02557506581745855
BC24105,BC24105_C2,ENSG00000185499,-0.013528952508443824,-0.012102596382181002
BC24105,BC24105_C2,ENSG00000131469,-0.06119018183849242,-0.06193511639332117
BC24105,BC24105_C2,ENSG00000246705,-0.06072190579734411,-0.059207599663184375
BC24105,BC24105_C2,ENSG00000115884,-0.010254976009704812,-0.010112860893464687
BC24105,BC24105_C2,ENSG00000198242,-0.006278364678721565,0.03377258859199463
BC24105,BC24105_C2,ENSG00000130303,-0.015811557977546208,-0.012551858718422796
BC24105,BC24105_C2,ENSG00000143947,-0.04158706442492311,-0.0498297096239385
BC24105,BC24105_C2,ENSG00000117410,0.019198661180679245,0.018217360063324035
BC24105,BC24105_C2,ENSG00000158710,-0.07861045122987126,-0.05828307332533438
BC24105,BC24105_C2,ENSG00000145592,-0.1020113475691817,-0.12104868550028926
BC24105,BC24105_C2,__ambiguous[ENSG00000185885+ENSG00000185201],-0.07681857008896924,-0.11631496938912798
BC24105,BC24105_C2,ENSG00000279483,-0.05519820333268742,-0.02976169890387954
BC24105,BC24105_C2,ENSG00000104904,0.09643248089290196,0.10254426099054366
BC24105,BC24105_C2,ENSG00000152082,0.03226159874898992,0.029402521193213186
BC24105,BC24105_C2,__ambiguous[ENSG00000257341+ENSG00000213145],-0.03691980301579063,-0.028674474152750946
BC24105,BC24105_C2,__ambiguous[ENSG00000243678+ENSG00000011052],-0.0238858277654365,-0.017451465730169227
BC24105,BC24105_C2,ENSG00000141741,-0.05578056869077094,-0.06135068558763381
BC24105,BC24105_C2,ENSG00000277972,0.007873464306287187,0.0032420292087280453
BC24105,BC24105_C2,ENSG00000092841,0.04419223500215345,0.06608493308224397
BC24105,BC24105_C2,ENSG00000106211,0.015816912574144422,0.033145920233128956
BC24105,BC24105_C2,ENSG00000110651,0.04190941277170494,0.025859909936655517
BC24105,BC24105_C2,ENSG00000173372,-0.09389516425206976,-0.11625021506677306
BC24105,BC24105_C2,ENSG00000074800,-0.028007932090078763,-0.021852965015846156
BC24105,BC24105_C2,ENSG00000111057,0.023986889302692535,0.015966200449101478
BC24105,BC24105_C2,ENSG00000130208,-0.06441713602589738,-0.08198328536985518
BC24105,BC24105_C2,__ambiguous[ENSG00000124614+ENSG00000270800],0.02550156132792016,0.010664158507862216
BC24105,BC24105_C2,ENSG00000030582,-0.14358830354866065,-0.13818213366128035
BC24105,BC24105_C2,ENSG00000142669,-0.06236691501406519,-0.07462086818239083
BC24105,BC24105_C2,ENSG00000071553,-0.04527805850091944,-0.042099652036559444
BC24105,BC24105_C2,ENSG00000118181,-0.012109022017599303,-0.004449228227730722
BC24105,BC24105_C2,ENSG00000126267,-0.05106925302145462,-0.06223944344521032
BC24105,BC24105_C2,ENSG00000160862,0.0929765107114066,0.11772309775817277
BC24105,BC24105_C2,ENSG00000124664,-0.07107736735824774,-0.03622607768957173
BC24105,BC24105_C2,ENSG00000166710,0.06172250989783455,0.064778986150988
BC24105,BC24105_C2,ENSG00000169100,-0.15959439410616974,-0.18615185660589423
BC24105,BC24105_C2,ENSG00000178719,0.014301398659089646,0.01685109759375163
BC24105,BC24105_C2,ENSG00000277791,0.07447225086059202,0.07601737089809475
BC24105,BC24105_C2,ENSG00000150991,-0.03777669558298898,-0.036472937846803645
BC24105,BC24105_C2,ENSG00000163220,-0.03441676496876326,-0.036745633925512756
BC24105,BC24105_C2,ENSG00000071082,0.040177786706009105,0.03429647740891211
BC24105,BC24105_C2,ENSG00000102265,0.07657425145100138,0.08720899694176354
BC24105,BC24105_C2,ENSG00000141522,-0.05837050558064932,-0.0649044122236724
BC24105,BC24105_C2,ENSG00000117450,0.03384406850077579,0.06568549210774383
BC24105,BC24105_C2,ENSG00000160789,0.009572737175999756,0.03512485490717174
BC24105,BC24105_C2,ENSG00000149591,-0.11129759243025353,-0.156533817526231
BC24105,BC24105_C2,ENSG00000182492,-0.03798949579504246,-0.04735415901993287
BC24105,BC24105_C2,ENSG00000165215,0.03261843853829111,0.07116789272256123
BC24105,BC24105_C2,ENSG00000133112,-0.09882292483398787,-0.1242741553968061
BC24105,BC24105_C2,ENSG00000182809,-0.014794187536134054,-0.025067726200658964
BC24105,BC24105_C2,ENSG00000143774,-0.07015664838085017,-0.07741639836294872
BC24105,BC24105_C2,ENSG00000125534,-0.11924766888717361,-0.1417479386741363
BC24105,BC24105_C2,ENSG00000162511,-0.0215899222706004,-0.03470956531225377
BC24105,BC24105_C2,ENSG00000205542,-0.06307325997288037,-0.0993186863305883
BC24105,BC24105_C2,ENSG00000070756,-0.0634146981620149,-0.05879962677380058
BC24105,BC24105_C2,ENSG00000124614,0.008750129692098032,-0.009445102755607832
BC24105,BC24105_C2,ENSG00000105223,-0.023625924290849025,-0.02364369672156686
BC24105,BC24105_C2,ENSG00000176340,-0.03765549789602217,-0.04552631949936178
BC24105,BC24105_C2,ENSG00000196924,-0.077524510312201,-0.09767596315922537
BC24105,BC24105_C2,ENSG00000187514,0.002618046353042225,-0.026111181085350953
BC24105,BC24105_C2,ENSG00000052344,0.03333532039593817,0.045715322731422675
BC24105,BC24105_C2,ENSG00000142089,-0.18364499194010056,-0.19728646478036949
BC24105,BC24105_C2,ENSG00000051523,-0.09406859378917981,-0.07757446768122417
BC24105,BC24105_C2,ENSG00000123349,0.07585130086137117,0.07318020298095715
BC24105,BC24105_C2,ENSG00000255823,-0.1278302142371778,-0.15622977166386906
BC24105,BC24105_C2,ENSG00000058262,-0.14378576964875844,-0.14260814039236328
BC24105,BC24105_C2,ENSG00000131748,-0.04197317042478405,-0.06404578011511776
BC24105,BC24105_C2,ENSG00000178980,-0.04481237587318031,-0.04995053125053753
BC24105,BC24105_C2,ENSG00000184897,-0.07608101688544813,-0.06282351477482083
BC24105,BC24105_C2,ENSG00000114353,-0.024327459809455453,-0.06706177201597473
BC24105,BC24105_C2,ENSG00000103363,0.048046862465218845,0.04884805749071561
BC24105,BC24105_C2,ENSG00000145425,0.057542007932875686,0.05111295436277136
BC24105,BC24105_C2,ENSG00000164733,0.1333457530068653,0.1474121866601403
BC24105,BC24105_C2,__ambiguous[ENSG00000277957+ENSG00000161960],-0.011143952082531557,0.011063834664399409
BC24105,BC24105_C2,ENSG00000138326,-0.16248150381719353,-0.178463413268162
BC24105,BC24105_C2,ENSG00000111669,-0.07464307512093547,-0.06980213439005727
BC24105,BC24105_C2,ENSG00000178952,-0.048059196268451586,-0.050006321541928474
BC24105,BC24105_C2,ENSG00000163682,0.008868400433281921,0.011968632945558475
BC24105,BC24105_C2,ENSG00000272196,-0.023052128039972045,-0.012555073937336868
BC24105,BC24105_C2,ENSG00000104529,0.07428786271849616,0.05757659606435715
BC24105,BC24105_C2,__ambiguous[ENSG00000262526+ENSG00000170296],0.041290011489431504,0.04731121281248973
BC24105,BC24105_C2,ENSG00000127540,0.04944187613240021,0.04807815983798416
BC24105,BC24105_C2,ENSG00000125730,0.03928870128605319,0.05473538096636584
BC24105,BC24105_C2,ENSG00000114867,0.013142491399959417,0.004779538333129127
BC24105,BC24105_C2,ENSG00000169223,0.0467970498398469,0.03786871853485951
BC24105,BC24105_C2,ENSG00000144426,0.030711135719087818,0.03680052584721027
BC24105,BC24105_C2,__ambiguous[ENSG00000219200+ENSG00000161939],-0.009559788657055703,-0.008973623721896562
BC24105,BC24105_C2,ENSG00000269028,-0.15436964200919562,-0.1795710389123366
BC24105,BC24105_C2,ENSG00000115414,0.11960110880274172,0.13744045971655708
BC24105,BC24105_C2,ENSG00000251562,-0.10699678719505311,-0.14638339385158258
BC24105,BC24105_C2,ENSG00000142949,0.07153605828105881,0.07406496076884081
BC24105,BC24105_C2,ENSG00000155366,0.05250346297418273,0.06508720220859746
BC24105,BC24105_C2,ENSG00000182899,-0.03572958779143794,-0.03636334166836638
BC24105,BC24105_C2,ENSG00000204287,-0.013808219873798565,-0.03145927748770887
BC24105,BC24105_C2,ENSG00000170315,-0.052925905690721226,-0.06853751690493559
BC24105,BC24105_C2,ENSG00000172354,-0.09449597436160934,-0.09185257348904224
BC24105,BC24105_C2,ENSG00000008988,-0.0680558931205194,-0.04657015324378152
BC24105,BC24105_C2,ENSG00000142173,-0.10154886300901983,-0.11342125158732316
BC24105,BC24105_C2,ENSG00000126247,0.03674034911880932,0.0501288887821323
BC24105,BC24105_C2,ENSG00000135480,-0.03423220817184812,-0.06727655183817624
BC24105,BC24105_C2,ENSG00000188846,-0.04627678750212715,-0.05698713924274809
BC24105,BC24105_C2,ENSG00000104964,0.017796777408797055,-0.004819233740717653
BC24105,BC24105_C2,ENSG00000131143,0.009248981791420762,0.016050267444824625
BC24105,BC24105_C2,ENSG00000187608,-0.07549984357013151,-0.0670573746531253
BC24105,BC24105_C2,ENSG00000167815,-0.08375189732981814,-0.10279820821645363
BC24105,BC24105_C2,ENSG00000026025,-0.09062276049506265,-0.11400611169578068
BC24105,BC24105_C2,ENSG00000164692,0.08805070256917419,0.1193978680468349
BC24105,BC24105_C2,ENSG00000145494,0.13694979801367563,0.13502130707141013
BC24105,BC24105_C2,ENSG00000163479,0.0263802005432115,0.03617417799496841
BC24105,BC24105_C2,ENSG00000197956,-0.09172353054413242,-0.10562427904388236
BC24105,BC24105_C2,ENSG00000100300,0.1156513771223545,0.14050534328349845
BC24105,BC24105_C2,ENSG00000214530,-0.01557979153191253,0.01833262026716584
BC24105,BC24105_C2,ENSG00000174886,-0.1066125613534647,-0.10090647724416338
BC24105,BC24105_C2,ENSG00000171222,-0.009281795338200229,-0.0005081610525292063
BC24105,BC24105_C2,ENSG00000087460,-0.10540835651695084,-0.12537611601439363
BC24105,BC24105_C2,ENSG00000135390,0.0605454542254309,0.05199906032247604
BC24105,BC24105_C2,ENSG00000114391,0.03178551868334165,0.023096283944763613
BC24105,BC24105_C2,__ambiguous[ENSG00000273259+ENSG00000196136],0.08925617810030678,0.08056699533061103
BC24105,BC24105_C2,ENSG00000177700,0.1379661945930428,0.14004754286067272
BC24105,BC24105_C2,ENSG00000100219,-0.04892484253466916,-0.0646319084334927
BC24105,BC24105_C2,ENSG00000125970,0.012657636463522845,-0.024793762364248663
BC24105,BC24105_C2,ENSG00000160932,-0.024139681660764425,-0.02053016702944383
BC24105,BC24105_C2,ENSG00000130725,0.05980807685317904,0.05917017037041816
BC24105,BC24105_C2,ENSG00000170421,-0.03635718525994252,-0.03709831018148954
BC24105,BC24105_C2,ENSG00000173272,-0.04126102589741074,-0.04130379257209764
BC24105,BC24105_C2,ENSG00000173369,0.06262641336054234,0.056574461932640555
BC24105,BC24105_C2,ENSG00000160180,-0.08034502292975196,-0.08237850831639021
BC24105,BC24105_C2,ENSG00000101335,-0.09894546529510552,-0.1000372283162724
BC24105,BC24105_C2,ENSG00000186010,-0.056888938934982335,-0.06325778541923331
BC24105,BC24105_C2,ENSG00000011304,-0.0639317002292227,-0.05467360957620901
BC24105,BC24105_C2,ENSG00000174444,-0.16668220764950087,-0.15586351832368667
BC24105,BC24105_C2,ENSG00000173801,-0.020586620114288794,-0.01011545045160112
BC24105,BC24105_C2,ENSG00000196576,-0.04494025979930984,-0.03630416171982878
BC24105,BC24105_C2,ENSG00000110492,0.08301655248510223,0.07355016334925041
BC24105,BC24105_C2,ENSG00000141753,0.001472713599078831,0.0007528031859654738
BC24105,BC24105_C2,ENSG00000164919,-0.10848236679799993,-0.09757119126701724
BC24105,BC24105_C2,ENSG00000172270,0.01670231657848051,0.012207677749697133
BC24105,BC24105_C2,ENSG00000130520,0.04670418443938884,0.09177751515151879
BC24105,BC24105_C2,__ambiguous[ENSG00000241343+ENSG00000257529],-0.12387088550900667,-0.12101166707025657
BC24105,BC24105_C2,ENSG00000186468,0.03914092701415794,0.04711548624585429
BC24105,BC24105_C2,ENSG00000213988,-0.07187055098233129,-0.08781722858139868
BC24105,BC24105_C2,ENSG00000025708,0.05436031886372063,0.038443221225727214
BC24105,BC24105_C2,ENSG00000124172,-0.0987140775341784,-0.10121094597996963
BC24105,BC24105_C2,ENSG00000168528,0.023589036079628693,0.048888628612455236
BC24105,BC24105_C2,ENSG00000147684,0.014343192469345546,0.03009245817300928
BC24105,BC24105_C2,ENSG00000279274,-0.0005844683705507111,-0.008302002158122379
BC24105,BC24105_C2,ENSG00000143420,-0.046495470897628274,-0.03780249280960027
BC24105,BC24105_C2,ENSG00000140990,-0.12167419427530754,-0.10214863250520176
BC24105,BC24105_C2,ENSG00000233276,-0.20873015394758054,-0.25222485784069065
BC24105,BC24105_C2,ENSG00000163399,-0.06857023714278698,-0.056649978625657293
BC24105,BC24105_C2,ENSG00000161960,-0.06374256390766354,-0.057616039285141994
BC24105,BC24105_C2,ENSG00000132507,0.02245405712604965,0.030668325113216762
BC24105,BC24105_C2,ENSG00000176046,0.015509929771896636,0.0022876695961129593
BC24105,BC24105_C2,ENSG00000184110,0.024963005919428283,0.05604458563241607
BC24105,BC24105_C2,ENSG00000135940,0.08411111663968675,0.08695891895798392
BC24105,BC24105_C2,ENSG00000184840,0.018472623171117693,0.022473618658277655
BC24105,BC24105_D1,ENSG00000034510,0.0680860493383736,0.06885475660940764
BC24105,BC24105_D1,ENSG00000137818,0.21689617409210823,0.2850854035080388
BC24105,BC24105_D1,ENSG00000111640,-0.00878500008685354,0.0001340495032148921
BC24105,BC24105_D1,ENSG00000254709,-0.11781362755607971,-0.13007197274736926
BC24105,BC24105_D1,ENSG00000171345,-0.021906949500920137,-0.012171537059205949
BC24105,BC24105_D1,ENSG00000177600,0.15118969569274687,0.18373016661678665
BC24105,BC24105_D1,ENSG00000231500,0.05178188346601648,0.08397480925154494
BC24105,BC24105_D1,ENSG00000164587,0.08910481810820686,0.08496401161102145
BC24105,BC24105_D1,ENSG00000075624,-0.08248562556249607,-0.09501135405379783
BC24105,BC24105_D1,ENSG00000108107,-0.1490397767093524,-0.1767637676069355
BC24105,BC24105_D1,ENSG00000105372,-0.08445781013143767,-0.10196136688384526
BC24105,BC24105_D1,ENSG00000197756,0.07209009455606881,0.1273261481564339
BC24105,BC24105_D1,ENSG00000108298,-0.06676939404364429,-0.08792004825475036
BC24105,BC24105_D1,ENSG00000161016,-0.056299215744060126,-0.09486606763306284
BC24105,BC24105_D1,ENSG00000141736,0.0889614643511855,0.13127135171441234
BC24105,BC24105_D1,ENSG00000167526,0.009509086964775319,-0.02047009125234968
BC24105,BC24105_D1,ENSG00000087086,-0.03496785999528127,-0.007776758915634684
BC24105,BC24105_D1,ENSG00000130255,-0.03177183734939294,-0.08898656190571128
BC24105,BC24105_D1,ENSG00000108518,-0.10342493286422817,-0.13892745803744425
BC24105,BC24105_D1,ENSG00000136942,-0.05870813805405758,-0.07361500373026411
BC24105,BC24105_D1,__ambiguous[ENSG00000251357+ENSG00000240972],-0.009415090608056547,-0.012501295488521675
BC24105,BC24105_D1,ENSG00000117984,0.012633930776523854,0.0024238423799048895
BC24105,BC24105_D1,ENSG00000149273,0.016229475991816202,-0.019300413066623712
BC24105,BC24105_D1,ENSG00000063177,-0.19496562539289294,-0.1869416610696381
BC24105,BC24105_D1,ENSG00000197746,0.003063918589893787,-0.010607941943544896
BC24105,BC24105_D1,ENSG00000140264,0.07304045942294665,0.07676617003627106
BC24105,BC24105_D1,ENSG00000180879,-0.05787850950050011,-0.11369212706521896
BC24105,BC24105_D1,ENSG00000221983,-0.14198476836909785,-0.1370750757320172
BC24105,BC24105_D1,ENSG00000179218,0.0015433307098302802,0.029453933234507054
BC24105,BC24105_D1,ENSG00000105193,0.005444595325821942,-0.00918187573513134
BC24105,BC24105_D1,ENSG00000142534,-0.17952656422116892,-0.21245055805729957
BC24105,BC24105_D1,ENSG00000109062,0.02485977949503284,0.07082660911131264
BC24105,BC24105_D1,ENSG00000204628,-0.028432468513461685,-0.04305949926580528
BC24105,BC24105_D1,ENSG00000130203,-0.08360421332562892,-0.12936186241225028
BC24105,BC24105_D1,ENSG00000166441,-0.0816726464560982,-0.07703486833237684
BC24105,BC24105_D1,ENSG00000142541,-0.017418487613709382,-0.02441025793154728
BC24105,BC24105_D1,ENSG00000167996,0.03451811681142397,0.07767345781329772
BC24105,BC24105_D1,ENSG00000185624,0.029729217218408925,0.019730418337027548
BC24105,BC24105_D1,ENSG00000147403,-0.05581752223848151,-0.056812180054976125
BC24105,BC24105_D1,ENSG00000089157,0.10221617557614303,0.15736596161626598
BC24105,BC24105_D1,ENSG00000234745,0.0674546285178019,0.08013060258834086
BC24105,BC24105_D1,ENSG00000140988,0.0912721884147101,0.08174968321091505
BC24105,BC24105_D1,ENSG00000105640,-0.03721580865566936,-0.02225839590038145
BC24105,BC24105_D1,ENSG00000171858,0.03837277986988193,0.09728164716978378
BC24105,BC24105_D1,ENSG00000115268,-0.03781537256247225,-0.012238183522262103
BC24105,BC24105_D1,ENSG00000233927,0.014260116496438715,0.004204558606236995
BC24105,BC24105_D1,ENSG00000111341,0.11004096476696248,0.15196577532273078
BC24105,BC24105_D1,ENSG00000125691,-0.07975538772320535,-0.07343875288844216
BC24105,BC24105_D1,ENSG00000213741,0.018533081477819575,0.02808909411343541
BC24105,BC24105_D1,ENSG00000112306,0.010471534760485138,0.02764692307213348
BC24105,BC24105_D1,ENSG00000149806,0.0693509635104053,0.08255334521621956
BC24105,BC24105_D1,ENSG00000142676,0.04441767980439251,0.013229535732397425
BC24105,BC24105_D1,ENSG00000198034,-0.02769315919295939,-0.03469191342733671
BC24105,BC24105_D1,ENSG00000182774,0.05766177826631081,0.10203943865921238
BC24105,BC24105_D1,ENSG00000170889,0.04348309232454682,-0.006726333890560464
BC24105,BC24105_D1,ENSG00000101439,-0.06707059151640613,-0.10182677433074433
BC24105,BC24105_D1,ENSG00000172809,0.034163501336699535,0.026938760262151442
BC24105,BC24105_D1,ENSG00000172757,0.0377417672113762,0.04028988149210795
BC24105,BC24105_D1,ENSG00000100316,-0.04337904541323338,-0.029714665777370714
BC24105,BC24105_D1,ENSG00000204525,0.06358981579757521,0.09558260238152554
BC24105,BC24105_D1,ENSG00000177954,0.12273104251681467,0.18496455831403363
BC24105,BC24105_D1,ENSG00000019582,0.12286230403692903,0.11872238104472464
BC24105,BC24105_D1,ENSG00000204592,-0.03673829519666273,-0.07774871217119558
BC24105,BC24105_D1,ENSG00000184009,-0.19637564328554247,-0.24048229306686641
BC24105,BC24105_D1,ENSG00000137154,0.0344725855643677,0.07294429998248408
BC24105,BC24105_D1,ENSG00000083845,0.018717702067256668,-0.00021389653430523142
BC24105,BC24105_D1,__ambiguous[ENSG00000254772+ENSG00000255508],-0.0809708849644756,-0.11507788923420584
BC24105,BC24105_D1,__ambiguous[ENSG00000185883+ENSG00000260272],0.03415657339815684,0.006569014542242361
BC24105,BC24105_D1,ENSG00000206503,-0.08688693153277077,-0.0750346492235004
BC24105,BC24105_D1,ENSG00000165949,-0.05431757969152403,-0.04853645537340459
BC24105,BC24105_D1,ENSG00000163191,0.10105425828942667,0.11206811092766832
BC24105,BC24105_D1,ENSG00000142937,0.03808543942297232,0.046492316083605045
BC24105,BC24105_D1,ENSG00000231925,-0.08084667101378862,-0.1300066173222605
BC24105,BC24105_D1,ENSG00000108821,0.15755794303458037,0.17844718338183546
BC24105,BC24105_D1,ENSG00000107223,-0.11866057042065717,-0.12948346205017403
BC24105,BC24105_D1,ENSG00000135404,-0.06263742167993719,-0.1034243479211125
BC24105,BC24105_D1,ENSG00000115457,-0.1002999492683255,-0.12252498166095468
BC24105,BC24105_D1,ENSG00000167468,-0.010210548084396446,-0.02519139759245493
BC24105,BC24105_D1,ENSG00000108639,-0.1727899531051776,-0.1934615341836999
BC24105,BC24105_D1,ENSG00000169710,-0.10091168542788069,-0.0833113047971182
BC24105,BC24105_D1,ENSG00000106624,-0.011321166924896259,-0.06133816634085515
BC24105,BC24105_D1,ENSG00000167995,-0.0051308350447885915,-0.007185384756117707
BC24105,BC24105_D1,ENSG00000149925,-0.032729931682462715,-0.04194965836567262
BC24105,BC24105_D1,ENSG00000156482,0.08278349564765865,0.07771137047334756
BC24105,BC24105_D1,ENSG00000197958,0.13698914998119113,0.14689246280456847
BC24105,BC24105_D1,ENSG00000172531,-0.029454608413300585,-0.04084771172535072
BC24105,BC24105_D1,ENSG00000144713,-0.05682563953247146,-0.043109371593815546
BC24105,BC24105_D1,ENSG00000162244,0.02555732890759697,0.046344228370250165
BC24105,BC24105_D1,ENSG00000167658,0.02901213808878116,0.005980758852921742
BC24105,BC24105_D1,ENSG00000224389,-0.04503966200962724,-0.05376360909069177
BC24105,BC24105_D1,ENSG00000108679,-0.04358841985630656,-0.07707087190118098
BC24105,BC24105_D1,ENSG00000108344,0.05495197755672678,0.02448243433955056
BC24105,BC24105_D1,ENSG00000185825,-0.0851378297254892,-0.078682918797074
BC24105,BC24105_D1,ENSG00000148303,-0.0027094560082626404,-0.005098242669884849
BC24105,BC24105_D1,ENSG00000174748,-0.029020461536136744,-0.01784065883588473
BC24105,BC24105_D1,ENSG00000185499,-0.10356666187330496,-0.1163881055610828
BC24105,BC24105_D1,ENSG00000131469,-0.03805133279611375,-0.04889091130786977
BC24105,BC24105_D1,ENSG00000246705,-0.016800587927607576,-0.019564302186819205
BC24105,BC24105_D1,ENSG00000115884,-0.09336796376583131,-0.1622299363901904
BC24105,BC24105_D1,ENSG00000198242,0.017206530170076114,0.03361593014678926
BC24105,BC24105_D1,ENSG00000130303,0.0713918970334743,0.06961087546295479
BC24105,BC24105_D1,ENSG00000143947,0.011246669550568135,0.03387602996845238
BC24105,BC24105_D1,ENSG00000117410,-0.07233777328142779,-0.10225905832144341
BC24105,BC24105_D1,ENSG00000158710,0.06047413492483238,0.08941695146361997
BC24105,BC24105_D1,ENSG00000145592,0.0999310900507315,0.09476252684783237
BC24105,BC24105_D1,__ambiguous[ENSG00000185885+ENSG00000185201],-0.021317528472107362,-0.08368094054286537
BC24105,BC24105_D1,ENSG00000279483,0.1069675003990995,0.1289417715664363
BC24105,BC24105_D1,ENSG00000104904,0.0660877655991246,0.06238007440957519
BC24105,BC24105_D1,ENSG00000152082,-0.005451689042843667,0.015018289714318522
BC24105,BC24105_D1,__ambiguous[ENSG00000257341+ENSG00000213145],0.03217578325423216,0.0029370727558752524
BC24105,BC24105_D1,__ambiguous[ENSG00000243678+ENSG00000011052],0.08765134556063993,0.09419752324802814
BC24105,BC24105_D1,ENSG00000141741,-0.02042547086429515,0.007176711790311574
BC24105,BC24105_D1,ENSG00000277972,-0.014608842709861554,-0.022118334457545276
BC24105,BC24105_D1,ENSG00000092841,0.10215483172412926,0.11228861461005488
BC24105,BC24105_D1,ENSG00000106211,0.17262456538811988,0.22276906776718025
BC24105,BC24105_D1,ENSG00000110651,-0.0262038395857358,-0.026799693170250338
BC24105,BC24105_D1,ENSG00000173372,-0.1231622443489652,-0.1317390072215846
BC24105,BC24105_D1,ENSG00000074800,-0.16534042130332227,-0.16295265950290008
BC24105,BC24105_D1,ENSG00000111057,0.009351832354994934,0.015312942077702875
BC24105,BC24105_D1,ENSG00000130208,-0.08230765196514964,-0.09481232903941288
BC24105,BC24105_D1,__ambiguous[ENSG00000124614+ENSG00000270800],-0.010321728202091457,-0.022001822030746188
BC24105,BC24105_D1,ENSG00000030582,-0.14384623220610504,-0.1526111328251074
BC24105,BC24105_D1,ENSG00000142669,0.0070030593878813415,0.02004195525128133
BC24105,BC24105_D1,ENSG00000071553,-0.20545961970429683,-0.2386136376857597
BC24105,BC24105_D1,ENSG00000118181,0.06419015687165394,0.06048218589442354
BC24105,BC24105_D1,ENSG00000126267,-0.05272801964883209,-0.039382784217744986
BC24105,BC24105_D1,ENSG00000160862,0.10917405527674105,0.1276824965718326
BC24105,BC24105_D1,ENSG00000124664,-0.016363368643826284,-0.020561744346945077
BC24105,BC24105_D1,ENSG00000166710,-0.005029408127768727,0.01880221486691181
BC24105,BC24105_D1,ENSG00000169100,0.026474383002782223,0.049028969171458575
BC24105,BC24105_D1,ENSG00000178719,-0.0022527884734100134,0.01138512493049803
BC24105,BC24105_D1,ENSG00000277791,0.07092660873479963,0.05099775042510853
BC24105,BC24105_D1,ENSG00000150991,-0.03246558900391661,-0.03742687243699496
BC24105,BC24105_D1,ENSG00000163220,0.028427372345518957,0.05144432567201806
BC24105,BC24105_D1,ENSG00000071082,0.06427084865403873,0.08027294508033
BC24105,BC24105_D1,ENSG00000102265,-0.07590940662897831,-0.07819673238360147
BC24105,BC24105_D1,ENSG00000141522,-0.13156301080200863,-0.17032128149192896
BC24105,BC24105_D1,ENSG00000117450,-0.11305089154612445,-0.10133134348117576
BC24105,BC24105_D1,ENSG00000160789,0.10424008976544223,0.12292860521527582
BC24105,BC24105_D1,ENSG00000149591,0.010971135624954427,0.022020915246152073
BC24105,BC24105_D1,ENSG00000182492,-0.022861300620834826,-0.053574233786561676
BC24105,BC24105_D1,ENSG00000165215,-0.06230368706462155,-0.07602364335796045
BC24105,BC24105_D1,ENSG00000133112,-0.07549496290188541,-0.1143193723953963
BC24105,BC24105_D1,ENSG00000182809,-0.04484161472860855,-0.04451457687728747
BC24105,BC24105_D1,ENSG00000143774,0.025784867159421573,0.02518908696316814
BC24105,BC24105_D1,ENSG00000125534,0.03955208822823913,0.04646287542383529
BC24105,BC24105_D1,ENSG00000162511,-0.0897706072058066,-0.15782513245622018
BC24105,BC24105_D1,ENSG00000205542,-0.01149030628006331,-0.010718072049484837
BC24105,BC24105_D1,ENSG00000070756,0.012507173319964681,-0.0047908840914663055
BC24105,BC24105_D1,ENSG00000124614,-0.12189393735574464,-0.15353661165084806
BC24105,BC24105_D1,ENSG00000105223,-0.07792716935942641,-0.09194690425508095
BC24105,BC24105_D1,ENSG00000176340,-0.009055275849264972,-0.04538416607257582
BC24105,BC24105_D1,ENSG00000196924,-0.13007583383982796,-0.22354243613594732
BC24105,BC24105_D1,ENSG00000187514,-0.1010883633000673,-0.09343551488763474
BC24105,BC24105_D1,ENSG00000052344,0.07570379938486478,0.09638716420908437
BC24105,BC24105_D1,ENSG00000142089,-0.1408089260850875,-0.18690527636501436
BC24105,BC24105_D1,ENSG00000051523,0.015821844954296425,-0.014166140919233811
BC24105,BC24105_D1,ENSG00000123349,-0.15184181663831542,-0.1621001069173902
BC24105,BC24105_D1,ENSG00000255823,0.016594702143495996,-0.053844964416894514
BC24105,BC24105_D1,ENSG00000058262,-0.07680134971652716,-0.0689598603425466
BC24105,BC24105_D1,ENSG00000131748,0.04760541217051268,0.06388187558826945
BC24105,BC24105_D1,ENSG00000178980,0.08218321301831523,0.07948441101239889
BC24105,BC24105_D1,ENSG00000184897,-0.10421825247630999,-0.09950358572321107
BC24105,BC24105_D1,ENSG00000114353,0.0028784103785537505,0.005300927265195949
BC24105,BC24105_D1,ENSG00000103363,-0.044103265503317376,-0.045289973457758155
BC24105,BC24105_D1,ENSG00000145425,0.05494469243890641,0.05587785128292696
BC24105,BC24105_D1,ENSG00000164733,0.11160733058388565,0.1613375612759531
BC24105,BC24105_D1,__ambiguous[ENSG00000277957+ENSG00000161960],-0.053031164313230655,-0.05414203006691886
BC24105,BC24105_D1,ENSG00000138326,0.033681964924192925,0.01670630356144547
BC24105,BC24105_D1,ENSG00000111669,-0.005168415948785908,-0.04831441457130411
BC24105,BC24105_D1,ENSG00000178952,-0.051199729772272246,-0.0744871257796499
BC24105,BC24105_D1,ENSG00000163682,-0.04807419966927482,-0.06106938374499088
BC24105,BC24105_D1,ENSG00000272196,0.006113918085812622,0.02516917659255804
BC24105,BC24105_D1,ENSG00000104529,-0.14057696485797183,-0.11959433060849146
BC24105,BC24105_D1,__ambiguous[ENSG00000262526+ENSG00000170296],0.03778352561345516,-0.007648698099785701
BC24105,BC24105_D1,ENSG00000127540,-0.014978619354500431,-0.022577865902599137
BC24105,BC24105_D1,ENSG00000125730,0.009940760171329622,0.04297806322121667
BC24105,BC24105_D1,ENSG00000114867,0.004582039312347585,0.026719508041591854
BC24105,BC24105_D1,ENSG00000169223,0.0031251574641716503,-0.017306810544012296
BC24105,BC24105_D1,ENSG00000144426,0.08941311037256001,0.11201479997123924
BC24105,BC24105_D1,__ambiguous[ENSG00000219200+ENSG00000161939],-0.05439455252699964,-0.06193311654445526
BC24105,BC24105_D1,ENSG00000269028,0.034537265099692314,-0.055951366804420595
BC24105,BC24105_D1,ENSG00000115414,0.0029418083984011326,-0.0009152991403354139
BC24105,BC24105_D1,ENSG00000251562,-0.04556191019001471,-0.10398675270538306
BC24105,BC24105_D1,ENSG00000142949,-0.03213945129736106,0.014193592375396637
BC24105,BC24105_D1,ENSG00000155366,-0.030559351131130476,-0.03753388897717532
BC24105,BC24105_D1,ENSG00000182899,0.06590221924615709,0.06254312988565776
BC24105,BC24105_D1,ENSG00000204287,0.11598699048997475,0.11840636420123798
BC24105,BC24105_D1,ENSG00000170315,0.10243318340940895,0.060960680568170694
BC24105,BC24105_D1,ENSG00000172354,0.02058979592264715,0.08034175207686658
BC24105,BC24105_D1,ENSG00000008988,0.028195715590515764,0.050729637152012536
BC24105,BC24105_D1,ENSG00000142173,-0.04564251405111668,-0.03026681119451491
BC24105,BC24105_D1,ENSG00000126247,0.015460518809301209,-0.02789386336726943
BC24105,BC24105_D1,ENSG00000135480,0.0011886018386751934,-0.03897770298707866
BC24105,BC24105_D1,ENSG00000188846,0.09705467564383684,0.10813718877855595
BC24105,BC24105_D1,ENSG00000104964,-0.06507824213087138,-0.09314131872103938
BC24105,BC24105_D1,ENSG00000131143,-0.07239799856605647,-0.06314978754693872
BC24105,BC24105_D1,ENSG00000187608,-0.03368978553891376,-0.035232817396991675
BC24105,BC24105_D1,ENSG00000167815,-0.06192290927869321,-0.06363622159941187
BC24105,BC24105_D1,ENSG00000026025,0.10788102713377377,0.1422934224209726
BC24105,BC24105_D1,ENSG00000164692,0.07076038283540804,0.0708091166093457
BC24105,BC24105_D1,ENSG00000145494,-0.002373335562105176,-0.010088257203976467
BC24105,BC24105_D1,ENSG00000163479,0.07290525535680994,0.09241786564086227
BC24105,BC24105_D1,ENSG00000197956,-0.16197489695830888,-0.1509003668244491
BC24105,BC24105_D1,ENSG00000100300,0.18624096121798694,0.2026878694515631
BC24105,BC24105_D1,ENSG00000214530,-0.022506614186328103,-0.043006603817872406
BC24105,BC24105_D1,ENSG00000174886,-0.050181507027640154,-0.07801076960155501
BC24105,BC24105_D1,ENSG00000171222,-0.02217801718924483,-0.00712160766271258
BC24105,BC24105_D1,ENSG00000087460,-0.19177904678560156,-0.25135511285914075
BC24105,BC24105_D1,ENSG00000135390,0.04978155195091244,0.04013164056330084
BC24105,BC24105_D1,ENSG00000114391,0.05046729863420051,0.05844991646513422
BC24105,BC24105_D1,__ambiguous[ENSG00000273259+ENSG00000196136],-0.2196540240811024,-0.3194041545931195
BC24105,BC24105_D1,ENSG00000177700,-0.03843563113337306,-0.05665065654481008
BC24105,BC24105_D1,ENSG00000100219,0.03143517441434489,0.033871100707872005
BC24105,BC24105_D1,ENSG00000125970,0.07954901689235228,0.090588770872169
BC24105,BC24105_D1,ENSG00000160932,-0.02890195323755227,-0.025573011568390952
BC24105,BC24105_D1,ENSG00000130725,-0.0336531455864642,-0.04641142958791569
BC24105,BC24105_D1,ENSG00000170421,0.09601456642101111,0.12901024021888047
BC24105,BC24105_D1,ENSG00000173272,-0.0076855193119225625,0.005628057643471849
BC24105,BC24105_D1,ENSG00000173369,-0.061502728626139355,-0.06940679773710888
BC24105,BC24105_D1,ENSG00000160180,0.16800216002488214,0.16241327232390107
BC24105,BC24105_D1,ENSG00000101335,-0.09120472970534553,-0.10264513422004572
BC24105,BC24105_D1,ENSG00000186010,-0.07133689876055498,-0.043243043447586275
BC24105,BC24105_D1,ENSG00000011304,-0.035408211716050166,-0.04294650980437349
BC24105,BC24105_D1,ENSG00000174444,0.02886594593573044,0.03163526954103802
BC24105,BC24105_D1,ENSG00000173801,0.035782945782931924,-0.010031937488214035
BC24105,BC24105_D1,ENSG00000196576,-0.05789606949356476,-0.055917472340016185
BC24105,BC24105_D1,ENSG00000110492,-0.010460036619473692,-0.014386551102918633
BC24105,BC24105_D1,ENSG00000141753,0.22509304338415384,0.24770530184262488
BC24105,BC24105_D1,ENSG00000164919,0.014437766681735876,0.009433711425282279
BC24105,BC24105_D1,ENSG00000172270,-0.015199756620371494,-0.04236994150520962
BC24105,BC24105_D1,ENSG00000130520,0.033895808924396496,0.0009550555211811756
BC24105,BC24105_D1,__ambiguous[ENSG00000241343+ENSG00000257529],0.05995583054938621,0.05306527574221912
BC24105,BC24105_D1,ENSG00000186468,0.11888033509045301,0.1269687590724581
BC24105,BC24105_D1,ENSG00000213988,0.09148383412750337,0.07405568195176059
BC24105,BC24105_D1,ENSG00000025708,0.07718690895031986,0.05035048718716998
BC24105,BC24105_D1,ENSG00000124172,-0.0041597117814011365,-0.0417629611891707
BC24105,BC24105_D1,ENSG00000168528,0.09713175586247984,0.12136365375022898
BC24105,BC24105_D1,ENSG00000147684,0.03456999865470907,0.02750594124013272
BC24105,BC24105_D1,ENSG00000279274,0.14878055712834526,0.16290051676158218
BC24105,BC24105_D1,ENSG00000143420,-0.06927720109068827,-0.06760533435347009
BC24105,BC24105_D1,ENSG00000140990,-0.06744285456657435,-0.054644181596381375
BC24105,BC24105_D1,ENSG00000233276,-0.05875810962257571,-0.10609829074582676
BC24105,BC24105_D1,ENSG00000163399,-0.023618029566628753,-0.02377763883857574
BC24105,BC24105_D1,ENSG00000161960,0.012440931326761296,0.0008204859982680726
BC24105,BC24105_D1,ENSG00000132507,0.024693959070982482,0.028260522558315945
BC24105,BC24105_D1,ENSG00000176046,-0.049532511908123925,-0.06592018987992533
BC24105,BC24105_D1,ENSG00000184110,-0.11338059300629721,-0.1143831999514679
BC24105,BC24105_D1,ENSG00000135940,-0.03369009831706576,-0.05052833348666753
BC24105,BC24105_D1,ENSG00000184840,-0.022757131808658976,-0.059560129657720486
BC24220,BC24220_D2,ENSG00000254709,0.01845603689570571,0.023268154110081853
BC24220,BC24220_D2,ENSG00000034510,0.09623095913171757,0.11473374806620686
BC24220,BC24220_D2,ENSG00000137818,0.0441385885079748,0.060170003932896725
BC24220,BC24220_D2,ENSG00000231500,0.21221944206518756,0.26766495378885424
BC24220,BC24220_D2,ENSG00000111640,0.338884796367005,0.44215708963213296
BC24220,BC24220_D2,ENSG00000177600,0.22422164065116118,0.252495185077916
BC24220,BC24220_D2,ENSG00000164587,0.023902592667639305,0.05619949015413223
BC24220,BC24220_D2,ENSG00000108107,0.07311177511589506,0.11408562189076032
BC24220,BC24220_D2,ENSG00000075624,-0.1461394578190657,-0.1813544511611779
BC24220,BC24220_D2,ENSG00000171345,-0.3586278467580171,-0.41984456964286276
BC24220,BC24220_D2,ENSG00000105372,0.12252509298734468,0.164625689124966
BC24220,BC24220_D2,ENSG00000108298,-0.008667669628382932,-0.042603313387305934
BC24220,BC24220_D2,ENSG00000167526,0.0938962361260273,0.11754005802517889
BC24220,BC24220_D2,ENSG00000197756,-0.049307983939243405,-0.009701487951278294
BC24220,BC24220_D2,ENSG00000161016,0.01687346270160657,0.009377016121068915
BC24220,BC24220_D2,ENSG00000130255,0.20206596216315195,0.2141094044573138
BC24220,BC24220_D2,ENSG00000108518,0.003781050260627772,0.006616174508230863
BC24220,BC24220_D2,ENSG00000087086,0.06753580999976709,0.08717713570617318
BC24220,BC24220_D2,ENSG00000136942,0.2304994411801885,0.2671122176515238
BC24220,BC24220_D2,ENSG00000141736,-0.14184949948018505,-0.16781825834610228
BC24220,BC24220_D2,__ambiguous[ENSG00000251357+ENSG00000240972],0.2677558809209678,0.3118996265223737
BC24220,BC24220_D2,ENSG00000063177,0.08782334309578775,0.09879604953063306
BC24220,BC24220_D2,ENSG00000149273,0.14078296196871118,0.1665456298891499
BC24220,BC24220_D2,ENSG00000197746,0.08100664506732036,0.09088526059203779
BC24220,BC24220_D2,ENSG00000180879,0.1026150500997073,0.14552103661267413
BC24220,BC24220_D2,ENSG00000140264,0.04325492382708717,0.05415174884250478
BC24220,BC24220_D2,ENSG00000105193,-0.01348275328062417,0.003416244368918142
BC24220,BC24220_D2,ENSG00000221983,0.11458222908223972,0.12422400186549491
BC24220,BC24220_D2,ENSG00000117984,0.030294858270793916,0.04821972287945166
BC24220,BC24220_D2,ENSG00000130203,0.09016116308670898,0.15350441347560387
BC24220,BC24220_D2,ENSG00000142534,0.04846987952012669,0.05260954722081176
BC24220,BC24220_D2,ENSG00000142541,0.11451626766602195,0.13334940615883403
BC24220,BC24220_D2,ENSG00000179218,0.00035328128502970247,0.024350922179434638
BC24220,BC24220_D2,ENSG00000204628,-0.023269517125454928,-0.03474804485791154
BC24220,BC24220_D2,ENSG00000234745,0.10667185070839542,0.13226193709503486
BC24220,BC24220_D2,ENSG00000185624,0.01899408335880158,0.03692695411401482
BC24220,BC24220_D2,ENSG00000147403,-0.03557419258582141,-0.028641549148862414
BC24220,BC24220_D2,ENSG00000166441,0.1737796828162513,0.22338809455669614
BC24220,BC24220_D2,ENSG00000167996,0.03249477747671171,0.0494719040935853
BC24220,BC24220_D2,ENSG00000105640,0.2377776006217786,0.281601625271584
BC24220,BC24220_D2,ENSG00000109062,0.10316133075157437,0.10624524977630476
BC24220,BC24220_D2,ENSG00000140988,-0.024880947171035256,-0.032552138401008165
BC24220,BC24220_D2,ENSG00000115268,0.06395153374681391,0.05777171091227065
BC24220,BC24220_D2,ENSG00000089157,0.15998001681913313,0.18445883645370942
BC24220,BC24220_D2,ENSG00000233927,0.08416770707310264,0.08728543814890036
BC24220,BC24220_D2,ENSG00000171858,-0.018130917580739748,-0.04448120739396927
BC24220,BC24220_D2,ENSG00000213741,0.00658226196852573,0.017460665761197217
BC24220,BC24220_D2,ENSG00000112306,-0.08996228910589552,-0.12070933405515735
BC24220,BC24220_D2,ENSG00000198034,-0.02803905549435461,-0.028177410703291914
BC24220,BC24220_D2,ENSG00000170889,0.01323805658734325,0.03393573686666406
BC24220,BC24220_D2,ENSG00000125691,-0.021103576339917843,-0.044759153913372186
BC24220,BC24220_D2,ENSG00000019582,-0.12127009501053515,-0.17094505017890033
BC24220,BC24220_D2,ENSG00000149806,-0.03144436779807544,-0.012298115069229412
BC24220,BC24220_D2,ENSG00000182774,0.004985950542859032,0.0002873805589315188
BC24220,BC24220_D2,ENSG00000101439,0.14947019870420525,0.1764211835986673
BC24220,BC24220_D2,ENSG00000204592,0.012698050452649845,-0.018604341185095612
BC24220,BC24220_D2,ENSG00000142676,0.03017712447483855,0.03424167398014593
BC24220,BC24220_D2,ENSG00000204525,-0.005103974433534943,0.010365586264707837
BC24220,BC24220_D2,ENSG00000100316,-0.010776285668372246,0.012998677770344835
BC24220,BC24220_D2,ENSG00000172809,0.06747433516026248,0.08404521400186206
BC24220,BC24220_D2,ENSG00000111341,-0.05575556739951393,-0.10024865675338314
BC24220,BC24220_D2,ENSG00000206503,0.05481589098569314,0.07279515684450612
BC24220,BC24220_D2,ENSG00000137154,0.089566735802879,0.11412001279315868
BC24220,BC24220_D2,ENSG00000172757,0.0274204021873635,0.07118304385945631
BC24220,BC24220_D2,ENSG00000142937,0.016313462339679598,0.015586405106655375
BC24220,BC24220_D2,ENSG00000083845,0.07500509476995496,0.13585124027546125
BC24220,BC24220_D2,ENSG00000167468,0.08958381515341103,0.10695934024606134
BC24220,BC24220_D2,__ambiguous[ENSG00000185883+ENSG00000260272],0.04644144248833759,0.049086788755194226
BC24220,BC24220_D2,ENSG00000177954,-0.16420675010041935,-0.17823588686829042
BC24220,BC24220_D2,ENSG00000165949,0.1231421996647159,0.14308453334843793
BC24220,BC24220_D2,__ambiguous[ENSG00000254772+ENSG00000255508],0.14737937416255942,0.18120504834172363
BC24220,BC24220_D2,ENSG00000184009,0.31967885622689923,0.3969566042891166
BC24220,BC24220_D2,ENSG00000231925,0.09055305764841594,0.1289708398264741
BC24220,BC24220_D2,ENSG00000162244,0.10485770187396641,0.1346651185981525
BC24220,BC24220_D2,ENSG00000107223,-0.011229359930228442,-0.006581484408068126
BC24220,BC24220_D2,ENSG00000108821,0.13810492824850795,0.17245272209604587
BC24220,BC24220_D2,ENSG00000108639,0.0823462512099712,0.11371730021610549
BC24220,BC24220_D2,ENSG00000167658,-0.021366480464873387,-0.03018685183616726
BC24220,BC24220_D2,ENSG00000135404,-0.10166929415708743,-0.15704141763671703
BC24220,BC24220_D2,ENSG00000197958,-0.003266079656548824,-0.018065702294852392
BC24220,BC24220_D2,ENSG00000163220,0.0315502434534713,0.04070068997514876
BC24220,BC24220_D2,ENSG00000106624,-0.0004184052703760014,0.022075348560197543
BC24220,BC24220_D2,ENSG00000172531,0.030125894154300784,0.02416221929462229
BC24220,BC24220_D2,ENSG00000167995,0.09551007250507883,0.08684036521820154
BC24220,BC24220_D2,ENSG00000163191,-0.06256028507653152,-0.037390187163418485
BC24220,BC24220_D2,ENSG00000156482,-0.03683371116522489,-0.05411478275596101
BC24220,BC24220_D2,ENSG00000108679,0.16032912163568622,0.16455748383042798
BC24220,BC24220_D2,ENSG00000246705,-0.10329370435121343,-0.12150541376649132
BC24220,BC24220_D2,ENSG00000149925,-0.19479557046252155,-0.23304901411687173
BC24220,BC24220_D2,ENSG00000169710,0.19002918180380096,0.24732140838435654
BC24220,BC24220_D2,ENSG00000115884,-0.017030113978084543,-0.005773591947722154
BC24220,BC24220_D2,ENSG00000144713,0.012305348078577935,0.034127657164330034
BC24220,BC24220_D2,ENSG00000185825,-0.011736448839545686,-0.04416180640603861
BC24220,BC24220_D2,ENSG00000148303,-0.10756805190919347,-0.0822572956270736
BC24220,BC24220_D2,ENSG00000174748,0.12474150749973877,0.12390778536254009
BC24220,BC24220_D2,ENSG00000130303,0.027282125931474537,0.050036928113706206
BC24220,BC24220_D2,ENSG00000143947,0.04674926722168373,0.03690433833223705
BC24220,BC24220_D2,ENSG00000104904,-0.0016799092964532956,0.0002768060431554503
BC24220,BC24220_D2,ENSG00000173372,0.07144878540860954,0.04741740286114464
BC24220,BC24220_D2,ENSG00000224389,0.0040905105148870925,-0.0030977855911388133
BC24220,BC24220_D2,ENSG00000166710,0.278073672862515,0.3396471227777134
BC24220,BC24220_D2,ENSG00000117410,-4.742885833016539e-05,0.0009772324638012446
BC24220,BC24220_D2,ENSG00000198242,-0.04767675760060691,-0.06308066362623248
BC24220,BC24220_D2,ENSG00000145592,0.10491064347491527,0.10561719860590427
BC24220,BC24220_D2,ENSG00000130208,0.03048016932644222,0.03362805593042938
BC24220,BC24220_D2,ENSG00000165215,0.15479070237405385,0.16008473516602983
BC24220,BC24220_D2,ENSG00000152082,0.09074571767459805,0.09003271856114856
BC24220,BC24220_D2,__ambiguous[ENSG00000185885+ENSG00000185201],0.044359593577863676,0.05403886718255387
BC24220,BC24220_D2,ENSG00000131469,-0.16675104939003946,-0.18417248693064384
BC24220,BC24220_D2,ENSG00000115457,0.021645763460541003,0.04284156836933461
BC24220,BC24220_D2,ENSG00000277972,-0.01955371469694589,-0.0009457383988540028
BC24220,BC24220_D2,ENSG00000279483,0.029078519403765265,0.027225827228529204
BC24220,BC24220_D2,ENSG00000118181,0.018977480445960183,0.006048932470448083
BC24220,BC24220_D2,__ambiguous[ENSG00000124614+ENSG00000270800],0.06188173225078013,0.07191918650811971
BC24220,BC24220_D2,__ambiguous[ENSG00000243678+ENSG00000011052],-0.0289454697689094,-0.006165438457681507
BC24220,BC24220_D2,ENSG00000142669,-0.11760940311611233,-0.11109821995671618
BC24220,BC24220_D2,ENSG00000126267,-0.06367490981339263,-0.04580572671980589
BC24220,BC24220_D2,ENSG00000160862,0.011990532752731105,0.0296296690250279
BC24220,BC24220_D2,ENSG00000071553,0.03849519747856908,0.05793013919455428
BC24220,BC24220_D2,ENSG00000110651,-0.010440070760307455,-0.009955092313469112
BC24220,BC24220_D2,ENSG00000092841,0.01446390938516554,0.030237516466022824
BC24220,BC24220_D2,ENSG00000106211,0.16498087622256202,0.18139052543533982
BC24220,BC24220_D2,ENSG00000074800,0.12613814603042853,0.15976372035122804
BC24220,BC24220_D2,ENSG00000169100,-0.020053487155310783,-0.026596152200901522
BC24220,BC24220_D2,ENSG00000108344,0.030504931528448475,0.040692805067773175
BC24220,BC24220_D2,ENSG00000162511,-0.00950469440644096,0.00853613518955027
BC24220,BC24220_D2,ENSG00000158710,0.07812906970954421,0.0748411142210488
BC24220,BC24220_D2,ENSG00000133112,0.1604953214799944,0.19047681081137022
BC24220,BC24220_D2,ENSG00000111057,-0.0715838408562274,-0.0896211113624092
BC24220,BC24220_D2,ENSG00000277791,-0.04926696659261284,-0.06725000144305081
BC24220,BC24220_D2,ENSG00000205542,-0.04291054577577489,-0.04868593521479433
BC24220,BC24220_D2,ENSG00000030582,0.0885879756228392,0.09673543703712105
BC24220,BC24220_D2,ENSG00000124664,0.09659915792025559,0.10962444580110998
BC24220,BC24220_D2,ENSG00000185499,-0.2046793893903591,-0.22318491219204584
BC24220,BC24220_D2,ENSG00000070756,-0.023605886317174026,-0.029956978226545257
BC24220,BC24220_D2,ENSG00000178719,0.0026386398864205744,0.022833705509640697
BC24220,BC24220_D2,ENSG00000117450,0.12408762690960198,0.14376971007061032
BC24220,BC24220_D2,ENSG00000196924,0.03581409915817175,0.046119522049925935
BC24220,BC24220_D2,ENSG00000105223,-0.006809916742358246,-0.01630347063148512
BC24220,BC24220_D2,ENSG00000071082,0.0549905676882228,0.07055397883094486
BC24220,BC24220_D2,ENSG00000051523,0.037480117209846224,0.047143547930030394
BC24220,BC24220_D2,ENSG00000143774,0.13114501586385183,0.1535651488103072
BC24220,BC24220_D2,__ambiguous[ENSG00000257341+ENSG00000213145],0.035497005379696675,0.03436365632676413
BC24220,BC24220_D2,ENSG00000182492,-0.027788533289177058,-0.042938380139446806
BC24220,BC24220_D2,ENSG00000150991,0.052219935952212665,0.05185129302701322
BC24220,BC24220_D2,ENSG00000149591,-0.038969461627049465,-0.007234280023998627
BC24220,BC24220_D2,ENSG00000141522,0.020794180472910977,0.055529304930865435
BC24220,BC24220_D2,ENSG00000141741,-0.018863253106545876,-0.039819619778143925
BC24220,BC24220_D2,ENSG00000102265,-0.022196947242436874,-0.004636257490403836
BC24220,BC24220_D2,ENSG00000125534,-0.025285866797462683,-0.03929924233334429
BC24220,BC24220_D2,ENSG00000160789,0.06865755724637321,0.0867058969488963
BC24220,BC24220_D2,ENSG00000182809,-0.023471362716709944,-0.005109146039499356
BC24220,BC24220_D2,ENSG00000184897,0.019500436341790908,0.01380484562000579
BC24220,BC24220_D2,ENSG00000124614,0.05903837975119574,0.09314629595945784
BC24220,BC24220_D2,__ambiguous[ENSG00000277957+ENSG00000161960],-0.006107466633154949,0.023385582342414044
BC24220,BC24220_D2,ENSG00000187514,0.052123449779028844,0.035883090345695236
BC24220,BC24220_D2,ENSG00000204287,0.06851996598220203,0.1362638312327323
BC24220,BC24220_D2,ENSG00000125730,-0.17504064810806116,-0.18312152920490885
BC24220,BC24220_D2,ENSG00000145425,-0.03177896417253364,-0.04281937171542283
BC24220,BC24220_D2,ENSG00000163682,0.10496786924376392,0.12876221286496883
BC24220,BC24220_D2,ENSG00000058262,0.01829778891905934,0.02621451529033524
BC24220,BC24220_D2,ENSG00000176340,0.024044311658637928,0.039362338565213005
BC24220,BC24220_D2,ENSG00000123349,0.012786306602995536,0.017024765722398652
BC24220,BC24220_D2,ENSG00000138326,-0.003002216654014817,0.047140265811013896
BC24220,BC24220_D2,ENSG00000104529,-0.04631645126629107,-0.04535114569667824
BC24220,BC24220_D2,ENSG00000114353,-0.005629953751399474,-0.010389026740168228
BC24220,BC24220_D2,__ambiguous[ENSG00000219200+ENSG00000161939],0.09933314269358061,0.08285221230923467
BC24220,BC24220_D2,ENSG00000127540,0.016619436221491115,0.0014396725466117664
BC24220,BC24220_D2,ENSG00000164733,0.0015078538558885586,0.0018091355652530459
BC24220,BC24220_D2,ENSG00000169223,0.022434929767577425,0.00820531987146044
BC24220,BC24220_D2,ENSG00000114867,-0.008356306568032957,-0.009191952552011813
BC24220,BC24220_D2,ENSG00000103363,-0.011293005155196278,-0.019970759820756946
BC24220,BC24220_D2,ENSG00000135480,0.02461430000001731,0.018581899226505705
BC24220,BC24220_D2,ENSG00000178980,0.02857555314923772,0.06627817646470184
BC24220,BC24220_D2,ENSG00000178952,0.005088175008891685,-0.0022633537460525557
BC24220,BC24220_D2,ENSG00000052344,-0.025778188041751086,-0.04113149050161917
BC24220,BC24220_D2,ENSG00000272196,-0.05795048554502119,-0.07377245269880053
BC24220,BC24220_D2,ENSG00000144426,0.007033381464490275,-0.008385063994720906
BC24220,BC24220_D2,ENSG00000104964,-0.04223083172473486,-0.03525498066365409
BC24220,BC24220_D2,__ambiguous[ENSG00000262526+ENSG00000170296],-0.0072089846953339,0.004039506770463802
BC24220,BC24220_D2,ENSG00000111669,0.056403058089282705,0.09190171754021542
BC24220,BC24220_D2,ENSG00000255823,0.017806672153971238,0.033673895278618124
BC24220,BC24220_D2,ENSG00000172354,0.0017653887212579309,-0.022019020140159613
BC24220,BC24220_D2,ENSG00000142089,0.1753251981883007,0.18066985961294987
BC24220,BC24220_D2,ENSG00000026025,0.06454652013488425,0.10561271667843451
BC24220,BC24220_D2,ENSG00000126247,0.007129200163550522,0.005207218423747325
BC24220,BC24220_D2,ENSG00000115414,0.15240506428639689,0.21946300935183574
BC24220,BC24220_D2,ENSG00000008988,0.019964973308598415,0.0298019104019242
BC24220,BC24220_D2,ENSG00000182899,-0.017729766057154074,-0.007705454829360086
BC24220,BC24220_D2,ENSG00000131143,-0.0802079689420433,-0.0614139661780194
BC24220,BC24220_D2,ENSG00000167815,-0.01443212879335496,0.0039217495325004955
BC24220,BC24220_D2,ENSG00000100300,0.05547050988018543,0.08345825442477359
BC24220,BC24220_D2,ENSG00000173369,0.0756179592401562,0.07050920614207012
BC24220,BC24220_D2,ENSG00000171222,0.03400748209679071,0.03942312325218647
BC24220,BC24220_D2,ENSG00000131748,-0.03055246878707347,-0.015027159286460166
BC24220,BC24220_D2,ENSG00000188846,0.0025133296599456237,-0.026246124758709532
BC24220,BC24220_D2,ENSG00000251562,-0.08555995145388007,-0.10096745560292252
BC24220,BC24220_D2,ENSG00000170315,0.053764656231776835,0.061139656183155505
BC24220,BC24220_D2,ENSG00000174886,0.050246517016008276,0.06654500209044774
BC24220,BC24220_D2,ENSG00000142949,0.04275618503863558,0.053318038367412474
BC24220,BC24220_D2,ENSG00000142173,-0.0024519669732223828,0.011094492749530761
BC24220,BC24220_D2,ENSG00000143546,-0.08601925943949079,-0.07299600869283308
BC24220,BC24220_D2,ENSG00000197956,0.03639930355765376,0.06830647243013137
BC24220,BC24220_D2,ENSG00000214530,0.06223631841882263,0.08640207424996031
BC24220,BC24220_D2,ENSG00000269028,0.015618975345509791,0.04678028881915728
BC24220,BC24220_D2,ENSG00000145494,-0.07012601428917126,-0.04503394897815482
BC24220,BC24220_D2,ENSG00000187608,-0.02518759918793852,-0.04227377751084092
BC24220,BC24220_D2,ENSG00000172270,-0.027738309747294534,-0.021194609401033702
BC24220,BC24220_D2,ENSG00000164692,0.10131641707296384,0.15007029391793716
BC24220,BC24220_D2,ENSG00000130725,-0.023075464416966507,-0.01732900593812751
BC24220,BC24220_D2,ENSG00000155366,-0.0292086273870999,0.006619055798402252
BC24220,BC24220_D2,ENSG00000100219,0.25519286254049395,0.29319173925940983
BC24220,BC24220_D2,ENSG00000213988,-0.04314743226987529,-0.06106919099188256
BC24220,BC24220_D2,ENSG00000174444,0.023146804565516516,0.00016919307320158834
BC24220,BC24220_D2,ENSG00000196576,0.007256022904730989,0.010134748411740412
BC24220,BC24220_D2,ENSG00000125970,-0.009550626312928266,0.006903625165029313
BC24220,BC24220_D2,ENSG00000011304,0.049572121751438276,0.08925055120884506
BC24220,BC24220_D2,ENSG00000186010,0.00884787701136265,0.00223327992871646
BC24220,BC24220_D2,ENSG00000168528,0.0747345535363989,0.09879529459259759
BC24220,BC24220_D2,ENSG00000110492,-0.041468324178018,-0.05138555930420361
BC24220,BC24220_D2,ENSG00000025708,0.05451020901539269,0.06834000400132405
BC24220,BC24220_D2,ENSG00000114391,0.08517176745151504,0.052013081600067616
BC24220,BC24220_D2,ENSG00000087460,0.1750147865284277,0.2505516543894479
BC24220,BC24220_D2,ENSG00000101335,0.036840030028977455,0.062390323295941054
BC24220,BC24220_D2,ENSG00000163399,0.011130760627401844,0.04731036484022378
BC24220,BC24220_D2,ENSG00000173272,0.02126328187059653,0.01823016662831742
BC24220,BC24220_D2,__ambiguous[ENSG00000241343+ENSG00000257529],-0.013822483534574399,-0.025960664559703975
BC24220,BC24220_D2,ENSG00000160932,-0.00724913618498512,-0.01085865101888475
BC24220,BC24220_D2,ENSG00000135390,0.015801039682049146,0.004793271534010674
BC24220,BC24220_D2,ENSG00000161960,0.16929019994978334,0.21805257512872211
BC24220,BC24220_D2,ENSG00000170421,0.13064752282292952,0.13701494365598368
BC24220,BC24220_D2,ENSG00000171863,0.044122768842158606,0.026855434977080983
BC24220,BC24220_D2,ENSG00000129226,0.014534141691869113,0.05798542415302944
BC24220,BC24220_D2,ENSG00000132507,-0.08202722931530813,-0.07812828693154175
BC24220,BC24220_D2,ENSG00000177700,-0.01880642982443889,-0.02836733304862812
BC24220,BC24220_D2,ENSG00000130520,0.05641095825288165,0.07144122485605475
BC24220,BC24220_D2,ENSG00000130402,-0.007421702721437975,0.005400272661986858
BC24220,BC24220_D2,ENSG00000135940,0.023227402874107343,0.005190052068388232
BC24220,BC24220_D2,ENSG00000176046,0.12184463055712204,0.12312455204623325
BC24220,BC24220_D2,ENSG00000123989,0.06116260359600612,0.062127399256102216
BC24220,BC24220_D2,ENSG00000163479,-0.030103707403147238,-0.03867229248005874
BC24220,BC24220_D2,ENSG00000204469,-0.018326748797920425,-0.005483536690133587
BC24220,BC24220_D2,ENSG00000279274,0.017369429247671646,0.04842144463907375
BC24220,BC24220_D2,ENSG00000140990,0.07396208069332515,0.05611657737478405
BC24220,BC24220_D2,ENSG00000124172,0.13389920535013514,0.1747642357373167
BC24220,BC24220_D2,__ambiguous[ENSG00000273259+ENSG00000196136],-0.08669393905106329,-0.07446763543999792
BC24220,BC24220_D2,ENSG00000159335,-0.012606901008412504,-0.01348351194540711
BC24220,BC24220_D2,ENSG00000143420,0.13158750216548848,0.15764566666340118
BC24220,BC24220_D2,ENSG00000147684,0.015557349303627708,0.0082072908876045
BC24220,BC24220_D2,ENSG00000128322,0.060790407485768826,0.045967787568353326
BC24220,BC24220_E1,ENSG00000254709,0.01862705213090679,0.013636045768994267
BC24220,BC24220_E1,ENSG00000034510,0.18328549319849438,0.2015901670034886
BC24220,BC24220_E1,ENSG00000137818,0.18799880662057147,0.2394823544511273
BC24220,BC24220_E1,ENSG00000231500,0.16537058090802415,0.19908706429675602
BC24220,BC24220_E1,ENSG00000111640,0.4545342233349691,0.536842475024858
BC24220,BC24220_E1,ENSG00000177600,0.3457255587777202,0.38935993994356305
BC24220,BC24220_E1,ENSG00000164587,0.14511116183016184,0.1688711413929751
BC24220,BC24220_E1,ENSG00000108107,0.13198544957396904,0.14393270433217584
BC24220,BC24220_E1,ENSG00000075624,-0.08165837760323427,-0.10516045037426619
BC24220,BC24220_E1,ENSG00000171345,-0.21568728407273743,-0.3039906724970202
BC24220,BC24220_E1,ENSG00000105372,0.07995613347996049,0.07802306514824248
BC24220,BC24220_E1,ENSG00000108298,-0.031307362681390526,-0.04459108285786587
BC24220,BC24220_E1,ENSG00000167526,0.12167275348542733,0.14558460294447814
BC24220,BC24220_E1,ENSG00000197756,0.2037516258446896,0.2554944091547404
BC24220,BC24220_E1,ENSG00000161016,0.10509912475756779,0.1212293716050374
BC24220,BC24220_E1,ENSG00000130255,0.23224268575673473,0.2569501907739481
BC24220,BC24220_E1,ENSG00000108518,0.05591813995390682,0.05145233429619185
BC24220,BC24220_E1,ENSG00000087086,0.1881051964594648,0.22991322459661662
BC24220,BC24220_E1,ENSG00000136942,0.17979649587512986,0.2064102927318403
BC24220,BC24220_E1,ENSG00000141736,-0.017358456745128602,-0.024325026670938586
BC24220,BC24220_E1,__ambiguous[ENSG00000251357+ENSG00000240972],0.08343450049017541,0.11016765069842469
BC24220,BC24220_E1,ENSG00000063177,0.01915119139006882,0.020582117755460753
BC24220,BC24220_E1,ENSG00000149273,0.15529841019719673,0.18223905567316193
BC24220,BC24220_E1,ENSG00000197746,0.029387104181755743,0.02155759657397149
BC24220,BC24220_E1,ENSG00000180879,0.1440059100739027,0.16851936794284023
BC24220,BC24220_E1,ENSG00000140264,-0.020013039278348875,-0.023021815029419496
BC24220,BC24220_E1,ENSG00000105193,0.06780190500036118,0.06338524302634746
BC24220,BC24220_E1,ENSG00000221983,0.02787729404102043,0.03401360712024582
BC24220,BC24220_E1,ENSG00000117984,0.008080821609323895,-0.008408146585387518
BC24220,BC24220_E1,ENSG00000130203,0.2589043693339227,0.30729763069275895
BC24220,BC24220_E1,ENSG00000142534,0.1680476796373216,0.20225168984649106
BC24220,BC24220_E1,ENSG00000142541,0.16976721444033535,0.1634108984247067
BC24220,BC24220_E1,ENSG00000179218,0.051928743364943596,0.07725836691777482
BC24220,BC24220_E1,ENSG00000204628,0.04363391631507049,0.09222119834884704
BC24220,BC24220_E1,ENSG00000234745,0.08706729896780536,0.15752282190556838
BC24220,BC24220_E1,ENSG00000185624,0.0006593042768842058,0.01813403317880301
BC24220,BC24220_E1,ENSG00000147403,0.04523256616231317,0.02846231548400342
BC24220,BC24220_E1,ENSG00000166441,0.2244004122916484,0.25699234000299614
BC24220,BC24220_E1,ENSG00000167996,0.074941749678015,0.10908603611802381
BC24220,BC24220_E1,ENSG00000105640,0.22778979908937,0.23948591529902946
BC24220,BC24220_E1,ENSG00000109062,-0.05054639246586419,-0.04723056875425221
BC24220,BC24220_E1,ENSG00000140988,-0.001556024950469005,0.015995825992400858
BC24220,BC24220_E1,ENSG00000115268,0.0038782067617164403,-0.006665495756928871
BC24220,BC24220_E1,ENSG00000089157,0.1347220380426369,0.19763273944942697
BC24220,BC24220_E1,ENSG00000233927,0.056161998611451595,0.06327557850244651
BC24220,BC24220_E1,ENSG00000171858,-0.04296765573233458,-0.029582057766622618
BC24220,BC24220_E1,ENSG00000213741,-0.04286876728839228,-0.034040565331520736
BC24220,BC24220_E1,ENSG00000112306,-0.021676442594450413,-0.04030898887431959
BC24220,BC24220_E1,ENSG00000198034,-0.03743021671578767,-0.03918408365389077
BC24220,BC24220_E1,ENSG00000170889,0.08393860083384855,0.08223334713834514
BC24220,BC24220_E1,ENSG00000125691,-0.0647862765272623,-0.09527732536116516
BC24220,BC24220_E1,ENSG00000019582,-0.14779162769377618,-0.18436577118987196
BC24220,BC24220_E1,ENSG00000149806,0.048540812222953186,0.07560630348442034
BC24220,BC24220_E1,ENSG00000182774,-0.07875200861144159,-0.0628045117502961
BC24220,BC24220_E1,ENSG00000101439,0.1052815618010466,0.1297126591366951
BC24220,BC24220_E1,ENSG00000204592,-0.017921031445852355,-0.04885366841788703
BC24220,BC24220_E1,ENSG00000142676,-0.03741448424480619,-0.023352204515999116
BC24220,BC24220_E1,ENSG00000204525,0.09581807138185411,0.11135644768785248
BC24220,BC24220_E1,ENSG00000100316,0.1263911053363711,0.14552792001915096
BC24220,BC24220_E1,ENSG00000172809,-0.00426777294567019,-0.027970288662662497
BC24220,BC24220_E1,ENSG00000111341,-0.19582528970577437,-0.24198457018264266
BC24220,BC24220_E1,ENSG00000206503,0.022347131797835183,0.00432281381714091
BC24220,BC24220_E1,ENSG00000137154,-0.021117283297466087,-0.02834256593878933
BC24220,BC24220_E1,ENSG00000172757,0.16588417305274253,0.19050661844949107
BC24220,BC24220_E1,ENSG00000142937,0.06177621614536231,0.07207859062422296
BC24220,BC24220_E1,ENSG00000083845,0.11516524142105355,0.1342096809854177
BC24220,BC24220_E1,ENSG00000167468,0.038680803650266625,0.026219242315387876
BC24220,BC24220_E1,__ambiguous[ENSG00000185883+ENSG00000260272],0.057646499028747106,0.04430789326136977
BC24220,BC24220_E1,ENSG00000177954,-0.09561401446967141,-0.08070850434170163
BC24220,BC24220_E1,ENSG00000165949,0.08918408434009223,0.11706430558362324
BC24220,BC24220_E1,__ambiguous[ENSG00000254772+ENSG00000255508],0.11961855865618351,0.15043642001484323
BC24220,BC24220_E1,ENSG00000184009,0.2774424857049048,0.32060909198318316
BC24220,BC24220_E1,ENSG00000231925,-0.022153586535314886,-0.02354144140516564
BC24220,BC24220_E1,ENSG00000162244,0.17961696176407954,0.23334842798678465
BC24220,BC24220_E1,ENSG00000107223,0.016585194954796698,0.019553780256319063
BC24220,BC24220_E1,ENSG00000108821,0.23958445127385689,0.2974425167924468
BC24220,BC24220_E1,ENSG00000108639,0.09775051100157536,0.11669097998075348
BC24220,BC24220_E1,ENSG00000167658,0.003322959766598011,0.013539336462979447
BC24220,BC24220_E1,ENSG00000135404,-0.14196696862725655,-0.138645733421434
BC24220,BC24220_E1,ENSG00000197958,0.03691006356310879,0.029494647993138733
BC24220,BC24220_E1,ENSG00000163220,-0.0013913451452984868,-0.007107443783895964
BC24220,BC24220_E1,ENSG00000106624,-0.00705754569583828,-0.0059843897615314305
BC24220,BC24220_E1,ENSG00000172531,-0.09896000917504126,-0.09107369016189236
BC24220,BC24220_E1,ENSG00000167995,0.0470925428042273,0.07347914499409038
BC24220,BC24220_E1,ENSG00000163191,-0.0019285623110469148,0.0014378653141855434
BC24220,BC24220_E1,ENSG00000156482,0.01745075206176435,0.008752326486033614
BC24220,BC24220_E1,ENSG00000108679,0.05826241720284975,0.059773900578046824
BC24220,BC24220_E1,ENSG00000246705,0.005296538909422154,0.03333451473755128
BC24220,BC24220_E1,ENSG00000149925,-0.23036024169782798,-0.2479114859294384
BC24220,BC24220_E1,ENSG00000169710,0.12796041468904867,0.17897136081174553
BC24220,BC24220_E1,ENSG00000115884,-0.005687542554785784,0.0019354824391735765
BC24220,BC24220_E1,ENSG00000144713,0.011671987437680583,0.028615260350280405
BC24220,BC24220_E1,ENSG00000185825,-0.1801548983024739,-0.21488234996418656
BC24220,BC24220_E1,ENSG00000148303,0.025493478640435305,0.030335301660584055
BC24220,BC24220_E1,ENSG00000174748,-0.02093505379550519,-0.011084410231264013
BC24220,BC24220_E1,ENSG00000130303,0.03668340755515368,0.033078507624762776
BC24220,BC24220_E1,ENSG00000143947,0.004061008762599253,0.01931396366394616
BC24220,BC24220_E1,ENSG00000104904,-0.08923307200850278,-0.10770756901708804
BC24220,BC24220_E1,ENSG00000173372,-0.06204864868933766,-0.07670704630246328
BC24220,BC24220_E1,ENSG00000224389,0.03851173992269664,0.05307145419786618
BC24220,BC24220_E1,ENSG00000166710,0.28286997228564015,0.3423006654000152
BC24220,BC24220_E1,ENSG00000117410,0.01578118899406885,0.02305029550284971
BC24220,BC24220_E1,ENSG00000198242,-0.11614661675555775,-0.11490489364214482
BC24220,BC24220_E1,ENSG00000145592,-0.04182650100115485,-0.038063805983575574
BC24220,BC24220_E1,ENSG00000130208,0.015179978481085184,0.045425235441501226
BC24220,BC24220_E1,ENSG00000165215,0.08974166532924346,0.12970725866158575
BC24220,BC24220_E1,ENSG00000152082,0.0834235848865988,0.11314980445666539
BC24220,BC24220_E1,__ambiguous[ENSG00000185885+ENSG00000185201],-0.019314025814873043,-0.029374690855834586
BC24220,BC24220_E1,ENSG00000131469,-0.16708116180548752,-0.18072497249980424
BC24220,BC24220_E1,ENSG00000115457,0.0384657450223441,0.05446079826170768
BC24220,BC24220_E1,ENSG00000277972,0.05044445674134907,0.03948215935448518
BC24220,BC24220_E1,ENSG00000279483,0.10875509557978663,0.13116241056732925
BC24220,BC24220_E1,ENSG00000118181,-0.021321205535504237,-0.0101320814997461
BC24220,BC24220_E1,__ambiguous[ENSG00000124614+ENSG00000270800],0.07811158841762476,0.0688541302554875
BC24220,BC24220_E1,__ambiguous[ENSG00000243678+ENSG00000011052],0.026943788260942424,0.02553317245197764
BC24220,BC24220_E1,ENSG00000142669,-0.02163523101719502,-0.03995351297337857
BC24220,BC24220_E1,ENSG00000126267,0.012819664084762095,0.014250134533186404
BC24220,BC24220_E1,ENSG00000160862,0.09283466805107397,0.10568677147514308
BC24220,BC24220_E1,ENSG00000071553,0.01919985106952402,0.03765600103481767
BC24220,BC24220_E1,ENSG00000110651,-0.05664210702320593,-0.05407974348527929
BC24220,BC24220_E1,ENSG00000092841,0.0069869953423630175,0.006404819936662903
BC24220,BC24220_E1,ENSG00000106211,0.028766975767733304,0.04092097376416853
BC24220,BC24220_E1,ENSG00000074800,0.017251712202506514,0.0366347369100317
BC24220,BC24220_E1,ENSG00000169100,-0.028648136751820843,-0.024199804837776066
BC24220,BC24220_E1,ENSG00000108344,0.14488665039159768,0.1852317909633453
BC24220,BC24220_E1,ENSG00000162511,-0.09689205115678594,-0.1312152829508228
BC24220,BC24220_E1,ENSG00000158710,0.03961878030313776,0.030934417771919957
BC24220,BC24220_E1,ENSG00000133112,0.13321560530041185,0.15660619321670857
BC24220,BC24220_E1,ENSG00000111057,-0.08658339452410649,-0.1013011223162817
BC24220,BC24220_E1,ENSG00000277791,-0.07700787480835172,-0.10938114836422427
BC24220,BC24220_E1,ENSG00000205542,0.14204413400196667,0.1744907723597357
BC24220,BC24220_E1,ENSG00000030582,0.08889444060130494,0.10123716112879803
BC24220,BC24220_E1,ENSG00000124664,0.0662339865043987,0.09805543068273719
BC24220,BC24220_E1,ENSG00000185499,-0.25563032018180715,-0.30256404150538535
BC24220,BC24220_E1,ENSG00000070756,-0.0055722989237278735,0.008767136281014
BC24220,BC24220_E1,ENSG00000178719,0.003450419274376311,0.01935472144498035
BC24220,BC24220_E1,ENSG00000117450,0.05065257529993818,0.08412041949666742
BC24220,BC24220_E1,ENSG00000196924,-0.0804963261198773,-0.07997010697118988
BC24220,BC24220_E1,ENSG00000105223,0.07090982708029472,0.05440113239700687
BC24220,BC24220_E1,ENSG00000071082,0.12599252182048828,0.13058518627925145
BC24220,BC24220_E1,ENSG00000051523,-0.04155802765239217,-0.047065261096979595
BC24220,BC24220_E1,ENSG00000143774,0.050734721104104895,0.05976732110447922
BC24220,BC24220_E1,__ambiguous[ENSG00000257341+ENSG00000213145],-0.01679632140928047,-0.039896928337770254
BC24220,BC24220_E1,ENSG00000182492,0.05469902858269203,0.02818461266284819
BC24220,BC24220_E1,ENSG00000150991,-0.08039740471822177,-0.06867108830522584
BC24220,BC24220_E1,ENSG00000149591,0.021190528128150244,0.021436623752886526
BC24220,BC24220_E1,ENSG00000141522,-0.06535414640965861,-0.08398775981173034
BC24220,BC24220_E1,ENSG00000141741,-0.05255740855245809,-0.06634851407819303
BC24220,BC24220_E1,ENSG00000102265,-0.0512203199218188,-0.076692169857667
BC24220,BC24220_E1,ENSG00000125534,0.09423164183922518,0.12239307430029825
BC24220,BC24220_E1,ENSG00000160789,-0.04054330409800999,-0.04800645690674015
BC24220,BC24220_E1,ENSG00000182809,0.04580729662514809,0.04637190794334596
BC24220,BC24220_E1,ENSG00000184897,-0.006449050651302704,0.0019543307143686153
BC24220,BC24220_E1,ENSG00000124614,0.008065308724191365,0.019853854520390818
BC24220,BC24220_E1,__ambiguous[ENSG00000277957+ENSG00000161960],0.02343341341582256,0.020945182509832138
BC24220,BC24220_E1,ENSG00000187514,0.14163713194419938,0.17957662226122856
BC24220,BC24220_E1,ENSG00000204287,0.1756301371664121,0.27098246033715334
BC24220,BC24220_E1,ENSG00000125730,-0.17944688908882034,-0.22833498106812278
BC24220,BC24220_E1,ENSG00000145425,-0.07672812383673654,-0.08433978462669196
BC24220,BC24220_E1,ENSG00000163682,0.10637540227888213,0.13318694387305102
BC24220,BC24220_E1,ENSG00000058262,0.06403822374369793,0.05986195735217557
BC24220,BC24220_E1,ENSG00000176340,-0.008666925511564635,-0.008462533443780505
BC24220,BC24220_E1,ENSG00000123349,-0.011966565761333524,0.0018690043473251516
BC24220,BC24220_E1,ENSG00000138326,0.10545393778925995,0.14697738150352285
BC24220,BC24220_E1,ENSG00000104529,0.015829913493863434,0.00361410433398112
BC24220,BC24220_E1,ENSG00000114353,-0.02524756914537274,-0.057213523131875166
BC24220,BC24220_E1,__ambiguous[ENSG00000219200+ENSG00000161939],0.09487901794290826,0.08400717427479826
BC24220,BC24220_E1,ENSG00000127540,-0.004834701726821651,0.0005118078413998155
BC24220,BC24220_E1,ENSG00000164733,0.13810118588100878,0.169817501747769
BC24220,BC24220_E1,ENSG00000169223,-0.039506733159803374,-0.02381523623662397
BC24220,BC24220_E1,ENSG00000114867,-0.03477026838818578,-0.04239110255248049
BC24220,BC24220_E1,ENSG00000103363,0.03159897493611446,0.040543147863679976
BC24220,BC24220_E1,ENSG00000135480,-0.0008336684044029314,0.0018865098502584977
BC24220,BC24220_E1,ENSG00000178980,0.055633137948341384,0.07250318631372717
BC24220,BC24220_E1,ENSG00000178952,0.040542276038877126,0.021940283831087416
BC24220,BC24220_E1,ENSG00000052344,-0.03840064318753443,-0.022676693696990647
BC24220,BC24220_E1,ENSG00000272196,-0.11583174786163929,-0.11658979315779854
BC24220,BC24220_E1,ENSG00000144426,0.027282498488862255,0.039023911105263064
BC24220,BC24220_E1,ENSG00000104964,0.06478950056137125,0.04377953336627237
BC24220,BC24220_E1,__ambiguous[ENSG00000262526+ENSG00000170296],0.004972184898688174,0.011484433075378806
BC24220,BC24220_E1,ENSG00000111669,0.13988141836284151,0.1577942823840444
BC24220,BC24220_E1,ENSG00000255823,0.026465591343255594,0.05028135246331338
BC24220,BC24220_E1,ENSG00000172354,0.07358280880646903,0.11657755515048682
BC24220,BC24220_E1,ENSG00000142089,0.009529098216375657,0.0004874984755219589
BC24220,BC24220_E1,ENSG00000026025,0.04936935350078871,0.06984025439012709
BC24220,BC24220_E1,ENSG00000126247,-0.012814674659999333,-0.025227056230364725
BC24220,BC24220_E1,ENSG00000115414,0.16235652983358945,0.21098590208937418
BC24220,BC24220_E1,ENSG00000008988,0.06977665913563644,0.07534253572744504
BC24220,BC24220_E1,ENSG00000182899,0.07734191625972431,0.09268474870495887
BC24220,BC24220_E1,ENSG00000131143,-0.037699101706662755,-0.030261489913677178
BC24220,BC24220_E1,ENSG00000167815,0.011089096135499547,-0.0014747077394354486
BC24220,BC24220_E1,ENSG00000100300,0.019539739073948945,0.002575794587944641
BC24220,BC24220_E1,ENSG00000173369,0.07461574732753748,0.04019867091791949
BC24220,BC24220_E1,ENSG00000171222,-0.00451925248860766,0.019281417654612828
BC24220,BC24220_E1,ENSG00000131748,-0.07321945484962991,-0.08098343520154204
BC24220,BC24220_E1,ENSG00000188846,0.061160653592977864,0.07786702010359561
BC24220,BC24220_E1,ENSG00000251562,-0.02883798636878183,-0.04640071437904432
BC24220,BC24220_E1,ENSG00000170315,0.09502121863139365,0.09377701256194532
BC24220,BC24220_E1,ENSG00000174886,0.059512183878652855,0.064588758106357
BC24220,BC24220_E1,ENSG00000142949,-0.002661849481069555,0.007549979632374599
BC24220,BC24220_E1,ENSG00000142173,0.09250517465438608,0.06844151141831041
BC24220,BC24220_E1,ENSG00000143546,0.028204642946917574,0.0191342878064815
BC24220,BC24220_E1,ENSG00000197956,-0.03247005682732923,-0.045122957612820806
BC24220,BC24220_E1,ENSG00000214530,0.0418605175709734,0.05369602323869543
BC24220,BC24220_E1,ENSG00000269028,0.050297910084031804,0.06737205818960948
BC24220,BC24220_E1,ENSG00000145494,-0.02343503139568154,-0.0062555767332443096
BC24220,BC24220_E1,ENSG00000187608,-0.0562748670484731,-0.0700956367788717
BC24220,BC24220_E1,ENSG00000172270,-0.008952133766229296,-0.023610691993887174
BC24220,BC24220_E1,ENSG00000164692,0.17200467357414492,0.20358860503002488
BC24220,BC24220_E1,ENSG00000130725,0.03882296831922049,0.029559086814833945
BC24220,BC24220_E1,ENSG00000155366,-0.12013909413557433,-0.11669134312489989
BC24220,BC24220_E1,ENSG00000100219,0.28900384762061015,0.32375490732861123
BC24220,BC24220_E1,ENSG00000213988,-0.04029674140245283,-0.04542407287533539
BC24220,BC24220_E1,ENSG00000174444,0.02469987324091632,0.012170086869189719
BC24220,BC24220_E1,ENSG00000196576,0.10032225984367843,0.11705587138308404
BC24220,BC24220_E1,ENSG00000125970,-0.02974565819080649,-0.020624712336322713
BC24220,BC24220_E1,ENSG00000011304,0.034377424338947624,0.03209677551499354
BC24220,BC24220_E1,ENSG00000186010,-0.015721552231705835,-0.01813011753264911
BC24220,BC24220_E1,ENSG00000168528,0.07930702233990887,0.08331914066097332
BC24220,BC24220_E1,ENSG00000110492,-0.07409834940910409,-0.07288890618794552
BC24220,BC24220_E1,ENSG00000025708,-0.08443491348300988,-0.09255301745374395
BC24220,BC24220_E1,ENSG00000114391,-0.10759591320240812,-0.10507611531124038
BC24220,BC24220_E1,ENSG00000087460,0.2251651383888369,0.31207682408163556
BC24220,BC24220_E1,ENSG00000101335,-0.04594053282562033,-0.06534501132738546
BC24220,BC24220_E1,ENSG00000163399,0.12374339475466499,0.15141489442200406
BC24220,BC24220_E1,ENSG00000173272,0.06601702613945054,0.09813425233233779
BC24220,BC24220_E1,__ambiguous[ENSG00000241343+ENSG00000257529],0.013467931056326933,0.02150525454543885
BC24220,BC24220_E1,ENSG00000160932,-0.045792238611816596,-0.07557728077386316
BC24220,BC24220_E1,ENSG00000135390,-0.031584480089979244,-0.024101982882757417
BC24220,BC24220_E1,ENSG00000161960,0.1572824464582517,0.20460529020448462
BC24220,BC24220_E1,ENSG00000170421,0.013092874767576134,0.015008443309535477
BC24220,BC24220_E1,ENSG00000171863,0.015092909119311186,0.01769757736622893
BC24220,BC24220_E1,ENSG00000129226,-0.048423268991543034,-0.07744665076306362
BC24220,BC24220_E1,ENSG00000132507,0.10407067513768409,0.077898606461116
BC24220,BC24220_E1,ENSG00000177700,0.009468009108165984,-0.00864814625917259
BC24220,BC24220_E1,ENSG00000130520,0.0037726829993094705,0.027047066221826753
BC24220,BC24220_E1,ENSG00000130402,-0.03845772789847381,-0.008040278364551888
BC24220,BC24220_E1,ENSG00000135940,0.0359060513059286,0.029092253515102855
BC24220,BC24220_E1,ENSG00000176046,0.06715263819129608,0.056890065499937956
BC24220,BC24220_E1,ENSG00000123989,-0.016525957433000286,-0.003741574871051015
BC24220,BC24220_E1,ENSG00000163479,-0.0572412242792605,-0.06720227071034807
BC24220,BC24220_E1,ENSG00000204469,0.00650371248801036,0.008122424930410632
BC24220,BC24220_E1,ENSG00000279274,0.03469346957711213,0.029188001877355926
BC24220,BC24220_E1,ENSG00000140990,0.05745321210857349,0.0718428181457535
BC24220,BC24220_E1,ENSG00000124172,0.20113022427547073,0.22074728131851887
BC24220,BC24220_E1,__ambiguous[ENSG00000273259+ENSG00000196136],0.0033925990350941316,0.003484385729608722
BC24220,BC24220_E1,ENSG00000159335,-0.018005728846868727,-0.010336050134606945
BC24220,BC24220_E1,ENSG00000143420,0.12264625120546839,0.15501311351536734
BC24220,BC24220_E1,ENSG00000147684,-0.0407296776553205,-0.041628947745609865
BC24220,BC24220_E1,ENSG00000128322,-0.007123979110700345,-0.040532917334090764
BC24220,BC24220_E2,ENSG00000254709,-0.009940162396869394,-0.024977903854265026
BC24220,BC24220_E2,ENSG00000034510,0.2950128777951662,0.37031025131594597
BC24220,BC24220_E2,ENSG00000137818,0.06815854134433959,0.0757377420360886
BC24220,BC24220_E2,ENSG00000231500,0.2442001093870955,0.2817682335597282
BC24220,BC24220_E2,ENSG00000111640,0.4082675752752889,0.47598691109556346
BC24220,BC24220_E2,ENSG00000177600,0.1939158303234211,0.2818988402883699
BC24220,BC24220_E2,ENSG00000164587,0.022430642511038067,0.027230326729820755
BC24220,BC24220_E2,ENSG00000108107,0.24446625128264757,0.2595785196324433
BC24220,BC24220_E2,ENSG00000075624,0.11127006101197577,0.16522916695436385
BC24220,BC24220_E2,ENSG00000171345,0.16678993017205995,0.19965357233642833
BC24220,BC24220_E2,ENSG00000105372,0.20545789801234446,0.20154203092429301
BC24220,BC24220_E2,ENSG00000108298,-0.14802744401891507,-0.1925130327776582
BC24220,BC24220_E2,ENSG00000167526,0.23022231087814357,0.2696300921770644
BC24220,BC24220_E2,ENSG00000197756,0.15596555211246377,0.2140029817421618
BC24220,BC24220_E2,ENSG00000161016,0.15470881786962087,0.15961425795804626
BC24220,BC24220_E2,ENSG00000130255,0.26724203490827214,0.3238437757515709
BC24220,BC24220_E2,ENSG00000108518,0.06389286485844647,0.06983926739897105
BC24220,BC24220_E2,ENSG00000087086,0.08112361916349303,0.08050413110370236
BC24220,BC24220_E2,ENSG00000136942,0.20098485495176935,0.23519428679616183
BC24220,BC24220_E2,ENSG00000141736,-0.02606610525584189,-0.02041095369253397
BC24220,BC24220_E2,__ambiguous[ENSG00000251357+ENSG00000240972],0.30761019071841256,0.35878486172258706
BC24220,BC24220_E2,ENSG00000063177,0.14587652238155754,0.18368482607979156
BC24220,BC24220_E2,ENSG00000149273,-0.13299632164033265,-0.1665219004980158
BC24220,BC24220_E2,ENSG00000197746,0.1087227078600616,0.10196884027114056
BC24220,BC24220_E2,ENSG00000180879,0.03361511107273046,0.0577199289801068
BC24220,BC24220_E2,ENSG00000140264,0.01338091062555021,0.007124761377171467
BC24220,BC24220_E2,ENSG00000105193,0.021655516989095933,0.0440696403248217
BC24220,BC24220_E2,ENSG00000221983,0.10270137023479395,0.1183511787579716
BC24220,BC24220_E2,ENSG00000117984,0.1444894890712184,0.17395413533663018
BC24220,BC24220_E2,ENSG00000130203,-0.015331551797098789,-0.019438328447825823
BC24220,BC24220_E2,ENSG00000142534,0.16155808543998315,0.20122376544033366
BC24220,BC24220_E2,ENSG00000142541,0.19849456388013897,0.22674625912624938
BC24220,BC24220_E2,ENSG00000179218,-0.035945057392845016,0.0014181414904384793
BC24220,BC24220_E2,ENSG00000204628,0.0307475154021078,0.043337709522642015
BC24220,BC24220_E2,ENSG00000234745,0.003273452989749889,0.029475109396862986
BC24220,BC24220_E2,ENSG00000185624,0.08971527949844404,0.10784140749018109
BC24220,BC24220_E2,ENSG00000147403,0.08888967279497696,0.0841618407937049
BC24220,BC24220_E2,ENSG00000166441,0.08050475962093585,0.13929750677948213
BC24220,BC24220_E2,ENSG00000167996,0.029898109566018443,0.008369007083452965
BC24220,BC24220_E2,ENSG00000105640,0.23451883989908281,0.27911248655304116
BC24220,BC24220_E2,ENSG00000109062,-0.22344014947769633,-0.3110311508512771
BC24220,BC24220_E2,ENSG00000140988,-0.025948315485576443,-0.04664586699158654
BC24220,BC24220_E2,ENSG00000115268,0.10289184859948103,0.1226635415436852
BC24220,BC24220_E2,ENSG00000089157,0.08477125689201097,0.11780375898708752
BC24220,BC24220_E2,ENSG00000233927,0.09105340916702773,0.12070872496058917
BC24220,BC24220_E2,ENSG00000171858,0.04338644837524619,0.031871332713123875
BC24220,BC24220_E2,ENSG00000213741,0.027246324111242802,0.0075867491141606855
BC24220,BC24220_E2,ENSG00000112306,0.016766726370120912,0.0065991972685072965
BC24220,BC24220_E2,ENSG00000198034,-0.05223814278291559,-0.051670970041653504
BC24220,BC24220_E2,ENSG00000170889,0.11180033766490467,0.13916731681681607
BC24220,BC24220_E2,ENSG00000125691,-0.03811664659411809,-0.08810935627758955
BC24220,BC24220_E2,ENSG00000019582,0.03260742185689784,-0.016509994785572846
BC24220,BC24220_E2,ENSG00000149806,0.203107621268376,0.24505389165248473
BC24220,BC24220_E2,ENSG00000182774,-0.06826562658271364,-0.0832419944327974
BC24220,BC24220_E2,ENSG00000101439,-0.009560675748982608,-0.01625597212107082
BC24220,BC24220_E2,ENSG00000204592,0.030014352461938693,0.01714797190412877
BC24220,BC24220_E2,ENSG00000142676,0.013444766718393139,0.008021742946944231
BC24220,BC24220_E2,ENSG00000204525,0.0249257914347336,0.04887117395546949
BC24220,BC24220_E2,ENSG00000100316,0.09748407205129682,0.13658681105655873
BC24220,BC24220_E2,ENSG00000172809,0.0037667085257562455,0.0003266061098809059
BC24220,BC24220_E2,ENSG00000111341,-0.08577727853399399,-0.12448220529928843
BC24220,BC24220_E2,ENSG00000206503,-0.11807281233996335,-0.13575923580809893
BC24220,BC24220_E2,ENSG00000137154,0.02641930462796063,-0.0024389485595621187
BC24220,BC24220_E2,ENSG00000172757,0.04562787949915467,0.057617776672809824
BC24220,BC24220_E2,ENSG00000142937,0.060425039162895725,0.05173038660671771
BC24220,BC24220_E2,ENSG00000083845,0.1992932663383325,0.22530350542256355
BC24220,BC24220_E2,ENSG00000167468,0.21251114646493066,0.2632283604179719
BC24220,BC24220_E2,__ambiguous[ENSG00000185883+ENSG00000260272],-0.048760616576013584,-0.0444035092317249
BC24220,BC24220_E2,ENSG00000177954,-0.08275904511277489,-0.07816978690215867
BC24220,BC24220_E2,ENSG00000165949,0.13004015042498418,0.15253854603057596
BC24220,BC24220_E2,__ambiguous[ENSG00000254772+ENSG00000255508],0.09419060344631729,0.16100028887192036
BC24220,BC24220_E2,ENSG00000184009,0.28344500456185273,0.34133229610030763
BC24220,BC24220_E2,ENSG00000231925,-0.043229038069195334,-0.035453107682450344
BC24220,BC24220_E2,ENSG00000162244,0.18030754290889667,0.21799800669426236
BC24220,BC24220_E2,ENSG00000107223,0.18923866555277719,0.1958647732217484
BC24220,BC24220_E2,ENSG00000108821,0.14468197684161851,0.20754101923888915
BC24220,BC24220_E2,ENSG00000108639,-0.0233772689890782,-0.01618800447468958
BC24220,BC24220_E2,ENSG00000167658,-0.006571574610746789,-0.0144839103637939
BC24220,BC24220_E2,ENSG00000135404,-0.029023820880496494,-0.04878589863269144
BC24220,BC24220_E2,ENSG00000197958,-0.05028087997539969,-0.055206792110831855
BC24220,BC24220_E2,ENSG00000163220,0.06885096450513804,0.09285245566935689
BC24220,BC24220_E2,ENSG00000106624,0.18417071769914162,0.23427642273195856
BC24220,BC24220_E2,ENSG00000172531,-0.18297735558985206,-0.18516971859380704
BC24220,BC24220_E2,ENSG00000167995,0.025927740563041285,0.001219940384296158
BC24220,BC24220_E2,ENSG00000163191,0.09157185614656389,0.08851309641243804
BC24220,BC24220_E2,ENSG00000156482,-0.032302037535517025,-0.021753353568112185
BC24220,BC24220_E2,ENSG00000108679,-0.003932454551691771,0.011483067670162028
BC24220,BC24220_E2,ENSG00000246705,-0.02847172743248557,-0.060816909141112145
BC24220,BC24220_E2,ENSG00000149925,-0.15669927657566093,-0.20391128979768605
BC24220,BC24220_E2,ENSG00000169710,0.11281009820051642,0.16758236849126265
BC24220,BC24220_E2,ENSG00000115884,0.10748748441737853,0.1474035370943498
BC24220,BC24220_E2,ENSG00000144713,-0.02471395775575838,-0.0410862700469037
BC24220,BC24220_E2,ENSG00000185825,-0.05696494067067193,-0.09639737400092224
BC24220,BC24220_E2,ENSG00000148303,-0.030883523650992017,-0.03294858773272234
BC24220,BC24220_E2,ENSG00000174748,0.029405318438697127,0.04607427886862008
BC24220,BC24220_E2,ENSG00000130303,0.10083142385710066,0.1317332910618992
BC24220,BC24220_E2,ENSG00000143947,-0.00327002459067001,0.036453307042229315
BC24220,BC24220_E2,ENSG00000104904,-0.04593924126763249,-0.03394597508926658
BC24220,BC24220_E2,ENSG00000173372,0.06410195814090863,0.05918776235111392
BC24220,BC24220_E2,ENSG00000224389,0.08090250561032991,0.1257038884995983
BC24220,BC24220_E2,ENSG00000166710,0.23854843714270685,0.35901881981909617
BC24220,BC24220_E2,ENSG00000117410,0.013054522556736706,0.02885064094420972
BC24220,BC24220_E2,ENSG00000198242,0.12286175917032068,0.11713560197073973
BC24220,BC24220_E2,ENSG00000145592,0.1004925918458289,0.14258252716911862
BC24220,BC24220_E2,ENSG00000130208,-0.042022941350569706,-0.058477981526719285
BC24220,BC24220_E2,ENSG00000165215,0.037921964118450724,0.06257783395851511
BC24220,BC24220_E2,ENSG00000152082,-0.04552590936514427,-0.011383576544252762
BC24220,BC24220_E2,__ambiguous[ENSG00000185885+ENSG00000185201],-0.001834337945081272,0.019006769579959712
BC24220,BC24220_E2,ENSG00000131469,-0.02243137382845539,-0.03352275763433603
BC24220,BC24220_E2,ENSG00000115457,0.08488627035740216,0.13044159244597142
BC24220,BC24220_E2,ENSG00000277972,-0.07874569113333692,-0.08189211726014377
BC24220,BC24220_E2,ENSG00000279483,0.12927705714955942,0.14207866362542507
BC24220,BC24220_E2,ENSG00000118181,-0.03641716266706723,-0.05247888938047848
BC24220,BC24220_E2,__ambiguous[ENSG00000124614+ENSG00000270800],0.15908729998695384,0.17655707900144285
BC24220,BC24220_E2,__ambiguous[ENSG00000243678+ENSG00000011052],-0.11193002651029765,-0.11732605553220145
BC24220,BC24220_E2,ENSG00000142669,0.01709238251032097,0.04224795881443375
BC24220,BC24220_E2,ENSG00000126267,0.14698545559309592,0.16675241786375053
BC24220,BC24220_E2,ENSG00000160862,-0.0273287423067737,-0.06824560842374018
BC24220,BC24220_E2,ENSG00000071553,0.08891690498419631,0.05046607903147682
BC24220,BC24220_E2,ENSG00000110651,-0.053300552861229276,-0.06959126104945207
BC24220,BC24220_E2,ENSG00000092841,0.08803188215993589,0.09536279401659663
BC24220,BC24220_E2,ENSG00000106211,-0.08210276635176841,-0.06980561213850547
BC24220,BC24220_E2,ENSG00000074800,-0.04729724317128929,-0.06851980389433074
BC24220,BC24220_E2,ENSG00000169100,0.08084335097364631,0.09514700257243446
BC24220,BC24220_E2,ENSG00000108344,0.2519375280256533,0.29173797559093917
BC24220,BC24220_E2,ENSG00000162511,-0.07708608874312889,-0.08307430539147743
BC24220,BC24220_E2,ENSG00000158710,0.09232041171634246,0.09985595552842673
BC24220,BC24220_E2,ENSG00000133112,0.25261707333579686,0.28973386677234386
BC24220,BC24220_E2,ENSG00000111057,-0.041071788507919454,-0.09854184746677465
BC24220,BC24220_E2,ENSG00000277791,-0.04334129282348029,-0.07256437456027683
BC24220,BC24220_E2,ENSG00000205542,0.29164627252179925,0.34326312933395997
BC24220,BC24220_E2,ENSG00000030582,-0.04754912674447982,-0.06860792526663051
BC24220,BC24220_E2,ENSG00000124664,0.0024003888249009096,0.0022764858692836502
BC24220,BC24220_E2,ENSG00000185499,-0.1678908136591527,-0.22359771365654543
BC24220,BC24220_E2,ENSG00000070756,0.0432001674256418,0.06344264133113775
BC24220,BC24220_E2,ENSG00000178719,-0.0363539451518865,0.009583235018581906
BC24220,BC24220_E2,ENSG00000117450,0.13872338992791483,0.1536454407600448
BC24220,BC24220_E2,ENSG00000196924,0.09499076617897723,0.11792253127674539
BC24220,BC24220_E2,ENSG00000105223,0.11562416621001634,0.12957676718123448
BC24220,BC24220_E2,ENSG00000071082,0.06410932989949492,0.06291862385407214
BC24220,BC24220_E2,ENSG00000051523,-0.01570761588178249,-0.00039689380021031207
BC24220,BC24220_E2,ENSG00000143774,0.019392056071765282,0.02696545376801517
BC24220,BC24220_E2,__ambiguous[ENSG00000257341+ENSG00000213145],-0.09058200855976682,-0.12401119711125655
BC24220,BC24220_E2,ENSG00000182492,0.02232103426536237,0.05949591894911069
BC24220,BC24220_E2,ENSG00000150991,0.0011591965816711034,0.016558349689802448
BC24220,BC24220_E2,ENSG00000149591,0.029534480159541476,0.03815547157118514
BC24220,BC24220_E2,ENSG00000141522,0.13510753171870218,0.12022313250196383
BC24220,BC24220_E2,ENSG00000141741,-0.07263759181665484,-0.07045726419227127
BC24220,BC24220_E2,ENSG00000102265,0.0780965674122108,0.1055708439063665
BC24220,BC24220_E2,ENSG00000125534,-0.07865633539303692,-0.1026135533774374
BC24220,BC24220_E2,ENSG00000160789,0.06559525629657646,0.055142574731614026
BC24220,BC24220_E2,ENSG00000182809,-0.09002825486897516,-0.10203400566533435
BC24220,BC24220_E2,ENSG00000184897,-0.06002207288452642,-0.09737909215475583
BC24220,BC24220_E2,ENSG00000124614,0.06105239023514464,0.06836062320776677
BC24220,BC24220_E2,__ambiguous[ENSG00000277957+ENSG00000161960],-0.0586041163631916,-0.05953135792404637
BC24220,BC24220_E2,ENSG00000187514,0.20938634179149307,0.2332958061998493
BC24220,BC24220_E2,ENSG00000204287,0.05740637455655797,0.07911973941733515
BC24220,BC24220_E2,ENSG00000125730,-0.056271794984974394,-0.05493908027757984
BC24220,BC24220_E2,ENSG00000145425,-0.041637074736714214,-0.06519343533942203
BC24220,BC24220_E2,ENSG00000163682,0.010719470318497973,0.05399775048793729
BC24220,BC24220_E2,ENSG00000058262,0.1215253048684075,0.12250342590013892
BC24220,BC24220_E2,ENSG00000176340,0.0842820412021599,0.04800532857934434
BC24220,BC24220_E2,ENSG00000123349,0.16005916634312695,0.18632104466321178
BC24220,BC24220_E2,ENSG00000138326,0.08920461919776326,0.09985107519861111
BC24220,BC24220_E2,ENSG00000104529,0.14165685232879233,0.1400490502790074
BC24220,BC24220_E2,ENSG00000114353,0.051246292816641614,0.07594356108529543
BC24220,BC24220_E2,__ambiguous[ENSG00000219200+ENSG00000161939],0.0897821767955574,0.11703250984003807
BC24220,BC24220_E2,ENSG00000127540,-0.07998548741555972,-0.10042941496129391
BC24220,BC24220_E2,ENSG00000164733,0.0038593537697693254,0.007239150034629129
BC24220,BC24220_E2,ENSG00000169223,0.03611444923469357,0.04062122714751827
BC24220,BC24220_E2,ENSG00000114867,0.09294341944736058,0.11079118735808943
BC24220,BC24220_E2,ENSG00000103363,0.007013264504681175,-0.025345372754033636
BC24220,BC24220_E2,ENSG00000135480,-0.005895656035176758,0.005368040979727682
BC24220,BC24220_E2,ENSG00000178980,0.1214836628339375,0.1284457776441885
BC24220,BC24220_E2,ENSG00000178952,-0.10060582221835725,-0.10532892393890611
BC24220,BC24220_E2,ENSG00000052344,-0.10046272501175324,-0.11469086514776083
BC24220,BC24220_E2,ENSG00000272196,-0.19959945599552537,-0.25938840576320427
BC24220,BC24220_E2,ENSG00000144426,-0.13591978017362905,-0.17382090857718985
BC24220,BC24220_E2,ENSG00000104964,0.021648838466737895,0.047008892414543944
BC24220,BC24220_E2,__ambiguous[ENSG00000262526+ENSG00000170296],0.02477527236255183,0.05059099641937614
BC24220,BC24220_E2,ENSG00000111669,0.1493989212234115,0.17857555521245086
BC24220,BC24220_E2,ENSG00000255823,0.3203947294574176,0.3577078710362478
BC24220,BC24220_E2,ENSG00000172354,-0.07960757553170575,-0.11641269222039433
BC24220,BC24220_E2,ENSG00000142089,-0.04054776859802637,-0.031468264114061006
BC24220,BC24220_E2,ENSG00000026025,0.04730938045310694,0.068656799496159
BC24220,BC24220_E2,ENSG00000126247,0.027156665535254972,0.03253769363905886
BC24220,BC24220_E2,ENSG00000115414,0.027763860428838355,0.10006912213118577
BC24220,BC24220_E2,ENSG00000008988,0.051556821021010085,0.05812551176118377
BC24220,BC24220_E2,ENSG00000182899,0.08258327877573841,0.08827251158983969
BC24220,BC24220_E2,ENSG00000131143,-0.007130065203217004,-0.0227405439574778
BC24220,BC24220_E2,ENSG00000167815,0.05642775241254576,0.07082071379155906
BC24220,BC24220_E2,ENSG00000100300,0.03720331324497304,0.04085304292826094
BC24220,BC24220_E2,ENSG00000173369,-0.00455470265767939,0.005119113282437176
BC24220,BC24220_E2,ENSG00000171222,0.026487927014718735,0.03795988861229
BC24220,BC24220_E2,ENSG00000131748,-0.14041734255623176,-0.1784137642757472
BC24220,BC24220_E2,ENSG00000188846,-0.013014385216952204,-0.014598985867872463
BC24220,BC24220_E2,ENSG00000251562,0.19770725654008,0.22317327327589603
BC24220,BC24220_E2,ENSG00000170315,0.06329283996801656,0.08158604949171949
BC24220,BC24220_E2,ENSG00000174886,0.08170585836864999,0.09201006402303952
BC24220,BC24220_E2,ENSG00000142949,0.07660419048893798,0.08583450549681236
BC24220,BC24220_E2,ENSG00000142173,0.00039455288903362666,0.05712790617925826
BC24220,BC24220_E2,ENSG00000143546,0.009745869562236385,0.0061589591177365725
BC24220,BC24220_E2,ENSG00000197956,-0.0051385963299306284,-0.023005355521977047
BC24220,BC24220_E2,ENSG00000214530,-0.05020096229565433,-0.09378317255083328
BC24220,BC24220_E2,ENSG00000269028,0.30658778181280194,0.3577046321663802
BC24220,BC24220_E2,ENSG00000145494,0.09345711481888241,0.08556308545059288
BC24220,BC24220_E2,ENSG00000187608,-0.02885557462046357,-0.05108570258750998
BC24220,BC24220_E2,ENSG00000172270,-0.04103369783455827,-0.037708494369209165
BC24220,BC24220_E2,ENSG00000164692,0.16651713798651172,0.2186177980898781
BC24220,BC24220_E2,ENSG00000130725,0.0954113751912712,0.09661656027053114
BC24220,BC24220_E2,ENSG00000155366,-0.0885278646102979,-0.10308492244219537
BC24220,BC24220_E2,ENSG00000100219,0.21200161347067537,0.26264276084544264
BC24220,BC24220_E2,ENSG00000213988,-0.014613641056571194,-0.027308565408274303
BC24220,BC24220_E2,ENSG00000174444,0.12352479937872066,0.12108326226635
BC24220,BC24220_E2,ENSG00000196576,0.05214687987003808,0.10380262838230869
BC24220,BC24220_E2,ENSG00000125970,0.010996825523088803,0.029159987641283667
BC24220,BC24220_E2,ENSG00000011304,0.06799076601819673,0.11458258891717425
BC24220,BC24220_E2,ENSG00000186010,-0.07846863749691639,-0.09824632517276775
BC24220,BC24220_E2,ENSG00000168528,-0.13822532489489256,-0.14233107298573028
BC24220,BC24220_E2,ENSG00000110492,0.03610928203480557,0.03673273695819653
BC24220,BC24220_E2,ENSG00000025708,0.05287144416358173,0.05387165067900234
BC24220,BC24220_E2,ENSG00000114391,-0.039872578167436924,-0.03806155830149484
BC24220,BC24220_E2,ENSG00000087460,0.40904630921304874,0.4531852984201762
BC24220,BC24220_E2,ENSG00000101335,-0.02953703785140788,-0.044223198307759524
BC24220,BC24220_E2,ENSG00000163399,0.12482539146246889,0.1706062824361005
BC24220,BC24220_E2,ENSG00000173272,-0.0691662218285061,-0.03702216097251921
BC24220,BC24220_E2,__ambiguous[ENSG00000241343+ENSG00000257529],-0.12367961762586141,-0.11191211949178732
BC24220,BC24220_E2,ENSG00000160932,0.11490480084545843,0.1379096640923116
BC24220,BC24220_E2,ENSG00000135390,0.048601268648492076,0.0644945040285981
BC24220,BC24220_E2,ENSG00000161960,0.16635241495913403,0.192345423718729
BC24220,BC24220_E2,ENSG00000170421,-0.008296377677426648,0.01662103345602951
BC24220,BC24220_E2,ENSG00000171863,0.03281558880572674,0.04189426435285515
BC24220,BC24220_E2,ENSG00000129226,0.018467351361757634,0.047722206102919586
BC24220,BC24220_E2,ENSG00000132507,0.016518172915017282,0.027522825516578274
BC24220,BC24220_E2,ENSG00000177700,0.07207287627507222,0.07116260778477704
BC24220,BC24220_E2,ENSG00000130520,0.03747408219471922,0.03733799410120357
BC24220,BC24220_E2,ENSG00000130402,0.006377619280286882,0.03326194749289753
BC24220,BC24220_E2,ENSG00000135940,-0.09246753185278661,-0.1015718253939256
BC24220,BC24220_E2,ENSG00000176046,0.07318770534835799,0.08485278795525172
BC24220,BC24220_E2,ENSG00000123989,0.0734055795631684,0.11389562831335216
BC24220,BC24220_E2,ENSG00000163479,-0.10584655759808778,-0.14533972782626295
BC24220,BC24220_E2,ENSG00000204469,0.15127097151279695,0.13701611151176263
BC24220,BC24220_E2,ENSG00000279274,0.09894203664691828,0.11122672803393063
BC24220,BC24220_E2,ENSG00000140990,-0.03264295438616354,-0.045699596826991304
BC24220,BC24220_E2,ENSG00000124172,0.17518363709633109,0.2367801453496495
BC24220,BC24220_E2,__ambiguous[ENSG00000273259+ENSG00000196136],-0.19430181488266982,-0.2148135183298886
BC24220,BC24220_E2,ENSG00000159335,-0.01031162843273432,-0.007858677419305429
BC24220,BC24220_E2,ENSG00000143420,0.08124035876327389,0.1424409328488203
BC24220,BC24220_E2,ENSG00000147684,0.04282394141042523,0.03575681368783393
BC24220,BC24220_E2,ENSG00000128322,nan,nan
