patient,section,gene,r_m1,r_m2
BC23287,BC23287_C1,ENSG00000034510,0.1033906604526287,0.12315469209328996
BC23287,BC23287_C1,ENSG00000254709,0.009151838225256698,0.001295950293287556
BC23287,BC23287_C1,ENSG00000111640,0.014865686410286115,-0.003002033591701766
BC23287,BC23287_C1,ENSG00000137818,0.024717214732451594,0.03668318444976403
BC23287,BC23287_C1,ENSG00000177600,0.09788460083320027,0.09545118227710135
BC23287,BC23287_C1,ENSG00000171345,0.0005154491163424465,0.0026984763270030913
BC23287,BC23287_C1,ENSG00000231500,0.004988678692322474,-0.011520353129459109
BC23287,BC23287_C1,ENSG00000075624,0.10229354351837831,0.12450451950519531
BC23287,BC23287_C1,ENSG00000164587,-0.017762638352838735,-0.011250580664932149
BC23287,BC23287_C1,ENSG00000108107,-0.08191631206400461,-0.10338371631605983
BC23287,BC23287_C1,ENSG00000105372,0.03282604765576207,0.02623565015126297
BC23287,BC23287_C1,ENSG00000197756,-0.027389043785736967,-0.03233789811338072
BC23287,BC23287_C1,ENSG00000108298,-0.047359944896290876,-0.057942534348663206
BC23287,BC23287_C1,ENSG00000141736,0.20635064631083502,0.24413877625831767
BC23287,BC23287_C1,ENSG00000161016,0.051606708842685534,0.021074582383847226
BC23287,BC23287_C1,ENSG00000087086,-0.05077773339063839,-0.0506281216164733
BC23287,BC23287_C1,ENSG00000167526,0.03515994279961296,0.026184912723587275
BC23287,BC23287_C1,ENSG00000108518,-0.10730564788547652,-0.12207065238101432
BC23287,BC23287_C1,ENSG00000130255,-0.0672837643907915,-0.07722430742231952
BC23287,BC23287_C1,ENSG00000136942,0.015197706283138008,0.021645691105964017
BC23287,BC23287_C1,ENSG00000117984,0.13133230533410975,0.12960255170791718
BC23287,BC23287_C1,__ambiguous[ENSG00000251357+ENSG00000240972],-0.007790529105688821,-0.016723007650448794
BC23287,BC23287_C1,ENSG00000149273,0.07410347989698184,0.08991027143003916
BC23287,BC23287_C1,ENSG00000197746,0.0492992315139864,0.063936804301339
BC23287,BC23287_C1,ENSG00000063177,0.0334869829678165,0.0038718374690620634
BC23287,BC23287_C1,ENSG00000140264,-0.058733180484959076,-0.0578237772828345
BC23287,BC23287_C1,ENSG00000180879,0.06882559739549879,0.059470391781986764
BC23287,BC23287_C1,ENSG00000179218,0.1496837532460208,0.1581781183899861
BC23287,BC23287_C1,ENSG00000105193,0.05818420935356831,0.07249299320017782
BC23287,BC23287_C1,ENSG00000130203,0.13147084483736843,0.15822560363236782
BC23287,BC23287_C1,ENSG00000221983,0.10590541673679682,0.07646686319144116
BC23287,BC23287_C1,ENSG00000142534,-0.024954469802979797,-0.06508761943088529
BC23287,BC23287_C1,ENSG00000185624,0.09851534770451428,0.13804393524165423
BC23287,BC23287_C1,ENSG00000204628,-0.008988220178001617,-0.013098089575318406
BC23287,BC23287_C1,ENSG00000167996,0.07264780352945353,0.09751479334116059
BC23287,BC23287_C1,ENSG00000166441,0.11187009064584602,0.0807126448693206
BC23287,BC23287_C1,ENSG00000234745,-0.009567057956612562,0.013154060163410478
BC23287,BC23287_C1,ENSG00000142541,-0.11035651000611411,-0.12503917650653265
BC23287,BC23287_C1,ENSG00000140988,-0.13335510985739746,-0.15464133495267726
BC23287,BC23287_C1,ENSG00000147403,0.07279178698187676,0.05566363671978603
BC23287,BC23287_C1,ENSG00000089157,0.03407915535395433,0.010096967987132879
BC23287,BC23287_C1,ENSG00000109062,0.22939328062927583,0.22388269646698428
BC23287,BC23287_C1,ENSG00000105640,-0.08125330002076013,-0.09860317285717081
BC23287,BC23287_C1,ENSG00000171858,-0.041629716685675784,-0.01595307769370663
BC23287,BC23287_C1,ENSG00000115268,-0.10758273963305526,-0.11981507696682786
BC23287,BC23287_C1,ENSG00000233927,0.0024656713197096524,-0.002684315565730807
BC23287,BC23287_C1,ENSG00000198034,-0.07690982223171962,-0.06080469322093982
BC23287,BC23287_C1,ENSG00000112306,0.12821366891608207,0.1196587609250083
BC23287,BC23287_C1,ENSG00000213741,0.03808886857833958,0.03500205698299609
BC23287,BC23287_C1,ENSG00000182774,0.12493529981795817,0.14999644721892597
BC23287,BC23287_C1,ENSG00000149806,-0.0005877100210040691,-0.022181103439807937
BC23287,BC23287_C1,ENSG00000125691,-0.0013533679641013303,-0.008576877653174797
BC23287,BC23287_C1,ENSG00000204525,0.18479499008550765,0.2021424894593582
BC23287,BC23287_C1,ENSG00000142676,-0.03972495431200519,-0.05716159654251206
BC23287,BC23287_C1,ENSG00000019582,0.15882784695854432,0.1606982786332088
BC23287,BC23287_C1,ENSG00000170889,-0.014136496716192956,-0.027436684729729707
BC23287,BC23287_C1,ENSG00000111341,0.021624792430603442,0.04436614269905866
BC23287,BC23287_C1,ENSG00000172809,0.038763996918955504,0.06859322380008716
BC23287,BC23287_C1,ENSG00000172757,-0.014534380817604824,-0.020197089972815288
BC23287,BC23287_C1,ENSG00000177954,0.014909339893073527,0.017703876228430893
BC23287,BC23287_C1,ENSG00000204592,0.03779539385980845,0.02769946856614273
BC23287,BC23287_C1,ENSG00000100316,0.05349444003721529,0.040086142053332455
BC23287,BC23287_C1,ENSG00000137154,0.18185054714468138,0.1812932088023462
BC23287,BC23287_C1,ENSG00000101439,-0.033049168544186755,-0.04975641461338501
BC23287,BC23287_C1,ENSG00000184009,0.37541036161661656,0.4051893172883564
BC23287,BC23287_C1,ENSG00000108821,0.2603356484672168,0.29221014980562393
BC23287,BC23287_C1,ENSG00000165949,-1.9915704731259848e-05,-0.0005694941680868172
BC23287,BC23287_C1,__ambiguous[ENSG00000254772+ENSG00000255508],0.05621379152601664,0.05808414861832275
BC23287,BC23287_C1,ENSG00000206503,0.17790439595712815,0.18711549097547062
BC23287,BC23287_C1,ENSG00000169710,0.342486129796091,0.3600600166669327
BC23287,BC23287_C1,ENSG00000231925,0.00449180665551911,0.012347376453842566
BC23287,BC23287_C1,ENSG00000163191,0.1997597431340301,0.24377881111831787
BC23287,BC23287_C1,ENSG00000083845,-0.07628386469967532,-0.09063560854455154
BC23287,BC23287_C1,__ambiguous[ENSG00000185883+ENSG00000260272],0.07431365038124862,0.09591895491807997
BC23287,BC23287_C1,ENSG00000224389,0.14988992309595794,0.16657784319849667
BC23287,BC23287_C1,ENSG00000142937,-0.05906032920169997,-0.06310320855879137
BC23287,BC23287_C1,ENSG00000167995,0.054710923602592054,0.05877816633383279
BC23287,BC23287_C1,ENSG00000135404,0.041137797624223635,0.05720490761005835
BC23287,BC23287_C1,ENSG00000107223,0.0636379990936726,0.04808793581795389
BC23287,BC23287_C1,ENSG00000108639,0.041422794705477835,0.052363820271897614
BC23287,BC23287_C1,ENSG00000106624,0.1623222040556781,0.15454087472049716
BC23287,BC23287_C1,ENSG00000197958,0.07703782948847196,0.10429263604385829
BC23287,BC23287_C1,ENSG00000167468,0.07707408467429953,0.10292680378249523
BC23287,BC23287_C1,ENSG00000167658,-0.02701826006563621,-0.015323036361348125
BC23287,BC23287_C1,ENSG00000162244,-0.015819773880532476,-0.005029951370015141
BC23287,BC23287_C1,ENSG00000108679,0.16363878974722085,0.1753426581440511
BC23287,BC23287_C1,ENSG00000156482,-0.06625985079928684,-0.04970564868926308
BC23287,BC23287_C1,ENSG00000172531,0.14262798986652542,0.1731975622650071
BC23287,BC23287_C1,ENSG00000144713,-0.20322671005952664,-0.21769068053495333
BC23287,BC23287_C1,ENSG00000148303,0.044934640173337384,0.056362959772319025
BC23287,BC23287_C1,ENSG00000115884,0.09956359402236314,0.11970086586190874
BC23287,BC23287_C1,ENSG00000149925,-0.04450959669692608,-0.03933375857588504
BC23287,BC23287_C1,ENSG00000143947,0.15065981733793235,0.16624330008673163
BC23287,BC23287_C1,ENSG00000185499,0.23613857043335865,0.250341318698122
BC23287,BC23287_C1,ENSG00000174748,0.11497611279394024,0.15075660059634005
BC23287,BC23287_C1,ENSG00000115457,0.063703518400603,0.084942008664837
BC23287,BC23287_C1,ENSG00000108344,0.2374527402759489,0.2663013234108434
BC23287,BC23287_C1,ENSG00000185825,-0.04896197357749434,-0.03681748290794222
BC23287,BC23287_C1,ENSG00000131469,0.05702728881143395,0.08273257034758129
BC23287,BC23287_C1,ENSG00000130303,-0.010404947088463158,-0.0037755356594421532
BC23287,BC23287_C1,__ambiguous[ENSG00000185885+ENSG00000185201],0.18001271088219772,0.18157713873804354
BC23287,BC23287_C1,ENSG00000166710,0.30332397316343895,0.3461071717994364
BC23287,BC23287_C1,ENSG00000145592,-0.03436191656805871,-0.013517122786478878
BC23287,BC23287_C1,ENSG00000198242,-0.048621472299572505,-0.055425727772282746
BC23287,BC23287_C1,ENSG00000163220,0.10007072082377515,0.10093560825081528
BC23287,BC23287_C1,ENSG00000104904,-0.040972197563688736,-0.021545676148733026
BC23287,BC23287_C1,ENSG00000152082,0.03946825605268971,0.0559462806372821
BC23287,BC23287_C1,ENSG00000158710,0.16070586504752915,0.16664243988761496
BC23287,BC23287_C1,ENSG00000246705,0.027063276035184575,0.027700242115989558
BC23287,BC23287_C1,ENSG00000141741,0.001909859246956827,0.03712108950084737
BC23287,BC23287_C1,ENSG00000106211,0.30318699753748724,0.3201428137929981
BC23287,BC23287_C1,ENSG00000117410,-0.09248664064290248,-0.09694513089971522
BC23287,BC23287_C1,ENSG00000074800,0.13358867475058644,0.11659686643052077
BC23287,BC23287_C1,__ambiguous[ENSG00000243678+ENSG00000011052],0.1720452961446068,0.19327563669023706
BC23287,BC23287_C1,ENSG00000118181,0.2015893843874341,0.19934315205335532
BC23287,BC23287_C1,ENSG00000173372,0.025891952384099078,0.025282084864625996
BC23287,BC23287_C1,ENSG00000130208,0.036108939114023526,0.05579035209649694
BC23287,BC23287_C1,ENSG00000110651,0.2051702093289727,0.20780151049035375
BC23287,BC23287_C1,ENSG00000279483,0.07470897704376835,0.058957922670253994
BC23287,BC23287_C1,ENSG00000030582,0.014765497032698175,0.030438492382095877
BC23287,BC23287_C1,__ambiguous[ENSG00000257341+ENSG00000213145],0.10786355435237424,0.11108518574525093
BC23287,BC23287_C1,ENSG00000142669,0.02231163521458226,0.011308806079812665
BC23287,BC23287_C1,ENSG00000160862,0.09432112565909972,0.10189155230334875
BC23287,BC23287_C1,ENSG00000092841,0.16789853253039272,0.15601741704389957
BC23287,BC23287_C1,__ambiguous[ENSG00000124614+ENSG00000270800],-0.08191867824328934,-0.10206508432820464
BC23287,BC23287_C1,ENSG00000126267,0.06168881105991077,0.0655270213660168
BC23287,BC23287_C1,ENSG00000111057,0.02590878910181757,0.027257168690690996
BC23287,BC23287_C1,ENSG00000277972,0.1548746737732769,0.1771245498396897
BC23287,BC23287_C1,ENSG00000165215,0.1271067640402899,0.15036956768544993
BC23287,BC23287_C1,ENSG00000150991,0.11649471969587914,0.14664764875628528
BC23287,BC23287_C1,ENSG00000205542,0.26400859637267476,0.27442467410841564
BC23287,BC23287_C1,ENSG00000169100,0.1909760208428359,0.20783650888685876
BC23287,BC23287_C1,ENSG00000133112,-0.013744676057774057,0.008247780744589766
BC23287,BC23287_C1,ENSG00000071082,0.12998430922477563,0.15028192418280203
BC23287,BC23287_C1,ENSG00000071553,0.11484036253222363,0.14490967753720993
BC23287,BC23287_C1,ENSG00000178719,0.14682617139558132,0.1695456642613323
BC23287,BC23287_C1,ENSG00000070756,0.2438986229487014,0.2616914192400211
BC23287,BC23287_C1,ENSG00000117450,0.12595100585665808,0.13667982247563035
BC23287,BC23287_C1,ENSG00000124664,0.034542030719261645,0.060426948488133764
BC23287,BC23287_C1,ENSG00000102265,-0.05338755444176932,-0.06417919669748991
BC23287,BC23287_C1,ENSG00000162511,0.07940971008191733,0.08310718592591579
BC23287,BC23287_C1,ENSG00000277791,0.0543756301217077,0.08430423225851001
BC23287,BC23287_C1,ENSG00000143774,0.13903936129459832,0.1476053764797197
BC23287,BC23287_C1,ENSG00000149591,0.2255353271143955,0.2562045564841512
BC23287,BC23287_C1,ENSG00000105223,0.0350153246664658,0.0483205603051395
BC23287,BC23287_C1,ENSG00000182492,0.08377702947566051,0.07289822309558179
BC23287,BC23287_C1,ENSG00000182809,0.1317705508908544,0.12495174398587856
BC23287,BC23287_C1,ENSG00000141522,-0.07942293839615575,-0.07626754366157225
BC23287,BC23287_C1,ENSG00000115414,0.4078799083018394,0.45389094831404914
BC23287,BC23287_C1,ENSG00000160789,0.17452439861196287,0.1633720623589703
BC23287,BC23287_C1,ENSG00000142089,0.20239205828429047,0.19356908666118813
BC23287,BC23287_C1,ENSG00000176340,0.0047832261940478635,0.013457112123774928
BC23287,BC23287_C1,ENSG00000196924,0.1617681043359314,0.17926478462272827
BC23287,BC23287_C1,ENSG00000145425,-0.08289638642294687,-0.07260220783212287
BC23287,BC23287_C1,ENSG00000187514,0.2585100176140286,0.29350267778184336
BC23287,BC23287_C1,ENSG00000125534,-0.11091367124443613,-0.11386300988674591
BC23287,BC23287_C1,ENSG00000051523,-0.01474944349562543,-0.021703305550270228
BC23287,BC23287_C1,ENSG00000124614,0.02491662957287175,0.022304956837430966
BC23287,BC23287_C1,ENSG00000163682,0.09510013701276387,0.10450609098204433
BC23287,BC23287_C1,ENSG00000204287,0.2122480004657607,0.23889216492998255
BC23287,BC23287_C1,ENSG00000272196,0.16888866713387796,0.20926875227295055
BC23287,BC23287_C1,ENSG00000164733,0.12629847135798117,0.1530368676037208
BC23287,BC23287_C1,__ambiguous[ENSG00000277957+ENSG00000161960],0.1496850443126017,0.16624718651005385
BC23287,BC23287_C1,ENSG00000058262,0.12926356562076605,0.16105017496962132
BC23287,BC23287_C1,ENSG00000052344,0.1309854491202869,0.1402451806484936
BC23287,BC23287_C1,ENSG00000131748,0.09095641772548765,0.10964310321641556
BC23287,BC23287_C1,ENSG00000138326,0.08197733675222596,0.10225848235319734
BC23287,BC23287_C1,ENSG00000169223,0.14805867517672427,0.13325410944420643
BC23287,BC23287_C1,ENSG00000135480,-0.01827188925309469,0.009172037723173853
BC23287,BC23287_C1,ENSG00000114353,0.09018284004753299,0.07906142347391552
BC23287,BC23287_C1,ENSG00000111669,-0.0753503432117039,-0.08681332328361394
BC23287,BC23287_C1,ENSG00000103363,-0.0786265555584957,-0.08875625859896269
BC23287,BC23287_C1,ENSG00000127540,0.0627745088176886,0.08323891464126246
BC23287,BC23287_C1,ENSG00000184897,-0.04588442265212378,-0.029378881127579012
BC23287,BC23287_C1,ENSG00000144426,0.14190623751064618,0.1497589606247001
BC23287,BC23287_C1,ENSG00000255823,0.5178533341853766,0.48988325182290016
BC23287,BC23287_C1,ENSG00000123349,0.03778688765374418,0.028720766692461732
BC23287,BC23287_C1,ENSG00000164692,0.28229257583125766,0.3244659182620742
BC23287,BC23287_C1,ENSG00000104529,-0.056379952935556095,-0.06514883090520815
BC23287,BC23287_C1,ENSG00000114867,-0.04029814768157952,-0.03175031417812641
BC23287,BC23287_C1,ENSG00000172354,0.13017722748703842,0.14672525410335094
BC23287,BC23287_C1,ENSG00000178952,0.039959890519136475,0.08100143075122773
BC23287,BC23287_C1,ENSG00000178980,0.2159544637275232,0.25274126726784635
BC23287,BC23287_C1,ENSG00000251562,0.23344283265600227,0.270760359781366
BC23287,BC23287_C1,ENSG00000125730,0.2872426911796834,0.2919183151113872
BC23287,BC23287_C1,ENSG00000182899,0.043502210835298434,0.07587145431767418
BC23287,BC23287_C1,__ambiguous[ENSG00000262526+ENSG00000170296],-0.044193474381183394,-0.05614203763312705
BC23287,BC23287_C1,ENSG00000026025,0.14331578438541104,0.15692266087315657
BC23287,BC23287_C1,ENSG00000142949,0.16933128682522555,0.2034214762723373
BC23287,BC23287_C1,ENSG00000008988,0.0772010362483068,0.08638558879443044
BC23287,BC23287_C1,ENSG00000104964,0.029925729068338652,0.05987774304832442
BC23287,BC23287_C1,ENSG00000167815,0.2441275560876571,0.28820174441443597
BC23287,BC23287_C1,__ambiguous[ENSG00000273259+ENSG00000196136],0.16043113183474642,0.1731064612933371
BC23287,BC23287_C1,ENSG00000142173,0.14897226291159732,0.1659888492998923
BC23287,BC23287_C1,ENSG00000155366,0.05688835737482872,0.07077226534628829
BC23287,BC23287_C1,ENSG00000131143,0.022473972529940326,0.018831788006049104
BC23287,BC23287_C1,ENSG00000269028,0.5473086443795196,0.5113587581909145
BC23287,BC23287_C1,ENSG00000170315,0.0879715017255902,0.1116498449719247
BC23287,BC23287_C1,ENSG00000100300,-0.03394590038567552,-0.04313507850751264
BC23287,BC23287_C1,ENSG00000163479,0.08063060681827836,0.09857059648925366
BC23287,BC23287_C1,ENSG00000087460,0.34730964668019715,0.3632057994244064
BC23287,BC23287_C1,ENSG00000160932,0.12419643200101683,0.1255547369350994
BC23287,BC23287_C1,ENSG00000187608,-0.021960543709949903,-0.017291512881206377
BC23287,BC23287_C1,ENSG00000126247,0.023781317899864256,0.008965150510952721
BC23287,BC23287_C1,__ambiguous[ENSG00000219200+ENSG00000161939],0.17744333242611562,0.191142249421393
BC23287,BC23287_C1,ENSG00000188846,-0.036456734264051896,-0.0317211224710059
BC23287,BC23287_C1,ENSG00000100219,0.3824580966593695,0.38610482054111217
BC23287,BC23287_C1,ENSG00000174886,0.12669456851616784,0.12589728265188627
BC23287,BC23287_C1,ENSG00000173272,0.03427510448884447,0.050300958396499326
BC23287,BC23287_C1,ENSG00000163399,0.2089082540519118,0.2181693786347843
BC23287,BC23287_C1,ENSG00000171222,0.13530355163621383,0.1484282038021382
BC23287,BC23287_C1,ENSG00000173369,0.12178160526395711,0.1315624773436893
BC23287,BC23287_C1,ENSG00000214530,-0.005794020430837282,0.027994251874879823
BC23287,BC23287_C1,ENSG00000145494,0.03507304015915961,0.03132335987841481
BC23287,BC23287_C1,ENSG00000174444,0.0494315342471913,0.05886250121674783
BC23287,BC23287_C1,ENSG00000197956,0.17682930111650483,0.1582554152612863
BC23287,BC23287_C1,ENSG00000114391,0.0031550296843669543,0.004919923554109821
BC23287,BC23287_C1,__ambiguous[ENSG00000241343+ENSG00000257529],0.18461656351433836,0.1892445459284225
BC23287,BC23287_C1,ENSG00000125970,0.14023128910979177,0.17014760937742265
BC23287,BC23287_C1,ENSG00000196576,0.32433110940701365,0.32822262455070567
BC23287,BC23287_C1,ENSG00000213988,-0.014167743150349132,0.015437213712631181
BC23287,BC23287_C1,ENSG00000135390,0.04732049373234152,0.06422332424341301
BC23287,BC23287_C1,ENSG00000130725,-0.20955774951001463,-0.21428524424550785
BC23287,BC23287_C1,ENSG00000172270,-0.01294473804010534,0.011681744017326528
BC23287,BC23287_C1,ENSG00000011304,0.12400265912885576,0.16060684011583318
BC23287,BC23287_C1,ENSG00000177700,-0.025310568090549882,-0.0013625735702861418
BC23287,BC23287_C1,ENSG00000025708,-0.024159365982143067,-0.024252078406648916
BC23287,BC23287_C1,ENSG00000143420,0.21937127127704018,0.24236795419660953
BC23287,BC23287_C1,ENSG00000171863,0.10337476889345351,0.13876960701277086
BC23287,BC23287_C1,ENSG00000170421,0.19172649683282486,0.23024346729772818
BC23287,BC23287_C1,ENSG00000124172,0.16693202486998862,0.19532196288191284
BC23287,BC23287_C1,ENSG00000110492,0.0015739113191781814,-0.013498297109084657
BC23287,BC23287_C1,ENSG00000186468,0.2366879308313388,0.2708546258947942
BC23287,BC23287_C1,ENSG00000101335,-0.03481812386836161,-0.020807639348634124
BC23287,BC23287_C1,ENSG00000186010,0.09823422203590464,0.11965792618437428
BC23287,BC23287_C1,ENSG00000143546,-0.0009923930160424504,0.005000873277776015
BC23287,BC23287_C1,ENSG00000168528,0.23717948594817254,0.2554306936695047
BC23287,BC23287_C1,ENSG00000130520,0.1809149534004002,0.21270594992348682
BC23287,BC23287_C1,ENSG00000106153,0.18729579011403683,0.20046359766236052
BC23287,BC23287_C1,ENSG00000173801,0.22230668536326212,0.25126461933433564
BC23287,BC23287_C1,ENSG00000147684,0.04737165373159038,0.08135443321860908
BC23287,BC23287_C1,ENSG00000161960,0.3368007487281849,0.35642442476322883
BC23287,BC23287_C1,ENSG00000134419,0.06271243016334496,0.0736930244812412
BC23287,BC23287_C1,ENSG00000159840,0.12179944411847098,0.13130545433942556
BC23287,BC23287_C1,ENSG00000123989,0.09660409554460833,0.09132008202377306
BC23287,BC23287_C1,ENSG00000141753,0.036382604650669455,0.032109607717576816
BC23287,BC23287_C1,ENSG00000132507,0.14007719463959886,0.1497613027694351
BC23287,BC23287_C1,ENSG00000140990,0.005421416524147801,-0.0015540897460603084
BC23287,BC23287_C1,ENSG00000135940,0.0839426946435284,0.12699364972790755
BC23287,BC23287_C1,ENSG00000176046,-0.031677149414035544,-0.04138959117356366
BC23287,BC23287_C2,ENSG00000034510,-0.06367171708035496,-0.1081481221050932
BC23287,BC23287_C2,ENSG00000254709,0.019303333941493604,0.027779319527495013
BC23287,BC23287_C2,ENSG00000111640,0.20213952224417367,0.21087618544983766
BC23287,BC23287_C2,ENSG00000137818,0.08638964150861965,0.11182731411650502
BC23287,BC23287_C2,ENSG00000177600,0.10279677841296948,0.07768563143029908
BC23287,BC23287_C2,ENSG00000171345,0.16585012518129627,0.20633005599677215
BC23287,BC23287_C2,ENSG00000231500,-0.040926381469233414,-0.07380883157504764
BC23287,BC23287_C2,ENSG00000075624,0.15121508437517994,0.18533828453812454
BC23287,BC23287_C2,ENSG00000164587,0.00037047560768604053,-0.016839270769125593
BC23287,BC23287_C2,ENSG00000108107,-0.054189236136437106,-0.09149567908014707
BC23287,BC23287_C2,ENSG00000105372,0.010726080314475408,-0.01714882524762398
BC23287,BC23287_C2,ENSG00000197756,0.035936279176306235,0.008087259483903526
BC23287,BC23287_C2,ENSG00000108298,-0.013025666492399158,-0.0356292406762767
BC23287,BC23287_C2,ENSG00000141736,0.3471405257797734,0.4138628568633339
BC23287,BC23287_C2,ENSG00000161016,0.024014688530269435,-0.011799695671285962
BC23287,BC23287_C2,ENSG00000087086,-0.03938494115436664,-0.06281203177055553
BC23287,BC23287_C2,ENSG00000167526,-0.030452148627619666,-0.033285390322069446
BC23287,BC23287_C2,ENSG00000108518,-0.004388478013937916,-0.01994560727681946
BC23287,BC23287_C2,ENSG00000130255,-0.011960617172062172,-0.015947890722029602
BC23287,BC23287_C2,ENSG00000136942,0.06784220125670122,0.040346915195803516
BC23287,BC23287_C2,ENSG00000117984,0.09466038565019548,0.09374905338584806
BC23287,BC23287_C2,__ambiguous[ENSG00000251357+ENSG00000240972],0.06057605996204373,0.05099694653354745
BC23287,BC23287_C2,ENSG00000149273,0.15038121459549322,0.1375001360161892
BC23287,BC23287_C2,ENSG00000197746,0.011363596962497103,0.022520589875604666
BC23287,BC23287_C2,ENSG00000063177,-0.017441384420881067,-0.03156934726052997
BC23287,BC23287_C2,ENSG00000140264,0.040103878304870284,0.04711606328799143
BC23287,BC23287_C2,ENSG00000180879,0.043496687832179644,0.03455995224397788
BC23287,BC23287_C2,ENSG00000179218,0.10373211216825697,0.1454318238250625
BC23287,BC23287_C2,ENSG00000105193,0.08609101294483791,0.06953277990692917
BC23287,BC23287_C2,ENSG00000130203,0.28802949922640125,0.27882929337511225
BC23287,BC23287_C2,ENSG00000221983,0.04183544191251219,0.005166120121728977
BC23287,BC23287_C2,ENSG00000142534,-0.13325872398070884,-0.1624846687663113
BC23287,BC23287_C2,ENSG00000185624,0.18995906373849863,0.2332315967769822
BC23287,BC23287_C2,ENSG00000204628,-0.0680287031413365,-0.10845801756367253
BC23287,BC23287_C2,ENSG00000167996,-0.04184771537313281,-0.06072264619201715
BC23287,BC23287_C2,ENSG00000166441,0.07247904036968311,0.05856970044375551
BC23287,BC23287_C2,ENSG00000234745,0.13166331032128695,0.18980683249951624
BC23287,BC23287_C2,ENSG00000142541,-0.10362907570043209,-0.12465498374412308
BC23287,BC23287_C2,ENSG00000140988,-0.048120387669639,-0.05807325040611376
BC23287,BC23287_C2,ENSG00000147403,0.05881565175971693,0.02376237341579204
BC23287,BC23287_C2,ENSG00000089157,0.042715499914756365,0.023633933652697874
BC23287,BC23287_C2,ENSG00000109062,0.2488540294457812,0.30368694645729716
BC23287,BC23287_C2,ENSG00000105640,0.08657352898491548,0.07318327463992061
BC23287,BC23287_C2,ENSG00000171858,-0.10402822017499258,-0.13106573717787395
BC23287,BC23287_C2,ENSG00000115268,0.13965361501303908,0.11849900601755302
BC23287,BC23287_C2,ENSG00000233927,-0.10251875001180553,-0.13785376898328483
BC23287,BC23287_C2,ENSG00000198034,0.04021699393000157,0.06588681138504078
BC23287,BC23287_C2,ENSG00000112306,0.10275341043179932,0.11593926433497456
BC23287,BC23287_C2,ENSG00000213741,0.013098899735694081,0.0018170013736263984
BC23287,BC23287_C2,ENSG00000182774,0.04759473854756488,0.0953896827763211
BC23287,BC23287_C2,ENSG00000149806,-0.07197535226741683,-0.11571852064450401
BC23287,BC23287_C2,ENSG00000125691,-0.22683461660195733,-0.2380656926434267
BC23287,BC23287_C2,ENSG00000204525,0.09328494271788572,0.14653849391826676
BC23287,BC23287_C2,ENSG00000142676,0.013127284183138582,0.004111203060975927
BC23287,BC23287_C2,ENSG00000019582,0.14701370828383276,0.12597938854777355
BC23287,BC23287_C2,ENSG00000170889,0.0021453961817566383,-0.03981407093631082
BC23287,BC23287_C2,ENSG00000111341,0.04797902327190823,0.03686040385034817
BC23287,BC23287_C2,ENSG00000172809,0.030088198998078387,0.06096548671022214
BC23287,BC23287_C2,ENSG00000172757,-0.126890930241999,-0.1416255582479942
BC23287,BC23287_C2,ENSG00000177954,0.040335253505813275,0.0452952430591387
BC23287,BC23287_C2,ENSG00000204592,0.006788115386633319,0.0056795257293052745
BC23287,BC23287_C2,ENSG00000100316,-0.08202355752617241,-0.11669325776145653
BC23287,BC23287_C2,ENSG00000137154,0.13015844126790066,0.15122319277822632
BC23287,BC23287_C2,ENSG00000101439,-0.05802323399685725,-0.0845983593087058
BC23287,BC23287_C2,ENSG00000184009,0.41496356711849436,0.45390356594280823
BC23287,BC23287_C2,ENSG00000108821,0.20830828123739545,0.24666314738897804
BC23287,BC23287_C2,ENSG00000165949,0.001283855198620566,0.0023131015055816626
BC23287,BC23287_C2,__ambiguous[ENSG00000254772+ENSG00000255508],0.07689448463796207,0.056543336836516356
BC23287,BC23287_C2,ENSG00000206503,0.12422352385638612,0.12179348289509387
BC23287,BC23287_C2,ENSG00000169710,0.2818668505315246,0.31898415416735604
BC23287,BC23287_C2,ENSG00000231925,0.1320829324457308,0.19006199729043383
BC23287,BC23287_C2,ENSG00000163191,0.21309518688919893,0.26657199787226105
BC23287,BC23287_C2,ENSG00000083845,0.18063378372002628,0.15322570238945224
BC23287,BC23287_C2,__ambiguous[ENSG00000185883+ENSG00000260272],0.08703830367978525,0.12595044433953986
BC23287,BC23287_C2,ENSG00000224389,0.08981185910644966,0.13482170896550177
BC23287,BC23287_C2,ENSG00000142937,-0.057526944249048244,-0.06869498393526416
BC23287,BC23287_C2,ENSG00000167995,0.11609561745930372,0.1469093391046378
BC23287,BC23287_C2,ENSG00000135404,0.10763982387405552,0.12468100830447039
BC23287,BC23287_C2,ENSG00000107223,0.1664897398628809,0.13812778441997328
BC23287,BC23287_C2,ENSG00000108639,0.10251367968311681,0.12466519567239306
BC23287,BC23287_C2,ENSG00000106624,0.21780635866580306,0.23210917846332496
BC23287,BC23287_C2,ENSG00000197958,-0.05971988467642802,-0.04404958369973634
BC23287,BC23287_C2,ENSG00000167468,0.17783317532918586,0.21545660124545815
BC23287,BC23287_C2,ENSG00000167658,0.045326161037889875,0.02920858391575636
BC23287,BC23287_C2,ENSG00000162244,0.04411647489350943,0.02951588814205964
BC23287,BC23287_C2,ENSG00000108679,0.20960439546839488,0.2285235169479696
BC23287,BC23287_C2,ENSG00000156482,0.13851788853962493,0.15882645450759428
BC23287,BC23287_C2,ENSG00000172531,0.12133777162066309,0.13674137049526564
BC23287,BC23287_C2,ENSG00000144713,-0.01461307021380745,-0.0508179806932769
BC23287,BC23287_C2,ENSG00000148303,0.007190410551166204,0.00523937265131712
BC23287,BC23287_C2,ENSG00000115884,0.009238201388081537,-0.003082338499799813
BC23287,BC23287_C2,ENSG00000149925,0.023976258885401627,0.02771375493820933
BC23287,BC23287_C2,ENSG00000143947,0.1686352191156852,0.2041518286686541
BC23287,BC23287_C2,ENSG00000185499,0.14478463185561805,0.21687361151301623
BC23287,BC23287_C2,ENSG00000174748,0.19596750109061814,0.2558966620634752
BC23287,BC23287_C2,ENSG00000115457,0.17146834771360564,0.20380266879228023
BC23287,BC23287_C2,ENSG00000108344,0.23916947175622952,0.30194078042050415
BC23287,BC23287_C2,ENSG00000185825,0.20058384563513038,0.2281425011481796
BC23287,BC23287_C2,ENSG00000131469,0.06357717681164274,0.10715794276753356
BC23287,BC23287_C2,ENSG00000130303,-0.07156042855165508,-0.05516008626585248
BC23287,BC23287_C2,__ambiguous[ENSG00000185885+ENSG00000185201],0.06202171396885637,0.054414437250241386
BC23287,BC23287_C2,ENSG00000166710,0.35064704253439244,0.39609644417256534
BC23287,BC23287_C2,ENSG00000145592,0.07673123453328769,0.11671728895460473
BC23287,BC23287_C2,ENSG00000198242,-0.037611546716620946,-0.07316126510871021
BC23287,BC23287_C2,ENSG00000163220,-0.014181483425664759,-0.009207755249934385
BC23287,BC23287_C2,ENSG00000104904,-0.01253871662275928,-0.012634289829119941
BC23287,BC23287_C2,ENSG00000152082,0.026523816708584603,0.018345866542531956
BC23287,BC23287_C2,ENSG00000158710,0.09729146788991862,0.13520741811336098
BC23287,BC23287_C2,ENSG00000246705,0.04667467106729322,0.05502672184393863
BC23287,BC23287_C2,ENSG00000141741,0.1536244054170332,0.18259159119669813
BC23287,BC23287_C2,ENSG00000106211,0.38057329267452705,0.4144753004387839
BC23287,BC23287_C2,ENSG00000117410,-0.02948625250981827,-0.03469473675191086
BC23287,BC23287_C2,ENSG00000074800,0.0006489366284284789,-0.007148665943122407
BC23287,BC23287_C2,__ambiguous[ENSG00000243678+ENSG00000011052],0.21687739707236794,0.2840083777800534
BC23287,BC23287_C2,ENSG00000118181,0.009854832085695221,0.027792783658374894
BC23287,BC23287_C2,ENSG00000173372,0.08420691546751259,0.09006562985203172
BC23287,BC23287_C2,ENSG00000130208,0.0023750824354313122,0.008615915264424416
BC23287,BC23287_C2,ENSG00000110651,-0.03418807704701869,-0.05312305243239376
BC23287,BC23287_C2,ENSG00000279483,-0.03415933445399966,-0.06361468306889069
BC23287,BC23287_C2,ENSG00000030582,0.12982933540320088,0.15765671463409936
BC23287,BC23287_C2,__ambiguous[ENSG00000257341+ENSG00000213145],-0.06946523464385272,-0.07166043522785802
BC23287,BC23287_C2,ENSG00000142669,0.0198068703215611,0.01835572241836692
BC23287,BC23287_C2,ENSG00000160862,0.10155027486411354,0.1644877633997336
BC23287,BC23287_C2,ENSG00000092841,0.08199933695681388,0.05080736524659507
BC23287,BC23287_C2,__ambiguous[ENSG00000124614+ENSG00000270800],0.10765570408212502,0.09730046743122242
BC23287,BC23287_C2,ENSG00000126267,0.06335566700833378,0.13754632974956327
BC23287,BC23287_C2,ENSG00000111057,0.06549403313919379,0.0868426419900772
BC23287,BC23287_C2,ENSG00000277972,0.0058708756812924125,-0.003820201383087925
BC23287,BC23287_C2,ENSG00000165215,0.1924373429900348,0.2744824591445545
BC23287,BC23287_C2,ENSG00000150991,0.1462042211626467,0.17991334317146548
BC23287,BC23287_C2,ENSG00000205542,0.011301574457961447,0.03316214518393278
BC23287,BC23287_C2,ENSG00000169100,-0.019269126833739155,0.015458675624452287
BC23287,BC23287_C2,ENSG00000133112,0.19872144279395854,0.2033512114769755
BC23287,BC23287_C2,ENSG00000071082,0.007945316834107449,0.057934353544224555
BC23287,BC23287_C2,ENSG00000071553,0.21891854083727247,0.2784643979207048
BC23287,BC23287_C2,ENSG00000178719,0.044488207657029634,0.08587270217648282
BC23287,BC23287_C2,ENSG00000070756,0.08702955348615846,0.12755094531239575
BC23287,BC23287_C2,ENSG00000117450,0.09496795086201894,0.15821464961940057
BC23287,BC23287_C2,ENSG00000124664,0.17321459804395106,0.21644480084506748
BC23287,BC23287_C2,ENSG00000102265,-0.044924578874182795,-0.09398444589621092
BC23287,BC23287_C2,ENSG00000162511,0.14794359140414348,0.1641693305715402
BC23287,BC23287_C2,ENSG00000277791,0.03177102398613007,0.04554734077152809
BC23287,BC23287_C2,ENSG00000143774,0.06297004068678876,0.07244708972475922
BC23287,BC23287_C2,ENSG00000149591,0.10928204563039604,0.11255132082607085
BC23287,BC23287_C2,ENSG00000105223,0.1376653314943365,0.18174270623801736
BC23287,BC23287_C2,ENSG00000182492,0.130011409334037,0.08745107708829092
BC23287,BC23287_C2,ENSG00000182809,0.22062022966383463,0.245813727956973
BC23287,BC23287_C2,ENSG00000141522,0.004273985011060789,0.0041696004909980685
BC23287,BC23287_C2,ENSG00000115414,0.3238045496446739,0.40250429068985133
BC23287,BC23287_C2,ENSG00000160789,0.11009007666846592,0.1426069325320275
BC23287,BC23287_C2,ENSG00000142089,0.07128514248366055,0.08382720795746514
BC23287,BC23287_C2,ENSG00000176340,0.1064126654621805,0.11632203409102225
BC23287,BC23287_C2,ENSG00000196924,0.16438178794151778,0.15077198333211578
BC23287,BC23287_C2,ENSG00000145425,0.08854957475109915,0.10493869373978937
BC23287,BC23287_C2,ENSG00000187514,0.15629423085455393,0.2035889972513187
BC23287,BC23287_C2,ENSG00000125534,0.013026967775858862,-0.005272538403134356
BC23287,BC23287_C2,ENSG00000051523,0.05601511552687616,0.05903487229095722
BC23287,BC23287_C2,ENSG00000124614,0.09392514931853814,0.07099362013676865
BC23287,BC23287_C2,ENSG00000163682,0.15603102630466034,0.17825204349753748
BC23287,BC23287_C2,ENSG00000204287,0.14547449263700557,0.13747670775165236
BC23287,BC23287_C2,ENSG00000272196,0.12794258097996142,0.21132040473044675
BC23287,BC23287_C2,ENSG00000164733,0.04048188657734164,0.08098802061085124
BC23287,BC23287_C2,__ambiguous[ENSG00000277957+ENSG00000161960],0.20834998051915146,0.2951601248266391
BC23287,BC23287_C2,ENSG00000058262,0.15873688356714755,0.1938544853634335
BC23287,BC23287_C2,ENSG00000052344,0.19961992602748357,0.2859688342609972
BC23287,BC23287_C2,ENSG00000131748,0.05729522939991005,0.09410742247715824
BC23287,BC23287_C2,ENSG00000138326,0.14686583371331516,0.16138957122620912
BC23287,BC23287_C2,ENSG00000169223,0.09715078692469171,0.132279452617378
BC23287,BC23287_C2,ENSG00000135480,0.058721486426590294,0.07600988179514595
BC23287,BC23287_C2,ENSG00000114353,0.005913165337297325,0.006659959490056962
BC23287,BC23287_C2,ENSG00000111669,-0.008211194449674575,-0.0062615567485391896
BC23287,BC23287_C2,ENSG00000103363,0.034116051774384495,-0.01928374861982293
BC23287,BC23287_C2,ENSG00000127540,-0.03728587781490072,-0.027489043048257777
BC23287,BC23287_C2,ENSG00000184897,0.2286718257061592,0.26300252913133515
BC23287,BC23287_C2,ENSG00000144426,0.09415210493293616,0.10613318349817125
BC23287,BC23287_C2,ENSG00000255823,0.5268233635794874,0.5636457878476357
BC23287,BC23287_C2,ENSG00000123349,0.04045768652688713,0.009413774267935807
BC23287,BC23287_C2,ENSG00000164692,0.21646521574739216,0.2763956426046707
BC23287,BC23287_C2,ENSG00000104529,-0.16708626696234402,-0.15376369068790569
BC23287,BC23287_C2,ENSG00000114867,0.004154076074643998,-0.025167196382052816
BC23287,BC23287_C2,ENSG00000172354,0.07739791917873112,0.1003782892887873
BC23287,BC23287_C2,ENSG00000178952,-0.04621448027693782,-0.0247421581346309
BC23287,BC23287_C2,ENSG00000178980,0.11337694333824283,0.14775123493940456
BC23287,BC23287_C2,ENSG00000251562,-0.06032855043129066,-0.08937743449735956
BC23287,BC23287_C2,ENSG00000125730,0.18066469470763472,0.19336533294153027
BC23287,BC23287_C2,ENSG00000182899,0.024157839826620457,0.0342058755596416
BC23287,BC23287_C2,__ambiguous[ENSG00000262526+ENSG00000170296],-0.019593010356289464,-0.020381996870553077
BC23287,BC23287_C2,ENSG00000026025,0.202342137599212,0.20827861900273917
BC23287,BC23287_C2,ENSG00000142949,0.24517724772239485,0.27733491529476206
BC23287,BC23287_C2,ENSG00000008988,0.12238264526641893,0.1239412855538597
BC23287,BC23287_C2,ENSG00000104964,-0.04771598827992789,-0.015440517619377724
BC23287,BC23287_C2,ENSG00000167815,0.2737684795933397,0.30551176776337396
BC23287,BC23287_C2,__ambiguous[ENSG00000273259+ENSG00000196136],0.05980293642396438,0.10705570698192063
BC23287,BC23287_C2,ENSG00000142173,0.0910858733382306,0.0915141119194516
BC23287,BC23287_C2,ENSG00000155366,0.016244675635871345,0.05434067141363794
BC23287,BC23287_C2,ENSG00000131143,0.03135661939348713,0.011027569466109983
BC23287,BC23287_C2,ENSG00000269028,0.6187128734684669,0.6438333078780085
BC23287,BC23287_C2,ENSG00000170315,0.14155732497886056,0.19484822966984927
BC23287,BC23287_C2,ENSG00000100300,-0.026962630125564217,-0.01586985995492296
BC23287,BC23287_C2,ENSG00000163479,0.16869413725645288,0.20919517667535273
BC23287,BC23287_C2,ENSG00000087460,0.40032452589484707,0.4642810821747555
BC23287,BC23287_C2,ENSG00000160932,0.05179327886384266,0.06759051660203144
BC23287,BC23287_C2,ENSG00000187608,0.17212724495309517,0.1851881209766397
BC23287,BC23287_C2,ENSG00000126247,-0.06653254830162814,-0.09742080343341059
BC23287,BC23287_C2,__ambiguous[ENSG00000219200+ENSG00000161939],0.013954909377930294,0.006517550651736393
BC23287,BC23287_C2,ENSG00000188846,-0.00491478405422998,0.0013833420276532392
BC23287,BC23287_C2,ENSG00000100219,0.42001362523305236,0.482907736113369
BC23287,BC23287_C2,ENSG00000174886,0.03633665605938389,0.057558951434267626
BC23287,BC23287_C2,ENSG00000173272,-0.02464010116622322,-0.029208288464758474
BC23287,BC23287_C2,ENSG00000163399,0.17280869998437118,0.21603324943318222
BC23287,BC23287_C2,ENSG00000171222,0.08494681413634957,0.11028172431852425
BC23287,BC23287_C2,ENSG00000173369,0.048553312346351116,0.034986035184554676
BC23287,BC23287_C2,ENSG00000214530,0.05634256694203081,0.09724638072320164
BC23287,BC23287_C2,ENSG00000145494,0.19376941154490218,0.21542268799462655
BC23287,BC23287_C2,ENSG00000174444,0.13175477306805933,0.14356031321490628
BC23287,BC23287_C2,ENSG00000197956,0.22339700777963073,0.2197588168350701
BC23287,BC23287_C2,ENSG00000114391,0.08425672758885762,0.10899106661493656
BC23287,BC23287_C2,__ambiguous[ENSG00000241343+ENSG00000257529],0.167171862786511,0.19913836437128138
BC23287,BC23287_C2,ENSG00000125970,-0.005924381223976366,0.029233774180769223
BC23287,BC23287_C2,ENSG00000196576,0.34979935514242466,0.4117444929582747
BC23287,BC23287_C2,ENSG00000213988,-0.01727695777535785,-0.025378890368650688
BC23287,BC23287_C2,ENSG00000135390,0.0898854782460265,0.12462465965356082
BC23287,BC23287_C2,ENSG00000130725,-0.003697458316326126,-0.0073671561998692615
BC23287,BC23287_C2,ENSG00000172270,0.12821309571298278,0.14900286373120866
BC23287,BC23287_C2,ENSG00000011304,0.15456188786135033,0.22375636861049555
BC23287,BC23287_C2,ENSG00000177700,0.040935351846736794,0.036754637176849105
BC23287,BC23287_C2,ENSG00000025708,-0.06550702760825435,-0.04621939925991818
BC23287,BC23287_C2,ENSG00000143420,0.15201331296823645,0.19770902867088572
BC23287,BC23287_C2,ENSG00000171863,-0.058802237362206175,-0.011445039586651003
BC23287,BC23287_C2,ENSG00000170421,0.31502889463800454,0.3635484264253357
BC23287,BC23287_C2,ENSG00000124172,0.16542844220559547,0.20687840382883432
BC23287,BC23287_C2,ENSG00000110492,0.05565037338885887,0.06370515540142299
BC23287,BC23287_C2,ENSG00000186468,0.15942432985234134,0.20519931021961083
BC23287,BC23287_C2,ENSG00000101335,0.03693911013970939,0.049895878211987627
BC23287,BC23287_C2,ENSG00000186010,0.049305203315184454,0.059049728741606085
BC23287,BC23287_C2,ENSG00000143546,-0.005176191576517957,-0.006232935965450398
BC23287,BC23287_C2,ENSG00000168528,0.16540601485974651,0.2261925609265888
BC23287,BC23287_C2,ENSG00000130520,0.06836109894679461,0.09560310353775558
BC23287,BC23287_C2,ENSG00000106153,0.3319833026471922,0.36642678839323456
BC23287,BC23287_C2,ENSG00000173801,0.24364533044419745,0.3016447967193615
BC23287,BC23287_C2,ENSG00000147684,0.08646206552258746,0.16183711885444607
BC23287,BC23287_C2,ENSG00000161960,0.21920323874938355,0.2735124182664539
BC23287,BC23287_C2,ENSG00000134419,0.11846184758946618,0.17464603171380802
BC23287,BC23287_C2,ENSG00000159840,0.0449139691156101,0.03989955530763066
BC23287,BC23287_C2,ENSG00000123989,-0.0416350124715528,-0.05431536857591749
BC23287,BC23287_C2,ENSG00000141753,-0.01694061381266773,-0.027928720827800037
BC23287,BC23287_C2,ENSG00000132507,0.19564684135416635,0.26530933805597223
BC23287,BC23287_C2,ENSG00000140990,-0.018945086096769637,-0.01935227460280218
BC23287,BC23287_C2,ENSG00000135940,0.0699152665562123,0.10948078995295159
BC23287,BC23287_C2,ENSG00000176046,0.026865923204833265,0.0396918363842862
BC23287,BC23287_D1,ENSG00000034510,-0.034716621308299354,-0.08044588815548151
BC23287,BC23287_D1,ENSG00000254709,0.13105567366334767,0.1303239263091175
BC23287,BC23287_D1,ENSG00000111640,-0.10279989143900949,-0.14665742707320448
BC23287,BC23287_D1,ENSG00000137818,0.11708354753390127,0.15372388111386015
BC23287,BC23287_D1,ENSG00000177600,0.1168788071909826,0.11376626389589987
BC23287,BC23287_D1,ENSG00000171345,0.07437420816958777,0.06836766939419878
BC23287,BC23287_D1,ENSG00000231500,-0.11267622291024215,-0.11409168723035341
BC23287,BC23287_D1,ENSG00000075624,0.14597304223342886,0.1539438068600403
BC23287,BC23287_D1,ENSG00000164587,-0.020637630495967615,-0.036103150464703096
BC23287,BC23287_D1,ENSG00000108107,0.047649562879499285,0.049289530845331435
BC23287,BC23287_D1,ENSG00000105372,0.018268735157371742,0.0058196873059641685
BC23287,BC23287_D1,ENSG00000197756,0.034119952707411846,0.02811427212905615
BC23287,BC23287_D1,ENSG00000108298,-0.11066385312397026,-0.1076124843334293
BC23287,BC23287_D1,ENSG00000141736,0.32174377510772734,0.3923376402598146
BC23287,BC23287_D1,ENSG00000161016,-0.05502852371681538,-0.05896660200933601
BC23287,BC23287_D1,ENSG00000087086,-0.10222251651785388,-0.13033446580563
BC23287,BC23287_D1,ENSG00000167526,0.05154879517997928,0.07943079930381464
BC23287,BC23287_D1,ENSG00000108518,-0.10991851887735625,-0.16441134050310308
BC23287,BC23287_D1,ENSG00000130255,0.0582946505196962,0.042382111508418224
BC23287,BC23287_D1,ENSG00000136942,0.10190867203951329,0.0988091506214571
BC23287,BC23287_D1,ENSG00000117984,-0.0034549963664784167,-0.024394463226836992
BC23287,BC23287_D1,__ambiguous[ENSG00000251357+ENSG00000240972],0.024959810322278057,0.0031240391255770543
BC23287,BC23287_D1,ENSG00000149273,0.10806200396161508,0.12940447470355457
BC23287,BC23287_D1,ENSG00000197746,-0.01771164461116825,-0.005486043771965019
BC23287,BC23287_D1,ENSG00000063177,0.0870531467235012,0.12813262220476124
BC23287,BC23287_D1,ENSG00000140264,0.03458924260421933,0.05259632370870895
BC23287,BC23287_D1,ENSG00000180879,0.019708013623399374,-0.02471285127347054
BC23287,BC23287_D1,ENSG00000179218,0.05989744766696437,0.08181300183510402
BC23287,BC23287_D1,ENSG00000105193,0.05029955080404622,0.07054832868881111
BC23287,BC23287_D1,ENSG00000130203,0.07979031886652026,0.14511271080215885
BC23287,BC23287_D1,ENSG00000221983,-0.12459592114284951,-0.16677967707439081
BC23287,BC23287_D1,ENSG00000142534,-0.06678071724790298,-0.09387501716766827
BC23287,BC23287_D1,ENSG00000185624,0.02603991915444092,0.042164520980261064
BC23287,BC23287_D1,ENSG00000204628,-0.014492696322742108,-0.05072229344172188
BC23287,BC23287_D1,ENSG00000167996,0.08460890099614062,0.08118717155864566
BC23287,BC23287_D1,ENSG00000166441,0.028124327472045175,0.029829312220268616
BC23287,BC23287_D1,ENSG00000234745,-0.08976365746195387,-0.07426600341471516
BC23287,BC23287_D1,ENSG00000142541,0.103438437319954,0.10361810428336977
BC23287,BC23287_D1,ENSG00000140988,-0.1275171981825801,-0.16634177457576346
BC23287,BC23287_D1,ENSG00000147403,0.13011955934284067,0.12613853665090574
BC23287,BC23287_D1,ENSG00000089157,-0.015620918389296502,-0.02916037833650813
BC23287,BC23287_D1,ENSG00000109062,0.24970536895068424,0.27900086434253957
BC23287,BC23287_D1,ENSG00000105640,0.015739851554017907,0.053651098829636854
BC23287,BC23287_D1,ENSG00000171858,-0.037594973276183156,-0.09650324915701101
BC23287,BC23287_D1,ENSG00000115268,0.0817522509593922,0.04057518967119958
BC23287,BC23287_D1,ENSG00000233927,-0.10051857698106026,-0.13657026848090398
BC23287,BC23287_D1,ENSG00000198034,0.10506209979600398,0.11813322331858592
BC23287,BC23287_D1,ENSG00000112306,0.08561563342798566,0.12173386323978498
BC23287,BC23287_D1,ENSG00000213741,-0.038954690112907885,-0.06076966327026717
BC23287,BC23287_D1,ENSG00000182774,-0.009328893772948129,-0.00629334239265652
BC23287,BC23287_D1,ENSG00000149806,-0.08921096746060221,-0.14058251851731945
BC23287,BC23287_D1,ENSG00000125691,-0.09299203759724166,-0.11153267103800306
BC23287,BC23287_D1,ENSG00000204525,0.22203905603516774,0.24762841115540865
BC23287,BC23287_D1,ENSG00000142676,0.036051835324846494,0.04686931327659204
BC23287,BC23287_D1,ENSG00000019582,0.021921735541323806,0.007740575878203136
BC23287,BC23287_D1,ENSG00000170889,-0.07440507565599518,-0.11367652266569267
BC23287,BC23287_D1,ENSG00000111341,0.025093983220460876,-0.017520277180307565
BC23287,BC23287_D1,ENSG00000172809,0.030997358752056964,0.06693409893225945
BC23287,BC23287_D1,ENSG00000172757,-0.054569947292928925,-0.08060561765613143
BC23287,BC23287_D1,ENSG00000177954,-0.029739202968733155,-0.044995079304080685
BC23287,BC23287_D1,ENSG00000204592,-0.12458529789480464,-0.1408401716740132
BC23287,BC23287_D1,ENSG00000100316,-0.014602504333057742,-0.08293096456644887
BC23287,BC23287_D1,ENSG00000137154,0.09304535193541177,0.10376509931415662
BC23287,BC23287_D1,ENSG00000101439,-0.06303438819607934,-0.11643264086061482
BC23287,BC23287_D1,ENSG00000184009,0.3137100286198127,0.3558756570346718
BC23287,BC23287_D1,ENSG00000108821,0.14314016790688397,0.17234064026905113
BC23287,BC23287_D1,ENSG00000165949,0.09358677232520879,0.09287972706851945
BC23287,BC23287_D1,__ambiguous[ENSG00000254772+ENSG00000255508],0.036800788707483344,0.021751136857476018
BC23287,BC23287_D1,ENSG00000206503,0.026904141521804547,0.02318693021163873
BC23287,BC23287_D1,ENSG00000169710,0.28159866402019523,0.3535513295546248
BC23287,BC23287_D1,ENSG00000231925,0.15375773291893707,0.2064058716789263
BC23287,BC23287_D1,ENSG00000163191,0.0776392665922712,0.09508144325615751
BC23287,BC23287_D1,ENSG00000083845,0.0357358969688907,0.016972640494590935
BC23287,BC23287_D1,__ambiguous[ENSG00000185883+ENSG00000260272],0.036981142386605256,-0.003274173487318198
BC23287,BC23287_D1,ENSG00000224389,0.007311238867421633,0.03399835958756188
BC23287,BC23287_D1,ENSG00000142937,-0.09263861891403924,-0.09704277559973958
BC23287,BC23287_D1,ENSG00000167995,0.09882902608526135,0.1294807083596997
BC23287,BC23287_D1,ENSG00000135404,-0.11801506841031652,-0.1571726986139592
BC23287,BC23287_D1,ENSG00000107223,0.06709666865853303,0.09038557774156748
BC23287,BC23287_D1,ENSG00000108639,0.1255689057290604,0.14894739809458357
BC23287,BC23287_D1,ENSG00000106624,0.1786210098135668,0.20823772835004742
BC23287,BC23287_D1,ENSG00000197958,0.11885697984183732,0.14071894319506237
BC23287,BC23287_D1,ENSG00000167468,0.05617465715867662,0.06050574330883413
BC23287,BC23287_D1,ENSG00000167658,0.08431172674473941,0.10669639546700906
BC23287,BC23287_D1,ENSG00000162244,0.18758540062147308,0.1753520527428904
BC23287,BC23287_D1,ENSG00000108679,-0.0861787188061991,-0.10007629801873026
BC23287,BC23287_D1,ENSG00000156482,0.04007092696952468,0.050215904305715896
BC23287,BC23287_D1,ENSG00000172531,-0.03338039442389408,-0.002582793311840339
BC23287,BC23287_D1,ENSG00000144713,-0.09923633916299991,-0.16063107620737851
BC23287,BC23287_D1,ENSG00000148303,0.0982381819127895,0.1104591710546925
BC23287,BC23287_D1,ENSG00000115884,0.09882311138953816,0.09870989015785445
BC23287,BC23287_D1,ENSG00000149925,4.797883133245266e-06,-0.02026331998977699
BC23287,BC23287_D1,ENSG00000143947,0.07104561877623607,0.109231773506902
BC23287,BC23287_D1,ENSG00000185499,-0.10453901313964555,-0.12986313919092138
BC23287,BC23287_D1,ENSG00000174748,0.24163624001027284,0.28016220617843
BC23287,BC23287_D1,ENSG00000115457,0.10821161268151251,0.12338120675919886
BC23287,BC23287_D1,ENSG00000108344,0.2587211503638574,0.3139169432715873
BC23287,BC23287_D1,ENSG00000185825,-0.0782592351686409,-0.07370196990995088
BC23287,BC23287_D1,ENSG00000131469,0.00581950689952313,-0.01025856171089655
BC23287,BC23287_D1,ENSG00000130303,-0.028093937157817255,-0.007225279891801507
BC23287,BC23287_D1,__ambiguous[ENSG00000185885+ENSG00000185201],-0.03223309694415474,-0.05221530987306307
BC23287,BC23287_D1,ENSG00000166710,0.1698738812032504,0.22092816012978703
BC23287,BC23287_D1,ENSG00000145592,0.17864613840184732,0.19542261704181788
BC23287,BC23287_D1,ENSG00000198242,0.004076687904977055,0.0016118281567062624
BC23287,BC23287_D1,ENSG00000163220,0.006254329556760431,0.021527889482030597
BC23287,BC23287_D1,ENSG00000104904,0.1716985492548077,0.22139973966675694
BC23287,BC23287_D1,ENSG00000152082,-0.1090498193060225,-0.1725596543194643
BC23287,BC23287_D1,ENSG00000158710,0.12474457180384668,0.13956012754307745
BC23287,BC23287_D1,ENSG00000246705,-0.04090500105029407,-0.0533802169318732
BC23287,BC23287_D1,ENSG00000141741,-0.014949383426045595,-0.020136407119117912
BC23287,BC23287_D1,ENSG00000106211,0.09333427853120246,0.16034254245951388
BC23287,BC23287_D1,ENSG00000117410,-0.014368826632178276,-0.04860302866835509
BC23287,BC23287_D1,ENSG00000074800,0.009169892038052378,0.004717767313408391
BC23287,BC23287_D1,__ambiguous[ENSG00000243678+ENSG00000011052],0.12667410461804443,0.20018789271992846
BC23287,BC23287_D1,ENSG00000118181,0.09295556558990449,0.1306738670307278
BC23287,BC23287_D1,ENSG00000173372,0.09298111889712654,0.130139972614439
BC23287,BC23287_D1,ENSG00000130208,-0.06369032319055919,-0.09241964119933546
BC23287,BC23287_D1,ENSG00000110651,-0.03668868270671558,-0.009793394110735322
BC23287,BC23287_D1,ENSG00000279483,-0.017023544566487858,-0.035912850210339596
BC23287,BC23287_D1,ENSG00000030582,0.11604848399414759,0.12338608371696819
BC23287,BC23287_D1,__ambiguous[ENSG00000257341+ENSG00000213145],0.018841033718810244,0.00672204773578844
BC23287,BC23287_D1,ENSG00000142669,-0.09767485730549169,-0.14362273275315485
BC23287,BC23287_D1,ENSG00000160862,0.0362154395729883,0.05667655749333189
BC23287,BC23287_D1,ENSG00000092841,-0.03948319891370156,-0.0710929245427527
BC23287,BC23287_D1,__ambiguous[ENSG00000124614+ENSG00000270800],0.018493825611219147,0.03881826072585093
BC23287,BC23287_D1,ENSG00000126267,-0.006744415237534496,0.016556298241344452
BC23287,BC23287_D1,ENSG00000111057,0.024426308490975285,0.007198512218384674
BC23287,BC23287_D1,ENSG00000277972,-0.03687074547803924,-0.028786797844587955
BC23287,BC23287_D1,ENSG00000165215,0.28634945333576334,0.33417665007064934
BC23287,BC23287_D1,ENSG00000150991,0.11255274743740001,0.17089943221782367
BC23287,BC23287_D1,ENSG00000205542,0.10746140446538278,0.08825775645634229
BC23287,BC23287_D1,ENSG00000169100,0.13248320567496966,0.17142153068889673
BC23287,BC23287_D1,ENSG00000133112,0.07521861580631786,0.11582987845546205
BC23287,BC23287_D1,ENSG00000071082,0.11831264232959418,0.1664297013001905
BC23287,BC23287_D1,ENSG00000071553,0.0003767061620473565,0.028753634412504083
BC23287,BC23287_D1,ENSG00000178719,0.04679330501408659,0.11437412510125819
BC23287,BC23287_D1,ENSG00000070756,0.14012312086308587,0.16533553135423149
BC23287,BC23287_D1,ENSG00000117450,0.07583773957156956,0.1123096293005547
BC23287,BC23287_D1,ENSG00000124664,0.18504393221527377,0.25465751579319595
BC23287,BC23287_D1,ENSG00000102265,-0.05757657135318081,-0.11478334082927001
BC23287,BC23287_D1,ENSG00000162511,0.007401716560385161,0.02248256817357374
BC23287,BC23287_D1,ENSG00000277791,0.12857689343998321,0.15705046105279374
BC23287,BC23287_D1,ENSG00000143774,-0.06732393199453833,-0.08317564064489819
BC23287,BC23287_D1,ENSG00000149591,0.11344148605439015,0.09293856335262465
BC23287,BC23287_D1,ENSG00000105223,0.09700094770790364,0.1065795191553314
BC23287,BC23287_D1,ENSG00000182492,0.09171729707821287,0.03993926040977516
BC23287,BC23287_D1,ENSG00000182809,0.24068221786049473,0.2555694073461835
BC23287,BC23287_D1,ENSG00000141522,0.07195207791670076,0.09737270825527623
BC23287,BC23287_D1,ENSG00000115414,0.23953763182745777,0.33087998327404133
BC23287,BC23287_D1,ENSG00000160789,0.05369633528551695,0.03154509731766538
BC23287,BC23287_D1,ENSG00000142089,0.019523701862818835,0.006034878111301969
BC23287,BC23287_D1,ENSG00000176340,-0.07133354647597534,-0.06639166164969668
BC23287,BC23287_D1,ENSG00000196924,0.11315563471951848,0.15120266578693503
BC23287,BC23287_D1,ENSG00000145425,0.09167057668257073,0.09622568420199192
BC23287,BC23287_D1,ENSG00000187514,0.21068994070098385,0.2172057030093582
BC23287,BC23287_D1,ENSG00000125534,-0.04372457045057778,-0.07776395322475031
BC23287,BC23287_D1,ENSG00000051523,0.017093148841423895,-0.002757277002228892
BC23287,BC23287_D1,ENSG00000124614,0.06199711545557913,0.04776018184022849
BC23287,BC23287_D1,ENSG00000163682,0.1981814450200636,0.23924451263814825
BC23287,BC23287_D1,ENSG00000204287,0.0897744477067251,0.11124168424102167
BC23287,BC23287_D1,ENSG00000272196,0.07642777924712153,0.12874677128498493
BC23287,BC23287_D1,ENSG00000164733,-0.020062380790061486,-0.04930685971591912
BC23287,BC23287_D1,__ambiguous[ENSG00000277957+ENSG00000161960],0.29524388773732313,0.3543890374410612
BC23287,BC23287_D1,ENSG00000058262,-0.015010174246868001,-0.013195544032591704
BC23287,BC23287_D1,ENSG00000052344,0.21609496630460343,0.27396412209361126
BC23287,BC23287_D1,ENSG00000131748,-0.02456785865175633,-0.03743877886888867
BC23287,BC23287_D1,ENSG00000138326,0.144559035926081,0.1512304732944086
BC23287,BC23287_D1,ENSG00000169223,0.02542710581187956,0.052553182661331556
BC23287,BC23287_D1,ENSG00000135480,0.05957332344313131,0.09628241084333042
BC23287,BC23287_D1,ENSG00000114353,-0.05798617044297254,-0.0394823018159073
BC23287,BC23287_D1,ENSG00000111669,0.02722086009744991,-0.00906554558422602
BC23287,BC23287_D1,ENSG00000103363,-0.06450052178568981,-0.07891770086558106
BC23287,BC23287_D1,ENSG00000127540,-0.11240222411609435,-0.11410179406463129
BC23287,BC23287_D1,ENSG00000184897,0.13474059343108377,0.18693703405311726
BC23287,BC23287_D1,ENSG00000144426,0.09613542496717775,0.11742421582305787
BC23287,BC23287_D1,ENSG00000255823,0.7159461651540767,0.7546068485652209
BC23287,BC23287_D1,ENSG00000123349,0.008613202356359775,-0.036263978395716885
BC23287,BC23287_D1,ENSG00000164692,0.11143930741317136,0.144127967723007
BC23287,BC23287_D1,ENSG00000104529,-0.0063497190858702365,-0.037957944686425285
BC23287,BC23287_D1,ENSG00000114867,0.034527210713427396,0.07170953098190992
BC23287,BC23287_D1,ENSG00000172354,0.12371339947006894,0.17362493149528876
BC23287,BC23287_D1,ENSG00000178952,-0.01382303797261401,-8.428178338280353e-05
BC23287,BC23287_D1,ENSG00000178980,0.21073452137517687,0.26199009315231464
BC23287,BC23287_D1,ENSG00000251562,-0.011236346399465729,-0.03006983557666455
BC23287,BC23287_D1,ENSG00000125730,0.23799041849615765,0.2340417681906866
BC23287,BC23287_D1,ENSG00000182899,0.05455579729666546,0.0625657915449074
BC23287,BC23287_D1,__ambiguous[ENSG00000262526+ENSG00000170296],-0.10607277333879,-0.13271405418986768
BC23287,BC23287_D1,ENSG00000026025,0.11002019543374564,0.1288105031303154
BC23287,BC23287_D1,ENSG00000142949,0.36454351603335633,0.3893392157146547
BC23287,BC23287_D1,ENSG00000008988,0.030022251709982982,0.04414953134000219
BC23287,BC23287_D1,ENSG00000104964,0.00826721411726342,0.007476592887545597
BC23287,BC23287_D1,ENSG00000167815,0.09646152263259702,0.13633121123373884
BC23287,BC23287_D1,__ambiguous[ENSG00000273259+ENSG00000196136],-0.025751260734324755,-0.02689790115523383
BC23287,BC23287_D1,ENSG00000142173,0.09463999386664564,0.0803808690851147
BC23287,BC23287_D1,ENSG00000155366,0.013885176909202357,-0.016495720720223334
BC23287,BC23287_D1,ENSG00000131143,0.022313249817644137,0.054975036272136305
BC23287,BC23287_D1,ENSG00000269028,0.7742376173373193,0.7896211616825848
BC23287,BC23287_D1,ENSG00000170315,0.12254103887152998,0.16586684759401396
BC23287,BC23287_D1,ENSG00000100300,0.0006635275726291021,-0.02262717725836009
BC23287,BC23287_D1,ENSG00000163479,0.07606108624603378,0.09533269512332136
BC23287,BC23287_D1,ENSG00000087460,0.2215209707497085,0.24662570497022776
BC23287,BC23287_D1,ENSG00000160932,-0.005070796277091691,0.028178318518738622
BC23287,BC23287_D1,ENSG00000187608,0.005485624911996345,-0.0022546654698414907
BC23287,BC23287_D1,ENSG00000126247,0.011085095025555996,0.012868440848207817
BC23287,BC23287_D1,__ambiguous[ENSG00000219200+ENSG00000161939],0.1093808438321055,0.12745167896261617
BC23287,BC23287_D1,ENSG00000188846,-0.027748075811264313,-0.05085968631964506
BC23287,BC23287_D1,ENSG00000100219,0.3844117208580055,0.40430197370143955
BC23287,BC23287_D1,ENSG00000174886,0.024129700464948306,0.015951124759648817
BC23287,BC23287_D1,ENSG00000173272,-0.1648349183219269,-0.21515291102845974
BC23287,BC23287_D1,ENSG00000163399,0.2822020883686261,0.31658821545025867
BC23287,BC23287_D1,ENSG00000171222,0.014291112878831298,0.0717896323853831
BC23287,BC23287_D1,ENSG00000173369,0.053738609172450366,0.04413263962639472
BC23287,BC23287_D1,ENSG00000214530,-0.15336526310558096,-0.14823524213930767
BC23287,BC23287_D1,ENSG00000145494,0.04688972709051404,0.036700595401074815
BC23287,BC23287_D1,ENSG00000174444,-0.0030532141760962568,0.006397107945204767
BC23287,BC23287_D1,ENSG00000197956,0.0909842923578399,0.10508376246988052
BC23287,BC23287_D1,ENSG00000114391,0.013760224280589345,0.01934051328126446
BC23287,BC23287_D1,__ambiguous[ENSG00000241343+ENSG00000257529],0.14314547369134836,0.16926857985710586
BC23287,BC23287_D1,ENSG00000125970,0.05701061053931912,0.054972987556760375
BC23287,BC23287_D1,ENSG00000196576,0.42352012960815827,0.44510481902634064
BC23287,BC23287_D1,ENSG00000213988,0.04148614528183716,0.01641960061434196
BC23287,BC23287_D1,ENSG00000135390,-0.018386111794218736,0.007738015540973125
BC23287,BC23287_D1,ENSG00000130725,0.10057712522111266,0.14059539524897574
BC23287,BC23287_D1,ENSG00000172270,0.02704103697138068,0.03265477457231127
BC23287,BC23287_D1,ENSG00000011304,0.24368520481399816,0.30071654488932287
BC23287,BC23287_D1,ENSG00000177700,-0.002654803546925044,-0.016038464521156447
BC23287,BC23287_D1,ENSG00000025708,0.11297780542166659,0.09949548305279679
BC23287,BC23287_D1,ENSG00000143420,0.056033501261595446,0.061007939240070794
BC23287,BC23287_D1,ENSG00000171863,0.05565369056439712,0.08253675744015188
BC23287,BC23287_D1,ENSG00000170421,0.24425987931303675,0.30552846112945314
BC23287,BC23287_D1,ENSG00000124172,0.04122876663842365,0.06979503976654115
BC23287,BC23287_D1,ENSG00000110492,0.0011024664326003,0.023760437350577972
BC23287,BC23287_D1,ENSG00000186468,0.1505105028649297,0.1875950800682368
BC23287,BC23287_D1,ENSG00000101335,0.008417238926417912,-0.00823458284155079
BC23287,BC23287_D1,ENSG00000186010,0.0344718722845223,0.037797670211667515
BC23287,BC23287_D1,ENSG00000143546,-0.111209544198119,-0.11043274625948218
BC23287,BC23287_D1,ENSG00000168528,0.05271917000758433,0.09375780505074649
BC23287,BC23287_D1,ENSG00000130520,0.13499321897377586,0.17900226699504956
BC23287,BC23287_D1,ENSG00000106153,0.2020087042609433,0.28000959871595094
BC23287,BC23287_D1,ENSG00000173801,0.1217317560871076,0.1764738582191501
BC23287,BC23287_D1,ENSG00000147684,0.06534176365469713,0.07854182119807687
BC23287,BC23287_D1,ENSG00000161960,0.23424460223090604,0.3019583903101687
BC23287,BC23287_D1,ENSG00000134419,0.17064420426228474,0.17713941043820738
BC23287,BC23287_D1,ENSG00000159840,0.09839089521594899,0.11243075162064096
BC23287,BC23287_D1,ENSG00000123989,0.00637384253556104,-0.002722662609734118
BC23287,BC23287_D1,ENSG00000141753,0.08457886251582564,0.07389957897592744
BC23287,BC23287_D1,ENSG00000132507,0.01617448747903185,0.056167988142535756
BC23287,BC23287_D1,ENSG00000140990,-0.042675995471204,-0.03664151380447171
BC23287,BC23287_D1,ENSG00000135940,0.04783431150305725,0.07976152924764578
BC23287,BC23287_D1,ENSG00000176046,-0.08829529690948382,-0.10121475558266041
BC23450,BC23450_D2,ENSG00000034510,0.1074584933885978,0.1152178586969752
BC23450,BC23450_D2,ENSG00000171345,0.06512520507857711,0.11996900901917808
BC23450,BC23450_D2,ENSG00000111640,0.051468653108154815,0.024365349888369962
BC23450,BC23450_D2,ENSG00000137818,0.11403548801822733,0.07060493534569934
BC23450,BC23450_D2,ENSG00000254709,0.40243660296986555,0.4560726053025929
BC23450,BC23450_D2,ENSG00000177600,0.2280866083351946,0.25387261057062765
BC23450,BC23450_D2,ENSG00000231500,0.025056916883879496,0.0014019160249081094
BC23450,BC23450_D2,ENSG00000164587,0.036425887944049606,-0.0003808974089823574
BC23450,BC23450_D2,ENSG00000075624,-0.05657002156723833,-0.08509838672363101
BC23450,BC23450_D2,ENSG00000108107,0.08854918839410209,0.05857458127063674
BC23450,BC23450_D2,ENSG00000105372,-0.09165130304840474,-0.1077953261054673
BC23450,BC23450_D2,ENSG00000197756,0.13509083393276639,0.14034639638903146
BC23450,BC23450_D2,ENSG00000161016,0.026987542071255824,0.012929581212727031
BC23450,BC23450_D2,ENSG00000108298,-0.120305047862086,-0.19603065342833156
BC23450,BC23450_D2,ENSG00000167526,0.07573307055045621,0.036062599543478874
BC23450,BC23450_D2,ENSG00000108518,0.21048130941476018,0.27925287852315916
BC23450,BC23450_D2,ENSG00000130255,0.006059993520218617,-0.02508732955976773
BC23450,BC23450_D2,ENSG00000141736,-0.12538121597331658,-0.17519643310198588
BC23450,BC23450_D2,ENSG00000087086,0.3638542775963887,0.46345575546603635
BC23450,BC23450_D2,__ambiguous[ENSG00000251357+ENSG00000240972],-0.08592104587133231,-0.0711246161756208
BC23450,BC23450_D2,ENSG00000136942,0.03154512484876128,0.009738622929780161
BC23450,BC23450_D2,ENSG00000063177,0.028286974634152924,0.04421389713704159
BC23450,BC23450_D2,ENSG00000117984,0.23930572890608084,0.27745349382329276
BC23450,BC23450_D2,ENSG00000197746,0.18896980275843225,0.20573789139686335
BC23450,BC23450_D2,ENSG00000140264,-0.05912112595179508,-0.0688992837881558
BC23450,BC23450_D2,ENSG00000105193,0.08386445790197003,0.13001579799005536
BC23450,BC23450_D2,ENSG00000180879,0.14979336918822467,0.1925590609106225
BC23450,BC23450_D2,ENSG00000179218,-0.06554272039785389,-0.10220996322489415
BC23450,BC23450_D2,ENSG00000149273,-0.0384540900650427,-0.11300428786605983
BC23450,BC23450_D2,ENSG00000221983,-0.02530586503166957,-0.024778957866208387
BC23450,BC23450_D2,ENSG00000204628,-0.03820232290051259,-0.010688388432517484
BC23450,BC23450_D2,ENSG00000185624,-0.0859237839008062,-0.06432548591506948
BC23450,BC23450_D2,ENSG00000142534,0.042558985436097665,0.032487408988226066
BC23450,BC23450_D2,ENSG00000142541,0.06829488526660596,0.061307218166804546
BC23450,BC23450_D2,ENSG00000130203,0.26943098069160176,0.36406169552998274
BC23450,BC23450_D2,ENSG00000109062,-0.029827036157720754,-0.04986868394685164
BC23450,BC23450_D2,ENSG00000166441,0.18730190611299305,0.1940423515347939
BC23450,BC23450_D2,ENSG00000147403,0.16469191369953626,0.19176731275231215
BC23450,BC23450_D2,ENSG00000234745,0.19481487794453498,0.21498037725197286
BC23450,BC23450_D2,ENSG00000167996,-0.07146280734672883,-0.043009045153029064
BC23450,BC23450_D2,ENSG00000089157,0.14517491262457524,0.16167868316456294
BC23450,BC23450_D2,ENSG00000140988,0.03370109131213744,0.047607466085613906
BC23450,BC23450_D2,ENSG00000105640,-0.10288535055119544,-0.1426706155316461
BC23450,BC23450_D2,ENSG00000115268,0.022142677260092634,0.02137793694020149
BC23450,BC23450_D2,ENSG00000171858,-0.016860424903882707,0.02501901653295237
BC23450,BC23450_D2,ENSG00000112306,0.04931558941348995,0.09148257226687266
BC23450,BC23450_D2,ENSG00000233927,-0.016816133507540704,-0.03448541461030511
BC23450,BC23450_D2,ENSG00000182774,0.012893885219276653,0.03222837940684184
BC23450,BC23450_D2,ENSG00000111341,-0.006995923713457904,-0.0506291281822309
BC23450,BC23450_D2,ENSG00000198034,0.12354564609680035,0.15033798628638853
BC23450,BC23450_D2,ENSG00000149806,-0.08847915557671714,-0.07261634396629879
BC23450,BC23450_D2,ENSG00000142676,0.06657245886345046,0.0956314407850587
BC23450,BC23450_D2,ENSG00000213741,0.058558019815950525,0.06256313371516985
BC23450,BC23450_D2,ENSG00000125691,-0.03289993867272114,-0.04269341656786465
BC23450,BC23450_D2,ENSG00000101439,0.0761640704770403,0.13507775263735897
BC23450,BC23450_D2,ENSG00000204525,0.16253884640533628,0.1827468055429827
BC23450,BC23450_D2,ENSG00000019582,0.07850354840971376,0.12170020859837592
BC23450,BC23450_D2,ENSG00000170889,0.15733155513922456,0.16128076377797512
BC23450,BC23450_D2,ENSG00000172809,0.01895415160916439,0.02808268644830633
BC23450,BC23450_D2,ENSG00000177954,0.035987904038019845,0.0015774395346993156
BC23450,BC23450_D2,ENSG00000100316,0.14091819436661313,0.13749998517905215
BC23450,BC23450_D2,ENSG00000184009,0.1984206322564099,0.2381777449646094
BC23450,BC23450_D2,ENSG00000172757,0.010029426860194838,0.028892444592296593
BC23450,BC23450_D2,ENSG00000204592,0.11922854727831604,0.11652695662853896
BC23450,BC23450_D2,ENSG00000169710,0.26223716310497586,0.2543664088023171
BC23450,BC23450_D2,ENSG00000137154,0.06666166045624607,0.08306249014706783
BC23450,BC23450_D2,ENSG00000108821,0.13027957936465256,0.1681984060752011
BC23450,BC23450_D2,ENSG00000083845,0.06519174651378527,0.08385077267379917
BC23450,BC23450_D2,__ambiguous[ENSG00000185883+ENSG00000260272],0.04617992717014367,0.07497010501025297
BC23450,BC23450_D2,ENSG00000142937,0.07751289269787671,0.06865249027000818
BC23450,BC23450_D2,__ambiguous[ENSG00000254772+ENSG00000255508],0.0762190369945815,0.07403783534779489
BC23450,BC23450_D2,ENSG00000231925,0.004441313940519859,0.0010883846017342472
BC23450,BC23450_D2,ENSG00000206503,0.06206387894819322,0.09457813867097076
BC23450,BC23450_D2,ENSG00000135404,0.018275135241381787,0.00025785942954109745
BC23450,BC23450_D2,ENSG00000224389,-0.08843459547180652,-0.14930067851042325
BC23450,BC23450_D2,ENSG00000167468,0.08467537139333198,0.08976627605317225
BC23450,BC23450_D2,ENSG00000163191,-0.06603688159520751,-0.07644152375476594
BC23450,BC23450_D2,ENSG00000167995,0.0235498694099696,-0.000978799056304296
BC23450,BC23450_D2,ENSG00000107223,0.050474921869481326,0.058926898026963284
BC23450,BC23450_D2,ENSG00000156482,0.018856744744209328,0.005014504502042915
BC23450,BC23450_D2,ENSG00000149925,0.09986436126540585,0.07914758355989723
BC23450,BC23450_D2,ENSG00000167658,0.048637854596604205,0.03814299329458807
BC23450,BC23450_D2,ENSG00000197958,0.11553030099328707,0.15302403713658558
BC23450,BC23450_D2,ENSG00000162244,0.06924158998951402,0.07522472598303007
BC23450,BC23450_D2,ENSG00000148303,0.0615356631297581,0.08977779938763424
BC23450,BC23450_D2,ENSG00000106624,0.11736049958613692,0.11704999755831633
BC23450,BC23450_D2,ENSG00000144713,-0.06847204008136852,-0.015157101072456805
BC23450,BC23450_D2,ENSG00000108679,-0.013261360856840442,-0.010940123375105642
BC23450,BC23450_D2,ENSG00000108639,0.09933384585317133,0.10407515851526336
BC23450,BC23450_D2,ENSG00000165949,0.07453657570627187,0.010053587433636029
BC23450,BC23450_D2,ENSG00000143947,0.022648407310287937,0.01848196128316422
BC23450,BC23450_D2,ENSG00000185499,-0.14219294864516682,-0.12862288033081853
BC23450,BC23450_D2,ENSG00000174748,0.1074849667350692,0.1442985506134571
BC23450,BC23450_D2,ENSG00000198242,0.03504041080885199,0.07389182925025892
BC23450,BC23450_D2,ENSG00000115884,-0.04931566989930815,-0.06654921576644393
BC23450,BC23450_D2,ENSG00000131469,-0.021145224415820597,-0.011624839095788864
BC23450,BC23450_D2,ENSG00000185825,0.03202678564355659,0.0070673083618007304
BC23450,BC23450_D2,ENSG00000160862,-0.08263999328339758,-0.07391744425444952
BC23450,BC23450_D2,ENSG00000115457,0.022298575133486497,0.01574089448856279
BC23450,BC23450_D2,ENSG00000166710,0.13003612365324468,0.15212887401535274
BC23450,BC23450_D2,ENSG00000130303,0.07813400638686051,0.112984585623987
BC23450,BC23450_D2,ENSG00000163220,0.053080478811024026,0.08219156338803378
BC23450,BC23450_D2,__ambiguous[ENSG00000185885+ENSG00000185201],0.11567478093937249,0.09430970728909713
BC23450,BC23450_D2,ENSG00000145592,0.031164838182664013,0.012599474864079082
BC23450,BC23450_D2,ENSG00000104904,-0.007647973754936214,-0.0075319556159651095
BC23450,BC23450_D2,ENSG00000108344,0.02535617190777327,-0.01324422768720201
BC23450,BC23450_D2,ENSG00000246705,-0.043315287367693106,-0.01195060093030845
BC23450,BC23450_D2,ENSG00000117410,0.05764668111524917,0.07039885929500897
BC23450,BC23450_D2,ENSG00000172531,0.12201997715477123,0.14997126662302213
BC23450,BC23450_D2,ENSG00000152082,0.004299097993686361,0.02795112922529345
BC23450,BC23450_D2,ENSG00000279483,0.04436782933314146,-0.0045550748308145
BC23450,BC23450_D2,ENSG00000158710,0.03173699993844199,-0.008253236415172071
BC23450,BC23450_D2,ENSG00000074800,0.09717709492412764,0.12331363129377557
BC23450,BC23450_D2,__ambiguous[ENSG00000243678+ENSG00000011052],0.22741236452014887,0.2682728016528012
BC23450,BC23450_D2,ENSG00000106211,0.03602912460491306,0.009937322832951194
BC23450,BC23450_D2,ENSG00000118181,0.10833193334169869,0.15139671559465878
BC23450,BC23450_D2,ENSG00000173372,0.2317098808935018,0.2654843533763945
BC23450,BC23450_D2,ENSG00000030582,-0.032341825351855535,-0.05973179679717486
BC23450,BC23450_D2,ENSG00000141741,0.04904152123822746,0.05373018687390939
BC23450,BC23450_D2,ENSG00000110651,0.09072419703051805,0.09232497134625822
BC23450,BC23450_D2,ENSG00000126267,0.056178435665057945,0.05730739724344578
BC23450,BC23450_D2,ENSG00000142669,0.060350966499084495,0.024672352293755594
BC23450,BC23450_D2,ENSG00000130208,0.10623707916161475,0.10942894998236485
BC23450,BC23450_D2,ENSG00000092841,0.11609057800355824,0.1095430095026284
BC23450,BC23450_D2,ENSG00000111057,0.15337463041351554,0.16363430945691518
BC23450,BC23450_D2,ENSG00000169100,0.1085030723825242,0.10376285973042824
BC23450,BC23450_D2,__ambiguous[ENSG00000124614+ENSG00000270800],-0.0055631592569865855,0.008752118603012858
BC23450,BC23450_D2,ENSG00000117450,0.15847527672060702,0.18716409134848985
BC23450,BC23450_D2,ENSG00000178719,0.006057514702516883,0.0001785548926231923
BC23450,BC23450_D2,ENSG00000133112,0.09048879536800987,0.11021761259890184
BC23450,BC23450_D2,ENSG00000071553,-0.037392703882732706,-0.03654023385975144
BC23450,BC23450_D2,ENSG00000102265,0.055317286624825636,0.033817321712336486
BC23450,BC23450_D2,ENSG00000165215,0.05739113304243986,0.06239581676309764
BC23450,BC23450_D2,ENSG00000277972,-0.016288500152947277,-0.013575890834782948
BC23450,BC23450_D2,ENSG00000150991,-0.10096210788171633,-0.13961016526414524
BC23450,BC23450_D2,ENSG00000071082,0.00751962026659488,0.01740485494138494
BC23450,BC23450_D2,ENSG00000205542,0.2016986717413503,0.18803583469078536
BC23450,BC23450_D2,ENSG00000124664,-0.01560743223117528,-0.004848015125133792
BC23450,BC23450_D2,ENSG00000143774,-0.08331795298500323,-0.10235477007384354
BC23450,BC23450_D2,ENSG00000070756,0.026457714499337773,-0.00412611897019625
BC23450,BC23450_D2,ENSG00000105223,0.13436333216295548,0.13214451682845108
BC23450,BC23450_D2,ENSG00000149591,0.2297597638829059,0.28202959395200755
BC23450,BC23450_D2,ENSG00000277791,0.1046758369043111,0.12689164001223974
BC23450,BC23450_D2,ENSG00000162511,0.21411797197398014,0.23345936497820624
BC23450,BC23450_D2,ENSG00000141522,0.08272358871374799,0.11104481300110189
BC23450,BC23450_D2,ENSG00000125534,0.05727939008076223,0.0729071423100561
BC23450,BC23450_D2,ENSG00000163682,0.16487045104122564,0.2164562115408941
BC23450,BC23450_D2,ENSG00000145425,-0.004076216939791494,0.046294829486154994
BC23450,BC23450_D2,ENSG00000160789,0.03595374325217281,-0.005229162620551794
BC23450,BC23450_D2,ENSG00000182492,0.21242822537053496,0.2128788061943575
BC23450,BC23450_D2,ENSG00000176340,0.012988849469876815,0.005455364851107372
BC23450,BC23450_D2,ENSG00000142089,-0.05396454929732973,-0.07005821828909668
BC23450,BC23450_D2,ENSG00000204287,0.32847475937884857,0.3547935748260358
BC23450,BC23450_D2,ENSG00000124614,0.06391077555555713,0.0875182658471534
BC23450,BC23450_D2,ENSG00000127540,-0.05811888918991302,-0.0411671585877129
BC23450,BC23450_D2,__ambiguous[ENSG00000277957+ENSG00000161960],0.05177831318619695,0.07157210099729878
BC23450,BC23450_D2,ENSG00000164733,0.21090660015885404,0.24395229705400684
BC23450,BC23450_D2,ENSG00000115414,0.0727509373752094,0.03355755940685421
BC23450,BC23450_D2,ENSG00000196924,0.025922858123408273,0.02083415889172559
BC23450,BC23450_D2,ENSG00000135480,0.027915165356884458,0.006456193210803358
BC23450,BC23450_D2,ENSG00000255823,0.183208579326694,0.21572160367109752
BC23450,BC23450_D2,__ambiguous[ENSG00000257341+ENSG00000213145],0.014805819746777946,0.005206891433021217
BC23450,BC23450_D2,ENSG00000103363,0.004539449169667244,-0.005011721833545037
BC23450,BC23450_D2,ENSG00000178980,-0.11959956232632435,-0.10089452262186244
BC23450,BC23450_D2,ENSG00000187514,0.1663679700905968,0.19668078586168627
BC23450,BC23450_D2,ENSG00000138326,0.07394190384290424,0.061668460523581006
BC23450,BC23450_D2,ENSG00000051523,0.0003370852760412904,0.042845142204189085
BC23450,BC23450_D2,ENSG00000182809,0.07248341560342507,0.08744903617924375
BC23450,BC23450_D2,ENSG00000123349,0.012912540611416895,0.013833240473786982
BC23450,BC23450_D2,ENSG00000058262,0.051797476592857154,0.051491052169872445
BC23450,BC23450_D2,ENSG00000169223,0.005334854026552102,-0.00034752835931007377
BC23450,BC23450_D2,ENSG00000251562,0.2996987175214611,0.3863387617765997
BC23450,BC23450_D2,ENSG00000111669,0.026079089851683297,0.02174233658233176
BC23450,BC23450_D2,ENSG00000104529,-0.02152368669850866,-0.044482581520130716
BC23450,BC23450_D2,ENSG00000114353,0.07659984555967955,0.10074846153987223
BC23450,BC23450_D2,ENSG00000269028,0.1792694752016072,0.18976557982443734
BC23450,BC23450_D2,__ambiguous[ENSG00000262526+ENSG00000170296],0.1265950385969384,0.10999270517054188
BC23450,BC23450_D2,ENSG00000170315,0.06069950969547022,0.04532673244694323
BC23450,BC23450_D2,ENSG00000144426,0.0721289286672278,0.08717050457339742
BC23450,BC23450_D2,ENSG00000114867,-0.016514091997001913,-0.019736715512138774
BC23450,BC23450_D2,ENSG00000008988,0.11645019194404298,0.10762314204422775
BC23450,BC23450_D2,ENSG00000167815,0.040506821142859965,0.05173879056712406
BC23450,BC23450_D2,ENSG00000026025,0.09803931202452162,0.09832913430304122
BC23450,BC23450_D2,ENSG00000125730,0.19075671496552812,0.21318648149055827
BC23450,BC23450_D2,ENSG00000182899,-0.009033133935367012,0.017994328510641807
BC23450,BC23450_D2,ENSG00000164692,0.14286452512240982,0.1490736453088706
BC23450,BC23450_D2,ENSG00000272196,-0.2195706413612186,-0.2350077377508294
BC23450,BC23450_D2,ENSG00000184897,0.03873907680837947,0.06326386338223058
BC23450,BC23450_D2,__ambiguous[ENSG00000219200+ENSG00000161939],0.04833639246194688,0.05612155301233471
BC23450,BC23450_D2,ENSG00000142949,0.06150946177810835,0.06929971434371016
BC23450,BC23450_D2,ENSG00000100219,0.14327577298726876,0.14802050326085267
BC23450,BC23450_D2,ENSG00000131143,-0.04450474465224532,-0.015567703754070066
BC23450,BC23450_D2,ENSG00000104964,0.06061803149855942,0.09549764973982111
BC23450,BC23450_D2,ENSG00000087460,0.11222177291306655,0.151588762348921
BC23450,BC23450_D2,ENSG00000100300,0.07841167784505633,0.08792685470073341
BC23450,BC23450_D2,ENSG00000131748,0.03736149134168068,0.08993087709844524
BC23450,BC23450_D2,ENSG00000172354,0.07102696031266979,0.06558594097467915
BC23450,BC23450_D2,ENSG00000126247,0.01206631089743286,0.011086259764569109
BC23450,BC23450_D2,ENSG00000052344,0.09251867207614198,0.09048933049994665
BC23450,BC23450_D2,ENSG00000164919,0.11042974629524527,0.12224167750938109
BC23450,BC23450_D2,ENSG00000142173,0.11401574989471065,0.07758358747644797
BC23450,BC23450_D2,ENSG00000155366,-0.13351014690162805,-0.14616182727363886
BC23450,BC23450_D2,ENSG00000178952,0.11475208818915825,0.11532648314713885
BC23450,BC23450_D2,ENSG00000188846,-0.0352146625816995,-0.08179905160864946
BC23450,BC23450_D2,ENSG00000160932,0.036774613294505896,0.03877236271946812
BC23450,BC23450_D2,ENSG00000145494,0.030369919409870983,0.022857949292894766
BC23450,BC23450_D2,ENSG00000174886,0.03212238587321426,0.03260378932845044
BC23450,BC23450_D2,ENSG00000163479,0.016543902602166895,0.015152252663617846
BC23450,BC23450_D2,__ambiguous[ENSG00000273259+ENSG00000196136],0.04373477644668605,0.09050716955955213
BC23450,BC23450_D2,ENSG00000114391,0.05919633780981649,0.04874709799718231
BC23450,BC23450_D2,ENSG00000213988,0.06101021525238218,0.09178351249990356
BC23450,BC23450_D2,ENSG00000214530,0.08339630208599622,0.12419092031561355
BC23450,BC23450_D2,ENSG00000171222,0.07045297834945174,0.0921649833760176
BC23450,BC23450_D2,__ambiguous[ENSG00000241343+ENSG00000257529],0.12282920104100756,0.1715735467334616
BC23450,BC23450_D2,ENSG00000130725,-0.003312918195102934,0.03997258504179699
BC23450,BC23450_D2,ENSG00000173369,0.1991739534034076,0.21168887484694032
BC23450,BC23450_D2,ENSG00000135390,0.03559314484662354,0.007267623261603439
BC23450,BC23450_D2,ENSG00000174444,0.09638130138501476,0.10229346670253942
BC23450,BC23450_D2,ENSG00000197956,-0.05527612256156194,-0.040538888282384423
BC23450,BC23450_D2,ENSG00000163399,0.008253399128513804,0.0059679679828539564
BC23450,BC23450_D2,ENSG00000173272,-0.038306349324154707,-0.013151871249257006
BC23450,BC23450_D2,ENSG00000177700,0.05529630059880098,0.038292457117594506
BC23450,BC23450_D2,ENSG00000196576,0.14932431145610153,0.16217960352066424
BC23450,BC23450_D2,ENSG00000147684,0.06472730515757083,0.07514960275459491
BC23450,BC23450_D2,ENSG00000125970,-0.0016384259587403883,-0.01571344789955155
BC23450,BC23450_D2,ENSG00000173801,-0.03498512250415433,-0.022672103263310074
BC23450,BC23450_D2,ENSG00000143420,-0.059658414778159086,-0.05679981942292376
BC23450,BC23450_D2,ENSG00000168528,0.02892166696748672,0.04704897160730719
BC23450,BC23450_D2,ENSG00000172270,0.007358211248285439,-0.051649236380691556
BC23450,BC23450_D2,ENSG00000143546,0.04285293683626025,0.046980755185148264
BC23450,BC23450_D2,ENSG00000147604,0.038300050995852084,0.06948052603203482
BC23450,BC23450_D2,ENSG00000011304,-0.1197360549963897,-0.08618709022121589
BC23450,BC23450_D2,ENSG00000124172,-0.02715467470416861,-0.06007226096684654
BC23450,BC23450_D2,ENSG00000187608,0.020835728951866406,0.028849021107844267
BC23450,BC23450_D2,ENSG00000161960,0.19129663546851597,0.2559641079760013
BC23450,BC23450_D2,ENSG00000110492,-0.024555224661276163,-0.011426912133757999
BC23450,BC23450_D2,ENSG00000141753,0.04297119957136978,0.0008821977755505514
BC23450,BC23450_D2,ENSG00000170421,0.13985824492992302,0.145378531768266
BC23450,BC23450_D2,ENSG00000130520,0.026902594053608734,0.07743327818371296
BC23450,BC23450_D2,ENSG00000176046,-0.09866939116620879,-0.12495667048897892
BC23450,BC23450_D2,ENSG00000171863,0.05257643463997923,0.042419860747477965
BC23450,BC23450_D2,ENSG00000186468,0.05803211711363229,0.09961202889283294
BC23450,BC23450_D2,ENSG00000132507,0.08607369038415574,0.0972940820291594
BC23450,BC23450_D2,ENSG00000101335,0.03878748234556432,0.027767412306921344
BC23450,BC23450_D2,ENSG00000025708,0.10542554758403923,0.1442315671242371
BC23450,BC23450_D2,ENSG00000279274,0.0845643207583952,0.05510466256395562
BC23450,BC23450_D2,ENSG00000135940,-0.07402480151793532,-0.059441614948626514
BC23450,BC23450_D2,ENSG00000140990,-0.011848294066404398,-0.004424845658394598
BC23450,BC23450_D2,ENSG00000109475,0.06926228940916673,0.05564392171834899
BC23450,BC23450_D2,ENSG00000106153,-0.03236771314447069,-0.08245986651397517
BC23450,BC23450_E1,ENSG00000034510,0.15994941315152378,0.1963570781550138
BC23450,BC23450_E1,ENSG00000171345,0.08666801766227024,0.12066128928248583
BC23450,BC23450_E1,ENSG00000111640,0.10533498613883771,0.09669812864986939
BC23450,BC23450_E1,ENSG00000137818,0.20196940359246046,0.18378762990976802
BC23450,BC23450_E1,ENSG00000254709,0.3198842963708072,0.32953647318685986
BC23450,BC23450_E1,ENSG00000177600,0.3314592156678711,0.34229388712159836
BC23450,BC23450_E1,ENSG00000231500,0.07523103788595496,0.11412507223401008
BC23450,BC23450_E1,ENSG00000164587,0.08071737037634459,0.05303917620930048
BC23450,BC23450_E1,ENSG00000075624,0.06573235772240929,0.05748320508133218
BC23450,BC23450_E1,ENSG00000108107,0.13784790268224045,0.15194376452642638
BC23450,BC23450_E1,ENSG00000105372,0.07273827168213567,0.05774959308703282
BC23450,BC23450_E1,ENSG00000197756,0.10733305142837929,0.12308723948727769
BC23450,BC23450_E1,ENSG00000161016,-0.00034134597075070986,0.009587624476455342
BC23450,BC23450_E1,ENSG00000108298,-0.09891273021032772,-0.13698648081930875
BC23450,BC23450_E1,ENSG00000167526,0.3241668240809825,0.34985902727673
BC23450,BC23450_E1,ENSG00000108518,0.10853242728979635,0.20234381434705137
BC23450,BC23450_E1,ENSG00000130255,0.09519528545894593,0.09738345614469683
BC23450,BC23450_E1,ENSG00000141736,-0.016307277900693085,-0.01867106773145044
BC23450,BC23450_E1,ENSG00000087086,0.4685482823504041,0.5203689783433645
BC23450,BC23450_E1,__ambiguous[ENSG00000251357+ENSG00000240972],0.026612404829007036,0.041285593512756
BC23450,BC23450_E1,ENSG00000136942,0.03876385752441958,0.016736258494414877
BC23450,BC23450_E1,ENSG00000063177,-0.08062044251397317,-0.0488081766417887
BC23450,BC23450_E1,ENSG00000117984,0.25889838856160713,0.3228760614450105
BC23450,BC23450_E1,ENSG00000197746,0.34430024453630775,0.3824626559168738
BC23450,BC23450_E1,ENSG00000140264,0.018233872823636133,0.05745090784137915
BC23450,BC23450_E1,ENSG00000105193,0.16071315578029244,0.15635462146829937
BC23450,BC23450_E1,ENSG00000180879,0.20954405042984225,0.22513971545348052
BC23450,BC23450_E1,ENSG00000179218,0.03808049523254035,0.04164692296640883
BC23450,BC23450_E1,ENSG00000149273,0.061509497408621716,0.030035942394645614
BC23450,BC23450_E1,ENSG00000221983,0.11544424450897249,0.151903422915698
BC23450,BC23450_E1,ENSG00000204628,-0.09380013701080901,-0.10098434388107153
BC23450,BC23450_E1,ENSG00000185624,0.1813023436252377,0.20386073519077877
BC23450,BC23450_E1,ENSG00000142534,-0.028346860937072966,-0.025843334004898192
BC23450,BC23450_E1,ENSG00000142541,0.2459396997229591,0.2602757219711961
BC23450,BC23450_E1,ENSG00000130203,0.47265404793058824,0.5522904036228435
BC23450,BC23450_E1,ENSG00000109062,0.11640600260180466,0.1379593268747758
BC23450,BC23450_E1,ENSG00000166441,0.16878639952586463,0.22303177422421583
BC23450,BC23450_E1,ENSG00000147403,0.03920469433826803,0.08894381768032758
BC23450,BC23450_E1,ENSG00000234745,0.25237623677780957,0.2818833891361546
BC23450,BC23450_E1,ENSG00000167996,0.026918794850677465,-0.023215198699768815
BC23450,BC23450_E1,ENSG00000089157,0.1654663869794333,0.15321784075204714
BC23450,BC23450_E1,ENSG00000140988,0.05899420128756244,0.020186971992324894
BC23450,BC23450_E1,ENSG00000105640,0.07770940420537402,0.0771968463653005
BC23450,BC23450_E1,ENSG00000115268,0.06005489653991623,0.06622546400007262
BC23450,BC23450_E1,ENSG00000171858,-0.0575446744289765,-0.050323008976884305
BC23450,BC23450_E1,ENSG00000112306,0.05502079087267219,0.0806883280055962
BC23450,BC23450_E1,ENSG00000233927,0.0781995936817165,0.09924507358211315
BC23450,BC23450_E1,ENSG00000182774,-0.06286209500964285,-0.07809046549656366
BC23450,BC23450_E1,ENSG00000111341,0.09555346807121694,0.08988051442821801
BC23450,BC23450_E1,ENSG00000198034,-0.051475273980728306,-0.06668635492096377
BC23450,BC23450_E1,ENSG00000149806,0.016716978622460688,0.022664872062490717
BC23450,BC23450_E1,ENSG00000142676,-0.017313794984755236,-0.014829938426916192
BC23450,BC23450_E1,ENSG00000213741,0.04893018546424598,0.06527633290964753
BC23450,BC23450_E1,ENSG00000125691,-0.10899767914641675,-0.09241357068496585
BC23450,BC23450_E1,ENSG00000101439,-0.11181071453373838,-0.09888784717139945
BC23450,BC23450_E1,ENSG00000204525,0.24745787028385596,0.30247124121650865
BC23450,BC23450_E1,ENSG00000019582,0.30272573209196624,0.309126669739089
BC23450,BC23450_E1,ENSG00000170889,0.10005674067181511,0.08549904627316816
BC23450,BC23450_E1,ENSG00000172809,0.060291719780668926,0.0420489948799055
BC23450,BC23450_E1,ENSG00000177954,0.16935164791512264,0.2003309077815482
BC23450,BC23450_E1,ENSG00000100316,0.09873305320411967,0.1047429750838541
BC23450,BC23450_E1,ENSG00000184009,0.16237633098733914,0.19570913114696317
BC23450,BC23450_E1,ENSG00000172757,0.007685155450363781,0.02265288673419461
BC23450,BC23450_E1,ENSG00000204592,0.1815966376490437,0.2269887462712674
BC23450,BC23450_E1,ENSG00000169710,0.24305838816342934,0.26961304047884405
BC23450,BC23450_E1,ENSG00000137154,0.009588037388616997,-0.0007510068216155031
BC23450,BC23450_E1,ENSG00000108821,0.09330393757355078,0.05931379675622094
BC23450,BC23450_E1,ENSG00000083845,0.013853798281296301,0.012590174508521925
BC23450,BC23450_E1,__ambiguous[ENSG00000185883+ENSG00000260272],0.006969793649478586,0.036592581272298814
BC23450,BC23450_E1,ENSG00000142937,0.0033128794990914677,-0.03455042102414955
BC23450,BC23450_E1,__ambiguous[ENSG00000254772+ENSG00000255508],-0.11140884032319162,-0.11240673706496168
BC23450,BC23450_E1,ENSG00000231925,0.11463780012446262,0.14755860594255454
BC23450,BC23450_E1,ENSG00000206503,0.07614715185884889,0.09412043050911764
BC23450,BC23450_E1,ENSG00000135404,0.08668072987156117,0.08663252369235588
BC23450,BC23450_E1,ENSG00000224389,-0.006964796286222466,-0.017673921374650736
BC23450,BC23450_E1,ENSG00000167468,0.049741125940559454,0.05651248965015216
BC23450,BC23450_E1,ENSG00000163191,-0.05741422430854528,-0.03386783310995714
BC23450,BC23450_E1,ENSG00000167995,0.1324718388608512,0.1506858963629933
BC23450,BC23450_E1,ENSG00000107223,-0.020036727567941295,0.030881810610018
BC23450,BC23450_E1,ENSG00000156482,0.0638510130719051,0.05327494698145942
BC23450,BC23450_E1,ENSG00000149925,0.06358698492523222,0.0646559574619391
BC23450,BC23450_E1,ENSG00000167658,-0.05289911201006505,-0.04880153029583884
BC23450,BC23450_E1,ENSG00000197958,-0.06246308056075213,-0.024583836448654042
BC23450,BC23450_E1,ENSG00000162244,0.1339357953554955,0.09613570133426896
BC23450,BC23450_E1,ENSG00000148303,-0.06467801212811457,-0.06559047109938118
BC23450,BC23450_E1,ENSG00000106624,0.30205089583412126,0.30738988291711744
BC23450,BC23450_E1,ENSG00000144713,-0.04394585558842359,-0.053698006295575036
BC23450,BC23450_E1,ENSG00000108679,-0.04520667431939153,0.03029185726461275
BC23450,BC23450_E1,ENSG00000108639,0.09334310602920336,0.15863581222889286
BC23450,BC23450_E1,ENSG00000165949,-0.10175469130973817,-0.08202651045759234
BC23450,BC23450_E1,ENSG00000143947,0.12228566782731382,0.15087013766253055
BC23450,BC23450_E1,ENSG00000185499,-0.04311148144401594,-0.0431865479410704
BC23450,BC23450_E1,ENSG00000174748,0.041168641210891525,0.012347857679750067
BC23450,BC23450_E1,ENSG00000198242,0.056644152759370014,0.03630389389237393
BC23450,BC23450_E1,ENSG00000115884,0.1236254106556161,0.1251473701971117
BC23450,BC23450_E1,ENSG00000131469,-0.026202524775270818,-0.015951911523120203
BC23450,BC23450_E1,ENSG00000185825,-0.026501043998966734,0.013270543829659948
BC23450,BC23450_E1,ENSG00000160862,-0.05107836430341998,-0.046912525287169216
BC23450,BC23450_E1,ENSG00000115457,-0.06574547103069145,-0.06385638532826546
BC23450,BC23450_E1,ENSG00000166710,0.11899289093794836,0.1334563281288957
BC23450,BC23450_E1,ENSG00000130303,-0.00868926247190664,0.019052306797371066
BC23450,BC23450_E1,ENSG00000163220,-0.07567663161479903,-0.050256082643649495
BC23450,BC23450_E1,__ambiguous[ENSG00000185885+ENSG00000185201],-0.14789036331797875,-0.13631810461599983
BC23450,BC23450_E1,ENSG00000145592,-0.029065702359252776,-0.02470507481900843
BC23450,BC23450_E1,ENSG00000104904,0.060133171311114224,0.05269409316180032
BC23450,BC23450_E1,ENSG00000108344,-0.05021052862678652,-0.03710947219645862
BC23450,BC23450_E1,ENSG00000246705,0.10542728310513297,0.14803681834693863
BC23450,BC23450_E1,ENSG00000117410,0.02713070948975112,0.037223041756442095
BC23450,BC23450_E1,ENSG00000172531,0.09246325274379034,0.14898226936349548
BC23450,BC23450_E1,ENSG00000152082,-0.009866007242144995,0.04058148448964235
BC23450,BC23450_E1,ENSG00000279483,0.030166271351274178,0.04616842616509611
BC23450,BC23450_E1,ENSG00000158710,-0.007538796918991937,-0.003611731524825219
BC23450,BC23450_E1,ENSG00000074800,-0.005176184582522782,-0.007747447990799999
BC23450,BC23450_E1,__ambiguous[ENSG00000243678+ENSG00000011052],-0.013237962228059409,-0.007980715034223897
BC23450,BC23450_E1,ENSG00000106211,0.09253719378618373,0.12843068259594298
BC23450,BC23450_E1,ENSG00000118181,0.08817228615424072,0.07786555487597005
BC23450,BC23450_E1,ENSG00000173372,0.21037984912883248,0.24233882157001152
BC23450,BC23450_E1,ENSG00000030582,-0.09179632426269456,-0.060959776040875005
BC23450,BC23450_E1,ENSG00000141741,-0.10348976372985721,-0.11426936439419795
BC23450,BC23450_E1,ENSG00000110651,0.1812077690283621,0.19565062960864174
BC23450,BC23450_E1,ENSG00000126267,0.036950763405078454,0.0643277988601369
BC23450,BC23450_E1,ENSG00000142669,0.12238800698133019,0.12914308521868073
BC23450,BC23450_E1,ENSG00000130208,0.17964458926746174,0.23974589888905545
BC23450,BC23450_E1,ENSG00000092841,-0.006570139664839721,-0.009763365143847387
BC23450,BC23450_E1,ENSG00000111057,0.024057165793591056,0.040232866911587194
BC23450,BC23450_E1,ENSG00000169100,0.14496544759925165,0.1478708244478309
BC23450,BC23450_E1,__ambiguous[ENSG00000124614+ENSG00000270800],-0.05856231125765843,-0.03773999003364402
BC23450,BC23450_E1,ENSG00000117450,0.08044096912454046,0.09222796916279379
BC23450,BC23450_E1,ENSG00000178719,0.024392989807673664,0.03976695787691679
BC23450,BC23450_E1,ENSG00000133112,0.08590973457163525,0.07503543355220171
BC23450,BC23450_E1,ENSG00000071553,0.03670025731380934,0.045711535138249895
BC23450,BC23450_E1,ENSG00000102265,0.05949025350839998,0.013917895337053366
BC23450,BC23450_E1,ENSG00000165215,0.10526113434119316,0.13541954820913404
BC23450,BC23450_E1,ENSG00000277972,-0.0006554678869623616,-0.02214395444844487
BC23450,BC23450_E1,ENSG00000150991,-0.04377601243421502,-0.016006022817972802
BC23450,BC23450_E1,ENSG00000071082,0.11678838731026842,0.12622391545171052
BC23450,BC23450_E1,ENSG00000205542,0.15140812842730333,0.18229294933884588
BC23450,BC23450_E1,ENSG00000124664,0.10978714304954319,0.13651062478561815
BC23450,BC23450_E1,ENSG00000143774,0.07113767839654755,0.08732851452483975
BC23450,BC23450_E1,ENSG00000070756,0.16242684716329478,0.21304125826109777
BC23450,BC23450_E1,ENSG00000105223,0.1724331548629585,0.17256456729455177
BC23450,BC23450_E1,ENSG00000149591,0.24034562934842402,0.2920703956186034
BC23450,BC23450_E1,ENSG00000277791,-0.05124190651076528,-0.06675430703337377
BC23450,BC23450_E1,ENSG00000162511,0.31672084548098384,0.35563515256536904
BC23450,BC23450_E1,ENSG00000141522,0.16311160593291849,0.17693970955188032
BC23450,BC23450_E1,ENSG00000125534,0.02236674213320639,0.014938235382178849
BC23450,BC23450_E1,ENSG00000163682,0.06347616621413826,0.06335975110630568
BC23450,BC23450_E1,ENSG00000145425,-0.02319288166354036,-0.02615441458074069
BC23450,BC23450_E1,ENSG00000160789,0.10559493938217646,0.1268768327647993
BC23450,BC23450_E1,ENSG00000182492,0.16918955758399287,0.20233263464097356
BC23450,BC23450_E1,ENSG00000176340,0.053032386444320734,0.05614532621293467
BC23450,BC23450_E1,ENSG00000142089,-0.06694043338319595,-0.08081036955376636
BC23450,BC23450_E1,ENSG00000204287,0.35302950890947504,0.387828379713502
BC23450,BC23450_E1,ENSG00000124614,-0.1489010033967552,-0.1756506739199568
BC23450,BC23450_E1,ENSG00000127540,0.008248420011428297,-0.017780936824554252
BC23450,BC23450_E1,__ambiguous[ENSG00000277957+ENSG00000161960],0.1939843366143807,0.24420794802232393
BC23450,BC23450_E1,ENSG00000164733,0.10035329846575355,0.14280022872501036
BC23450,BC23450_E1,ENSG00000115414,0.15199647537933708,0.1727201515516287
BC23450,BC23450_E1,ENSG00000196924,0.057480657657145565,0.07564976362747446
BC23450,BC23450_E1,ENSG00000135480,0.007963056467525537,-0.009043766598747522
BC23450,BC23450_E1,ENSG00000255823,0.41834821536371386,0.48423586045307154
BC23450,BC23450_E1,__ambiguous[ENSG00000257341+ENSG00000213145],-0.010731133110781877,0.02004564306921088
BC23450,BC23450_E1,ENSG00000103363,-0.07162309810516039,-0.10045241902022188
BC23450,BC23450_E1,ENSG00000178980,0.08434502178022808,0.08699134216267965
BC23450,BC23450_E1,ENSG00000187514,0.07248341908756706,0.07712698404449396
BC23450,BC23450_E1,ENSG00000138326,-0.00919080943447811,0.01678191617819725
BC23450,BC23450_E1,ENSG00000051523,0.024970112363308965,0.06605462043311618
BC23450,BC23450_E1,ENSG00000182809,-0.05813490877023624,-0.034246692015878905
BC23450,BC23450_E1,ENSG00000123349,-0.05613414877845958,-0.05547067208589084
BC23450,BC23450_E1,ENSG00000058262,0.0804843823411413,0.11352656206539283
BC23450,BC23450_E1,ENSG00000169223,0.05334238389853057,0.04387112128093317
BC23450,BC23450_E1,ENSG00000251562,0.3775347005453852,0.4764388809791592
BC23450,BC23450_E1,ENSG00000111669,-0.053827094479671024,-0.039562225329469576
BC23450,BC23450_E1,ENSG00000104529,0.04681931282316461,0.06096364712810259
BC23450,BC23450_E1,ENSG00000114353,0.06295234562077111,0.09108488613766556
BC23450,BC23450_E1,ENSG00000269028,0.4840423610226231,0.5376053600010068
BC23450,BC23450_E1,__ambiguous[ENSG00000262526+ENSG00000170296],-0.09059167724401569,-0.09405420835901783
BC23450,BC23450_E1,ENSG00000170315,0.015594934061302128,0.0007830160114408401
BC23450,BC23450_E1,ENSG00000144426,0.1112809697307947,0.14960907984647978
BC23450,BC23450_E1,ENSG00000114867,-0.03675057233510213,-0.008346613411660209
BC23450,BC23450_E1,ENSG00000008988,0.08006863102207354,0.08059911903529504
BC23450,BC23450_E1,ENSG00000167815,0.04273295989332126,0.08576690494553413
BC23450,BC23450_E1,ENSG00000026025,0.14906455445661076,0.15784263518121872
BC23450,BC23450_E1,ENSG00000125730,0.12563269864262783,0.13811344794707422
BC23450,BC23450_E1,ENSG00000182899,-0.013908818132398472,-0.023860507265244017
BC23450,BC23450_E1,ENSG00000164692,0.11433779164971807,0.11955353801120348
BC23450,BC23450_E1,ENSG00000272196,0.018324781153719934,0.06616855339887558
BC23450,BC23450_E1,ENSG00000184897,0.08593778401908155,0.1308371358333392
BC23450,BC23450_E1,__ambiguous[ENSG00000219200+ENSG00000161939],0.013137213824193172,0.03528928376588539
BC23450,BC23450_E1,ENSG00000142949,0.0412994142001828,-0.01835962152426019
BC23450,BC23450_E1,ENSG00000100219,0.2507572960613191,0.2791739396929439
BC23450,BC23450_E1,ENSG00000131143,0.015255835539259322,0.015704038860958565
BC23450,BC23450_E1,ENSG00000104964,-0.04588114694138673,-0.04185701617391792
BC23450,BC23450_E1,ENSG00000087460,0.1074217893271907,0.15336770674787806
BC23450,BC23450_E1,ENSG00000100300,0.031506637896560254,0.0068840723922344365
BC23450,BC23450_E1,ENSG00000131748,0.07921476526749342,0.10133742251730539
BC23450,BC23450_E1,ENSG00000172354,0.06278987973516433,0.05150951000991962
BC23450,BC23450_E1,ENSG00000126247,-0.012923587604327422,0.0183191042026095
BC23450,BC23450_E1,ENSG00000052344,0.046471159214722384,0.1001491041935336
BC23450,BC23450_E1,ENSG00000164919,0.24864258871848602,0.27159563093672007
BC23450,BC23450_E1,ENSG00000142173,0.08562271982368827,0.06110719942532274
BC23450,BC23450_E1,ENSG00000155366,0.02007382850625261,0.03767256555064032
BC23450,BC23450_E1,ENSG00000178952,0.0115446010253651,0.0030868336850776324
BC23450,BC23450_E1,ENSG00000188846,-0.09749537461745536,-0.10968078949918182
BC23450,BC23450_E1,ENSG00000160932,0.04471765385876003,0.0887180230267129
BC23450,BC23450_E1,ENSG00000145494,-0.02850203851144408,-0.062067205630730655
BC23450,BC23450_E1,ENSG00000174886,-0.037277716905007356,-0.0407065743247963
BC23450,BC23450_E1,ENSG00000163479,-0.06095922214450161,-0.05733443116212135
BC23450,BC23450_E1,__ambiguous[ENSG00000273259+ENSG00000196136],0.006714646207171636,0.02129021689268874
BC23450,BC23450_E1,ENSG00000114391,0.07065661257382935,0.06638993636176223
BC23450,BC23450_E1,ENSG00000213988,0.025309185856775905,0.041797774066916656
BC23450,BC23450_E1,ENSG00000214530,0.025548953867008697,0.044565732034245305
BC23450,BC23450_E1,ENSG00000171222,0.08842751151130736,0.09403580649630043
BC23450,BC23450_E1,__ambiguous[ENSG00000241343+ENSG00000257529],0.025541441800349028,0.03609780504893899
BC23450,BC23450_E1,ENSG00000130725,0.11602207243092137,0.14401666815672898
BC23450,BC23450_E1,ENSG00000173369,0.21066199634376753,0.22252531890517444
BC23450,BC23450_E1,ENSG00000135390,-0.013115905804862132,-0.004293106745664991
BC23450,BC23450_E1,ENSG00000174444,0.0790699990536662,0.06445210543006032
BC23450,BC23450_E1,ENSG00000197956,0.18295174226316555,0.18923707707251788
BC23450,BC23450_E1,ENSG00000163399,0.13230901267153064,0.1361800157398489
BC23450,BC23450_E1,ENSG00000173272,0.03259112420744117,0.0715882244829193
BC23450,BC23450_E1,ENSG00000177700,0.018808574841518537,0.032064879350877255
BC23450,BC23450_E1,ENSG00000196576,0.12962365669674117,0.1617934648813052
BC23450,BC23450_E1,ENSG00000147684,0.00811231879984522,-0.028338420539816236
BC23450,BC23450_E1,ENSG00000125970,0.23280860524448965,0.26381569554128775
BC23450,BC23450_E1,ENSG00000173801,0.12499972783176116,0.14683381703293255
BC23450,BC23450_E1,ENSG00000143420,0.02028192056226429,0.06303627300000089
BC23450,BC23450_E1,ENSG00000168528,0.1076412237691412,0.1470288874791005
BC23450,BC23450_E1,ENSG00000172270,0.08280504256874027,0.055655598374685644
BC23450,BC23450_E1,ENSG00000143546,0.08200596598114662,0.07701656366952835
BC23450,BC23450_E1,ENSG00000147604,0.06051946705715075,0.038556382092615284
BC23450,BC23450_E1,ENSG00000011304,0.08933595935598847,0.10995334837666777
BC23450,BC23450_E1,ENSG00000124172,0.029450243105780295,0.049744754483849685
BC23450,BC23450_E1,ENSG00000187608,0.04023144020738773,0.061675717414146014
BC23450,BC23450_E1,ENSG00000161960,0.12783709314977498,0.1565315697805428
BC23450,BC23450_E1,ENSG00000110492,-0.08646268392243765,-0.09722370805331987
BC23450,BC23450_E1,ENSG00000141753,-0.09661818134345815,-0.09954433114672938
BC23450,BC23450_E1,ENSG00000170421,0.21000349511127317,0.2012568314252999
BC23450,BC23450_E1,ENSG00000130520,0.04476866699438581,0.04590235573743998
BC23450,BC23450_E1,ENSG00000176046,-0.08383338767343138,-0.09491061087195334
BC23450,BC23450_E1,ENSG00000171863,-0.05757504184238565,-0.06268105019228083
BC23450,BC23450_E1,ENSG00000186468,0.013698755433108464,-0.004058589938608277
BC23450,BC23450_E1,ENSG00000132507,0.01550786183023644,0.04477867446848239
BC23450,BC23450_E1,ENSG00000101335,0.2206266806932873,0.20824603379654547
BC23450,BC23450_E1,ENSG00000025708,0.006909593243885062,0.04793630109515845
BC23450,BC23450_E1,ENSG00000279274,0.1468500056221757,0.15583118830112086
BC23450,BC23450_E1,ENSG00000135940,-0.04151148592953421,-0.061279052231304636
BC23450,BC23450_E1,ENSG00000140990,-0.07357441989739175,-0.06470495119777467
BC23450,BC23450_E1,ENSG00000109475,0.06209817800975276,0.05577361484411639
BC23450,BC23450_E1,ENSG00000106153,-0.05616268810903022,-0.05878088985697736
BC23450,BC23450_E2,ENSG00000034510,-0.04148875840314068,-0.046095634467428835
BC23450,BC23450_E2,ENSG00000171345,-0.04230165282119887,-0.020072276933378076
BC23450,BC23450_E2,ENSG00000111640,-0.03365783350494156,-0.05760418306576015
BC23450,BC23450_E2,ENSG00000137818,0.05780118208201241,0.05051223448928599
BC23450,BC23450_E2,ENSG00000254709,0.06908240346915508,0.04040521928885827
BC23450,BC23450_E2,ENSG00000177600,0.15324906982648978,0.15140977474216835
BC23450,BC23450_E2,ENSG00000231500,0.017140972169992837,-0.014585059471933544
BC23450,BC23450_E2,ENSG00000164587,0.08499760187420914,0.08823824499063465
BC23450,BC23450_E2,ENSG00000075624,0.17887045400736948,0.17929383257686932
BC23450,BC23450_E2,ENSG00000108107,0.15124818969458123,0.17068386289249
BC23450,BC23450_E2,ENSG00000105372,0.04474230268178767,0.04303748157278452
BC23450,BC23450_E2,ENSG00000197756,0.0138450122112642,0.019811428975418415
BC23450,BC23450_E2,ENSG00000161016,-0.052312298351058474,-0.07590922328484168
BC23450,BC23450_E2,ENSG00000108298,-0.09585459943716454,-0.14410965060593564
BC23450,BC23450_E2,ENSG00000167526,0.08684010217546005,0.09190731046750032
BC23450,BC23450_E2,ENSG00000108518,-0.04747822398297411,-0.0702007869115568
BC23450,BC23450_E2,ENSG00000130255,-0.03641089337488174,-0.047024711577157284
BC23450,BC23450_E2,ENSG00000141736,0.028075484105592075,0.06985542001073738
BC23450,BC23450_E2,ENSG00000087086,0.15274335072098044,0.1495018921435583
BC23450,BC23450_E2,__ambiguous[ENSG00000251357+ENSG00000240972],0.03901360627025513,0.04543469959879414
BC23450,BC23450_E2,ENSG00000136942,0.02929749586600941,-0.0005585279065352017
BC23450,BC23450_E2,ENSG00000063177,0.10129913249654189,0.11521263311772786
BC23450,BC23450_E2,ENSG00000117984,0.017258860226024453,0.016845667548847983
BC23450,BC23450_E2,ENSG00000197746,-0.0021761958903723567,-0.015404639149313388
BC23450,BC23450_E2,ENSG00000140264,-0.01682684656380547,0.034665136543302194
BC23450,BC23450_E2,ENSG00000105193,-0.018059608421172706,-0.04104722199618846
BC23450,BC23450_E2,ENSG00000180879,0.0385469132571933,0.01654193169009751
BC23450,BC23450_E2,ENSG00000179218,-0.06920053883801922,-0.06739023629760593
BC23450,BC23450_E2,ENSG00000149273,-0.04071882211509451,-0.05689945603162206
BC23450,BC23450_E2,ENSG00000221983,0.07355617355308453,0.06618323247520982
BC23450,BC23450_E2,ENSG00000204628,-0.036316769618464674,-0.051795437664707906
BC23450,BC23450_E2,ENSG00000185624,-0.11224402109846704,-0.1113517611083384
BC23450,BC23450_E2,ENSG00000142534,-0.031444793457041466,-0.03289847011697724
BC23450,BC23450_E2,ENSG00000142541,0.006187551873758574,0.003766365933933437
BC23450,BC23450_E2,ENSG00000130203,0.06955188980128198,0.05189032216075302
BC23450,BC23450_E2,ENSG00000109062,0.0602843443846076,0.08081229646229543
BC23450,BC23450_E2,ENSG00000166441,0.09494083062780544,0.09862565175113552
BC23450,BC23450_E2,ENSG00000147403,0.03711123070917108,0.019455819596446843
BC23450,BC23450_E2,ENSG00000234745,-0.022814474286122776,-0.040254049513229376
BC23450,BC23450_E2,ENSG00000167996,0.12918000021506507,0.17324092604057026
BC23450,BC23450_E2,ENSG00000089157,-0.03562988311894835,-0.03373624418416827
BC23450,BC23450_E2,ENSG00000140988,0.0018785525005659027,-0.0019050796416237787
BC23450,BC23450_E2,ENSG00000105640,0.059298625637911336,0.030307189897174836
BC23450,BC23450_E2,ENSG00000115268,-0.00795018168463303,0.009998230867039168
BC23450,BC23450_E2,ENSG00000171858,0.14565126434595288,0.16363121873172626
BC23450,BC23450_E2,ENSG00000112306,-0.04586411665143734,-0.027988647325438543
BC23450,BC23450_E2,ENSG00000233927,0.09866912321007257,0.1329644818830969
BC23450,BC23450_E2,ENSG00000182774,0.09979353360384072,0.08977309370531181
BC23450,BC23450_E2,ENSG00000111341,0.05766050546498325,0.06587596585673584
BC23450,BC23450_E2,ENSG00000198034,-0.0287534281387557,-0.04699216604621364
BC23450,BC23450_E2,ENSG00000149806,0.07196693906405366,0.08231261032991995
BC23450,BC23450_E2,ENSG00000142676,0.10149382052665201,0.12208384041199931
BC23450,BC23450_E2,ENSG00000213741,-0.0026639284162936557,0.006282379475485644
BC23450,BC23450_E2,ENSG00000125691,-0.07632399292666142,-0.09235770643843287
BC23450,BC23450_E2,ENSG00000101439,-0.03202415382244257,-0.03181872889298546
BC23450,BC23450_E2,ENSG00000204525,0.14182547021110523,0.11260854923281614
BC23450,BC23450_E2,ENSG00000019582,0.13095165673685466,0.14130830204552275
BC23450,BC23450_E2,ENSG00000170889,0.0344004830686097,0.002962464712421887
BC23450,BC23450_E2,ENSG00000172809,0.04710913565838516,0.03343842413538079
BC23450,BC23450_E2,ENSG00000177954,0.01816903223699024,-0.007286518258025997
BC23450,BC23450_E2,ENSG00000100316,-0.04353455699113546,-0.03869282556736744
BC23450,BC23450_E2,ENSG00000184009,0.07853401473236885,0.09141545288869468
BC23450,BC23450_E2,ENSG00000172757,0.006124164316329132,-0.012323867939389794
BC23450,BC23450_E2,ENSG00000204592,0.025096025818303502,0.012492411173481427
BC23450,BC23450_E2,ENSG00000169710,0.21106437120851695,0.24588178457297447
BC23450,BC23450_E2,ENSG00000137154,0.06084580654568158,0.06287155001696756
BC23450,BC23450_E2,ENSG00000108821,-0.06536423726657542,-0.12660217989214445
BC23450,BC23450_E2,ENSG00000083845,-0.03430948477250629,-0.039372963746862194
BC23450,BC23450_E2,__ambiguous[ENSG00000185883+ENSG00000260272],0.08429871746406986,0.10110679228269515
BC23450,BC23450_E2,ENSG00000142937,0.12386835063454157,0.10737657537124845
BC23450,BC23450_E2,__ambiguous[ENSG00000254772+ENSG00000255508],0.011250197334903686,0.025156244076419868
BC23450,BC23450_E2,ENSG00000231925,-0.09758137374140165,-0.10558222210154443
BC23450,BC23450_E2,ENSG00000206503,-0.003981875606763761,-0.01919277663614171
BC23450,BC23450_E2,ENSG00000135404,-0.030201043666026703,-0.032243894779861226
BC23450,BC23450_E2,ENSG00000224389,-0.041423815397353826,-0.0508593705290373
BC23450,BC23450_E2,ENSG00000167468,-0.10730488948285745,-0.1225320278946358
BC23450,BC23450_E2,ENSG00000163191,0.1049158325424579,0.049654665031951664
BC23450,BC23450_E2,ENSG00000167995,0.005286754110167029,-0.015506631903497776
BC23450,BC23450_E2,ENSG00000107223,0.17326987996684823,0.19009570757779584
BC23450,BC23450_E2,ENSG00000156482,-0.06266911150665187,-0.048465775202507846
BC23450,BC23450_E2,ENSG00000149925,0.08033185392830815,0.08908901378613901
BC23450,BC23450_E2,ENSG00000167658,-0.04624297121883507,-0.053016326769304234
BC23450,BC23450_E2,ENSG00000197958,0.030809474106609704,0.057148752675447105
BC23450,BC23450_E2,ENSG00000162244,-0.0470633589711059,-0.04261880785637934
BC23450,BC23450_E2,ENSG00000148303,0.007227149032859825,0.015260473588406947
BC23450,BC23450_E2,ENSG00000106624,0.04252253397622311,-0.0159967095186333
BC23450,BC23450_E2,ENSG00000144713,-0.032606886801936664,-0.011153523742234061
BC23450,BC23450_E2,ENSG00000108679,-0.04836437366972704,-0.08187861956097525
BC23450,BC23450_E2,ENSG00000108639,-0.12842533248332508,-0.1375475088044308
BC23450,BC23450_E2,ENSG00000165949,-0.08260212830688266,-0.11476517515864433
BC23450,BC23450_E2,ENSG00000143947,0.04132941352688327,0.047147504047829816
BC23450,BC23450_E2,ENSG00000185499,-0.05238157098182948,-0.07956546940734206
BC23450,BC23450_E2,ENSG00000174748,0.009081368526881312,0.03270641940335874
BC23450,BC23450_E2,ENSG00000198242,-0.0745388935384238,-0.08059052380476438
BC23450,BC23450_E2,ENSG00000115884,-0.06294434086147466,-0.07987477085236278
BC23450,BC23450_E2,ENSG00000131469,0.06674488245925105,0.08065148003108236
BC23450,BC23450_E2,ENSG00000185825,0.03211181815925459,-0.011520130231657487
BC23450,BC23450_E2,ENSG00000160862,0.03875797988328001,0.05731904790321106
BC23450,BC23450_E2,ENSG00000115457,-0.017912110085063045,-0.010369495775337044
BC23450,BC23450_E2,ENSG00000166710,0.037304103649142134,0.047367769342651744
BC23450,BC23450_E2,ENSG00000130303,-0.0027962033988358746,-0.011338272388292341
BC23450,BC23450_E2,ENSG00000163220,0.024420269535746723,-0.001492566891775765
BC23450,BC23450_E2,__ambiguous[ENSG00000185885+ENSG00000185201],-0.07925605581409735,-0.10219068729112744
BC23450,BC23450_E2,ENSG00000145592,0.02813039163876775,0.03426302432434732
BC23450,BC23450_E2,ENSG00000104904,-0.002947361296315395,-0.026370191825800773
BC23450,BC23450_E2,ENSG00000108344,-0.11346259142380834,-0.13121809110767432
BC23450,BC23450_E2,ENSG00000246705,0.08199168654448867,0.06764741144851329
BC23450,BC23450_E2,ENSG00000117410,0.09066054384056368,0.07945274088196631
BC23450,BC23450_E2,ENSG00000172531,0.1782473255277032,0.17719371320221475
BC23450,BC23450_E2,ENSG00000152082,0.03934613793852369,0.06571895612367389
BC23450,BC23450_E2,ENSG00000279483,0.04253498137681104,0.04690396574311247
BC23450,BC23450_E2,ENSG00000158710,-0.005119797701168508,-0.008058697337672616
BC23450,BC23450_E2,ENSG00000074800,-0.14039581534990156,-0.12092524038228111
BC23450,BC23450_E2,__ambiguous[ENSG00000243678+ENSG00000011052],-0.03710477453756975,-0.029954602557437534
BC23450,BC23450_E2,ENSG00000106211,0.1663059132354394,0.16227490828000668
BC23450,BC23450_E2,ENSG00000118181,0.06630000764026983,0.04305454359180598
BC23450,BC23450_E2,ENSG00000173372,0.1112048767096208,0.10596674660412989
BC23450,BC23450_E2,ENSG00000030582,-0.008511764479744862,-0.01532792439328098
BC23450,BC23450_E2,ENSG00000141741,-0.0825883066721155,-0.08732183007273961
BC23450,BC23450_E2,ENSG00000110651,-0.030141182059988385,-0.009451177523323853
BC23450,BC23450_E2,ENSG00000126267,-0.004311919313345344,-0.014317840918103121
BC23450,BC23450_E2,ENSG00000142669,0.06905895987129501,0.11926369961138217
BC23450,BC23450_E2,ENSG00000130208,0.11975258420966493,0.10993147855045063
BC23450,BC23450_E2,ENSG00000092841,0.014573277267938646,0.032785347366525275
BC23450,BC23450_E2,ENSG00000111057,-0.0040433516080954695,0.015559999889649083
BC23450,BC23450_E2,ENSG00000169100,-0.025792125628297597,-0.026828993490508803
BC23450,BC23450_E2,__ambiguous[ENSG00000124614+ENSG00000270800],0.06076800495954091,0.0582467064613909
BC23450,BC23450_E2,ENSG00000117450,0.14210986689928407,0.17343004544310622
BC23450,BC23450_E2,ENSG00000178719,0.0026587437952951304,-0.012434249883730252
BC23450,BC23450_E2,ENSG00000133112,0.06897309521405523,0.08464440009808824
BC23450,BC23450_E2,ENSG00000071553,0.044891801624326426,0.032817280375473455
BC23450,BC23450_E2,ENSG00000102265,-0.04670244361201694,-0.0518426182520602
BC23450,BC23450_E2,ENSG00000165215,0.09923429462469849,0.06977267734537587
BC23450,BC23450_E2,ENSG00000277972,-0.11004345263048906,-0.10942335280686917
BC23450,BC23450_E2,ENSG00000150991,0.09703045571217386,0.08928151533395103
BC23450,BC23450_E2,ENSG00000071082,0.1177945718720976,0.10637369956472097
BC23450,BC23450_E2,ENSG00000205542,0.044123661752936714,0.033941080274436236
BC23450,BC23450_E2,ENSG00000124664,0.02487651461201655,0.026374029017667968
BC23450,BC23450_E2,ENSG00000143774,-0.022782208519321532,-0.015825699224765746
BC23450,BC23450_E2,ENSG00000070756,-0.02394810449798985,-0.031886804416859274
BC23450,BC23450_E2,ENSG00000105223,-0.11487746596843541,-0.12614883015311132
BC23450,BC23450_E2,ENSG00000149591,0.1518708570749637,0.1643701972871743
BC23450,BC23450_E2,ENSG00000277791,0.06426671141054122,0.05784277042210249
BC23450,BC23450_E2,ENSG00000162511,0.11766626571579258,0.07631450676198503
BC23450,BC23450_E2,ENSG00000141522,0.03199020967833525,0.0377040212323003
BC23450,BC23450_E2,ENSG00000125534,0.06958921050691684,0.05528197905595221
BC23450,BC23450_E2,ENSG00000163682,-0.07483106016721826,-0.0742579281589581
BC23450,BC23450_E2,ENSG00000145425,0.0675394893113197,0.09263909076674158
BC23450,BC23450_E2,ENSG00000160789,0.03781254750882385,0.03934967032082344
BC23450,BC23450_E2,ENSG00000182492,0.09571688946736294,0.08162533784149736
BC23450,BC23450_E2,ENSG00000176340,-0.09058068076107732,-0.10576503014327844
BC23450,BC23450_E2,ENSG00000142089,-0.04710776442641576,-0.07681187047831298
BC23450,BC23450_E2,ENSG00000204287,0.05255281639936101,0.050735769130559424
BC23450,BC23450_E2,ENSG00000124614,-0.05920538284272784,-0.08911591656607659
BC23450,BC23450_E2,ENSG00000127540,0.029568697892586062,0.052958485410126335
BC23450,BC23450_E2,__ambiguous[ENSG00000277957+ENSG00000161960],0.02514204782325262,0.037883305513678515
BC23450,BC23450_E2,ENSG00000164733,0.05483799332019786,0.036500193152318755
BC23450,BC23450_E2,ENSG00000115414,-0.11842249161051427,-0.08294686365415606
BC23450,BC23450_E2,ENSG00000196924,0.06599159588780092,0.05257309810669322
BC23450,BC23450_E2,ENSG00000135480,0.02109854210841169,0.01621486842074663
BC23450,BC23450_E2,ENSG00000255823,0.12761276442950484,0.09153369905017891
BC23450,BC23450_E2,__ambiguous[ENSG00000257341+ENSG00000213145],0.007931657445515305,-0.010440562872433749
BC23450,BC23450_E2,ENSG00000103363,0.05640040119749546,0.04956239381799491
BC23450,BC23450_E2,ENSG00000178980,-0.059658422122623254,-0.07035127912686896
BC23450,BC23450_E2,ENSG00000187514,0.11162270841303272,0.11875461468260905
BC23450,BC23450_E2,ENSG00000138326,0.039964327715658964,0.050923597124733884
BC23450,BC23450_E2,ENSG00000051523,-0.09459792332271134,-0.08935937974374898
BC23450,BC23450_E2,ENSG00000182809,-0.003046548773076855,0.004131175347151047
BC23450,BC23450_E2,ENSG00000123349,0.03868528819233815,0.05047513956730331
BC23450,BC23450_E2,ENSG00000058262,-0.026463148721219232,-0.06498672706750888
BC23450,BC23450_E2,ENSG00000169223,-0.061372311935875036,-0.058845358990777204
BC23450,BC23450_E2,ENSG00000251562,0.09373934514863243,0.07684122993804342
BC23450,BC23450_E2,ENSG00000111669,0.020067378185600133,0.02799631288002223
BC23450,BC23450_E2,ENSG00000104529,-0.03292870695120498,-0.018555017402948765
BC23450,BC23450_E2,ENSG00000114353,0.052329572630197795,0.05017770329403846
BC23450,BC23450_E2,ENSG00000269028,0.1422758609949629,0.10669353545861586
BC23450,BC23450_E2,__ambiguous[ENSG00000262526+ENSG00000170296],-0.08003072603186445,-0.1011450871323176
BC23450,BC23450_E2,ENSG00000170315,0.009143052991514187,-3.953414459444128e-05
BC23450,BC23450_E2,ENSG00000144426,0.000465631887565791,0.027939702315294933
BC23450,BC23450_E2,ENSG00000114867,0.056492956090513115,0.04274186519859415
BC23450,BC23450_E2,ENSG00000008988,0.0770640417721712,0.09252420311471449
BC23450,BC23450_E2,ENSG00000167815,0.025086576287725655,0.01633948098963014
BC23450,BC23450_E2,ENSG00000026025,-0.03676664158833931,-0.05336262459902053
BC23450,BC23450_E2,ENSG00000125730,0.12375912058760007,0.13961876985447957
BC23450,BC23450_E2,ENSG00000182899,-0.026324991783209448,-0.04632073152802709
BC23450,BC23450_E2,ENSG00000164692,-0.03885164649403432,-0.037652192850067476
BC23450,BC23450_E2,ENSG00000272196,0.031223074180892655,0.042544639541964045
BC23450,BC23450_E2,ENSG00000184897,0.08457275770348413,0.06275550962423303
BC23450,BC23450_E2,__ambiguous[ENSG00000219200+ENSG00000161939],0.04400737717256017,0.051114436637151796
BC23450,BC23450_E2,ENSG00000142949,0.08766932292254925,0.10639904737410547
BC23450,BC23450_E2,ENSG00000100219,0.03507074730572801,0.06352273524842023
BC23450,BC23450_E2,ENSG00000131143,-0.10335489767512017,-0.10165711383455252
BC23450,BC23450_E2,ENSG00000104964,0.1252739707910254,0.12155697833973825
BC23450,BC23450_E2,ENSG00000087460,0.07528435469473514,0.035116283946078936
BC23450,BC23450_E2,ENSG00000100300,-0.05625689939550514,-0.07808982052334178
BC23450,BC23450_E2,ENSG00000131748,0.1551416422811396,0.1464668099453291
BC23450,BC23450_E2,ENSG00000172354,-0.0024317976587272,-0.021945797516955346
BC23450,BC23450_E2,ENSG00000126247,-0.033091044945088466,-0.022700679105146296
BC23450,BC23450_E2,ENSG00000052344,0.021382790233167488,0.02121175162158279
BC23450,BC23450_E2,ENSG00000164919,0.10626237773540845,0.09181805475959205
BC23450,BC23450_E2,ENSG00000142173,0.12050322019709529,0.12914277541341385
BC23450,BC23450_E2,ENSG00000155366,0.06889581530427556,0.0704042987401004
BC23450,BC23450_E2,ENSG00000178952,-0.12227702974334968,-0.11420461621306767
BC23450,BC23450_E2,ENSG00000188846,-0.02656839365991661,-0.029958790923057407
BC23450,BC23450_E2,ENSG00000160932,-0.17362507917377865,-0.1927860115048373
BC23450,BC23450_E2,ENSG00000145494,0.023621878237500487,0.01567773876739416
BC23450,BC23450_E2,ENSG00000174886,0.013177717853484367,0.017468861302473545
BC23450,BC23450_E2,ENSG00000163479,-0.011181277205571553,0.00323618887544922
BC23450,BC23450_E2,__ambiguous[ENSG00000273259+ENSG00000196136],-0.09230426816828305,-0.09834307884706957
BC23450,BC23450_E2,ENSG00000114391,-0.0005023515618137055,0.0030296913569540034
BC23450,BC23450_E2,ENSG00000213988,0.11623611216228934,0.08922815539142043
BC23450,BC23450_E2,ENSG00000214530,0.06522239437972388,0.06920861002254887
BC23450,BC23450_E2,ENSG00000171222,-0.07623182558840756,-0.05373402872801493
BC23450,BC23450_E2,__ambiguous[ENSG00000241343+ENSG00000257529],-0.0011927529880948551,-0.009249390604600389
BC23450,BC23450_E2,ENSG00000130725,-0.09934552314000006,-0.09202744410383727
BC23450,BC23450_E2,ENSG00000173369,0.024563821697259194,0.003918937432667258
BC23450,BC23450_E2,ENSG00000135390,-0.10191168879153976,-0.09326191435953822
BC23450,BC23450_E2,ENSG00000174444,-0.011992339274497693,0.008005334548858522
BC23450,BC23450_E2,ENSG00000197956,-0.02328187289349745,-0.025850048123502393
BC23450,BC23450_E2,ENSG00000163399,0.13778896395157442,0.15109702669406222
BC23450,BC23450_E2,ENSG00000173272,-0.015275445742871431,-0.012253259223151016
BC23450,BC23450_E2,ENSG00000177700,0.0815671481990976,0.08418001860960907
BC23450,BC23450_E2,ENSG00000196576,0.037901895480859565,-0.0042939713260834855
BC23450,BC23450_E2,ENSG00000147684,-0.05049890795888681,-0.07212958466238184
BC23450,BC23450_E2,ENSG00000125970,-0.016036043879442248,-0.009472209254493569
BC23450,BC23450_E2,ENSG00000173801,0.1294793902186358,0.14344168173954927
BC23450,BC23450_E2,ENSG00000143420,0.03967679392150201,0.0522981891401304
BC23450,BC23450_E2,ENSG00000168528,-0.03280063320689977,-0.02373305610825449
BC23450,BC23450_E2,ENSG00000172270,0.01854902047931398,0.022802020711359176
BC23450,BC23450_E2,ENSG00000143546,-0.039832863861529816,-0.054353150143096086
BC23450,BC23450_E2,ENSG00000147604,-0.0015798204042399059,-0.02123984190081704
BC23450,BC23450_E2,ENSG00000011304,0.12648592387622828,0.14998490446237545
BC23450,BC23450_E2,ENSG00000124172,0.027696868691354723,0.013370667969603964
BC23450,BC23450_E2,ENSG00000187608,-0.11235167141527075,-0.11019089592825572
BC23450,BC23450_E2,ENSG00000161960,0.06601599354843803,0.06271397631200086
BC23450,BC23450_E2,ENSG00000110492,0.029990727029665744,0.01029807362771686
BC23450,BC23450_E2,ENSG00000141753,0.12800455155232476,0.133775692644332
BC23450,BC23450_E2,ENSG00000170421,0.15780911600808037,0.18855468490919602
BC23450,BC23450_E2,ENSG00000130520,0.12563483535825412,0.14865888659164225
BC23450,BC23450_E2,ENSG00000176046,-0.02702776472675764,-0.053043966132308565
BC23450,BC23450_E2,ENSG00000171863,-0.00442946089208628,-0.02627228200694077
BC23450,BC23450_E2,ENSG00000186468,0.042142359655298375,0.029859887240221077
BC23450,BC23450_E2,ENSG00000132507,-0.0797571327560879,-0.08508856257316423
BC23450,BC23450_E2,ENSG00000101335,-0.003780574301829953,-0.0020923727671989753
BC23450,BC23450_E2,ENSG00000025708,-0.06105761492801369,-0.0683538176101837
BC23450,BC23450_E2,ENSG00000279274,-0.042943377029355925,-0.02183272586718535
BC23450,BC23450_E2,ENSG00000135940,0.003745610274806756,-0.0015241371417865622
BC23450,BC23450_E2,ENSG00000140990,-0.03478482695761323,-0.06527443142703594
BC23450,BC23450_E2,ENSG00000109475,-0.023135405470399537,-0.03949612368115129
BC23450,BC23450_E2,ENSG00000106153,0.09481387310051727,0.060361084437413295
BC23567,BC23567_D2,ENSG00000034510,-0.15446838799509796,-0.2051706941624887
BC23567,BC23567_D2,ENSG00000137818,0.2982297911990252,0.3451344109166069
BC23567,BC23567_D2,ENSG00000171345,-0.0007888453874513721,-0.023372824163760676
BC23567,BC23567_D2,ENSG00000111640,-0.06179381968807643,-0.08958632878397822
BC23567,BC23567_D2,ENSG00000177600,0.2960051361131094,0.3206106964868695
BC23567,BC23567_D2,ENSG00000231500,0.11061358733535015,0.13034341790069412
BC23567,BC23567_D2,ENSG00000164587,0.05834408435448129,0.09068212109816301
BC23567,BC23567_D2,ENSG00000197756,0.05341977272631903,0.06786128739053815
BC23567,BC23567_D2,ENSG00000075624,0.033339412833437956,0.04551012489833936
BC23567,BC23567_D2,ENSG00000108107,0.24175054429091164,0.3136479777386599
BC23567,BC23567_D2,ENSG00000105372,0.060933742892972084,0.09746171934121063
BC23567,BC23567_D2,ENSG00000254709,0.5890734787762554,0.7095775588982742
BC23567,BC23567_D2,ENSG00000161016,0.004225636961164223,-0.005585987568415471
BC23567,BC23567_D2,ENSG00000167526,0.021963842761875865,0.011823998951836029
BC23567,BC23567_D2,ENSG00000087086,0.13954039291517392,0.15343968970982694
BC23567,BC23567_D2,ENSG00000130255,0.0106721942784812,0.012489679981123075
BC23567,BC23567_D2,ENSG00000108298,-0.1604271683816793,-0.22508351973093302
BC23567,BC23567_D2,__ambiguous[ENSG00000251357+ENSG00000240972],-0.005897066317191941,0.005066455933211766
BC23567,BC23567_D2,ENSG00000108518,0.09731923905879128,0.13976140184160707
BC23567,BC23567_D2,ENSG00000141736,0.30350531701905936,0.32643122056758267
BC23567,BC23567_D2,ENSG00000149273,0.010421255380595925,0.029398087268317784
BC23567,BC23567_D2,ENSG00000197746,0.10209432795058561,0.13691499735248608
BC23567,BC23567_D2,ENSG00000063177,0.05644339794124308,0.08483004090155437
BC23567,BC23567_D2,ENSG00000140264,0.099902438149835,0.10989350992833145
BC23567,BC23567_D2,ENSG00000136942,0.11858590028456584,0.13047153803044276
BC23567,BC23567_D2,ENSG00000105193,-0.08222055502865769,-0.10785489354676124
BC23567,BC23567_D2,ENSG00000109062,0.020261783992586702,0.0423562669082054
BC23567,BC23567_D2,ENSG00000111341,0.03545249378162752,0.019506404570627633
BC23567,BC23567_D2,ENSG00000167996,-0.1875416988827278,-0.24122607226676224
BC23567,BC23567_D2,ENSG00000179218,0.02856433717149904,0.04410264059092291
BC23567,BC23567_D2,ENSG00000142541,0.13690125883666363,0.14024021063154785
BC23567,BC23567_D2,ENSG00000117984,0.31634298172544634,0.3617838618898209
BC23567,BC23567_D2,ENSG00000204628,0.10522075154406209,0.09714139689848562
BC23567,BC23567_D2,ENSG00000142534,-0.09341537093284162,-0.13438485735414962
BC23567,BC23567_D2,ENSG00000140988,-0.11309888103979361,-0.21012666051399292
BC23567,BC23567_D2,ENSG00000221983,0.2084773953346002,0.2573553933653697
BC23567,BC23567_D2,ENSG00000089157,0.08648071159528053,0.09622466088581023
BC23567,BC23567_D2,ENSG00000171858,0.03705828764444781,0.03760566163503337
BC23567,BC23567_D2,ENSG00000166441,-0.02742309849935834,-0.0442541021231119
BC23567,BC23567_D2,ENSG00000147403,0.0034553439226563823,0.0017239591972071477
BC23567,BC23567_D2,ENSG00000180879,0.3402115904244826,0.4020410315872542
BC23567,BC23567_D2,ENSG00000115268,0.07643555545045687,0.09734689023990134
BC23567,BC23567_D2,ENSG00000213741,0.09985161553166315,0.14453772655974775
BC23567,BC23567_D2,ENSG00000112306,0.05000387528087586,0.0415567063203783
BC23567,BC23567_D2,ENSG00000185624,0.034688431307991326,0.0218177820061118
BC23567,BC23567_D2,ENSG00000233927,0.03749973843834376,0.06366788757535326
BC23567,BC23567_D2,ENSG00000182774,0.01899602989143568,0.0308306231934887
BC23567,BC23567_D2,ENSG00000234745,-0.12975274287220925,-0.13334987552355843
BC23567,BC23567_D2,ENSG00000130203,0.3135673889924024,0.3868201815822177
BC23567,BC23567_D2,ENSG00000105640,0.14043617973289457,0.17235936290271497
BC23567,BC23567_D2,ENSG00000101439,0.028910763861631304,0.04979977940941031
BC23567,BC23567_D2,ENSG00000149806,0.09458523490856759,0.12614151358232223
BC23567,BC23567_D2,ENSG00000198034,-0.11290739738333219,-0.16936447296077026
BC23567,BC23567_D2,ENSG00000142676,0.010909809469423094,-0.006641094742127774
BC23567,BC23567_D2,ENSG00000177954,0.15233985920450055,0.1822964198074885
BC23567,BC23567_D2,ENSG00000184009,0.0637531958363651,0.11293873254887328
BC23567,BC23567_D2,ENSG00000172809,-0.08823716302419204,-0.09634478732049634
BC23567,BC23567_D2,ENSG00000100316,0.02929497371462366,0.034906548363556104
BC23567,BC23567_D2,ENSG00000170889,0.10993793785657882,0.151516847245423
BC23567,BC23567_D2,ENSG00000019582,0.04839282239977563,0.04519929518848484
BC23567,BC23567_D2,ENSG00000125691,-0.08605137362541698,-0.11203064495830435
BC23567,BC23567_D2,ENSG00000167995,0.00637204761821124,-0.004714462427371941
BC23567,BC23567_D2,ENSG00000142937,-0.16892506483229133,-0.17588211754318522
BC23567,BC23567_D2,ENSG00000137154,0.04967317088907992,0.028587439428011667
BC23567,BC23567_D2,ENSG00000083845,-0.02759032120255043,-0.008851182490996954
BC23567,BC23567_D2,ENSG00000172757,0.0042184648436060105,0.00384158496781796
BC23567,BC23567_D2,ENSG00000156482,0.10378025278090243,0.11134668276224367
BC23567,BC23567_D2,ENSG00000204525,-0.12898400170636345,-0.1397538506629697
BC23567,BC23567_D2,ENSG00000108821,0.13982598584496378,0.12692029164602012
BC23567,BC23567_D2,ENSG00000169710,0.2588699867097916,0.2630328309914256
BC23567,BC23567_D2,ENSG00000149925,-0.024763247757255233,-0.03054115079277078
BC23567,BC23567_D2,ENSG00000198242,0.022130075317468106,0.025120469269914278
BC23567,BC23567_D2,ENSG00000185499,-0.11413326808961212,-0.10581243422680735
BC23567,BC23567_D2,ENSG00000197958,-0.05444578958390916,-0.07696542667284852
BC23567,BC23567_D2,ENSG00000167468,0.009786593780461027,0.01859606066139569
BC23567,BC23567_D2,__ambiguous[ENSG00000254772+ENSG00000255508],-0.0368582188953322,-0.05766296595468357
BC23567,BC23567_D2,__ambiguous[ENSG00000185883+ENSG00000260272],0.13692889030777372,0.15294269351687478
BC23567,BC23567_D2,ENSG00000131469,0.10002792345513636,0.1210567557791197
BC23567,BC23567_D2,ENSG00000162244,0.023431565838751677,0.0683802130540902
BC23567,BC23567_D2,ENSG00000163191,0.06315129647999067,0.08645781020586674
BC23567,BC23567_D2,ENSG00000148303,-0.10158317381536876,-0.1315991800469005
BC23567,BC23567_D2,ENSG00000115457,0.08826780200532161,0.0953652317557473
BC23567,BC23567_D2,ENSG00000174748,-0.09215873524801109,-0.13652429094389373
BC23567,BC23567_D2,ENSG00000143947,-0.12497556600319114,-0.15806497646031703
BC23567,BC23567_D2,ENSG00000167658,-0.14859573549038316,-0.23409499165774142
BC23567,BC23567_D2,ENSG00000144713,-0.011376699165643721,-0.03307099061304568
BC23567,BC23567_D2,ENSG00000135404,0.05250386068793955,0.07164837471835023
BC23567,BC23567_D2,ENSG00000145592,0.03265194367139079,0.03958568416535873
BC23567,BC23567_D2,ENSG00000279483,0.13136297187993262,0.15713977246407468
BC23567,BC23567_D2,ENSG00000224389,-0.00960318093932751,0.03352832337831371
BC23567,BC23567_D2,__ambiguous[ENSG00000243678+ENSG00000011052],-0.07794626814790019,-0.09983300254668265
BC23567,BC23567_D2,ENSG00000107223,-0.040337246395670046,-0.03342789002814356
BC23567,BC23567_D2,ENSG00000108639,0.027944998357803574,0.011367458967890997
BC23567,BC23567_D2,ENSG00000204592,0.10176765732275421,0.17071907496337518
BC23567,BC23567_D2,ENSG00000206503,0.011724917764931257,-0.0010269700412285688
BC23567,BC23567_D2,ENSG00000106211,0.07585637755723308,0.09334127990104497
BC23567,BC23567_D2,ENSG00000152082,-0.0896666212149791,-0.06964144714503874
BC23567,BC23567_D2,ENSG00000110651,0.10932664433480109,0.12853537718605668
BC23567,BC23567_D2,ENSG00000231925,0.03069943368555823,0.0635317153382022
BC23567,BC23567_D2,ENSG00000166710,-0.005255449911255755,-0.04595434620348902
BC23567,BC23567_D2,ENSG00000106624,0.18386072424445057,0.18144541001078374
BC23567,BC23567_D2,ENSG00000165949,0.13903921193785795,0.17100714004039372
BC23567,BC23567_D2,ENSG00000172531,0.07214518155374218,0.10202659831021815
BC23567,BC23567_D2,ENSG00000070756,-0.02443928259015363,-0.010165751854669449
BC23567,BC23567_D2,ENSG00000108679,0.03644523598015194,0.06430154289155761
BC23567,BC23567_D2,ENSG00000108344,0.04646336838658885,0.042804451870208995
BC23567,BC23567_D2,ENSG00000133112,0.009906096104484263,-0.020155010175913566
BC23567,BC23567_D2,ENSG00000118181,-0.018573087338680627,-0.025355580369277285
BC23567,BC23567_D2,ENSG00000115884,0.08598262036719419,0.1158759385910774
BC23567,BC23567_D2,ENSG00000071082,-0.006106366843971863,-0.027743915172117873
BC23567,BC23567_D2,ENSG00000092841,0.030509505534948488,0.042472588877895415
BC23567,BC23567_D2,ENSG00000246705,0.03939119332726008,0.0385192574511472
BC23567,BC23567_D2,ENSG00000104904,0.0762193027062472,0.09185500925200954
BC23567,BC23567_D2,__ambiguous[ENSG00000185885+ENSG00000185201],0.10326267052660308,0.11541694355868201
BC23567,BC23567_D2,ENSG00000158710,0.09270683437518609,0.06501276056871302
BC23567,BC23567_D2,__ambiguous[ENSG00000257341+ENSG00000213145],0.07135839198111504,0.045182502700157605
BC23567,BC23567_D2,ENSG00000111057,-0.042765999382044215,-0.06558974980119285
BC23567,BC23567_D2,ENSG00000185825,-0.013661705828414542,0.021453550799569523
BC23567,BC23567_D2,ENSG00000141741,0.07839379505417764,0.08108359704339663
BC23567,BC23567_D2,ENSG00000160862,0.05186050406144039,0.07139725191056132
BC23567,BC23567_D2,ENSG00000150991,-0.03272885957386548,-0.0854117500303133
BC23567,BC23567_D2,ENSG00000178719,-0.04970524920407285,-0.046483572107767816
BC23567,BC23567_D2,ENSG00000130303,0.057519798066753995,0.08775509541638316
BC23567,BC23567_D2,ENSG00000255823,0.18320385359037972,0.2166070370783353
BC23567,BC23567_D2,ENSG00000205542,-0.05967973328855889,-0.08511011895360442
BC23567,BC23567_D2,__ambiguous[ENSG00000124614+ENSG00000270800],0.005718684033375322,-0.018845797281481197
BC23567,BC23567_D2,__ambiguous[ENSG00000273259+ENSG00000196136],0.029939758440556925,0.00828284769953808
BC23567,BC23567_D2,ENSG00000074800,-0.14446535424140067,-0.2173857541373529
BC23567,BC23567_D2,ENSG00000117410,0.041722132968339355,0.04945323658750902
BC23567,BC23567_D2,ENSG00000126267,-0.025186675063188467,0.0048446791586655704
BC23567,BC23567_D2,ENSG00000149591,0.24003837831613703,0.2883707486851454
BC23567,BC23567_D2,ENSG00000169100,0.025214102246337116,0.009812739565228401
BC23567,BC23567_D2,ENSG00000163682,-0.10442843275105342,-0.14053940625565553
BC23567,BC23567_D2,ENSG00000115414,0.041537827959271974,0.02263290393279479
BC23567,BC23567_D2,ENSG00000030582,8.568998121629405e-05,0.005783587146709198
BC23567,BC23567_D2,ENSG00000142669,0.02119661376594429,0.04677760135138998
BC23567,BC23567_D2,ENSG00000117450,-0.11615728797854133,-0.15133094115048806
BC23567,BC23567_D2,ENSG00000102265,0.18149566394438682,0.1814550415448673
BC23567,BC23567_D2,ENSG00000269028,0.17235412462124572,0.20088105209752458
BC23567,BC23567_D2,ENSG00000125534,-0.011780098899445413,-0.05530411032984228
BC23567,BC23567_D2,ENSG00000145425,-0.04436720410001559,-0.046809853664279644
BC23567,BC23567_D2,ENSG00000182809,0.037615400226400794,0.048491535747561175
BC23567,BC23567_D2,ENSG00000251562,0.14371543410741164,0.1822792769714527
BC23567,BC23567_D2,ENSG00000124664,0.11277495493875242,0.11662147543238226
BC23567,BC23567_D2,ENSG00000127540,0.021976354009707925,0.034514922277362095
BC23567,BC23567_D2,ENSG00000187514,0.10717067274450434,0.13741691368823009
BC23567,BC23567_D2,ENSG00000160789,0.1866230135984277,0.218811810170815
BC23567,BC23567_D2,ENSG00000142089,0.02199364566341081,0.06304870906611364
BC23567,BC23567_D2,ENSG00000143774,-0.027157982851883162,-0.050210364468796086
BC23567,BC23567_D2,ENSG00000164919,0.02846519979189743,0.026863431130014687
BC23567,BC23567_D2,ENSG00000170315,0.005728339071851655,0.009009346727826825
BC23567,BC23567_D2,ENSG00000272196,0.007640142541679151,-0.005235517033455028
BC23567,BC23567_D2,ENSG00000071553,-0.027787685965077174,-0.03605081073484655
BC23567,BC23567_D2,ENSG00000138326,-0.08636277690442876,-0.14911364945422764
BC23567,BC23567_D2,ENSG00000182899,-0.07593032981583023,-0.08556095671876679
BC23567,BC23567_D2,ENSG00000164733,0.11517083022063164,0.1162191196179298
BC23567,BC23567_D2,ENSG00000182492,0.18774079391567958,0.21989833569427258
BC23567,BC23567_D2,ENSG00000124614,-0.05918360972426506,-0.05479299801043217
BC23567,BC23567_D2,ENSG00000144426,-0.07230332063798019,-0.06829672748872162
BC23567,BC23567_D2,ENSG00000176340,-0.027000327046561037,-0.038591628640128266
BC23567,BC23567_D2,ENSG00000103363,0.01108152694278897,0.046636951587278395
BC23567,BC23567_D2,ENSG00000008988,-0.051573655965797036,-0.07057766846771786
BC23567,BC23567_D2,ENSG00000130208,0.15721223425111056,0.21139010308733933
BC23567,BC23567_D2,ENSG00000165215,0.03590399200080916,0.029885573863002578
BC23567,BC23567_D2,ENSG00000164692,0.12883464124160843,0.11135995804691168
BC23567,BC23567_D2,ENSG00000100219,-0.05372734864356506,-0.06260240598175904
BC23567,BC23567_D2,ENSG00000026025,0.16346174639442757,0.2024834813147827
BC23567,BC23567_D2,__ambiguous[ENSG00000277957+ENSG00000161960],0.06864526910988906,0.07509236137549603
BC23567,BC23567_D2,ENSG00000184897,0.07669860044377007,0.08095636544943739
BC23567,BC23567_D2,ENSG00000204287,-0.027262934863388218,-0.0503593109425338
BC23567,BC23567_D2,ENSG00000277972,0.12540803963026514,0.12017925668077367
BC23567,BC23567_D2,ENSG00000160180,-0.04604823597298002,-0.04351177537779714
BC23567,BC23567_D2,ENSG00000105223,0.20933353526503978,0.2519890016058799
BC23567,BC23567_D2,ENSG00000052344,0.027627972744645655,0.025365037905737152
BC23567,BC23567_D2,ENSG00000162511,0.249213386699232,0.2678530016911068
BC23567,BC23567_D2,ENSG00000114353,0.04234510917502011,0.07639320652525868
BC23567,BC23567_D2,ENSG00000178980,0.025416792491223476,-0.010985203937619386
BC23567,BC23567_D2,ENSG00000142949,0.12925996769345166,0.1354326173056248
BC23567,BC23567_D2,ENSG00000173372,0.29872976135706447,0.38890365013682127
BC23567,BC23567_D2,ENSG00000196924,0.10316050072633029,0.0987772070383069
BC23567,BC23567_D2,ENSG00000172354,0.06816458046710575,0.07609514575351994
BC23567,BC23567_D2,ENSG00000087460,0.1762694797229096,0.21259747025068934
BC23567,BC23567_D2,ENSG00000188846,0.08253653745554665,0.06245603617705325
BC23567,BC23567_D2,ENSG00000111669,-0.03421880068795349,-0.048571613881844465
BC23567,BC23567_D2,ENSG00000141522,-0.04056977717149998,-0.07936089784071876
BC23567,BC23567_D2,ENSG00000167815,-0.005533074124327264,-0.02417264780643298
BC23567,BC23567_D2,ENSG00000173272,-0.024725568587863258,-0.02870580160357674
BC23567,BC23567_D2,__ambiguous[ENSG00000241343+ENSG00000257529],-0.09131078128778518,-0.10696534162741274
BC23567,BC23567_D2,ENSG00000186468,0.0068497284497750985,-0.016678361489189147
BC23567,BC23567_D2,__ambiguous[ENSG00000262526+ENSG00000170296],-0.04993962894569254,-0.07359732819661251
BC23567,BC23567_D2,ENSG00000104529,0.08631020589696169,0.09480323049896075
BC23567,BC23567_D2,ENSG00000178952,-0.03121318459077497,-0.04056737650297172
BC23567,BC23567_D2,ENSG00000277791,-0.12309591759797904,-0.16032495296732405
BC23567,BC23567_D2,ENSG00000174444,-0.026117731158606553,-0.01420235153731345
BC23567,BC23567_D2,ENSG00000114867,-0.037132020760226404,-0.020847927422801695
BC23567,BC23567_D2,ENSG00000163479,0.014783791749109208,0.04109006312646935
BC23567,BC23567_D2,ENSG00000173801,0.07986764981712506,0.09488932208950139
BC23567,BC23567_D2,ENSG00000169223,0.03805015939620812,0.009421997495372892
BC23567,BC23567_D2,ENSG00000213988,-0.06864759687691382,-0.08365867255095141
BC23567,BC23567_D2,ENSG00000279274,0.05606377867000845,0.07788042641941703
BC23567,BC23567_D2,ENSG00000124172,-0.017702626849275285,0.00011970312421785271
BC23567,BC23567_D2,ENSG00000126247,-0.008873373663392296,-0.021793476015693865
BC23567,BC23567_D2,ENSG00000155366,0.0017257644993775554,-0.014414087587274705
BC23567,BC23567_D2,ENSG00000123349,0.12064470724828119,0.164767335812067
BC23567,BC23567_D2,__ambiguous[ENSG00000219200+ENSG00000161939],0.0011549656373942396,0.029980879464531568
BC23567,BC23567_D2,ENSG00000131143,-0.08485292462064416,-0.11224566560990235
BC23567,BC23567_D2,ENSG00000170421,0.09937921741316548,0.10848171796557776
BC23567,BC23567_D2,ENSG00000114391,-0.00646653203981501,-0.00547899650930037
BC23567,BC23567_D2,ENSG00000125730,0.2821352028999054,0.3440079727884445
BC23567,BC23567_D2,ENSG00000135480,0.06625553523494117,0.04914376535683978
BC23567,BC23567_D2,ENSG00000132475,0.08811633375523455,0.08311120834710314
BC23567,BC23567_D2,ENSG00000058262,0.02381205363882064,0.031469882352583405
BC23567,BC23567_D2,ENSG00000147604,-0.02128342945781054,-0.07050697147889383
BC23567,BC23567_D2,ENSG00000134419,-0.09435659040373257,-0.10449771239470308
BC23567,BC23567_D2,ENSG00000214530,0.07621673479349127,0.07512004651697349
BC23567,BC23567_D2,ENSG00000135390,-0.07017757148887875,-0.07542866196515388
BC23567,BC23567_D2,ENSG00000171863,0.04963932094673421,0.05938363934399251
BC23567,BC23567_D2,ENSG00000141753,0.11854054920129165,0.12220672900079944
BC23567,BC23567_D2,ENSG00000104964,0.0869240828034032,0.13368257743557596
BC23567,BC23567_D2,ENSG00000100300,0.05095769092476308,0.07633183023115432
BC23567,BC23567_D2,ENSG00000161960,0.05537436585585255,0.06467020213534039
BC23567,BC23567_D2,ENSG00000163399,-0.029311742501291874,-0.06728177635870056
BC23567,BC23567_D2,ENSG00000096384,0.16386685939176504,0.20808104449943318
BC23567,BC23567_D2,ENSG00000142173,0.20311936806194122,0.22534328837842013
BC23567,BC23567_D2,ENSG00000196576,0.025956457467874058,0.02669082353173204
BC23567,BC23567_D2,ENSG00000113140,0.10725737181397385,0.09383900516583475
BC23567,BC23567_D2,ENSG00000143420,0.04558229066387178,0.05661433112874895
BC23567,BC23567_D2,ENSG00000123416,0.07664917292868978,0.0921264717322776
BC23567,BC23567_D2,ENSG00000197956,-0.016709167870093626,-0.04455033616166178
BC23567,BC23567_D2,ENSG00000163220,-0.0036363350794506393,-0.014421422424194204
BC23567,BC23567_D2,ENSG00000101335,0.1597346213748861,0.16424972730077808
BC23567,BC23567_D2,ENSG00000051523,0.24521276372677922,0.30588221024601847
BC23567,BC23567_D2,ENSG00000177700,-0.08122132547728718,-0.09105857346443527
BC23567,BC23567_D2,ENSG00000229117,0.019064922431743552,0.01590651850238648
BC23567,BC23567_D2,ENSG00000147684,-0.013595987032236046,-0.028083219211970586
BC23567,BC23567_D2,ENSG00000186010,-0.005824440126883729,-0.013525286737001933
BC23567,BC23567_D2,ENSG00000164405,-0.03984027680746794,-0.04080429098934241
BC23567,BC23567_D2,ENSG00000106153,0.020560879576151304,0.026272254865035354
BC23567,BC23567_D2,ENSG00000172270,0.05903337931414764,0.07662865460429565
BC23567,BC23567_D2,ENSG00000011304,0.023231769180905176,0.003425270039750162
BC23567,BC23567_D2,ENSG00000135940,0.06312443955413151,0.07472576785143907
BC23567,BC23567_D2,ENSG00000125970,0.03713317666421372,0.03814768686324701
BC23567,BC23567_D2,ENSG00000176046,0.06816663126139703,0.08498890041355919
BC23567,BC23567_D2,ENSG00000131748,0.03568297278283244,0.052738841995569684
BC23567,BC23567_D2,ENSG00000174886,-0.00041706887239873646,0.025738145819622752
BC23567,BC23567_D2,ENSG00000130725,0.004895377194585297,0.021398523472471297
BC23567,BC23567_D2,ENSG00000110092,-0.07905562509724864,-0.1018544945001813
BC23567,BC23567_D2,ENSG00000159840,0.09530777396996486,0.1235033949688848
BC23567,BC23567_D2,ENSG00000196405,0.05214605481987243,0.06759317118152905
BC23567,BC23567_D2,ENSG00000132507,-0.03270812792019714,-0.03839417451780764
BC23567,BC23567_E1,ENSG00000034510,0.022146268622835134,0.013594226991069588
BC23567,BC23567_E1,ENSG00000137818,0.3543328189257145,0.4015140427669162
BC23567,BC23567_E1,ENSG00000171345,0.018154216204008384,0.03156947164766479
BC23567,BC23567_E1,ENSG00000111640,-0.0354799201921276,-0.07414495305452615
BC23567,BC23567_E1,ENSG00000177600,0.27116231014933445,0.35123830497554476
BC23567,BC23567_E1,ENSG00000231500,0.1759286026586706,0.22373791979636573
BC23567,BC23567_E1,ENSG00000164587,-0.009700625861865647,0.016422160922905396
BC23567,BC23567_E1,ENSG00000197756,0.001452593468555965,0.004205632188263076
BC23567,BC23567_E1,ENSG00000075624,-0.021438144901895,-0.016987999721365755
BC23567,BC23567_E1,ENSG00000108107,0.19208792289710028,0.23462536002955983
BC23567,BC23567_E1,ENSG00000105372,0.10118633762371185,0.13205154519416656
BC23567,BC23567_E1,ENSG00000254709,0.6098508771775862,0.7344468363324448
BC23567,BC23567_E1,ENSG00000161016,0.010105159042987213,-0.041904080435514954
BC23567,BC23567_E1,ENSG00000167526,-0.05330214638794819,-0.06389250517152817
BC23567,BC23567_E1,ENSG00000087086,0.3495555249721755,0.4009011171730957
BC23567,BC23567_E1,ENSG00000130255,0.06078348363745247,0.053657442180731596
BC23567,BC23567_E1,ENSG00000108298,-0.1895021685201661,-0.2927752363181041
BC23567,BC23567_E1,__ambiguous[ENSG00000251357+ENSG00000240972],-0.04236499320057116,-0.03852260155638696
BC23567,BC23567_E1,ENSG00000108518,0.10428434983380205,0.13548271436915482
BC23567,BC23567_E1,ENSG00000141736,0.4134242600253273,0.4819482287219351
BC23567,BC23567_E1,ENSG00000149273,0.09199121146200477,0.13305521438843357
BC23567,BC23567_E1,ENSG00000197746,0.24011889061207933,0.2487568043218327
BC23567,BC23567_E1,ENSG00000063177,0.06250609228428818,0.07076785806750467
BC23567,BC23567_E1,ENSG00000140264,0.01702386817167716,0.02359758003797564
BC23567,BC23567_E1,ENSG00000136942,-0.01111635125017175,-0.05575974619567701
BC23567,BC23567_E1,ENSG00000105193,-0.021654187847214217,-0.051106818049309034
BC23567,BC23567_E1,ENSG00000109062,0.03971679533435563,0.04873487751449433
BC23567,BC23567_E1,ENSG00000111341,0.06322482284939725,0.04972332093031895
BC23567,BC23567_E1,ENSG00000167996,-0.1309527353659655,-0.21245208869335394
BC23567,BC23567_E1,ENSG00000179218,0.0129008074280336,0.021342697239963453
BC23567,BC23567_E1,ENSG00000142541,0.010003306024262264,0.03143372387353221
BC23567,BC23567_E1,ENSG00000117984,0.2696097311835665,0.29840237767244904
BC23567,BC23567_E1,ENSG00000204628,-0.042712777496090974,-0.05356848488901713
BC23567,BC23567_E1,ENSG00000142534,-0.08410675664826704,-0.12425215920494166
BC23567,BC23567_E1,ENSG00000140988,-0.0649278432051556,-0.0960157576114833
BC23567,BC23567_E1,ENSG00000221983,0.20147346879963576,0.25399260653992417
BC23567,BC23567_E1,ENSG00000089157,-0.0039402531253589675,-0.03594122618014762
BC23567,BC23567_E1,ENSG00000171858,-0.029224764873965046,-0.0145833939627581
BC23567,BC23567_E1,ENSG00000166441,-0.14799765340924742,-0.2336428858054954
BC23567,BC23567_E1,ENSG00000147403,-0.14250106031427207,-0.19056305591028772
BC23567,BC23567_E1,ENSG00000180879,0.4001623725886374,0.44636903378129494
BC23567,BC23567_E1,ENSG00000115268,0.04920562978600949,0.07265844672179403
BC23567,BC23567_E1,ENSG00000213741,0.13620823535212484,0.17354301625468563
BC23567,BC23567_E1,ENSG00000112306,-0.003251132416725483,-0.003881256532140267
BC23567,BC23567_E1,ENSG00000185624,-0.02494315837014496,-0.042145073488990076
BC23567,BC23567_E1,ENSG00000233927,-0.01824257935513419,-0.013494025180003652
BC23567,BC23567_E1,ENSG00000182774,0.06415539660971153,0.09063001627872269
BC23567,BC23567_E1,ENSG00000234745,-0.10680115946641822,-0.14143233396666122
BC23567,BC23567_E1,ENSG00000130203,0.5053551767132083,0.607560668343149
BC23567,BC23567_E1,ENSG00000105640,0.06445671758313352,0.049597945571426896
BC23567,BC23567_E1,ENSG00000101439,0.007811782450169591,0.031738542821966614
BC23567,BC23567_E1,ENSG00000149806,-0.0010119288367631879,0.03013772175594505
BC23567,BC23567_E1,ENSG00000198034,0.005718720026264034,-0.04011547655120248
BC23567,BC23567_E1,ENSG00000142676,0.0835032038248616,0.07207609813766598
BC23567,BC23567_E1,ENSG00000177954,0.07893326348686894,0.1095634015557205
BC23567,BC23567_E1,ENSG00000184009,0.03406280184653322,0.03777625901225511
BC23567,BC23567_E1,ENSG00000172809,-0.0955098241081495,-0.11071042429781248
BC23567,BC23567_E1,ENSG00000100316,0.06471283564962764,0.03476987858408946
BC23567,BC23567_E1,ENSG00000170889,0.095504710098325,0.183483612060847
BC23567,BC23567_E1,ENSG00000019582,0.18695559522906746,0.2171816658459899
BC23567,BC23567_E1,ENSG00000125691,-0.18926694108403314,-0.23170683699318964
BC23567,BC23567_E1,ENSG00000167995,0.05484748781405791,0.08506205205160525
BC23567,BC23567_E1,ENSG00000142937,-0.005980244834382047,-0.036126685473597514
BC23567,BC23567_E1,ENSG00000137154,0.03502585086202107,0.05214780012880853
BC23567,BC23567_E1,ENSG00000083845,0.04722017165136802,0.04827740501421082
BC23567,BC23567_E1,ENSG00000172757,-0.15840215512389022,-0.22245504735460325
BC23567,BC23567_E1,ENSG00000156482,0.04134578232630601,0.06142145041101649
BC23567,BC23567_E1,ENSG00000204525,-0.10436078320539045,-0.12085489188104133
BC23567,BC23567_E1,ENSG00000108821,0.27977271933313497,0.2877821727773113
BC23567,BC23567_E1,ENSG00000169710,0.3001059651998411,0.32662740584271255
BC23567,BC23567_E1,ENSG00000149925,-0.06134714341049064,-0.06733145331619834
BC23567,BC23567_E1,ENSG00000198242,-0.027402923758826053,-0.037208915224025384
BC23567,BC23567_E1,ENSG00000185499,0.06480936150159713,0.07076647148531891
BC23567,BC23567_E1,ENSG00000197958,-0.051503554905406916,-0.06277491418799451
BC23567,BC23567_E1,ENSG00000167468,-0.021366525359512493,-0.015993699069275755
BC23567,BC23567_E1,__ambiguous[ENSG00000254772+ENSG00000255508],-0.10560776160082683,-0.14520610903496894
BC23567,BC23567_E1,__ambiguous[ENSG00000185883+ENSG00000260272],0.08801180223326406,0.08995036551814177
BC23567,BC23567_E1,ENSG00000131469,0.14288850074084777,0.13561324090555713
BC23567,BC23567_E1,ENSG00000162244,-0.04588837263711114,-0.03310791289404538
BC23567,BC23567_E1,ENSG00000163191,-0.08181283136633649,-0.12177977693584206
BC23567,BC23567_E1,ENSG00000148303,-0.018514126127589778,-0.02306174850441717
BC23567,BC23567_E1,ENSG00000115457,-0.019897333458126776,0.016042171712852795
BC23567,BC23567_E1,ENSG00000174748,-0.10352980626957735,-0.11404431542497044
BC23567,BC23567_E1,ENSG00000143947,-0.06465030051517194,-0.042843656275908935
BC23567,BC23567_E1,ENSG00000167658,0.03162975764116818,0.017556031943843104
BC23567,BC23567_E1,ENSG00000144713,-0.040245288583028636,-0.0538627302872505
BC23567,BC23567_E1,ENSG00000135404,0.028532430610481056,0.03336546363120152
BC23567,BC23567_E1,ENSG00000145592,0.0056901885136384596,-0.013217915685351389
BC23567,BC23567_E1,ENSG00000279483,0.048390870856591016,0.08299308048845055
BC23567,BC23567_E1,ENSG00000224389,-0.14934694738780505,-0.1725332833589615
BC23567,BC23567_E1,__ambiguous[ENSG00000243678+ENSG00000011052],-0.013832797460528968,-0.011660056013839706
BC23567,BC23567_E1,ENSG00000107223,0.037489018169394525,0.0554872238454586
BC23567,BC23567_E1,ENSG00000108639,-0.12681332099856998,-0.1742559892620934
BC23567,BC23567_E1,ENSG00000204592,0.17690263721057298,0.2617081488096728
BC23567,BC23567_E1,ENSG00000206503,0.05151095484653517,0.11711187391275428
BC23567,BC23567_E1,ENSG00000106211,0.11318919537734502,0.12683775430046784
BC23567,BC23567_E1,ENSG00000152082,0.03228168556788017,0.054693849814817654
BC23567,BC23567_E1,ENSG00000110651,0.13573566228737746,0.18801934142756965
BC23567,BC23567_E1,ENSG00000231925,-0.08969180287798505,-0.11540100139774609
BC23567,BC23567_E1,ENSG00000166710,0.00858962121589575,0.002563318561177557
BC23567,BC23567_E1,ENSG00000106624,0.23255950688729082,0.18376077931795362
BC23567,BC23567_E1,ENSG00000165949,-0.031442052594739235,-0.0321547220399047
BC23567,BC23567_E1,ENSG00000172531,0.05867499824554179,0.07132174022089936
BC23567,BC23567_E1,ENSG00000070756,-0.011494605535061694,-0.022460186395398336
BC23567,BC23567_E1,ENSG00000108679,0.07475487892016086,0.09298182551522693
BC23567,BC23567_E1,ENSG00000108344,0.06376576827161831,0.07278770991168765
BC23567,BC23567_E1,ENSG00000133112,-0.0463289512871577,-0.05665710815431542
BC23567,BC23567_E1,ENSG00000118181,-0.06678348433305721,-0.08019606599309746
BC23567,BC23567_E1,ENSG00000115884,0.033970698578721883,0.024718783475614105
BC23567,BC23567_E1,ENSG00000071082,0.05278308631299523,0.04348732742174571
BC23567,BC23567_E1,ENSG00000092841,0.012564931751491325,0.02307289246534789
BC23567,BC23567_E1,ENSG00000246705,-0.03696274578318017,-0.03969927732473514
BC23567,BC23567_E1,ENSG00000104904,0.024878752643806595,0.08496662969709794
BC23567,BC23567_E1,__ambiguous[ENSG00000185885+ENSG00000185201],0.05129498704226952,-7.713794553601644e-05
BC23567,BC23567_E1,ENSG00000158710,-0.035352717790361525,-0.028032426103394778
BC23567,BC23567_E1,__ambiguous[ENSG00000257341+ENSG00000213145],0.07266838332012951,0.055484983386983086
BC23567,BC23567_E1,ENSG00000111057,0.03450447037227201,0.02260502514980479
BC23567,BC23567_E1,ENSG00000185825,-0.046309261952672744,-0.0661553599640238
BC23567,BC23567_E1,ENSG00000141741,0.10847732095119303,0.09916658437943493
BC23567,BC23567_E1,ENSG00000160862,0.1302829463770352,0.16010464813437722
BC23567,BC23567_E1,ENSG00000150991,-0.0633795991450356,-0.10863114147734013
BC23567,BC23567_E1,ENSG00000178719,-0.008279498945880055,-0.02248129065595812
BC23567,BC23567_E1,ENSG00000130303,0.1065378230819355,0.12923670746695173
BC23567,BC23567_E1,ENSG00000255823,0.1213720199850075,0.1727358143736636
BC23567,BC23567_E1,ENSG00000205542,-0.07083423206347475,-0.1098585742607811
BC23567,BC23567_E1,__ambiguous[ENSG00000124614+ENSG00000270800],-0.08217647675967221,-0.139347010167682
BC23567,BC23567_E1,__ambiguous[ENSG00000273259+ENSG00000196136],-0.050434044462445,-0.035262832930384264
BC23567,BC23567_E1,ENSG00000074800,-0.12357100923037609,-0.1799327456196729
BC23567,BC23567_E1,ENSG00000117410,-0.07571281985048667,-0.1046896565808486
BC23567,BC23567_E1,ENSG00000126267,0.11432418350060854,0.12992480494170833
BC23567,BC23567_E1,ENSG00000149591,0.23783448455820866,0.2550505047314661
BC23567,BC23567_E1,ENSG00000169100,0.041965904967199916,0.04136904272584307
BC23567,BC23567_E1,ENSG00000163682,0.11165891388921044,0.11440318488927413
BC23567,BC23567_E1,ENSG00000115414,-0.021917958360870002,-0.051421715304068506
BC23567,BC23567_E1,ENSG00000030582,-0.08057222203440854,-0.1306469051152114
BC23567,BC23567_E1,ENSG00000142669,0.120573350583004,0.11846283673084106
BC23567,BC23567_E1,ENSG00000117450,0.02175845373333075,0.032471491829549774
BC23567,BC23567_E1,ENSG00000102265,0.18819683798083764,0.20068828457142726
BC23567,BC23567_E1,ENSG00000269028,0.0897528790973598,0.16143875800774352
BC23567,BC23567_E1,ENSG00000125534,-0.159601986792461,-0.18309572894022277
BC23567,BC23567_E1,ENSG00000145425,0.005757513876517499,0.004787109354882388
BC23567,BC23567_E1,ENSG00000182809,0.037410850986932184,0.03980141336814051
BC23567,BC23567_E1,ENSG00000251562,0.1039905446588326,0.14608766720175936
BC23567,BC23567_E1,ENSG00000124664,0.12098916670965805,0.13947067178047537
BC23567,BC23567_E1,ENSG00000127540,-0.11013472090377996,-0.13271204411500673
BC23567,BC23567_E1,ENSG00000187514,0.08654136246873745,0.1224646697306253
BC23567,BC23567_E1,ENSG00000160789,0.08598355184554687,0.1137419989967939
BC23567,BC23567_E1,ENSG00000142089,-0.01339828910504065,-0.027275062054542307
BC23567,BC23567_E1,ENSG00000143774,0.0019301224475168125,0.02029466351070953
BC23567,BC23567_E1,ENSG00000164919,0.051178953821887994,0.04511574814174916
BC23567,BC23567_E1,ENSG00000170315,0.046777437835000754,0.019455687491680217
BC23567,BC23567_E1,ENSG00000272196,0.05674877532054637,0.07528439546677361
BC23567,BC23567_E1,ENSG00000071553,-0.07555880138304656,-0.09122174043856378
BC23567,BC23567_E1,ENSG00000138326,-0.0218554558153482,-0.03120459490799498
BC23567,BC23567_E1,ENSG00000182899,-0.019462729753507154,0.003067293122478729
BC23567,BC23567_E1,ENSG00000164733,0.20189452377473904,0.21741858445532325
BC23567,BC23567_E1,ENSG00000182492,0.19973164514480654,0.19004712680766103
BC23567,BC23567_E1,ENSG00000124614,0.015200093023371088,0.011304066423920543
BC23567,BC23567_E1,ENSG00000144426,-0.004961945781728383,0.009826493514439085
BC23567,BC23567_E1,ENSG00000176340,-0.07973180745490546,-0.10382303341972592
BC23567,BC23567_E1,ENSG00000103363,-0.03657325596444917,-0.04118414519792521
BC23567,BC23567_E1,ENSG00000008988,0.04518393478618209,0.03216478982222552
BC23567,BC23567_E1,ENSG00000130208,0.24258187490698352,0.29210039842700547
BC23567,BC23567_E1,ENSG00000165215,0.03682649971336289,0.027229189492380512
BC23567,BC23567_E1,ENSG00000164692,0.1998267377855713,0.21124537824710773
BC23567,BC23567_E1,ENSG00000100219,-0.0884488512489751,-0.1025828617122051
BC23567,BC23567_E1,ENSG00000026025,0.21784992254048416,0.24156589357460376
BC23567,BC23567_E1,__ambiguous[ENSG00000277957+ENSG00000161960],-0.016966496502400126,-0.034425764524420664
BC23567,BC23567_E1,ENSG00000184897,0.09188467112533247,0.10593276161635287
BC23567,BC23567_E1,ENSG00000204287,0.0925039264335669,0.11635567121400017
BC23567,BC23567_E1,ENSG00000277972,0.022507511619220995,0.006383859511545319
BC23567,BC23567_E1,ENSG00000160180,0.026352861388411256,0.01949261366784505
BC23567,BC23567_E1,ENSG00000105223,0.20634778277193086,0.2561848641209056
BC23567,BC23567_E1,ENSG00000052344,-0.079809125163424,-0.09852325100979029
BC23567,BC23567_E1,ENSG00000162511,0.3372252265565764,0.38753604854432705
BC23567,BC23567_E1,ENSG00000114353,0.14081012191912523,0.16362768281308399
BC23567,BC23567_E1,ENSG00000178980,-0.10141658385392051,-0.12691062146896442
BC23567,BC23567_E1,ENSG00000142949,0.06195160234543602,0.06294203784752114
BC23567,BC23567_E1,ENSG00000173372,0.320187240526594,0.38526007779949073
BC23567,BC23567_E1,ENSG00000196924,0.2219799411460861,0.23790898189259213
BC23567,BC23567_E1,ENSG00000172354,0.07512394934122438,0.0615251958743091
BC23567,BC23567_E1,ENSG00000087460,0.17030675464850017,0.19161045972452598
BC23567,BC23567_E1,ENSG00000188846,-0.004383484596180911,-0.030236077821265635
BC23567,BC23567_E1,ENSG00000111669,-0.09959955416683193,-0.12101150309990381
BC23567,BC23567_E1,ENSG00000141522,-0.2092135149479154,-0.27386766336628027
BC23567,BC23567_E1,ENSG00000167815,0.03594275144893274,0.04318987153771179
BC23567,BC23567_E1,ENSG00000173272,0.11464944361274602,0.1231752378393466
BC23567,BC23567_E1,__ambiguous[ENSG00000241343+ENSG00000257529],-0.032013208733498534,-0.04487574964952757
BC23567,BC23567_E1,ENSG00000186468,-0.03381029100955491,-0.03547823334318336
BC23567,BC23567_E1,__ambiguous[ENSG00000262526+ENSG00000170296],-0.17842151769205059,-0.2572159567538736
BC23567,BC23567_E1,ENSG00000104529,0.07374439661234373,0.08151913362772527
BC23567,BC23567_E1,ENSG00000178952,-0.2010367485882005,-0.2803808327251108
BC23567,BC23567_E1,ENSG00000277791,-0.04721023559684481,-0.08942922045936268
BC23567,BC23567_E1,ENSG00000174444,0.025698544659709135,0.03322591386098686
BC23567,BC23567_E1,ENSG00000114867,0.06426831427714588,0.09423446472792042
BC23567,BC23567_E1,ENSG00000163479,-0.11107873485189439,-0.1406221579059205
BC23567,BC23567_E1,ENSG00000173801,0.055081756643388845,0.07578788716454891
BC23567,BC23567_E1,ENSG00000169223,-0.05510438826658317,-0.08748511286849664
BC23567,BC23567_E1,ENSG00000213988,-0.031386453863455205,-0.06661182365831002
BC23567,BC23567_E1,ENSG00000279274,0.06747464064973473,0.08896092726969144
BC23567,BC23567_E1,ENSG00000124172,0.0003171817275706119,0.00293347864058738
BC23567,BC23567_E1,ENSG00000126247,-0.024859257647477623,-0.02690090376222744
BC23567,BC23567_E1,ENSG00000155366,-0.05492984806837421,-0.08718919368569875
BC23567,BC23567_E1,ENSG00000123349,-0.025660024747510425,-0.05172927928152017
BC23567,BC23567_E1,__ambiguous[ENSG00000219200+ENSG00000161939],0.0652759598312649,0.09311676653590378
BC23567,BC23567_E1,ENSG00000131143,-0.12493645305572805,-0.14464525200760653
BC23567,BC23567_E1,ENSG00000170421,0.07992035454113604,0.09604066820871413
BC23567,BC23567_E1,ENSG00000114391,0.022519771841422488,0.04058692574468398
BC23567,BC23567_E1,ENSG00000125730,0.34271690184783743,0.36540597971785377
BC23567,BC23567_E1,ENSG00000135480,0.12985602394944726,0.17340644694549148
BC23567,BC23567_E1,ENSG00000132475,0.11483073139460792,0.12696224521148805
BC23567,BC23567_E1,ENSG00000058262,0.042517704928797515,0.0682641948324771
BC23567,BC23567_E1,ENSG00000147604,0.012121554211689338,-0.03029064826597166
BC23567,BC23567_E1,ENSG00000134419,-0.10000249781010213,-0.09592339868795907
BC23567,BC23567_E1,ENSG00000214530,-0.04145432089423611,-0.036908769216296204
BC23567,BC23567_E1,ENSG00000135390,-0.06701585259260152,-0.13076888035915932
BC23567,BC23567_E1,ENSG00000171863,-0.049918909506226704,-0.05543324715556606
BC23567,BC23567_E1,ENSG00000141753,0.12344049115511041,0.10280483464965931
BC23567,BC23567_E1,ENSG00000104964,0.10655799956269661,0.10052270370053296
BC23567,BC23567_E1,ENSG00000100300,0.029296372135458566,0.06195381453478789
BC23567,BC23567_E1,ENSG00000161960,0.07415056591098744,0.06407937690336307
BC23567,BC23567_E1,ENSG00000163399,0.06113080545623252,0.07706960951741205
BC23567,BC23567_E1,ENSG00000096384,0.21663377017820748,0.2651915198940078
BC23567,BC23567_E1,ENSG00000142173,0.23023743860631507,0.22556088702431815
BC23567,BC23567_E1,ENSG00000196576,0.011103540711419318,0.008815213098072597
BC23567,BC23567_E1,ENSG00000113140,0.15340795785446287,0.1716918294460112
BC23567,BC23567_E1,ENSG00000143420,0.015776858500176974,0.012322933919578862
BC23567,BC23567_E1,ENSG00000123416,-0.027812758776582434,-0.044831383069898284
BC23567,BC23567_E1,ENSG00000197956,-0.02669147242033043,-0.02612411873007108
BC23567,BC23567_E1,ENSG00000163220,-0.010649517106309899,-0.08202868121027014
BC23567,BC23567_E1,ENSG00000101335,0.06171800829138458,0.05487611482004921
BC23567,BC23567_E1,ENSG00000051523,0.23583200449762623,0.28973583760293153
BC23567,BC23567_E1,ENSG00000177700,-0.034438184246355974,-0.0781662543411479
BC23567,BC23567_E1,ENSG00000229117,-0.0490489941187098,-0.09465676586648229
BC23567,BC23567_E1,ENSG00000147684,0.059480171352465444,0.03541844331090236
BC23567,BC23567_E1,ENSG00000186010,0.08756809547888382,0.12153259465634
BC23567,BC23567_E1,ENSG00000164405,0.03731543642745153,0.028268154676505064
BC23567,BC23567_E1,ENSG00000106153,-0.06530461504218611,-0.07840595109462677
BC23567,BC23567_E1,ENSG00000172270,0.052388328067730014,0.08865404579693811
BC23567,BC23567_E1,ENSG00000011304,0.025785907101262315,0.05532874785293058
BC23567,BC23567_E1,ENSG00000135940,-0.025940522774195934,-0.018312840076094867
BC23567,BC23567_E1,ENSG00000125970,-0.012288192056217888,0.00934168459689316
BC23567,BC23567_E1,ENSG00000176046,0.09925841272644728,0.12500588993246123
BC23567,BC23567_E1,ENSG00000131748,0.025688329680297876,0.03669144347532352
BC23567,BC23567_E1,ENSG00000174886,0.012790289948316914,-0.006366952830762871
BC23567,BC23567_E1,ENSG00000130725,0.03185757092224354,0.041077348633145924
BC23567,BC23567_E1,ENSG00000110092,-0.09335372373797422,-0.13644119922668768
BC23567,BC23567_E1,ENSG00000159840,0.06822699639701918,0.07904541630130486
BC23567,BC23567_E1,ENSG00000196405,0.11789332479922786,0.13498586668511703
BC23567,BC23567_E1,ENSG00000132507,0.020608792121701466,0.029415909844860474
BC23567,BC23567_E2,ENSG00000034510,0.05353135178470415,0.034793836896211315
BC23567,BC23567_E2,ENSG00000137818,0.2662847584952616,0.33091677501371364
BC23567,BC23567_E2,ENSG00000171345,0.15314320058781616,0.19405068709662954
BC23567,BC23567_E2,ENSG00000111640,0.05325761348901614,0.058515875734990716
BC23567,BC23567_E2,ENSG00000177600,0.09869151030025401,0.16634656193981404
BC23567,BC23567_E2,ENSG00000231500,0.13853859937693197,0.1943835040602861
BC23567,BC23567_E2,ENSG00000164587,0.12011302616290286,0.1817246915410861
BC23567,BC23567_E2,ENSG00000197756,-0.07099400067370976,-0.06483227167109759
BC23567,BC23567_E2,ENSG00000075624,0.14470381047983316,0.19605462813890884
BC23567,BC23567_E2,ENSG00000108107,0.1046379857408596,0.16223631164948027
BC23567,BC23567_E2,ENSG00000105372,0.03495379612368775,0.053251563467460405
BC23567,BC23567_E2,ENSG00000254709,0.630688261969168,0.7517524909444102
BC23567,BC23567_E2,ENSG00000161016,0.07461828270224022,0.12853261558183637
BC23567,BC23567_E2,ENSG00000167526,0.08233757510996627,0.07180973502389658
BC23567,BC23567_E2,ENSG00000087086,0.289646795822216,0.3024050580112839
BC23567,BC23567_E2,ENSG00000130255,0.1255818848105174,0.14969045103294118
BC23567,BC23567_E2,ENSG00000108298,-0.21705573618398,-0.2863524677084895
BC23567,BC23567_E2,__ambiguous[ENSG00000251357+ENSG00000240972],0.0035057658943486157,0.007339883554872397
BC23567,BC23567_E2,ENSG00000108518,0.22574114954306576,0.30683182441087165
BC23567,BC23567_E2,ENSG00000141736,0.41342871562906125,0.4673417540525861
BC23567,BC23567_E2,ENSG00000149273,0.04970531821142678,0.08960320415056212
BC23567,BC23567_E2,ENSG00000197746,0.285154961928996,0.3158023829121825
BC23567,BC23567_E2,ENSG00000063177,0.10821116949419515,0.1245133437488421
BC23567,BC23567_E2,ENSG00000140264,0.09204089394134625,0.13259607513683747
BC23567,BC23567_E2,ENSG00000136942,0.10542395628409663,0.16081009093596713
BC23567,BC23567_E2,ENSG00000105193,-0.011747085822956476,-0.04994993056519004
BC23567,BC23567_E2,ENSG00000109062,0.0009222697989844037,0.0002818428729579195
BC23567,BC23567_E2,ENSG00000111341,-0.06085629218201479,-0.09878427418814524
BC23567,BC23567_E2,ENSG00000167996,-0.09821526358563143,-0.1488412008727124
BC23567,BC23567_E2,ENSG00000179218,-0.00760634131806683,0.011035588338295625
BC23567,BC23567_E2,ENSG00000142541,0.03673566886801602,0.04930910178044455
BC23567,BC23567_E2,ENSG00000117984,0.25908005096169767,0.3141850963255022
BC23567,BC23567_E2,ENSG00000204628,-0.001988926428085296,0.006570068786847432
BC23567,BC23567_E2,ENSG00000142534,-0.0971138827268834,-0.14653483112066903
BC23567,BC23567_E2,ENSG00000140988,-0.20276456484095673,-0.2655280798493331
BC23567,BC23567_E2,ENSG00000221983,0.08424848458372801,0.1480851255384281
BC23567,BC23567_E2,ENSG00000089157,-0.005421918535862645,-0.03798305628172246
BC23567,BC23567_E2,ENSG00000171858,-0.05578538027186774,-0.07138170770780969
BC23567,BC23567_E2,ENSG00000166441,0.10221485562575243,0.10794258808951136
BC23567,BC23567_E2,ENSG00000147403,0.05420577171742971,0.08877738024922459
BC23567,BC23567_E2,ENSG00000180879,0.4044063660496813,0.5001109307688273
BC23567,BC23567_E2,ENSG00000115268,-0.01462730125696819,-0.008878394292021845
BC23567,BC23567_E2,ENSG00000213741,0.1126574257476762,0.16835905037032223
BC23567,BC23567_E2,ENSG00000112306,-0.06920120287297553,-0.07766511186932513
BC23567,BC23567_E2,ENSG00000185624,0.06506877143662546,0.06474996426808956
BC23567,BC23567_E2,ENSG00000233927,0.09887710881993653,0.15126295468495946
BC23567,BC23567_E2,ENSG00000182774,0.03291879007123087,0.044844571278720734
BC23567,BC23567_E2,ENSG00000234745,-0.21356300915513074,-0.26059716448207126
BC23567,BC23567_E2,ENSG00000130203,0.4738999433591839,0.5918194084476407
BC23567,BC23567_E2,ENSG00000105640,0.14987370402722902,0.20287561133041745
BC23567,BC23567_E2,ENSG00000101439,0.24536908630074894,0.2746913943135249
BC23567,BC23567_E2,ENSG00000149806,0.014019700566719721,0.022650158957298782
BC23567,BC23567_E2,ENSG00000198034,-0.11444876072255737,-0.17872531381638884
BC23567,BC23567_E2,ENSG00000142676,-0.0020671229327206128,-0.0339686607076831
BC23567,BC23567_E2,ENSG00000177954,0.18954393323983698,0.20337237260336805
BC23567,BC23567_E2,ENSG00000184009,0.062118447726616025,0.07721761412599153
BC23567,BC23567_E2,ENSG00000172809,-0.09823591266890148,-0.14369549523043845
BC23567,BC23567_E2,ENSG00000100316,-0.06976038954444669,-0.0812208809016929
BC23567,BC23567_E2,ENSG00000170889,0.06888424818241061,0.11105074377482924
BC23567,BC23567_E2,ENSG00000019582,0.15090372816162365,0.16681915087006274
BC23567,BC23567_E2,ENSG00000125691,-0.15727202180082822,-0.19091572798133422
BC23567,BC23567_E2,ENSG00000167995,0.2214709440071519,0.29985449111200563
BC23567,BC23567_E2,ENSG00000142937,-0.06886135033680091,-0.09597469699876943
BC23567,BC23567_E2,ENSG00000137154,-0.025330246072905835,-0.03708346770094328
BC23567,BC23567_E2,ENSG00000083845,-0.03181443870695493,-0.05731095103189826
BC23567,BC23567_E2,ENSG00000172757,-0.14074229980572656,-0.20207475197328095
BC23567,BC23567_E2,ENSG00000156482,0.021326696031195705,0.05827348031574825
BC23567,BC23567_E2,ENSG00000204525,-0.14265534386033457,-0.19617481486284344
BC23567,BC23567_E2,ENSG00000108821,0.2509884053621151,0.28348604662363397
BC23567,BC23567_E2,ENSG00000169710,0.29312068396184326,0.317497786520696
BC23567,BC23567_E2,ENSG00000149925,0.03811284129692477,0.033620703775798635
BC23567,BC23567_E2,ENSG00000198242,-0.08136249845729657,-0.10024250694004466
BC23567,BC23567_E2,ENSG00000185499,0.039680292478555895,0.05278098553535701
BC23567,BC23567_E2,ENSG00000197958,-0.036779850563138795,-0.05827800301139718
BC23567,BC23567_E2,ENSG00000167468,0.07922876321777646,0.10609595809463007
BC23567,BC23567_E2,__ambiguous[ENSG00000254772+ENSG00000255508],-0.05128860890733133,-0.07241146486594198
BC23567,BC23567_E2,__ambiguous[ENSG00000185883+ENSG00000260272],0.12571128424996994,0.17598419605333926
BC23567,BC23567_E2,ENSG00000131469,0.0949392121077002,0.08418401460635357
BC23567,BC23567_E2,ENSG00000162244,-0.04719622850454505,-0.0035668306786815953
BC23567,BC23567_E2,ENSG00000163191,0.016090743536847113,0.04666267197577172
BC23567,BC23567_E2,ENSG00000148303,-0.050848009289509284,-0.05685220447333529
BC23567,BC23567_E2,ENSG00000115457,0.005337443133116316,0.029206500570666014
BC23567,BC23567_E2,ENSG00000174748,0.015120169080468175,-0.03030653773100172
BC23567,BC23567_E2,ENSG00000143947,0.019135861411535598,0.03313694854820056
BC23567,BC23567_E2,ENSG00000167658,-0.10324727747027217,-0.12429149844946061
BC23567,BC23567_E2,ENSG00000144713,-0.07909587104077212,-0.09106396762847088
BC23567,BC23567_E2,ENSG00000135404,-0.08081613463229262,-0.10274981119389161
BC23567,BC23567_E2,ENSG00000145592,-0.020532044039676376,-0.02726381237725741
BC23567,BC23567_E2,ENSG00000279483,0.0666620988339719,0.08188012992004919
BC23567,BC23567_E2,ENSG00000224389,-0.11221429883232767,-0.12714167033618093
BC23567,BC23567_E2,__ambiguous[ENSG00000243678+ENSG00000011052],-0.08467366074455895,-0.10389790347913774
BC23567,BC23567_E2,ENSG00000107223,0.11017019900623583,0.1290224662750503
BC23567,BC23567_E2,ENSG00000108639,-0.08863020521759438,-0.09420359468230315
BC23567,BC23567_E2,ENSG00000204592,0.1370994862058863,0.251298871563251
BC23567,BC23567_E2,ENSG00000206503,-0.0704184465049947,-0.06497265864699557
BC23567,BC23567_E2,ENSG00000106211,-0.04566065517934093,-0.03563693041515296
BC23567,BC23567_E2,ENSG00000152082,-0.0403021161200401,-0.027572040427715105
BC23567,BC23567_E2,ENSG00000110651,0.11662080846684895,0.1384164110638748
BC23567,BC23567_E2,ENSG00000231925,0.09908438580391588,0.12397674957167752
BC23567,BC23567_E2,ENSG00000166710,0.06155342456291772,0.08089170788006418
BC23567,BC23567_E2,ENSG00000106624,0.4125836152039038,0.48046301201175545
BC23567,BC23567_E2,ENSG00000165949,0.008227897728338833,-0.004672095730552131
BC23567,BC23567_E2,ENSG00000172531,0.08513725038528414,0.12036803798288892
BC23567,BC23567_E2,ENSG00000070756,-0.02210006668571562,-0.0005721484260755907
BC23567,BC23567_E2,ENSG00000108679,0.03129604393059696,0.08931014511926069
BC23567,BC23567_E2,ENSG00000108344,0.10927215108981474,0.10954568979386496
BC23567,BC23567_E2,ENSG00000133112,-0.03774971426975764,-0.02135468090331443
BC23567,BC23567_E2,ENSG00000118181,0.06869497084759954,0.042800624836341276
BC23567,BC23567_E2,ENSG00000115884,0.09561076271627232,0.12875294940834145
BC23567,BC23567_E2,ENSG00000071082,-0.06036592692644562,-0.04679042492191161
BC23567,BC23567_E2,ENSG00000092841,0.04745629797214566,0.03862556275220024
BC23567,BC23567_E2,ENSG00000246705,0.0411650309709805,0.11037806983386064
BC23567,BC23567_E2,ENSG00000104904,0.05784259566528778,0.10256652351248864
BC23567,BC23567_E2,__ambiguous[ENSG00000185885+ENSG00000185201],0.040743798968447265,0.046520663087212026
BC23567,BC23567_E2,ENSG00000158710,0.02275049350750782,0.008338244705965158
BC23567,BC23567_E2,__ambiguous[ENSG00000257341+ENSG00000213145],0.08181429396973812,0.10918993325161226
BC23567,BC23567_E2,ENSG00000111057,-0.08665274923247057,-0.12476987682423421
BC23567,BC23567_E2,ENSG00000185825,0.061429500536032744,0.08811967029166065
BC23567,BC23567_E2,ENSG00000141741,0.16444594386954484,0.17137623117435785
BC23567,BC23567_E2,ENSG00000160862,0.059642493025972194,0.12624398423651484
BC23567,BC23567_E2,ENSG00000150991,-0.06469289027417369,-0.11621903303170551
BC23567,BC23567_E2,ENSG00000178719,0.10816411752425875,0.11713053343275937
BC23567,BC23567_E2,ENSG00000130303,0.17526690118232396,0.1832346235293355
BC23567,BC23567_E2,ENSG00000255823,0.045357379985016336,0.0639079261570275
BC23567,BC23567_E2,ENSG00000205542,0.021995600841853025,0.012018128098734957
BC23567,BC23567_E2,__ambiguous[ENSG00000124614+ENSG00000270800],0.10044416515559142,0.08649601078293626
BC23567,BC23567_E2,__ambiguous[ENSG00000273259+ENSG00000196136],0.0006351840461904497,0.01754373850595695
BC23567,BC23567_E2,ENSG00000074800,-0.04999228172248573,-0.0829168738328742
BC23567,BC23567_E2,ENSG00000117410,0.06989452393663759,0.07169945028624444
BC23567,BC23567_E2,ENSG00000126267,0.07505063954590463,0.09001825917113747
BC23567,BC23567_E2,ENSG00000149591,0.22433741972533822,0.2819089522665098
BC23567,BC23567_E2,ENSG00000169100,0.020246791733195924,0.03585000209711271
BC23567,BC23567_E2,ENSG00000163682,-0.04050689063633596,-0.03962083752204397
BC23567,BC23567_E2,ENSG00000115414,0.05502090869980475,0.09124073953248796
BC23567,BC23567_E2,ENSG00000030582,-0.08340307413662718,-0.12576509205142078
BC23567,BC23567_E2,ENSG00000142669,0.14310552403756993,0.17604556700487398
BC23567,BC23567_E2,ENSG00000117450,-0.017076091930235696,-0.03904858537178771
BC23567,BC23567_E2,ENSG00000102265,0.24817378167941698,0.29741686859752214
BC23567,BC23567_E2,ENSG00000269028,0.11565516548524937,0.1287913311890643
BC23567,BC23567_E2,ENSG00000125534,-0.08463714908468664,-0.11782276771218113
BC23567,BC23567_E2,ENSG00000145425,0.006839137392205257,0.013534395182095295
BC23567,BC23567_E2,ENSG00000182809,-0.001268731776440987,0.006726978528858247
BC23567,BC23567_E2,ENSG00000251562,0.11255375359758178,0.15930747837302242
BC23567,BC23567_E2,ENSG00000124664,0.18782789834017719,0.19826302237910923
BC23567,BC23567_E2,ENSG00000127540,0.07702841592291568,0.019822440281910946
BC23567,BC23567_E2,ENSG00000187514,0.12051136108386559,0.12022922866801504
BC23567,BC23567_E2,ENSG00000160789,0.0715536484006541,0.08387694143340589
BC23567,BC23567_E2,ENSG00000142089,0.02447651662088194,-0.010643225990955482
BC23567,BC23567_E2,ENSG00000143774,0.14245901386081994,0.14241681726070377
BC23567,BC23567_E2,ENSG00000164919,0.015183134962275758,0.04895303447662442
BC23567,BC23567_E2,ENSG00000170315,-0.013543257845943672,-0.03662210805543278
BC23567,BC23567_E2,ENSG00000272196,0.03351129659302661,0.03216869603158224
BC23567,BC23567_E2,ENSG00000071553,0.013542553762037633,0.021289263290995352
BC23567,BC23567_E2,ENSG00000138326,-0.027079235438195463,-0.07889442256036303
BC23567,BC23567_E2,ENSG00000182899,0.052727182503025875,0.054774305430867434
BC23567,BC23567_E2,ENSG00000164733,0.21062922257763617,0.21677276890036995
BC23567,BC23567_E2,ENSG00000182492,0.304095821781581,0.3452831347047635
BC23567,BC23567_E2,ENSG00000124614,-0.0034399979834652127,-0.013246601064038969
BC23567,BC23567_E2,ENSG00000144426,-0.047354562247255455,-0.048256711709818566
BC23567,BC23567_E2,ENSG00000176340,0.11100167679062928,0.15738008813759172
BC23567,BC23567_E2,ENSG00000103363,-0.04763126990494974,-0.02918261998605438
BC23567,BC23567_E2,ENSG00000008988,0.04278300172763432,0.0475219628702206
BC23567,BC23567_E2,ENSG00000130208,0.2659509707124342,0.34696804153594873
BC23567,BC23567_E2,ENSG00000165215,0.11247793026562394,0.1317981703092941
BC23567,BC23567_E2,ENSG00000164692,0.25307657786517845,0.3024026279331219
BC23567,BC23567_E2,ENSG00000100219,-0.04718016425613773,-0.045549404695991454
BC23567,BC23567_E2,ENSG00000026025,0.1283486032671765,0.16459219723100244
BC23567,BC23567_E2,__ambiguous[ENSG00000277957+ENSG00000161960],0.05199497119535695,0.05945614624471532
BC23567,BC23567_E2,ENSG00000184897,0.014585835672357519,0.006999930737617106
BC23567,BC23567_E2,ENSG00000204287,0.034411824500210256,0.036539673568807114
BC23567,BC23567_E2,ENSG00000277972,0.14624646170967867,0.1768667241231423
BC23567,BC23567_E2,ENSG00000160180,0.017783049588918638,-2.0973622048094513e-05
BC23567,BC23567_E2,ENSG00000105223,0.23773972097020898,0.3128617902962769
BC23567,BC23567_E2,ENSG00000052344,-0.07511243472966489,-0.06789382645157536
BC23567,BC23567_E2,ENSG00000162511,0.23954870621780489,0.28956483404001243
BC23567,BC23567_E2,ENSG00000114353,0.08489660227266317,0.12133781074627398
BC23567,BC23567_E2,ENSG00000178980,-0.053180817551956146,-0.061586631294116664
BC23567,BC23567_E2,ENSG00000142949,0.09009896483506762,0.11624309937167039
BC23567,BC23567_E2,ENSG00000173372,0.3395538133035971,0.4193939728765223
BC23567,BC23567_E2,ENSG00000196924,0.10732059163814686,0.13035716968305971
BC23567,BC23567_E2,ENSG00000172354,0.024781534711480407,0.021174911202445374
BC23567,BC23567_E2,ENSG00000087460,0.1531259887932776,0.1968640842020318
BC23567,BC23567_E2,ENSG00000188846,-0.06856660694254346,-0.08303296758783443
BC23567,BC23567_E2,ENSG00000111669,-0.02289652987832084,-0.04304075108836487
BC23567,BC23567_E2,ENSG00000141522,-0.01939658369925021,-0.014594275218948856
BC23567,BC23567_E2,ENSG00000167815,0.05106793894835342,0.061765114660779566
BC23567,BC23567_E2,ENSG00000173272,0.03671848707009995,0.05756520681716965
BC23567,BC23567_E2,__ambiguous[ENSG00000241343+ENSG00000257529],0.01490153028126949,0.012323508213672963
BC23567,BC23567_E2,ENSG00000186468,0.059354608706415304,0.07710539738754826
BC23567,BC23567_E2,__ambiguous[ENSG00000262526+ENSG00000170296],-0.00805243991630071,-0.06669540406135926
BC23567,BC23567_E2,ENSG00000104529,0.08995699968610232,0.0746708379300555
BC23567,BC23567_E2,ENSG00000178952,0.06905445376815364,0.09666902025603404
BC23567,BC23567_E2,ENSG00000277791,-0.020573940293169633,-0.044665315735580434
BC23567,BC23567_E2,ENSG00000174444,0.01517362048630749,-0.003622350476759649
BC23567,BC23567_E2,ENSG00000114867,0.019754272389420967,0.021893655833157055
BC23567,BC23567_E2,ENSG00000163479,0.03807086122661545,0.046200583672796225
BC23567,BC23567_E2,ENSG00000173801,0.05017224167165354,0.07200272107470031
BC23567,BC23567_E2,ENSG00000169223,-0.03469127065218064,-0.01761275368762899
BC23567,BC23567_E2,ENSG00000213988,-0.06877665672891621,-0.0718062260506242
BC23567,BC23567_E2,ENSG00000279274,0.10072401290396295,0.1252126288504305
BC23567,BC23567_E2,ENSG00000124172,0.05263402795764232,0.04202336424718355
BC23567,BC23567_E2,ENSG00000126247,-0.013449632443612806,-0.04263170423734265
BC23567,BC23567_E2,ENSG00000155366,0.04780718037244138,0.07500762197097059
BC23567,BC23567_E2,ENSG00000123349,0.07936101370908939,0.11283087569425411
BC23567,BC23567_E2,__ambiguous[ENSG00000219200+ENSG00000161939],0.0811597051448257,0.09577293826974217
BC23567,BC23567_E2,ENSG00000131143,-0.022609856846160833,-0.0283084041447229
BC23567,BC23567_E2,ENSG00000170421,0.09148884359977112,0.10887075449146741
BC23567,BC23567_E2,ENSG00000114391,-0.05555646862023053,-0.053067753343479275
BC23567,BC23567_E2,ENSG00000125730,0.43811219328992446,0.5028476979224041
BC23567,BC23567_E2,ENSG00000135480,0.13502778615808878,0.16228691537275827
BC23567,BC23567_E2,ENSG00000132475,0.032366805302676056,0.05067190985260398
BC23567,BC23567_E2,ENSG00000058262,0.047849117686697924,0.07125108688300635
BC23567,BC23567_E2,ENSG00000147604,-0.05522015846904923,-0.10541211766732377
BC23567,BC23567_E2,ENSG00000134419,0.0039113455388051725,-0.011709024604386258
BC23567,BC23567_E2,ENSG00000214530,0.021386197067063406,0.03817261081732411
BC23567,BC23567_E2,ENSG00000135390,0.036785266828245455,0.0377829991161042
BC23567,BC23567_E2,ENSG00000171863,-0.015854735962209477,-0.016964054152649812
BC23567,BC23567_E2,ENSG00000141753,0.29078826805977764,0.3434342747825269
BC23567,BC23567_E2,ENSG00000104964,0.11031257695280343,0.15716174517094747
BC23567,BC23567_E2,ENSG00000100300,0.12749347221311524,0.17091040575210212
BC23567,BC23567_E2,ENSG00000161960,0.10709989743829673,0.13051979838080585
BC23567,BC23567_E2,ENSG00000163399,0.14584172051919703,0.1554185206688487
BC23567,BC23567_E2,ENSG00000096384,0.2669167235365311,0.30542655812505937
BC23567,BC23567_E2,ENSG00000142173,0.256045345464643,0.2825153780488311
BC23567,BC23567_E2,ENSG00000196576,-0.023054783685671258,-0.02233218306666346
BC23567,BC23567_E2,ENSG00000113140,0.20163635891303042,0.2397442634251225
BC23567,BC23567_E2,ENSG00000143420,0.028130642510211232,0.036900764221698044
BC23567,BC23567_E2,ENSG00000123416,0.033032244231553334,0.05845632554074846
BC23567,BC23567_E2,ENSG00000197956,0.09858295012435632,0.044302540155340096
BC23567,BC23567_E2,ENSG00000163220,0.0007846246217469207,0.021195314537371637
BC23567,BC23567_E2,ENSG00000101335,0.19978082107374187,0.24148588849492958
BC23567,BC23567_E2,ENSG00000051523,0.2315942751437079,0.2919620026825075
BC23567,BC23567_E2,ENSG00000177700,0.018221349074966663,-0.0037753215931484972
BC23567,BC23567_E2,ENSG00000229117,0.027167228106510784,0.02344997207111962
BC23567,BC23567_E2,ENSG00000147684,0.05333003866113978,0.08351255123347175
BC23567,BC23567_E2,ENSG00000186010,0.12221421934638711,0.15902805826779945
BC23567,BC23567_E2,ENSG00000164405,-0.02200838782046585,-0.049218708258120775
BC23567,BC23567_E2,ENSG00000106153,0.09213889933293032,0.09057441117087617
BC23567,BC23567_E2,ENSG00000172270,0.018025949539623186,0.043577398124860875
BC23567,BC23567_E2,ENSG00000011304,0.026920748901224614,0.02004144820269427
BC23567,BC23567_E2,ENSG00000135940,0.006531362488289645,0.00019532689920475572
BC23567,BC23567_E2,ENSG00000125970,0.13229747980166706,0.16167360412695653
BC23567,BC23567_E2,ENSG00000176046,0.09863582280972362,0.1270039401262265
BC23567,BC23567_E2,ENSG00000131748,0.07711389029914184,0.07564833900330549
BC23567,BC23567_E2,ENSG00000174886,-0.021856541629981557,-0.00043001291781680803
BC23567,BC23567_E2,ENSG00000130725,0.0024746810092518634,-0.0011075174002447292
BC23567,BC23567_E2,ENSG00000110092,-0.01335587311701251,-0.004247827056609119
BC23567,BC23567_E2,ENSG00000159840,0.0376095684813099,0.08411115266929683
BC23567,BC23567_E2,ENSG00000196405,0.0942848513188132,0.12042607266133716
BC23567,BC23567_E2,ENSG00000132507,-0.008587294590095693,0.03569593216699603
BC23810,BC23810_D2,ENSG00000034510,0.1296385074332782,0.15222573882101412
BC23810,BC23810_D2,ENSG00000254709,0.4082835855290544,0.4329067165327457
BC23810,BC23810_D2,ENSG00000171345,0.1017607886366645,0.1443460456388725
BC23810,BC23810_D2,ENSG00000111640,0.06952364127688142,0.09280359274370438
BC23810,BC23810_D2,ENSG00000137818,0.34417637551649727,0.3467816652923496
BC23810,BC23810_D2,ENSG00000177600,0.2552759488951765,0.24246800656782286
BC23810,BC23810_D2,ENSG00000164587,0.23170899521453764,0.24236170469048027
BC23810,BC23810_D2,ENSG00000108298,-0.019353636562181475,-0.011780240507049922
BC23810,BC23810_D2,ENSG00000231500,0.14185844664518305,0.11970822092439988
BC23810,BC23810_D2,ENSG00000108107,0.16634066799968308,0.14887586135223738
BC23810,BC23810_D2,ENSG00000075624,0.04306108909668264,0.026148892275517206
BC23810,BC23810_D2,ENSG00000161016,0.11676349418772859,0.13702905820180228
BC23810,BC23810_D2,ENSG00000105372,0.22699710574098678,0.2211347596504813
BC23810,BC23810_D2,ENSG00000197756,0.18259316384187402,0.20706343956455298
BC23810,BC23810_D2,ENSG00000108518,0.059769498480341424,0.05657510874656644
BC23810,BC23810_D2,ENSG00000087086,0.4491616730713759,0.47523565438622845
BC23810,BC23810_D2,__ambiguous[ENSG00000251357+ENSG00000240972],-0.0430443852417523,-0.01255215211001418
BC23810,BC23810_D2,ENSG00000117984,0.1821034341624874,0.18675135897244638
BC23810,BC23810_D2,ENSG00000130255,0.13540561148366193,0.14594055908733736
BC23810,BC23810_D2,ENSG00000167526,0.263526613040819,0.2311599527113304
BC23810,BC23810_D2,ENSG00000136942,0.12383344592204241,0.11560491674942543
BC23810,BC23810_D2,ENSG00000141736,0.26931296519083975,0.3123846381615713
BC23810,BC23810_D2,ENSG00000179218,0.04560051508492652,0.03646610320979114
BC23810,BC23810_D2,ENSG00000180879,0.08917666139412657,0.08859675163256393
BC23810,BC23810_D2,ENSG00000197746,0.2710069926700476,0.29728486156260386
BC23810,BC23810_D2,ENSG00000149273,0.14666842206234157,0.1685514989152736
BC23810,BC23810_D2,ENSG00000063177,0.10238735891810703,0.09870307225783846
BC23810,BC23810_D2,ENSG00000140264,-0.040500533852352465,-0.04942430199905117
BC23810,BC23810_D2,ENSG00000204628,0.03932627927001196,0.05083681441968379
BC23810,BC23810_D2,ENSG00000185624,-0.000938749918210321,-0.0008967072052706005
BC23810,BC23810_D2,ENSG00000234745,0.22587743360509888,0.2796047285134984
BC23810,BC23810_D2,ENSG00000105193,0.16217956215875193,0.19419014445946606
BC23810,BC23810_D2,ENSG00000130203,0.29568157514184923,0.2812440013337728
BC23810,BC23810_D2,ENSG00000221983,0.06219719040371106,0.07918171541579039
BC23810,BC23810_D2,ENSG00000142534,0.09700946186824812,0.09965457453398789
BC23810,BC23810_D2,ENSG00000142541,0.1989075203678528,0.22943983367403528
BC23810,BC23810_D2,ENSG00000166441,0.23622012937080808,0.24408173368017222
BC23810,BC23810_D2,ENSG00000125691,-0.09417695826851602,-0.12740005182161315
BC23810,BC23810_D2,ENSG00000147403,0.16635699698613984,0.12843943634015154
BC23810,BC23810_D2,ENSG00000167996,0.16123226996244042,0.1977424423629664
BC23810,BC23810_D2,ENSG00000171858,0.13676411447599415,0.14425449910787402
BC23810,BC23810_D2,ENSG00000101439,0.2266385014294602,0.25215138233467016
BC23810,BC23810_D2,ENSG00000089157,0.2775945426824751,0.2877121763822418
BC23810,BC23810_D2,ENSG00000140988,0.19607784488840335,0.2415558664505583
BC23810,BC23810_D2,ENSG00000111341,0.06947142566032963,0.03198583555478208
BC23810,BC23810_D2,ENSG00000105640,0.09413010759403295,0.06954380978496007
BC23810,BC23810_D2,ENSG00000109062,-0.05924918711180824,-0.06097677985063885
BC23810,BC23810_D2,ENSG00000213741,0.1616595928444193,0.18479696765310377
BC23810,BC23810_D2,ENSG00000177954,0.19339258611649154,0.22000803503842092
BC23810,BC23810_D2,ENSG00000149806,0.18287246188258316,0.20495417069107488
BC23810,BC23810_D2,ENSG00000112306,0.11159634802543388,0.14145625832360914
BC23810,BC23810_D2,ENSG00000182774,0.08218096886583179,0.0961450392858347
BC23810,BC23810_D2,ENSG00000115268,0.08019901558375721,0.03952573853167005
BC23810,BC23810_D2,ENSG00000108821,0.08689415333297776,0.07744685798789619
BC23810,BC23810_D2,ENSG00000204525,0.2103635774000845,0.2457407798162413
BC23810,BC23810_D2,ENSG00000224389,0.03307793329764186,0.049645233943451744
BC23810,BC23810_D2,ENSG00000233927,0.09580470996739383,0.08268696521842034
BC23810,BC23810_D2,ENSG00000165949,0.054032797561903864,0.051023855767571395
BC23810,BC23810_D2,ENSG00000204592,0.1174921269202516,0.14037475686262724
BC23810,BC23810_D2,ENSG00000198034,0.09926897534483867,0.16766377063486282
BC23810,BC23810_D2,ENSG00000019582,0.45787148165834757,0.466083809515347
BC23810,BC23810_D2,ENSG00000142676,0.16517973167733313,0.23474086933355973
BC23810,BC23810_D2,ENSG00000184009,0.0788910413004982,0.07800000082225328
BC23810,BC23810_D2,ENSG00000170889,0.18295653359784458,0.18098374666373393
BC23810,BC23810_D2,ENSG00000231925,0.041397643372012065,0.03053034635668401
BC23810,BC23810_D2,ENSG00000135404,0.1463100011468945,0.18212500606006757
BC23810,BC23810_D2,ENSG00000172757,0.05180058239591335,0.05158468063936096
BC23810,BC23810_D2,__ambiguous[ENSG00000185883+ENSG00000260272],0.052005178417355725,0.05012749745307594
BC23810,BC23810_D2,ENSG00000185499,0.028636725313240442,0.02318797163076991
BC23810,BC23810_D2,ENSG00000246705,0.08128696475878965,0.09702029796610782
BC23810,BC23810_D2,ENSG00000100316,0.09280298269794979,0.11209226351695786
BC23810,BC23810_D2,ENSG00000106624,0.16609397887779612,0.15015036473168664
BC23810,BC23810_D2,ENSG00000167995,0.03758252296718563,0.07787387100108967
BC23810,BC23810_D2,ENSG00000083845,0.14330617131572562,0.1571410271048806
BC23810,BC23810_D2,ENSG00000167468,0.08385237049596397,0.07847084791805745
BC23810,BC23810_D2,ENSG00000137154,0.04778019177655501,0.09078117863452513
BC23810,BC23810_D2,__ambiguous[ENSG00000185885+ENSG00000185201],0.1148823709704167,0.10475563094111835
BC23810,BC23810_D2,ENSG00000166710,0.16813058256333696,0.18934824320076996
BC23810,BC23810_D2,ENSG00000149925,0.07388422608472592,0.06564766440557357
BC23810,BC23810_D2,ENSG00000131469,0.06875021472950575,0.08718118973860628
BC23810,BC23810_D2,ENSG00000206503,0.12942048139819834,0.15227837987794984
BC23810,BC23810_D2,ENSG00000169710,0.2230909653598665,0.23431911618138818
BC23810,BC23810_D2,ENSG00000107223,0.03616564767792921,0.052002489922247784
BC23810,BC23810_D2,ENSG00000108639,-0.03957453706461811,-0.016030124103975033
BC23810,BC23810_D2,ENSG00000156482,0.08756740283903419,0.09453268547850491
BC23810,BC23810_D2,ENSG00000172809,0.10072902026980682,0.09844979982596447
BC23810,BC23810_D2,__ambiguous[ENSG00000254772+ENSG00000255508],0.14308102105689544,0.13476890947619513
BC23810,BC23810_D2,ENSG00000163220,0.02984416550675128,0.024238118015312938
BC23810,BC23810_D2,ENSG00000172531,0.029505415898448555,0.0657622448571718
BC23810,BC23810_D2,ENSG00000163191,0.028462241278602474,0.03783950617811685
BC23810,BC23810_D2,ENSG00000106211,0.07817931374096794,0.09621353250368032
BC23810,BC23810_D2,ENSG00000142937,0.08753358082759385,0.10714566987966423
BC23810,BC23810_D2,ENSG00000185825,0.014103936867472659,0.030534257476185257
BC23810,BC23810_D2,ENSG00000144713,0.09966468833160932,0.1195795805479821
BC23810,BC23810_D2,ENSG00000108679,-0.050517330435442626,-0.03566576990471706
BC23810,BC23810_D2,ENSG00000160862,-0.01517797306239238,0.005377138302406537
BC23810,BC23810_D2,ENSG00000115884,-0.05005708536122206,-0.06230778920325186
BC23810,BC23810_D2,ENSG00000143947,0.08636276742725006,0.10518848405016357
BC23810,BC23810_D2,ENSG00000197958,0.04659565542508686,0.03915786775402132
BC23810,BC23810_D2,ENSG00000148303,-0.001493270156055622,-0.036111378121678174
BC23810,BC23810_D2,ENSG00000104904,0.0291012661063686,0.0429169728108928
BC23810,BC23810_D2,ENSG00000162244,0.05321676103004001,0.031993250734104285
BC23810,BC23810_D2,ENSG00000152082,0.035388953233163524,0.016690043950472064
BC23810,BC23810_D2,ENSG00000178719,0.07988023444439038,0.07712266494537341
BC23810,BC23810_D2,ENSG00000130303,0.03087548439495619,0.03435965563391019
BC23810,BC23810_D2,ENSG00000167658,0.03862801078084962,0.061598924925237705
BC23810,BC23810_D2,ENSG00000174748,0.03200387589420752,0.032901629821669616
BC23810,BC23810_D2,ENSG00000279483,0.09984111004108331,0.10783617582173949
BC23810,BC23810_D2,ENSG00000158710,0.01246313424547388,0.01551332506849388
BC23810,BC23810_D2,ENSG00000030582,0.16820498601630776,0.2088974886457977
BC23810,BC23810_D2,ENSG00000115457,0.010709952500761654,-0.007481082860489708
BC23810,BC23810_D2,__ambiguous[ENSG00000257341+ENSG00000213145],0.06125816383343629,0.08864531684725126
BC23810,BC23810_D2,ENSG00000149591,0.0782859401209862,0.09838813193401862
BC23810,BC23810_D2,__ambiguous[ENSG00000273259+ENSG00000196136],-0.001816964651717488,-0.0038377860387980795
BC23810,BC23810_D2,ENSG00000110651,0.08849894507245151,0.10875870960551134
BC23810,BC23810_D2,ENSG00000117410,-0.010630866426277615,-0.02839053249306903
BC23810,BC23810_D2,ENSG00000108344,0.032672515808098095,0.03829124641493074
BC23810,BC23810_D2,ENSG00000198242,0.11415028102077644,0.11246268149853794
BC23810,BC23810_D2,ENSG00000142089,0.059715850633017244,0.06197404050519631
BC23810,BC23810_D2,ENSG00000182492,0.23299434016061457,0.23270900782891474
BC23810,BC23810_D2,ENSG00000255823,0.16490257239508604,0.16731044826293293
BC23810,BC23810_D2,ENSG00000165215,-0.047099284625783555,-0.03149941414079804
BC23810,BC23810_D2,ENSG00000102265,0.20951453710292695,0.23036373396642026
BC23810,BC23810_D2,ENSG00000092841,-0.03521754126835079,-0.05862312803121653
BC23810,BC23810_D2,ENSG00000071553,0.01629541534103251,0.02434190290372556
BC23810,BC23810_D2,ENSG00000145592,0.06888956742755248,0.06256295592688459
BC23810,BC23810_D2,ENSG00000118181,0.17709951479540897,0.2213040807308411
BC23810,BC23810_D2,ENSG00000269028,0.07814907729424551,0.07390486842886324
BC23810,BC23810_D2,ENSG00000111057,-0.00308112239042212,-0.010273207027566015
BC23810,BC23810_D2,ENSG00000142669,0.11834721310901708,0.1266024464575736
BC23810,BC23810_D2,ENSG00000074800,0.10421781861146119,0.14654080102301834
BC23810,BC23810_D2,ENSG00000196924,0.01971857519891867,0.019361423133868644
BC23810,BC23810_D2,ENSG00000173372,0.15425582640314928,0.1627489372005365
BC23810,BC23810_D2,ENSG00000125534,0.05908126016013355,0.06979770223365311
BC23810,BC23810_D2,ENSG00000126267,-0.016348155746771502,-0.012544312310832664
BC23810,BC23810_D2,ENSG00000117450,-0.12807061495468403,-0.15598024310273456
BC23810,BC23810_D2,ENSG00000277972,0.0046912775013378104,0.022119138946076165
BC23810,BC23810_D2,__ambiguous[ENSG00000124614+ENSG00000270800],0.03716535855665404,0.05832786735162877
BC23810,BC23810_D2,ENSG00000141741,0.06707786754527384,0.09078611842348137
BC23810,BC23810_D2,ENSG00000150991,0.050658184483152194,0.07664508290531757
BC23810,BC23810_D2,ENSG00000130208,0.18635956484792338,0.21395188626311926
BC23810,BC23810_D2,ENSG00000164692,0.029460683196601615,0.008755505060876894
BC23810,BC23810_D2,ENSG00000105223,0.11158166389826156,0.0972753063850701
BC23810,BC23810_D2,ENSG00000162511,0.20499863255410752,0.201717486855747
BC23810,BC23810_D2,ENSG00000051523,0.12457690560858092,0.1258487548419523
BC23810,BC23810_D2,ENSG00000141522,0.057515732100180225,0.05508877387091569
BC23810,BC23810_D2,ENSG00000143774,0.004020875115938982,0.00027616837566248737
BC23810,BC23810_D2,ENSG00000115414,-0.0061677363774567786,-0.01944865515615003
BC23810,BC23810_D2,ENSG00000160789,0.039745493224580423,0.03386020717730176
BC23810,BC23810_D2,ENSG00000026025,0.22656073804730995,0.25584322743762145
BC23810,BC23810_D2,ENSG00000133112,0.015717705613901754,0.017527840825625092
BC23810,BC23810_D2,ENSG00000124664,0.08893906552257984,0.100233212251796
BC23810,BC23810_D2,ENSG00000142173,0.13476549579669345,0.11990621810252938
BC23810,BC23810_D2,ENSG00000124614,0.012383531062453677,0.03046611601881013
BC23810,BC23810_D2,ENSG00000169223,-0.052002134785666995,-0.04569493065712934
BC23810,BC23810_D2,ENSG00000176340,0.004324532037301404,0.008015225154634919
BC23810,BC23810_D2,ENSG00000164733,0.11791139396719597,0.1163367249384103
BC23810,BC23810_D2,ENSG00000251562,-0.06728969419122872,-0.06246661424423604
BC23810,BC23810_D2,ENSG00000058262,0.044388590794927414,0.04977739570595983
BC23810,BC23810_D2,ENSG00000103363,0.029788903053785884,0.0209744856001349
BC23810,BC23810_D2,ENSG00000272196,0.02420834636166866,0.023758095287090455
BC23810,BC23810_D2,ENSG00000052344,0.017825588362207476,0.021970710794168558
BC23810,BC23810_D2,ENSG00000182809,0.09300476155241853,0.11551378810262564
BC23810,BC23810_D2,ENSG00000160932,0.1023977114918699,0.09453374260716804
BC23810,BC23810_D2,ENSG00000277791,0.006198653450457148,0.002565296476300722
BC23810,BC23810_D2,ENSG00000184897,0.06507955227257643,0.05638853757705925
BC23810,BC23810_D2,ENSG00000100219,0.10000951307872488,0.11033284921543118
BC23810,BC23810_D2,ENSG00000127540,0.050861683358581274,0.05468555887566712
BC23810,BC23810_D2,ENSG00000169100,0.024995678005267752,0.016402451109359114
BC23810,BC23810_D2,ENSG00000104529,0.07834943797393827,0.09971687083001408
BC23810,BC23810_D2,ENSG00000114353,0.0829184464227344,0.08275422971438126
BC23810,BC23810_D2,ENSG00000164919,0.05237333867638226,0.06113852657840688
BC23810,BC23810_D2,ENSG00000070756,0.042621092966596455,0.060950245101862595
BC23810,BC23810_D2,ENSG00000187608,0.03811517213411096,0.06728353505771241
BC23810,BC23810_D2,ENSG00000145425,0.1420284733433871,0.1641049899391566
BC23810,BC23810_D2,ENSG00000160180,-0.03650129500440212,-0.022534602787159304
BC23810,BC23810_D2,ENSG00000204287,0.18643623597615452,0.18292789330168885
BC23810,BC23810_D2,__ambiguous[ENSG00000277957+ENSG00000161960],0.030472951791146514,0.034136805340587856
BC23810,BC23810_D2,__ambiguous[ENSG00000243678+ENSG00000011052],0.0758844859627925,0.0877811237531864
BC23810,BC23810_D2,ENSG00000163682,-0.031660768283239236,-0.023750330518261878
BC23810,BC23810_D2,ENSG00000205542,0.05052130766381634,0.046856624035241316
BC23810,BC23810_D2,ENSG00000123349,0.06826027882630903,0.05796631549903686
BC23810,BC23810_D2,ENSG00000187514,0.14328840877789573,0.1852296169853924
BC23810,BC23810_D2,ENSG00000071082,0.03866574760425648,0.038163711962944984
BC23810,BC23810_D2,ENSG00000125730,0.27570451101931154,0.28260524734008086
BC23810,BC23810_D2,__ambiguous[ENSG00000219200+ENSG00000161939],0.057340036527072424,0.07852125920625537
BC23810,BC23810_D2,ENSG00000114867,0.05102265837324393,0.04434741281594723
BC23810,BC23810_D2,ENSG00000178952,-0.027043902941514857,-0.0061126831301331185
BC23810,BC23810_D2,ENSG00000111669,0.005824886777839706,0.014379216127616487
BC23810,BC23810_D2,ENSG00000101335,0.11584313835738527,0.13629721557464147
BC23810,BC23810_D2,ENSG00000170315,-0.002513289274124655,0.012124190190488122
BC23810,BC23810_D2,ENSG00000113140,0.05586479873928946,0.06081704443731889
BC23810,BC23810_D2,ENSG00000138326,-0.0331664647522599,-0.028060349855021552
BC23810,BC23810_D2,ENSG00000104964,0.0369808616387723,0.04660363700371858
BC23810,BC23810_D2,ENSG00000144426,0.06778181099041086,0.0493490184450622
BC23810,BC23810_D2,ENSG00000178980,-0.02015666849610028,-0.02176146974597668
BC23810,BC23810_D2,ENSG00000131748,0.02960950533130617,0.02014365488381616
BC23810,BC23810_D2,ENSG00000145494,0.06192672172506875,0.058882605896927835
BC23810,BC23810_D2,ENSG00000141753,0.2211904095574303,0.23747464507894397
BC23810,BC23810_D2,ENSG00000171222,-0.012075656009836578,-0.018036911740280246
BC23810,BC23810_D2,ENSG00000172354,-0.02714363526978998,-0.02914083416788282
BC23810,BC23810_D2,ENSG00000173272,-0.020131212558402667,-0.02050951527527149
BC23810,BC23810_D2,__ambiguous[ENSG00000262526+ENSG00000170296],0.16984189721184148,0.18940333170342122
BC23810,BC23810_D2,ENSG00000214530,0.037797273229480594,0.03185377724998936
BC23810,BC23810_D2,ENSG00000167815,-0.0012094072790455274,0.007975586857572891
BC23810,BC23810_D2,ENSG00000172270,0.03479274766820024,0.047083635796284336
BC23810,BC23810_D2,ENSG00000087460,0.2801228945509956,0.2937584134865643
BC23810,BC23810_D2,ENSG00000182899,0.09677828386270246,0.10163517335957276
BC23810,BC23810_D2,ENSG00000174886,0.03055921914700123,0.058740117389540256
BC23810,BC23810_D2,ENSG00000186010,0.026621993967865847,0.04432136198202272
BC23810,BC23810_D2,ENSG00000163479,0.04549320611177216,0.04918497538803058
BC23810,BC23810_D2,ENSG00000176046,0.021074999893675138,0.04164062131520333
BC23810,BC23810_D2,ENSG00000008988,-0.01365494830464901,-0.027804304508259846
BC23810,BC23810_D2,ENSG00000106153,0.01116589858813615,0.016326017055821273
BC23810,BC23810_D2,ENSG00000130725,0.0070850735758746465,0.027905115777788588
BC23810,BC23810_D2,ENSG00000173801,0.06747776349335513,0.05851064434271309
BC23810,BC23810_D2,ENSG00000155366,0.038923214602537656,0.04477300187411417
BC23810,BC23810_D2,ENSG00000197956,0.08253728504933563,0.10443495200434234
BC23810,BC23810_D2,ENSG00000125970,-0.002663525740993528,0.024064022238460592
BC23810,BC23810_D2,ENSG00000137331,-0.010707517855093801,-0.006303057097773226
BC23810,BC23810_D2,ENSG00000100300,0.04050427287429401,0.04284717002347458
BC23810,BC23810_D2,ENSG00000233276,0.17609458307527906,0.17442387594444572
BC23810,BC23810_D2,ENSG00000142949,0.03461865654068358,0.035656314637331064
BC23810,BC23810_D2,ENSG00000100097,0.10888350628835858,0.13845698679548937
BC23810,BC23810_D2,ENSG00000168542,0.05889681190558949,0.029220005866484645
BC23810,BC23810_D2,ENSG00000131143,0.016796162990137677,0.02158655931486626
BC23810,BC23810_D2,ENSG00000025708,0.0487677258194345,0.06775505581358258
BC23810,BC23810_D2,ENSG00000159335,-0.013784012939163374,-0.02360783716066354
BC23810,BC23810_D2,ENSG00000126247,-0.01662624428106677,-0.01696273638223135
BC23810,BC23810_D2,ENSG00000196405,0.13468215868106034,0.1469840079455928
BC23810,BC23810_D2,ENSG00000184840,0.015389227987051174,0.03542158900911956
BC23810,BC23810_D2,ENSG00000140990,0.035472644627909264,0.02046053330374955
BC23810,BC23810_D2,ENSG00000188846,0.013101005551437655,3.682658046297122e-05
BC23810,BC23810_D2,ENSG00000114391,0.12684100155095432,0.11869255378438731
BC23810,BC23810_D2,ENSG00000279274,0.15360885729697465,0.16640098365569395
BC23810,BC23810_D2,ENSG00000213988,0.09574857163886341,0.09610630954529069
BC23810,BC23810_D2,ENSG00000126709,0.013633806968209036,0.01011920236167281
BC23810,BC23810_D2,ENSG00000011304,-0.042367464289927714,-0.013851833706535883
BC23810,BC23810_D2,ENSG00000143420,0.005476367279972114,0.02275692696867622
BC23810,BC23810_D2,ENSG00000105404,0.029616893972078413,-0.004146936176403351
BC23810,BC23810_D2,ENSG00000124172,-0.019455093504223964,-0.017704424059460048
BC23810,BC23810_D2,ENSG00000177700,0.011907758011802893,0.0030870141253642727
BC23810,BC23810_D2,ENSG00000157227,0.06948786605560113,0.06085292880582514
BC23810,BC23810_D2,ENSG00000110492,0.13168078207227213,0.1432740257006617
BC23810,BC23810_D2,ENSG00000135390,0.03402296410502073,0.013095585331485292
BC23810,BC23810_D2,ENSG00000123989,-0.01200815447365081,0.0018650866682568155
BC23810,BC23810_D2,ENSG00000110092,-0.01630188792578138,0.016289637223091864
BC23810,BC23810_D2,__ambiguous[ENSG00000241343+ENSG00000257529],0.08090471907587173,0.08125226646238622
BC23810,BC23810_D2,ENSG00000198832,0.08755931948081626,0.10662863595988616
BC23810,BC23810_D2,ENSG00000182871,0.06603367639165524,0.0786565461416385
BC23810,BC23810_E1,ENSG00000034510,0.0027207928881948173,-0.016437931321143403
BC23810,BC23810_E1,ENSG00000254709,0.40746664471189226,0.4980958605025234
BC23810,BC23810_E1,ENSG00000171345,-0.015094114133067556,0.0006099514882349644
BC23810,BC23810_E1,ENSG00000111640,0.03510390074147868,0.08489164793545943
BC23810,BC23810_E1,ENSG00000137818,0.35400534673024836,0.3624965839288793
BC23810,BC23810_E1,ENSG00000177600,0.30055632450282294,0.31636170350221277
BC23810,BC23810_E1,ENSG00000164587,0.220720427562565,0.21756456620789574
BC23810,BC23810_E1,ENSG00000108298,0.10069788051518971,0.1557000188520792
BC23810,BC23810_E1,ENSG00000231500,0.29435010485074165,0.3149814972971274
BC23810,BC23810_E1,ENSG00000108107,0.2224763813551873,0.24869189916702109
BC23810,BC23810_E1,ENSG00000075624,0.13842979100936903,0.1834594295291734
BC23810,BC23810_E1,ENSG00000161016,0.16251650404999562,0.22498396760810888
BC23810,BC23810_E1,ENSG00000105372,0.2633432600787124,0.2857830686092093
BC23810,BC23810_E1,ENSG00000197756,0.13521776828580181,0.1271382849371984
BC23810,BC23810_E1,ENSG00000108518,0.07565724525976351,0.09629362812847808
BC23810,BC23810_E1,ENSG00000087086,0.430450125240413,0.46508862291497716
BC23810,BC23810_E1,__ambiguous[ENSG00000251357+ENSG00000240972],0.007573457729630996,0.05015165768463174
BC23810,BC23810_E1,ENSG00000117984,0.10178052530909963,0.09992184065987661
BC23810,BC23810_E1,ENSG00000130255,0.2606737439172494,0.33320147694121205
BC23810,BC23810_E1,ENSG00000167526,0.32822728548576674,0.365999885497409
BC23810,BC23810_E1,ENSG00000136942,0.21856949918041838,0.2944174095829077
BC23810,BC23810_E1,ENSG00000141736,0.22862058314852024,0.22896926559236183
BC23810,BC23810_E1,ENSG00000179218,-0.027947386035946695,-0.0546439703832134
BC23810,BC23810_E1,ENSG00000180879,0.23024546145790423,0.2752200274528339
BC23810,BC23810_E1,ENSG00000197746,0.30063069926962976,0.3517006153700699
BC23810,BC23810_E1,ENSG00000149273,0.14340266584561706,0.1889039946017048
BC23810,BC23810_E1,ENSG00000063177,0.15374022279888458,0.18514994137213517
BC23810,BC23810_E1,ENSG00000140264,0.13502374463973751,0.1367224094839557
BC23810,BC23810_E1,ENSG00000204628,0.059088249506465976,0.038954733301347806
BC23810,BC23810_E1,ENSG00000185624,0.010712220176808566,0.013778585049672536
BC23810,BC23810_E1,ENSG00000234745,0.2192525704069535,0.22621103024276415
BC23810,BC23810_E1,ENSG00000105193,0.16622315201177093,0.17435623245683338
BC23810,BC23810_E1,ENSG00000130203,0.26855116819068564,0.25609885986553854
BC23810,BC23810_E1,ENSG00000221983,0.16596011871757765,0.16932433948487965
BC23810,BC23810_E1,ENSG00000142534,0.0987000897920886,0.10909131230183387
BC23810,BC23810_E1,ENSG00000142541,0.20867630774685705,0.2399088734814614
BC23810,BC23810_E1,ENSG00000166441,0.24002857947281273,0.2800054857715644
BC23810,BC23810_E1,ENSG00000125691,0.01543320090739157,0.03870781139271389
BC23810,BC23810_E1,ENSG00000147403,0.1724554257525973,0.2222764853210577
BC23810,BC23810_E1,ENSG00000167996,0.12086835781831579,0.13263480449574894
BC23810,BC23810_E1,ENSG00000171858,0.075212623577944,0.03470680070468935
BC23810,BC23810_E1,ENSG00000101439,0.2440728813272314,0.2562779924783715
BC23810,BC23810_E1,ENSG00000089157,0.15366434718734095,0.15510347409438666
BC23810,BC23810_E1,ENSG00000140988,0.15394669689857698,0.156442703096082
BC23810,BC23810_E1,ENSG00000111341,-0.06803884441561313,-0.051630795786661125
BC23810,BC23810_E1,ENSG00000105640,0.17460845227120048,0.2170075080850486
BC23810,BC23810_E1,ENSG00000109062,0.03633013144296883,0.019505114650734776
BC23810,BC23810_E1,ENSG00000213741,0.18952707171702252,0.18846191137004348
BC23810,BC23810_E1,ENSG00000177954,0.1646773110551177,0.1741941829795494
BC23810,BC23810_E1,ENSG00000149806,0.11671548794103305,0.11618939159007766
BC23810,BC23810_E1,ENSG00000112306,0.06517396535436981,0.06928276410458285
BC23810,BC23810_E1,ENSG00000182774,0.07687289374149742,0.10146365299526085
BC23810,BC23810_E1,ENSG00000115268,0.15511193016234925,0.16924730239307015
BC23810,BC23810_E1,ENSG00000108821,0.05355955099883014,0.06532210711126495
BC23810,BC23810_E1,ENSG00000204525,0.061493220851528065,0.06530900259805039
BC23810,BC23810_E1,ENSG00000224389,-0.029300392113841393,-0.010838489079623521
BC23810,BC23810_E1,ENSG00000233927,0.14230611199154639,0.17382254245662127
BC23810,BC23810_E1,ENSG00000165949,0.05841940464076077,0.06620919117455681
BC23810,BC23810_E1,ENSG00000204592,0.20592176831991635,0.22175461028533347
BC23810,BC23810_E1,ENSG00000198034,0.06807676385920049,0.05812153170728697
BC23810,BC23810_E1,ENSG00000019582,0.47435882939036733,0.5019362248013223
BC23810,BC23810_E1,ENSG00000142676,0.09802355396864633,0.0913098154360984
BC23810,BC23810_E1,ENSG00000184009,0.11312269619104813,0.13124137955988222
BC23810,BC23810_E1,ENSG00000170889,0.20167079139986477,0.22194966892223314
BC23810,BC23810_E1,ENSG00000231925,0.08870972492706392,0.0793465540058683
BC23810,BC23810_E1,ENSG00000135404,0.012022119682436917,0.017508004308206756
BC23810,BC23810_E1,ENSG00000172757,0.11187869842354613,0.12341336114791243
BC23810,BC23810_E1,__ambiguous[ENSG00000185883+ENSG00000260272],0.04843721934241542,0.07565994354029162
BC23810,BC23810_E1,ENSG00000185499,-0.004036145518897308,0.005324189596184745
BC23810,BC23810_E1,ENSG00000246705,0.09573161839384836,0.09107565630097707
BC23810,BC23810_E1,ENSG00000100316,0.15579405335761448,0.14647725010609114
BC23810,BC23810_E1,ENSG00000106624,0.19091156103995904,0.24307554412044682
BC23810,BC23810_E1,ENSG00000167995,-0.023340883783420825,-0.019134366239781504
BC23810,BC23810_E1,ENSG00000083845,0.17556713358648768,0.19288613056905612
BC23810,BC23810_E1,ENSG00000167468,0.03639446887196584,0.06939225313330151
BC23810,BC23810_E1,ENSG00000137154,0.046745029599927754,0.048138296880394685
BC23810,BC23810_E1,__ambiguous[ENSG00000185885+ENSG00000185201],0.11302065840740813,0.1418490748136184
BC23810,BC23810_E1,ENSG00000166710,0.1308618071552141,0.13789688622729449
BC23810,BC23810_E1,ENSG00000149925,-0.010643511623781642,-0.013431511841622756
BC23810,BC23810_E1,ENSG00000131469,0.12320743471727637,0.10390218503378512
BC23810,BC23810_E1,ENSG00000206503,0.17534631422112054,0.19288283651897695
BC23810,BC23810_E1,ENSG00000169710,0.2521962320752483,0.27844017012236555
BC23810,BC23810_E1,ENSG00000107223,0.047004583161576796,0.03845917210147976
BC23810,BC23810_E1,ENSG00000108639,-0.002093070449465291,-0.022275739777814767
BC23810,BC23810_E1,ENSG00000156482,0.041892259337224576,0.017490812344752044
BC23810,BC23810_E1,ENSG00000172809,0.03631970179486438,0.00830044926917319
BC23810,BC23810_E1,__ambiguous[ENSG00000254772+ENSG00000255508],0.23184496158762585,0.288598381837639
BC23810,BC23810_E1,ENSG00000163220,0.08597541644593984,0.09393813683964133
BC23810,BC23810_E1,ENSG00000172531,0.0994367287381406,0.1194505579684089
BC23810,BC23810_E1,ENSG00000163191,-0.025082404262998806,-0.010234688474955303
BC23810,BC23810_E1,ENSG00000106211,0.07002132462663993,0.08593642626924651
BC23810,BC23810_E1,ENSG00000142937,0.05639732773933939,0.04855911875742668
BC23810,BC23810_E1,ENSG00000185825,-0.07831815929796929,-0.06590356879122766
BC23810,BC23810_E1,ENSG00000144713,0.17408026988697195,0.1812223607674817
BC23810,BC23810_E1,ENSG00000108679,0.10418968666092343,0.13028018753992757
BC23810,BC23810_E1,ENSG00000160862,-0.06820265769166826,-0.06600228403209311
BC23810,BC23810_E1,ENSG00000115884,0.046612911102956955,0.036952181417975086
BC23810,BC23810_E1,ENSG00000143947,-0.00329882531849722,-0.003378366441441769
BC23810,BC23810_E1,ENSG00000197958,0.005543427777618973,0.006108339014052274
BC23810,BC23810_E1,ENSG00000148303,0.02943718836097459,0.03789504644835811
BC23810,BC23810_E1,ENSG00000104904,0.04832657950080129,0.060631682484450874
BC23810,BC23810_E1,ENSG00000162244,0.1645325749595321,0.17600103943403136
BC23810,BC23810_E1,ENSG00000152082,0.006523054266007243,-0.000488824880441912
BC23810,BC23810_E1,ENSG00000178719,-0.0010803084601872463,0.023291230202253
BC23810,BC23810_E1,ENSG00000130303,0.059061530150973415,0.06266030121750685
BC23810,BC23810_E1,ENSG00000167658,-0.033468866519023976,-0.018037045769614832
BC23810,BC23810_E1,ENSG00000174748,0.05834207339509639,0.06417067333787506
BC23810,BC23810_E1,ENSG00000279483,0.09010017637289307,0.08592967081234233
BC23810,BC23810_E1,ENSG00000158710,-0.04501430553509405,-0.049585050443274124
BC23810,BC23810_E1,ENSG00000030582,0.17046384602625736,0.19301929986565658
BC23810,BC23810_E1,ENSG00000115457,-0.06127568553207282,-0.042383052974453696
BC23810,BC23810_E1,__ambiguous[ENSG00000257341+ENSG00000213145],0.05796604562231086,0.06786530921132064
BC23810,BC23810_E1,ENSG00000149591,0.13062951306839796,0.14637426976947027
BC23810,BC23810_E1,__ambiguous[ENSG00000273259+ENSG00000196136],-0.035411564390148566,-0.021561047023838563
BC23810,BC23810_E1,ENSG00000110651,0.12422068258999386,0.11837370777770118
BC23810,BC23810_E1,ENSG00000117410,-0.013522370194648642,-0.051721903153156834
BC23810,BC23810_E1,ENSG00000108344,0.10725330752024875,0.08894256176991455
BC23810,BC23810_E1,ENSG00000198242,0.027427531819952982,0.010278653467760327
BC23810,BC23810_E1,ENSG00000142089,-0.029021463425896094,-0.03832967372451686
BC23810,BC23810_E1,ENSG00000182492,0.269910624993698,0.29360782130984053
BC23810,BC23810_E1,ENSG00000255823,0.13780557622596878,0.13067570586628094
BC23810,BC23810_E1,ENSG00000165215,0.04971211783059183,0.05076097593623554
BC23810,BC23810_E1,ENSG00000102265,0.21579754391975528,0.24662997598197617
BC23810,BC23810_E1,ENSG00000092841,-0.009680901307229798,-0.02448392307661422
BC23810,BC23810_E1,ENSG00000071553,0.07764110806801162,0.08399506830525383
BC23810,BC23810_E1,ENSG00000145592,-0.049511272654364544,-0.05405005534993703
BC23810,BC23810_E1,ENSG00000118181,0.020281534571838174,0.028775757344370826
BC23810,BC23810_E1,ENSG00000269028,0.10859304165146007,0.08794703163509941
BC23810,BC23810_E1,ENSG00000111057,0.04491292588284706,0.03980345154981566
BC23810,BC23810_E1,ENSG00000142669,0.14071577843471483,0.13991458556873854
BC23810,BC23810_E1,ENSG00000074800,0.16921515661177886,0.21317438479967546
BC23810,BC23810_E1,ENSG00000196924,0.06838103479710446,0.08323288826207356
BC23810,BC23810_E1,ENSG00000173372,0.22353533962339175,0.22022801979802195
BC23810,BC23810_E1,ENSG00000125534,0.06330758149296832,0.07326200078550811
BC23810,BC23810_E1,ENSG00000126267,0.08695903087505541,0.08795593121890902
BC23810,BC23810_E1,ENSG00000117450,0.044008380981546615,0.03728578114765274
BC23810,BC23810_E1,ENSG00000277972,-0.0494948915518781,-0.014618880411232778
BC23810,BC23810_E1,__ambiguous[ENSG00000124614+ENSG00000270800],0.1663900353413374,0.22153717797101546
BC23810,BC23810_E1,ENSG00000141741,0.0838192659395054,0.09227796942566657
BC23810,BC23810_E1,ENSG00000150991,0.025697172834942238,0.04214977593061568
BC23810,BC23810_E1,ENSG00000130208,0.2575841053864897,0.29510952710742383
BC23810,BC23810_E1,ENSG00000164692,0.0994684654828987,0.08390385565052629
BC23810,BC23810_E1,ENSG00000105223,0.11790561858257435,0.10298438124000732
BC23810,BC23810_E1,ENSG00000162511,0.2574065281824986,0.25424323175838653
BC23810,BC23810_E1,ENSG00000051523,0.16405193724891595,0.1710752852123552
BC23810,BC23810_E1,ENSG00000141522,-0.033116145620396026,0.013977805954362477
BC23810,BC23810_E1,ENSG00000143774,-0.010118297609858804,0.027254326481883667
BC23810,BC23810_E1,ENSG00000115414,0.048845550576277666,0.05183250202804081
BC23810,BC23810_E1,ENSG00000160789,0.092808201702717,0.09711380064607192
BC23810,BC23810_E1,ENSG00000026025,0.13723068992837475,0.16931723635797816
BC23810,BC23810_E1,ENSG00000133112,0.07613467314190153,0.07458811624429032
BC23810,BC23810_E1,ENSG00000124664,0.0655642416548518,0.07733995001767476
BC23810,BC23810_E1,ENSG00000142173,0.14343938064505107,0.13937518137567773
BC23810,BC23810_E1,ENSG00000124614,0.14129661506575888,0.13998433410338465
BC23810,BC23810_E1,ENSG00000169223,0.0060700799280216855,0.0071384293269456025
BC23810,BC23810_E1,ENSG00000176340,0.15506044592651477,0.20998106157511232
BC23810,BC23810_E1,ENSG00000164733,0.23787787418520004,0.2578106738954989
BC23810,BC23810_E1,ENSG00000251562,-0.0703175794410881,-0.09515829457002516
BC23810,BC23810_E1,ENSG00000058262,0.08749466351908118,0.089676473823304
BC23810,BC23810_E1,ENSG00000103363,0.05545017013230609,0.08233516947191824
BC23810,BC23810_E1,ENSG00000272196,0.017970993108079442,0.0437226076822597
BC23810,BC23810_E1,ENSG00000052344,0.019038199100549137,0.04637159946763649
BC23810,BC23810_E1,ENSG00000182809,-0.01623873325875391,-0.007291173499619438
BC23810,BC23810_E1,ENSG00000160932,0.008920827191171415,0.011770956996912168
BC23810,BC23810_E1,ENSG00000277791,0.024987682343514808,0.013777497969862544
BC23810,BC23810_E1,ENSG00000184897,0.1223006337534895,0.12209132291042565
BC23810,BC23810_E1,ENSG00000100219,0.0023613371800128443,0.004755347160261884
BC23810,BC23810_E1,ENSG00000127540,0.011629834932187994,0.013088418890175446
BC23810,BC23810_E1,ENSG00000169100,0.07070034873444374,0.08387549642079774
BC23810,BC23810_E1,ENSG00000104529,0.11946684283095173,0.12721045599400743
BC23810,BC23810_E1,ENSG00000114353,0.03073580615539848,0.06115165217272516
BC23810,BC23810_E1,ENSG00000164919,0.03338502927220133,0.04330716575025677
BC23810,BC23810_E1,ENSG00000070756,0.036687796945113545,0.038557091153111914
BC23810,BC23810_E1,ENSG00000187608,0.014292903577822,0.006418847267172423
BC23810,BC23810_E1,ENSG00000145425,0.12798719103283437,0.15441769601554756
BC23810,BC23810_E1,ENSG00000160180,-0.056974866297211754,-0.05294222044489937
BC23810,BC23810_E1,ENSG00000204287,0.18304182672072514,0.1902946330042761
BC23810,BC23810_E1,__ambiguous[ENSG00000277957+ENSG00000161960],0.039295904109325895,0.03359448819737673
BC23810,BC23810_E1,__ambiguous[ENSG00000243678+ENSG00000011052],0.02700423523973355,0.01928259952192012
BC23810,BC23810_E1,ENSG00000163682,0.08324926282054701,0.10067610369840506
BC23810,BC23810_E1,ENSG00000205542,0.06655893202357588,0.07161022376265126
BC23810,BC23810_E1,ENSG00000123349,0.04057296709975128,0.05344897545726596
BC23810,BC23810_E1,ENSG00000187514,0.08875966547296057,0.14232426358943193
BC23810,BC23810_E1,ENSG00000071082,-5.6485691180804545e-05,-0.015238505758110747
BC23810,BC23810_E1,ENSG00000125730,0.3789070747442081,0.40330693661265843
BC23810,BC23810_E1,__ambiguous[ENSG00000219200+ENSG00000161939],0.18937771174233506,0.18436079028822058
BC23810,BC23810_E1,ENSG00000114867,0.06716417749300338,0.05401614177685177
BC23810,BC23810_E1,ENSG00000178952,0.027106924463795996,0.027344698303421025
BC23810,BC23810_E1,ENSG00000111669,0.044493536594748084,0.07943269300855163
BC23810,BC23810_E1,ENSG00000101335,0.15744140483644814,0.1646803629411616
BC23810,BC23810_E1,ENSG00000170315,-0.04542396307299764,-0.059779435014323284
BC23810,BC23810_E1,ENSG00000113140,0.06984483831755232,0.056784459638632385
BC23810,BC23810_E1,ENSG00000138326,0.046177731527476854,0.034109127280854926
BC23810,BC23810_E1,ENSG00000104964,0.02634465812333638,0.03955307332904682
BC23810,BC23810_E1,ENSG00000144426,0.08654850762384848,0.09120502135388774
BC23810,BC23810_E1,ENSG00000178980,-0.06706828717276561,-0.04727160965232752
BC23810,BC23810_E1,ENSG00000131748,-0.011632586565862866,0.0015251666567973605
BC23810,BC23810_E1,ENSG00000145494,0.001664867115819393,0.015986079995964547
BC23810,BC23810_E1,ENSG00000141753,0.14286943208973224,0.16698220848598477
BC23810,BC23810_E1,ENSG00000171222,0.03709371574404615,0.042932183374075165
BC23810,BC23810_E1,ENSG00000172354,0.008822412861121664,0.0022177278479491246
BC23810,BC23810_E1,ENSG00000173272,-0.005709903123811225,-0.03024312639860804
BC23810,BC23810_E1,__ambiguous[ENSG00000262526+ENSG00000170296],0.09214174851367428,0.11220283795919468
BC23810,BC23810_E1,ENSG00000214530,0.02806950837448909,0.022080325207186155
BC23810,BC23810_E1,ENSG00000167815,-0.04412555086835214,-0.04899645098117561
BC23810,BC23810_E1,ENSG00000172270,-0.028710948619571408,-0.02801879213793881
BC23810,BC23810_E1,ENSG00000087460,0.2393656114647217,0.2618135234576913
BC23810,BC23810_E1,ENSG00000182899,0.06299740599085651,0.03939072100073912
BC23810,BC23810_E1,ENSG00000174886,0.0650002358548157,0.04476473387661775
BC23810,BC23810_E1,ENSG00000186010,0.01825685244888821,0.03748857136902885
BC23810,BC23810_E1,ENSG00000163479,0.028176029056978233,0.043607489791834986
BC23810,BC23810_E1,ENSG00000176046,-0.01623811752658876,-0.013401515297303898
BC23810,BC23810_E1,ENSG00000008988,-0.005527909066696979,0.003311134254660111
BC23810,BC23810_E1,ENSG00000106153,-0.011668850243427698,-0.008495776239294275
BC23810,BC23810_E1,ENSG00000130725,0.007678919551512604,0.011196695129824116
BC23810,BC23810_E1,ENSG00000173801,-0.007377997776031668,-0.009418416920482458
BC23810,BC23810_E1,ENSG00000155366,0.13427680619572144,0.14060060259630794
BC23810,BC23810_E1,ENSG00000197956,0.08142706037887602,0.10146318809501739
BC23810,BC23810_E1,ENSG00000125970,0.07760760372151657,0.08327751285926561
BC23810,BC23810_E1,ENSG00000137331,-0.021829591359319337,-0.05365638236969641
BC23810,BC23810_E1,ENSG00000100300,0.08287619601257229,0.08568858815558622
BC23810,BC23810_E1,ENSG00000233276,0.1438758755434879,0.159532291043616
BC23810,BC23810_E1,ENSG00000142949,0.03877907848121411,0.0518342809625473
BC23810,BC23810_E1,ENSG00000100097,0.1431411083946482,0.15295375645417447
BC23810,BC23810_E1,ENSG00000168542,-0.005277455650789622,-0.014971087273552553
BC23810,BC23810_E1,ENSG00000131143,0.09255111547109565,0.0993032955476446
BC23810,BC23810_E1,ENSG00000025708,0.10432044692327908,0.12130780346683975
BC23810,BC23810_E1,ENSG00000159335,-0.01776023956802339,-0.016842029960804725
BC23810,BC23810_E1,ENSG00000126247,0.014114801049963514,0.010456146235516202
BC23810,BC23810_E1,ENSG00000196405,0.1438788512235965,0.1635406783560126
BC23810,BC23810_E1,ENSG00000184840,0.013512331927626884,0.019126361031105533
BC23810,BC23810_E1,ENSG00000140990,0.07152058149742478,0.07881916013275649
BC23810,BC23810_E1,ENSG00000188846,0.05419947993187472,0.031826644884596335
BC23810,BC23810_E1,ENSG00000114391,0.05661747735854088,0.0690887871158478
BC23810,BC23810_E1,ENSG00000279274,0.09855685154880997,0.06907462854632537
BC23810,BC23810_E1,ENSG00000213988,0.04609458074328148,0.04365419008175988
BC23810,BC23810_E1,ENSG00000126709,-0.004655613011656907,0.009041816930103152
BC23810,BC23810_E1,ENSG00000011304,0.03573372559641236,0.05013708821658842
BC23810,BC23810_E1,ENSG00000143420,-0.03412702871733185,-0.02784516887140278
BC23810,BC23810_E1,ENSG00000105404,0.03251204308617634,0.047019115558195136
BC23810,BC23810_E1,ENSG00000124172,0.030972402463264753,0.030617107547212967
BC23810,BC23810_E1,ENSG00000177700,0.03255851629740163,0.054314845192225944
BC23810,BC23810_E1,ENSG00000157227,0.03002933706081906,0.03234916025307694
BC23810,BC23810_E1,ENSG00000110492,0.07506730582155291,0.08998641603711396
BC23810,BC23810_E1,ENSG00000135390,-0.0796347951195448,-0.11047317578860892
BC23810,BC23810_E1,ENSG00000123989,-0.013460628122902383,-0.01088371262588762
BC23810,BC23810_E1,ENSG00000110092,-0.11156116492809082,-0.08856177928880714
BC23810,BC23810_E1,__ambiguous[ENSG00000241343+ENSG00000257529],0.06115822512359893,0.059021132005409316
BC23810,BC23810_E1,ENSG00000198832,-0.003310116105313014,0.008772558556612428
BC23810,BC23810_E1,ENSG00000182871,0.057397820309834334,0.061925168579771324
BC23810,BC23810_E2,ENSG00000034510,0.09824079866704291,0.1143005762356581
BC23810,BC23810_E2,ENSG00000254709,0.3242922898449416,0.3984189818346049
BC23810,BC23810_E2,ENSG00000171345,0.17475571736961956,0.22989433985383234
BC23810,BC23810_E2,ENSG00000111640,-0.005902564924144131,-0.017525856075172302
BC23810,BC23810_E2,ENSG00000137818,0.24115278548773122,0.22565054460196693
BC23810,BC23810_E2,ENSG00000177600,0.1585000630926963,0.14754985086053585
BC23810,BC23810_E2,ENSG00000164587,0.16383945144258522,0.1589138866238565
BC23810,BC23810_E2,ENSG00000108298,0.044070457811053065,0.050246660932164615
BC23810,BC23810_E2,ENSG00000231500,0.18827055634566936,0.17348534051501757
BC23810,BC23810_E2,ENSG00000108107,0.10135704144388687,0.07756563875251951
BC23810,BC23810_E2,ENSG00000075624,0.046695596537234096,0.026874890600575168
BC23810,BC23810_E2,ENSG00000161016,0.1317127707259561,0.1549191409154325
BC23810,BC23810_E2,ENSG00000105372,0.23284205713036601,0.2466204378432611
BC23810,BC23810_E2,ENSG00000197756,0.12938541524331407,0.16516674013715993
BC23810,BC23810_E2,ENSG00000108518,-0.008854723196687847,-0.031374912588376054
BC23810,BC23810_E2,ENSG00000087086,0.3682721754539457,0.368952995457376
BC23810,BC23810_E2,__ambiguous[ENSG00000251357+ENSG00000240972],-0.04661077104348522,-0.07344418810871713
BC23810,BC23810_E2,ENSG00000117984,0.11108375895442511,0.10566991461046274
BC23810,BC23810_E2,ENSG00000130255,0.1942248717363759,0.1764852951340544
BC23810,BC23810_E2,ENSG00000167526,0.22937341266618247,0.24473913731925023
BC23810,BC23810_E2,ENSG00000136942,-0.02325410000562899,-0.03995296091984087
BC23810,BC23810_E2,ENSG00000141736,0.24316211982337949,0.277944001025813
BC23810,BC23810_E2,ENSG00000179218,0.07861531635071793,0.06972210288339276
BC23810,BC23810_E2,ENSG00000180879,0.02304836825890327,0.02317007125895647
BC23810,BC23810_E2,ENSG00000197746,0.24110824298174363,0.26221266313683067
BC23810,BC23810_E2,ENSG00000149273,0.12780185795674437,0.15820273593026635
BC23810,BC23810_E2,ENSG00000063177,0.07289597295549839,0.05569284341461026
BC23810,BC23810_E2,ENSG00000140264,0.11035442277244513,0.09584785591375537
BC23810,BC23810_E2,ENSG00000204628,0.04232410954073822,0.046403003512530266
BC23810,BC23810_E2,ENSG00000185624,-0.06457262018991976,-0.08446111797417444
BC23810,BC23810_E2,ENSG00000234745,0.20897391791351735,0.22306656629388893
BC23810,BC23810_E2,ENSG00000105193,0.21616051131774633,0.24067058542683406
BC23810,BC23810_E2,ENSG00000130203,0.2733420391886462,0.2583432426559452
BC23810,BC23810_E2,ENSG00000221983,0.08100268144885486,0.07664828392852292
BC23810,BC23810_E2,ENSG00000142534,0.1406881760174398,0.14121412838582179
BC23810,BC23810_E2,ENSG00000142541,0.1187169037258052,0.14380106174491186
BC23810,BC23810_E2,ENSG00000166441,0.0768265579916825,0.08857862922896007
BC23810,BC23810_E2,ENSG00000125691,0.025348720330777865,0.058303288905070146
BC23810,BC23810_E2,ENSG00000147403,0.09159933226637344,0.0603448485770223
BC23810,BC23810_E2,ENSG00000167996,0.041805381131583795,0.0034761766806530427
BC23810,BC23810_E2,ENSG00000171858,0.059612222233234306,0.07436944668962088
BC23810,BC23810_E2,ENSG00000101439,0.2098008643779078,0.19242755454219426
BC23810,BC23810_E2,ENSG00000089157,0.11634569633621583,0.0976567075352668
BC23810,BC23810_E2,ENSG00000140988,0.15319097299997836,0.1891933687289262
BC23810,BC23810_E2,ENSG00000111341,-0.07027823968230622,-0.08923296179553679
BC23810,BC23810_E2,ENSG00000105640,0.0814982145805659,0.027237742222540915
BC23810,BC23810_E2,ENSG00000109062,0.03675062533545665,0.07992304256071929
BC23810,BC23810_E2,ENSG00000213741,0.26842590406178835,0.31821566631315956
BC23810,BC23810_E2,ENSG00000177954,0.18370648175989915,0.23444603512008252
BC23810,BC23810_E2,ENSG00000149806,0.1468780581730536,0.17497741937565933
BC23810,BC23810_E2,ENSG00000112306,0.12703322751012822,0.14893122676065246
BC23810,BC23810_E2,ENSG00000182774,0.09547398870417967,0.10750946747972245
BC23810,BC23810_E2,ENSG00000115268,0.08698003053212061,0.06646013922880549
BC23810,BC23810_E2,ENSG00000108821,0.08548509958415655,0.07963226422291898
BC23810,BC23810_E2,ENSG00000204525,0.1395413214769517,0.1623964043250309
BC23810,BC23810_E2,ENSG00000224389,-0.028544234113191302,-0.020554274790098515
BC23810,BC23810_E2,ENSG00000233927,0.11322305625857702,0.05886230427477672
BC23810,BC23810_E2,ENSG00000165949,0.08567122789665692,0.08838628148598884
BC23810,BC23810_E2,ENSG00000204592,0.09321546678044369,0.12753211812374793
BC23810,BC23810_E2,ENSG00000198034,0.16078904802629873,0.2207596045207888
BC23810,BC23810_E2,ENSG00000019582,0.3897151759253806,0.4348724629492823
BC23810,BC23810_E2,ENSG00000142676,0.14961505279421494,0.23920174468208258
BC23810,BC23810_E2,ENSG00000184009,0.1015355792515256,0.11836378448504264
BC23810,BC23810_E2,ENSG00000170889,0.15265895967603876,0.1543586801059026
BC23810,BC23810_E2,ENSG00000231925,0.09023329269747146,0.11097022000646788
BC23810,BC23810_E2,ENSG00000135404,0.1296224562421142,0.16488414448491998
BC23810,BC23810_E2,ENSG00000172757,-0.033785581651906996,-0.025476897759158925
BC23810,BC23810_E2,__ambiguous[ENSG00000185883+ENSG00000260272],0.054883679453370256,0.06775749720377525
BC23810,BC23810_E2,ENSG00000185499,0.12144086908969301,0.12224466726365339
BC23810,BC23810_E2,ENSG00000246705,0.018179870247215763,0.017102477146593117
BC23810,BC23810_E2,ENSG00000100316,0.14667399052309316,0.18490291454194346
BC23810,BC23810_E2,ENSG00000106624,0.12057149915727951,0.138883256649171
BC23810,BC23810_E2,ENSG00000167995,0.08799972583267542,0.14092316597317694
BC23810,BC23810_E2,ENSG00000083845,0.14970213569929938,0.17404948306104978
BC23810,BC23810_E2,ENSG00000167468,0.05057958598275244,0.046204157470000146
BC23810,BC23810_E2,ENSG00000137154,0.10903789428106432,0.13781112654235736
BC23810,BC23810_E2,__ambiguous[ENSG00000185885+ENSG00000185201],0.08132265119400069,0.09447816124427409
BC23810,BC23810_E2,ENSG00000166710,0.15809969521057224,0.199102446317813
BC23810,BC23810_E2,ENSG00000149925,0.01226385714707028,0.030953812842077558
BC23810,BC23810_E2,ENSG00000131469,0.11729454804897688,0.16585833667352326
BC23810,BC23810_E2,ENSG00000206503,0.19551260349426589,0.22352267033989842
BC23810,BC23810_E2,ENSG00000169710,0.34933880346033974,0.3907360361203992
BC23810,BC23810_E2,ENSG00000107223,0.023613837968821657,0.006082853797886458
BC23810,BC23810_E2,ENSG00000108639,0.0023789246844475756,0.0006252160053435931
BC23810,BC23810_E2,ENSG00000156482,-0.004658879037922291,-0.022175787578901134
BC23810,BC23810_E2,ENSG00000172809,0.11034604679148766,0.13303590198811577
BC23810,BC23810_E2,__ambiguous[ENSG00000254772+ENSG00000255508],0.10153958262904979,0.10170909269336198
BC23810,BC23810_E2,ENSG00000163220,-0.03197196664972318,-0.05648877954957441
BC23810,BC23810_E2,ENSG00000172531,0.07104340521056329,0.06630591454307043
BC23810,BC23810_E2,ENSG00000163191,0.07071208541713198,0.08205341910334736
BC23810,BC23810_E2,ENSG00000106211,0.045322226187783914,0.0923239459060737
BC23810,BC23810_E2,ENSG00000142937,0.12116667599225578,0.1375241565081891
BC23810,BC23810_E2,ENSG00000185825,-0.07419113332406434,-0.08282468925143789
BC23810,BC23810_E2,ENSG00000144713,0.02215608144643425,0.0384634044970739
BC23810,BC23810_E2,ENSG00000108679,0.03273408490195591,0.026237682527207457
BC23810,BC23810_E2,ENSG00000160862,0.00472537052510715,0.02744876919658071
BC23810,BC23810_E2,ENSG00000115884,-0.0226890288432651,-0.017027747769405292
BC23810,BC23810_E2,ENSG00000143947,0.04270523973289826,0.04963990186944815
BC23810,BC23810_E2,ENSG00000197958,0.04659818699287784,0.04854527907942219
BC23810,BC23810_E2,ENSG00000148303,-0.12062925997826839,-0.14745951128815868
BC23810,BC23810_E2,ENSG00000104904,0.07893731179096669,0.08762429228040519
BC23810,BC23810_E2,ENSG00000162244,0.10335935226372754,0.09028737727415599
BC23810,BC23810_E2,ENSG00000152082,0.045100222803626855,0.04207156771754244
BC23810,BC23810_E2,ENSG00000178719,-0.014020806045701235,-0.014300204714186646
BC23810,BC23810_E2,ENSG00000130303,-0.005426619923278361,-0.027278773778614616
BC23810,BC23810_E2,ENSG00000167658,0.10380254406498929,0.14691604633726377
BC23810,BC23810_E2,ENSG00000174748,0.04030707182647679,0.03060137712156565
BC23810,BC23810_E2,ENSG00000279483,0.040573029788253626,0.07811601259859074
BC23810,BC23810_E2,ENSG00000158710,0.027829148637674956,0.048608964905436106
BC23810,BC23810_E2,ENSG00000030582,0.14397679991692916,0.1698937862290363
BC23810,BC23810_E2,ENSG00000115457,0.00993611631854673,0.03346964505012119
BC23810,BC23810_E2,__ambiguous[ENSG00000257341+ENSG00000213145],0.09276318544045481,0.1084803042730814
BC23810,BC23810_E2,ENSG00000149591,0.10144384581314184,0.10810329840923953
BC23810,BC23810_E2,__ambiguous[ENSG00000273259+ENSG00000196136],0.10647657162482208,0.10647502217229673
BC23810,BC23810_E2,ENSG00000110651,0.0955996886892833,0.10372602592767131
BC23810,BC23810_E2,ENSG00000117410,0.05309299321339398,0.07461945628193749
BC23810,BC23810_E2,ENSG00000108344,0.08511442843807547,0.06042882860950092
BC23810,BC23810_E2,ENSG00000198242,0.07343758892339548,0.06629254099149806
BC23810,BC23810_E2,ENSG00000142089,0.10737516608150607,0.10399498132262021
BC23810,BC23810_E2,ENSG00000182492,0.1745297219074244,0.19780901488305488
BC23810,BC23810_E2,ENSG00000255823,0.0012839798216335034,-0.0011703313694149157
BC23810,BC23810_E2,ENSG00000165215,-0.00025634353196116123,-0.010614108686637482
BC23810,BC23810_E2,ENSG00000102265,0.253089878729943,0.2725616652845972
BC23810,BC23810_E2,ENSG00000092841,0.005513627268116521,-0.011235300683971477
BC23810,BC23810_E2,ENSG00000071553,-0.047785065361741104,-0.056852783475763634
BC23810,BC23810_E2,ENSG00000145592,0.03445690429170486,0.0636476677158417
BC23810,BC23810_E2,ENSG00000118181,0.024533682284320853,0.05063711776441976
BC23810,BC23810_E2,ENSG00000269028,-0.02293119061345236,-0.04219715003862738
BC23810,BC23810_E2,ENSG00000111057,-0.007245183393059696,-0.023445255629287353
BC23810,BC23810_E2,ENSG00000142669,0.09617526223330397,0.09289199740137084
BC23810,BC23810_E2,ENSG00000074800,0.02954162605791463,0.05024194150680998
BC23810,BC23810_E2,ENSG00000196924,0.05473852987020458,0.04787329816197812
BC23810,BC23810_E2,ENSG00000173372,0.1395473981018884,0.12772888746352257
BC23810,BC23810_E2,ENSG00000125534,-0.05440692635609754,-0.059136710843092966
BC23810,BC23810_E2,ENSG00000126267,0.05071538551194175,0.04737738166580955
BC23810,BC23810_E2,ENSG00000117450,-0.07678862283464667,-0.12404759133246013
BC23810,BC23810_E2,ENSG00000277972,-0.003220755467412189,0.0090706151448471
BC23810,BC23810_E2,__ambiguous[ENSG00000124614+ENSG00000270800],0.07396150844137282,0.06229295314676241
BC23810,BC23810_E2,ENSG00000141741,0.05952698991616876,0.07835267103280205
BC23810,BC23810_E2,ENSG00000150991,0.04467772400678904,0.04698088855214278
BC23810,BC23810_E2,ENSG00000130208,0.13163312529142304,0.1493764269164894
BC23810,BC23810_E2,ENSG00000164692,-0.02642431568081722,-0.030832671570839687
BC23810,BC23810_E2,ENSG00000105223,0.009452095890585346,0.04564359186069616
BC23810,BC23810_E2,ENSG00000162511,0.2285481709068085,0.2165530311122429
BC23810,BC23810_E2,ENSG00000051523,0.10270842808637186,0.11111692026594497
BC23810,BC23810_E2,ENSG00000141522,-0.005972611046633776,-0.01771775202803465
BC23810,BC23810_E2,ENSG00000143774,0.048098466501447626,0.03681382193546748
BC23810,BC23810_E2,ENSG00000115414,0.014536676290392295,0.016275246268360855
BC23810,BC23810_E2,ENSG00000160789,0.0006211786912777192,-0.0015265116767011401
BC23810,BC23810_E2,ENSG00000026025,0.12413167852091336,0.16053227257112695
BC23810,BC23810_E2,ENSG00000133112,0.0741799283652858,0.1131782375989926
BC23810,BC23810_E2,ENSG00000124664,0.03221943722422775,0.05199293194263775
BC23810,BC23810_E2,ENSG00000142173,0.19284641453607593,0.22594283406221863
BC23810,BC23810_E2,ENSG00000124614,0.10319178799703357,0.12754690462882878
BC23810,BC23810_E2,ENSG00000169223,-0.09980568368698998,-0.10536137767232819
BC23810,BC23810_E2,ENSG00000176340,0.03938792910813282,0.032788949034083616
BC23810,BC23810_E2,ENSG00000164733,0.2000885939362472,0.21817064707996522
BC23810,BC23810_E2,ENSG00000251562,-0.011360074465695823,-0.01710688997391475
BC23810,BC23810_E2,ENSG00000058262,0.07233541149783024,0.06859270594829082
BC23810,BC23810_E2,ENSG00000103363,0.036808826997985045,0.04859929433640466
BC23810,BC23810_E2,ENSG00000272196,0.11301941786196251,0.10738125602485957
BC23810,BC23810_E2,ENSG00000052344,0.06198177841493087,0.0662451650379393
BC23810,BC23810_E2,ENSG00000182809,0.06774171203166833,0.08759383964948332
BC23810,BC23810_E2,ENSG00000160932,-0.005306140063326451,0.0244757378526077
BC23810,BC23810_E2,ENSG00000277791,-0.0027250704889511743,-0.0044316504741372985
BC23810,BC23810_E2,ENSG00000184897,0.07677439020585339,0.09760038760625779
BC23810,BC23810_E2,ENSG00000100219,0.07016639367652441,0.0725360405103965
BC23810,BC23810_E2,ENSG00000127540,0.020974628198531717,0.026504929949313433
BC23810,BC23810_E2,ENSG00000169100,0.13631456584197016,0.14089457502086952
BC23810,BC23810_E2,ENSG00000104529,0.08358967962701747,0.11434006829383568
BC23810,BC23810_E2,ENSG00000114353,0.09938193445682035,0.12290189426591963
BC23810,BC23810_E2,ENSG00000164919,0.03964681372480608,0.02679874335482996
BC23810,BC23810_E2,ENSG00000070756,-0.001966090078622597,0.021424844155078067
BC23810,BC23810_E2,ENSG00000187608,0.04694083763888263,0.050846081808446755
BC23810,BC23810_E2,ENSG00000145425,0.1413434048457351,0.16969119736820185
BC23810,BC23810_E2,ENSG00000160180,0.011223626831324263,0.031218668540707286
BC23810,BC23810_E2,ENSG00000204287,0.19970947269927916,0.18562797093923852
BC23810,BC23810_E2,__ambiguous[ENSG00000277957+ENSG00000161960],0.019443493896665717,0.03724737195000373
BC23810,BC23810_E2,__ambiguous[ENSG00000243678+ENSG00000011052],0.015969944017986307,0.004280494084598236
BC23810,BC23810_E2,ENSG00000163682,0.018472210104510178,0.013706657791248345
BC23810,BC23810_E2,ENSG00000205542,-0.01445473342897672,-0.02375994302955942
BC23810,BC23810_E2,ENSG00000123349,0.030379409922424362,0.016535698852813148
BC23810,BC23810_E2,ENSG00000187514,0.19751848088074064,0.22408412222070637
BC23810,BC23810_E2,ENSG00000071082,0.03710675091854542,0.02162577897612938
BC23810,BC23810_E2,ENSG00000125730,0.30316182683926735,0.3194473782900351
BC23810,BC23810_E2,__ambiguous[ENSG00000219200+ENSG00000161939],0.0750484281844844,0.09778432828907117
BC23810,BC23810_E2,ENSG00000114867,0.06542894339014281,0.0692692778729868
BC23810,BC23810_E2,ENSG00000178952,-0.020139912276634045,-0.0063244063822493635
BC23810,BC23810_E2,ENSG00000111669,0.06628162735608353,0.05591475651300479
BC23810,BC23810_E2,ENSG00000101335,0.07698554607942149,0.09678785753791447
BC23810,BC23810_E2,ENSG00000170315,-0.04791350769469011,-0.065545017103027
BC23810,BC23810_E2,ENSG00000113140,0.07635351908604283,0.06833288368922516
BC23810,BC23810_E2,ENSG00000138326,0.03260648184639347,0.03897553222770995
BC23810,BC23810_E2,ENSG00000104964,0.05142379399597142,0.05496302004990316
BC23810,BC23810_E2,ENSG00000144426,0.060030280330038426,0.05295836405041363
BC23810,BC23810_E2,ENSG00000178980,0.04991537247096496,0.0705109599165676
BC23810,BC23810_E2,ENSG00000131748,0.04458563984265483,0.039920087760562516
BC23810,BC23810_E2,ENSG00000145494,-0.04272066888301491,-0.03979770304156997
BC23810,BC23810_E2,ENSG00000141753,0.06433437925427075,0.07289862387096252
BC23810,BC23810_E2,ENSG00000171222,-0.08842347114732889,-0.06991391040871363
BC23810,BC23810_E2,ENSG00000172354,0.02360156128566889,0.033553749666572374
BC23810,BC23810_E2,ENSG00000173272,0.07670747484307362,0.07649852279224545
BC23810,BC23810_E2,__ambiguous[ENSG00000262526+ENSG00000170296],0.09619706325925925,0.1215222693916616
BC23810,BC23810_E2,ENSG00000214530,-0.026555944060441074,-0.020057018262262114
BC23810,BC23810_E2,ENSG00000167815,-0.014249753284759128,-0.016624871922351944
BC23810,BC23810_E2,ENSG00000172270,0.00830958044906622,-0.008341416441976392
BC23810,BC23810_E2,ENSG00000087460,0.24259201496539728,0.28284559513872815
BC23810,BC23810_E2,ENSG00000182899,0.007265000400695258,0.023238114003367942
BC23810,BC23810_E2,ENSG00000174886,0.003719435798690832,-0.007265831175903882
BC23810,BC23810_E2,ENSG00000186010,0.05047416844561437,0.05608290422327139
BC23810,BC23810_E2,ENSG00000163479,-0.08303089743562515,-0.07724703377557122
BC23810,BC23810_E2,ENSG00000176046,0.04237364472304406,0.052910574775185265
BC23810,BC23810_E2,ENSG00000008988,0.07349802816399506,0.06820887610837383
BC23810,BC23810_E2,ENSG00000106153,-0.031962867847469434,-0.019545673325589527
BC23810,BC23810_E2,ENSG00000130725,0.0026636755371001676,-0.01413127868516763
BC23810,BC23810_E2,ENSG00000173801,0.036203319738599256,0.039859353010681615
BC23810,BC23810_E2,ENSG00000155366,0.061561214105157726,0.043330575451907126
BC23810,BC23810_E2,ENSG00000197956,0.14882198973956626,0.16865567952577024
BC23810,BC23810_E2,ENSG00000125970,-0.02264906993925975,-0.042206519286172466
BC23810,BC23810_E2,ENSG00000137331,-0.015034921638461114,-0.019047750826519005
BC23810,BC23810_E2,ENSG00000100300,0.013501736321494987,-0.010109266928118052
BC23810,BC23810_E2,ENSG00000233276,0.1739114171421623,0.1713775574284142
BC23810,BC23810_E2,ENSG00000142949,0.04577255265604388,0.0511366610103221
BC23810,BC23810_E2,ENSG00000100097,0.1253020889528822,0.16340664154978957
BC23810,BC23810_E2,ENSG00000168542,-0.021532055095205026,-0.014193021980533212
BC23810,BC23810_E2,ENSG00000131143,-0.007862144770712532,-0.011966367007857272
BC23810,BC23810_E2,ENSG00000025708,0.08656678032864824,0.09970269440535269
BC23810,BC23810_E2,ENSG00000159335,0.039932684607332555,0.04333440627896165
BC23810,BC23810_E2,ENSG00000126247,-0.009103902624973677,-0.008493999782531566
BC23810,BC23810_E2,ENSG00000196405,0.06222149729020247,0.04820096672005924
BC23810,BC23810_E2,ENSG00000184840,0.02260889130954695,0.03662715968758251
BC23810,BC23810_E2,ENSG00000140990,-0.005790199141401608,-0.016778078618319047
BC23810,BC23810_E2,ENSG00000188846,0.0030926658737688633,0.026507481904431224
BC23810,BC23810_E2,ENSG00000114391,0.05642382110258266,0.07879622940016058
BC23810,BC23810_E2,ENSG00000279274,0.045889741839832146,0.06899980894384662
BC23810,BC23810_E2,ENSG00000213988,-0.009125823170567347,-0.030322638326143632
BC23810,BC23810_E2,ENSG00000126709,-0.016511794400408442,6.154609897281575e-05
BC23810,BC23810_E2,ENSG00000011304,-0.02284356359552417,-0.01237760283171423
BC23810,BC23810_E2,ENSG00000143420,0.03701836958185382,0.0653791969474024
BC23810,BC23810_E2,ENSG00000105404,0.060686333738436786,0.07526307146233949
BC23810,BC23810_E2,ENSG00000124172,-0.016520343194217635,-0.006138068331557671
BC23810,BC23810_E2,ENSG00000177700,0.046903780542475244,0.05709188104365436
BC23810,BC23810_E2,ENSG00000157227,0.06232302765309884,0.04315258122705223
BC23810,BC23810_E2,ENSG00000110492,0.06091838684982361,0.0718056911906589
BC23810,BC23810_E2,ENSG00000135390,0.011691699266226763,-0.0020201729537574257
BC23810,BC23810_E2,ENSG00000123989,0.040033708742738386,0.0405982527693893
BC23810,BC23810_E2,ENSG00000110092,0.0906324669556587,0.09181925912920293
BC23810,BC23810_E2,__ambiguous[ENSG00000241343+ENSG00000257529],0.0001571650845170217,0.0023288789328537386
BC23810,BC23810_E2,ENSG00000198832,0.023837602748265647,0.025774344585319037
BC23810,BC23810_E2,ENSG00000182871,0.04611029974746532,0.06697338689383307
BC23901,BC23901_C2,ENSG00000034510,0.19955248630950567,0.218339608953601
BC23901,BC23901_C2,ENSG00000254709,-0.1096691558889164,-0.1798424799603746
BC23901,BC23901_C2,ENSG00000171345,0.17519740663462086,0.1974293569707216
BC23901,BC23901_C2,ENSG00000111640,0.3033430391672061,0.4231480718062064
BC23901,BC23901_C2,ENSG00000137818,0.2485201810485442,0.3148601767360371
BC23901,BC23901_C2,ENSG00000177600,0.4164170716905673,0.4563385864626701
BC23901,BC23901_C2,ENSG00000231500,0.04857738391932231,0.05632701108917537
BC23901,BC23901_C2,ENSG00000164587,0.06332296303330982,0.05957041288884675
BC23901,BC23901_C2,ENSG00000075624,0.11317457637351784,0.13799760430933034
BC23901,BC23901_C2,ENSG00000108107,0.005990902694613439,-0.06120965207824637
BC23901,BC23901_C2,ENSG00000108298,-0.03937965972635561,-0.07719139657554526
BC23901,BC23901_C2,ENSG00000197756,0.14131716014677423,0.1662192724338646
BC23901,BC23901_C2,ENSG00000105372,0.1396108092091323,0.1640089274770291
BC23901,BC23901_C2,ENSG00000141736,0.06002084557172464,0.010209157605377179
BC23901,BC23901_C2,ENSG00000161016,-0.05050281036553768,-0.05072817730984292
BC23901,BC23901_C2,ENSG00000087086,0.09505417147095313,0.13499399423132794
BC23901,BC23901_C2,ENSG00000167526,0.05643311641619542,0.05505588991062827
BC23901,BC23901_C2,ENSG00000108518,0.05039608697543302,0.06421623958253087
BC23901,BC23901_C2,ENSG00000130255,0.15892342675485613,0.17502246448472622
BC23901,BC23901_C2,__ambiguous[ENSG00000251357+ENSG00000240972],0.16523787284378233,0.19746694565395195
BC23901,BC23901_C2,ENSG00000136942,-0.010924192703516897,-0.04810463964485698
BC23901,BC23901_C2,ENSG00000149273,-0.10334040231134338,-0.12209930961049127
BC23901,BC23901_C2,ENSG00000197746,0.19109800608960797,0.14779007403517697
BC23901,BC23901_C2,ENSG00000063177,0.06619554939462141,0.0337075510560882
BC23901,BC23901_C2,ENSG00000117984,0.42744212149285765,0.5123025322412618
BC23901,BC23901_C2,ENSG00000180879,0.04178567738093695,0.03838221871360136
BC23901,BC23901_C2,ENSG00000140264,0.19707203649412142,0.19951241507280434
BC23901,BC23901_C2,ENSG00000179218,0.08699993713677363,0.0670060414466852
BC23901,BC23901_C2,ENSG00000105193,-0.040638454841537115,-0.026769063100707965
BC23901,BC23901_C2,ENSG00000221983,-0.04753924404963197,-0.07487910307991145
BC23901,BC23901_C2,ENSG00000204628,0.0789083191731331,0.07072990888883318
BC23901,BC23901_C2,ENSG00000109062,0.10538296334577575,0.09264298620685564
BC23901,BC23901_C2,ENSG00000167996,0.050931055866018635,0.03524455094727863
BC23901,BC23901_C2,ENSG00000142541,0.07249431060678228,0.0659311708061955
BC23901,BC23901_C2,ENSG00000130203,0.10829743855270348,0.11039115924832729
BC23901,BC23901_C2,ENSG00000185624,0.10655276795860683,0.12280520749937975
BC23901,BC23901_C2,ENSG00000166441,0.10615183950733734,0.16771917359992897
BC23901,BC23901_C2,ENSG00000142534,0.11823170434275601,0.11820826715681279
BC23901,BC23901_C2,ENSG00000234745,0.093291774770974,0.10306302951342931
BC23901,BC23901_C2,ENSG00000140988,0.0187767335591501,0.03943511236923926
BC23901,BC23901_C2,ENSG00000147403,0.15847347664074005,0.16031176421477392
BC23901,BC23901_C2,ENSG00000089157,0.11979240942957821,0.13899834873334674
BC23901,BC23901_C2,ENSG00000171858,0.04539705622689592,0.05425766161549882
BC23901,BC23901_C2,ENSG00000115268,-0.00787331223461589,-0.01806486547604112
BC23901,BC23901_C2,ENSG00000105640,0.1033775111635476,0.1242288866257999
BC23901,BC23901_C2,ENSG00000112306,0.05805449818191461,0.08303624959807206
BC23901,BC23901_C2,ENSG00000111341,0.07237691277834105,0.10971725842278268
BC23901,BC23901_C2,ENSG00000233927,0.042214206898037177,0.04970131408087244
BC23901,BC23901_C2,ENSG00000182774,0.04807733947950405,0.021625796631252265
BC23901,BC23901_C2,ENSG00000198034,0.02121794121511009,0.05393961349065917
BC23901,BC23901_C2,ENSG00000149806,0.1549353855618145,0.18435730821678847
BC23901,BC23901_C2,ENSG00000125691,-0.014115854735350984,0.0025474388731518537
BC23901,BC23901_C2,ENSG00000213741,-0.1331164567452082,-0.1455044660106203
BC23901,BC23901_C2,ENSG00000142676,-0.010865090468911816,-0.0044923211396161004
BC23901,BC23901_C2,ENSG00000101439,-0.15066530639717632,-0.16777264685942844
BC23901,BC23901_C2,ENSG00000019582,0.1734371668117992,0.20284715230455716
BC23901,BC23901_C2,ENSG00000172809,0.010608036699009908,-0.007629557446194132
BC23901,BC23901_C2,ENSG00000170889,0.01356344612081747,-0.028527358008017423
BC23901,BC23901_C2,ENSG00000184009,0.2952871623554532,0.37162836127933424
BC23901,BC23901_C2,ENSG00000177954,0.21646119756372445,0.2681416848773767
BC23901,BC23901_C2,ENSG00000100316,0.036173775943221256,0.04585373399712361
BC23901,BC23901_C2,ENSG00000204525,0.11511258710153702,0.11080331611971848
BC23901,BC23901_C2,ENSG00000172757,0.01204388213903257,0.022733660848460666
BC23901,BC23901_C2,ENSG00000137154,0.04797115228805595,0.059204472181696007
BC23901,BC23901_C2,ENSG00000204592,-0.05681412948017665,-0.08279940959848806
BC23901,BC23901_C2,ENSG00000108821,0.2464958964444442,0.1930818205513231
BC23901,BC23901_C2,ENSG00000142937,0.06262911974411876,0.10302094026130959
BC23901,BC23901_C2,ENSG00000169710,0.11385963024018156,0.08811229069536394
BC23901,BC23901_C2,__ambiguous[ENSG00000185883+ENSG00000260272],0.07326761819761039,0.053992540111341004
BC23901,BC23901_C2,ENSG00000167995,-0.1085653748331671,-0.14533827049892956
BC23901,BC23901_C2,ENSG00000083845,-0.010131927389571027,-0.023899321678680776
BC23901,BC23901_C2,__ambiguous[ENSG00000254772+ENSG00000255508],0.04935661838194353,0.07337877522586281
BC23901,BC23901_C2,ENSG00000206503,0.08886408215177534,0.09805351556879112
BC23901,BC23901_C2,ENSG00000135404,0.10171509183895149,0.14053984413159196
BC23901,BC23901_C2,ENSG00000167468,0.04655626567252707,0.06062410122174665
BC23901,BC23901_C2,ENSG00000231925,0.028024291864700828,0.007390643616217921
BC23901,BC23901_C2,ENSG00000156482,0.05004265519067532,0.06744176357056368
BC23901,BC23901_C2,ENSG00000165949,0.0797793400027174,0.13268546325342886
BC23901,BC23901_C2,ENSG00000197958,0.0021864866132018305,-0.014079363067287704
BC23901,BC23901_C2,ENSG00000163191,-0.12640261612854262,-0.17271806023780312
BC23901,BC23901_C2,ENSG00000149925,0.04352048001447698,0.07306304109658236
BC23901,BC23901_C2,ENSG00000167658,0.1420228408823066,0.1654938910169
BC23901,BC23901_C2,ENSG00000107223,0.06766021806859662,0.07292251274919187
BC23901,BC23901_C2,ENSG00000162244,-0.027404516709590942,-0.028702658988183777
BC23901,BC23901_C2,ENSG00000148303,0.13288967712966956,0.13405876730688016
BC23901,BC23901_C2,ENSG00000144713,-0.017043575941478095,-0.005065936628689125
BC23901,BC23901_C2,ENSG00000108639,0.035784775612785834,0.03231665632044965
BC23901,BC23901_C2,ENSG00000143947,-0.051578563824151484,-0.09068113200681666
BC23901,BC23901_C2,ENSG00000131469,0.03028209190596099,0.032691027355533725
BC23901,BC23901_C2,ENSG00000185499,0.16075483670545218,0.1908341388397869
BC23901,BC23901_C2,ENSG00000174748,-0.048398957016639745,-0.053384269085116454
BC23901,BC23901_C2,ENSG00000108344,-0.2028214005042155,-0.2627669821452522
BC23901,BC23901_C2,ENSG00000224389,0.17339846290548408,0.23037296708068936
BC23901,BC23901_C2,ENSG00000198242,0.04942751761882775,0.06625903323524264
BC23901,BC23901_C2,ENSG00000106624,0.36699503361021013,0.4483932279893737
BC23901,BC23901_C2,ENSG00000172531,0.01574049508264433,0.021537593323982904
BC23901,BC23901_C2,ENSG00000108679,0.02362584568497888,0.040612928616180995
BC23901,BC23901_C2,ENSG00000246705,-0.17716834288967304,-0.18052757046779158
BC23901,BC23901_C2,ENSG00000185825,-0.007199439525412615,-0.010079449897697997
BC23901,BC23901_C2,ENSG00000145592,0.060200521090966234,0.04387448411895007
BC23901,BC23901_C2,ENSG00000160862,-0.07137836976190956,-0.06949831709331175
BC23901,BC23901_C2,ENSG00000166710,0.15889578404562527,0.2409703913102624
BC23901,BC23901_C2,ENSG00000106211,0.18291145054906321,0.20221885651890473
BC23901,BC23901_C2,ENSG00000115884,0.022518853695688682,0.01627479681390259
BC23901,BC23901_C2,ENSG00000279483,0.051927565544221156,0.048814613421914024
BC23901,BC23901_C2,ENSG00000141741,0.004324090153702088,-0.0007683757267268779
BC23901,BC23901_C2,ENSG00000152082,0.04144604006403212,0.048914087453373126
BC23901,BC23901_C2,ENSG00000104904,-0.000817753846425363,-0.002302922447466438
BC23901,BC23901_C2,__ambiguous[ENSG00000243678+ENSG00000011052],-0.012074535514693275,0.012768508938793591
BC23901,BC23901_C2,ENSG00000158710,-0.06932036030056683,-0.11744971562660272
BC23901,BC23901_C2,ENSG00000130303,0.11076844019965319,0.11845082984611807
BC23901,BC23901_C2,ENSG00000110651,0.050765279830131,0.03650479650196273
BC23901,BC23901_C2,ENSG00000118181,-0.019043664895222398,-0.014534732074742913
BC23901,BC23901_C2,ENSG00000117410,0.04121415823404469,0.04133534584725865
BC23901,BC23901_C2,ENSG00000115457,0.061895705472490806,0.11818776488096804
BC23901,BC23901_C2,__ambiguous[ENSG00000185885+ENSG00000185201],-0.037205202571398935,-0.05887245395893563
BC23901,BC23901_C2,ENSG00000163220,-0.08889721149696106,-0.13739525467188565
BC23901,BC23901_C2,ENSG00000111057,-0.021986059819165172,-0.045582466457874865
BC23901,BC23901_C2,ENSG00000173372,0.18257343714277754,0.21063549272500184
BC23901,BC23901_C2,ENSG00000133112,0.14443822608179754,0.212751585309455
BC23901,BC23901_C2,ENSG00000074800,0.03474381362285995,0.06601609489304605
BC23901,BC23901_C2,ENSG00000092841,0.029148125996677147,0.01461713310723534
BC23901,BC23901_C2,ENSG00000030582,0.14215665020394017,0.14751417037664896
BC23901,BC23901_C2,ENSG00000130208,0.07865851261392885,0.0539159522447691
BC23901,BC23901_C2,ENSG00000126267,0.12331207658127263,0.14864852876044407
BC23901,BC23901_C2,ENSG00000071082,0.0246425301411523,0.017473443101105848
BC23901,BC23901_C2,ENSG00000142669,0.16240301610861513,0.17353130588599308
BC23901,BC23901_C2,__ambiguous[ENSG00000124614+ENSG00000270800],0.05581999836301963,0.03819425710962406
BC23901,BC23901_C2,ENSG00000169100,-0.09447223531763299,-0.09114589047096942
BC23901,BC23901_C2,ENSG00000150991,-0.010548302687805922,-0.038872258805871036
BC23901,BC23901_C2,ENSG00000071553,0.04764550807448576,0.02272328528482627
BC23901,BC23901_C2,ENSG00000277972,0.07944743564280186,0.07482056080871612
BC23901,BC23901_C2,ENSG00000117450,0.14410273057050504,0.14901488490467413
BC23901,BC23901_C2,ENSG00000070756,0.08916966847031897,0.12344321064457053
BC23901,BC23901_C2,ENSG00000205542,0.02564743019237354,0.0618691441744852
BC23901,BC23901_C2,ENSG00000102265,0.10870271591546564,0.12449233599623016
BC23901,BC23901_C2,ENSG00000277791,-0.020495810300271505,-0.03969473128848402
BC23901,BC23901_C2,__ambiguous[ENSG00000257341+ENSG00000213145],-0.042326776755696606,-0.044249903371756515
BC23901,BC23901_C2,ENSG00000178719,0.17874026904374382,0.1980147778913605
BC23901,BC23901_C2,ENSG00000149591,0.2527998147144506,0.2692366904439665
BC23901,BC23901_C2,ENSG00000125534,-0.051398451397815514,-0.06388263587114792
BC23901,BC23901_C2,ENSG00000143774,0.09063081156296497,0.08399688690758135
BC23901,BC23901_C2,ENSG00000124664,0.11132055677659299,0.1211480073567813
BC23901,BC23901_C2,ENSG00000163682,0.1030494691844089,0.12168985409742362
BC23901,BC23901_C2,ENSG00000145425,0.10169853633550807,0.08800515993140506
BC23901,BC23901_C2,ENSG00000165215,0.08357398749164703,0.05482485759340983
BC23901,BC23901_C2,ENSG00000105223,0.08207285945397386,0.09851087355184994
BC23901,BC23901_C2,ENSG00000162511,0.2735147552520625,0.3078908717705453
BC23901,BC23901_C2,ENSG00000160789,0.09388844164477816,0.11928160018835808
BC23901,BC23901_C2,ENSG00000182492,0.2842469392684883,0.32954631269657686
BC23901,BC23901_C2,ENSG00000164733,0.1629776998114329,0.17961189383464285
BC23901,BC23901_C2,ENSG00000176340,0.06788080093916883,0.08169845863324557
BC23901,BC23901_C2,ENSG00000255823,0.2531368206235296,0.26014130959909476
BC23901,BC23901_C2,ENSG00000115414,-0.022419392029280116,-0.07644130598126464
BC23901,BC23901_C2,ENSG00000141522,-0.051203348835196075,-0.038700683377757054
BC23901,BC23901_C2,ENSG00000124614,0.05653875365701475,0.05307985048980724
BC23901,BC23901_C2,ENSG00000196924,0.10250144765080707,0.1041357406574175
BC23901,BC23901_C2,ENSG00000127540,-0.041179606924498416,-0.02309000731126701
BC23901,BC23901_C2,ENSG00000187514,0.31890218447304264,0.37241165966251233
BC23901,BC23901_C2,ENSG00000204287,0.2899640193019593,0.3432412818472286
BC23901,BC23901_C2,ENSG00000182809,0.16106047173353819,0.12479721152700936
BC23901,BC23901_C2,ENSG00000138326,-0.06028842517365188,-0.06005371573489903
BC23901,BC23901_C2,__ambiguous[ENSG00000277957+ENSG00000161960],0.0016618443768043397,0.010627850618451725
BC23901,BC23901_C2,ENSG00000142089,-0.040671909941637066,-0.08770955917807854
BC23901,BC23901_C2,ENSG00000103363,0.007017738450612476,0.03438431526840856
BC23901,BC23901_C2,ENSG00000135480,-0.06599568341693288,-0.09988440873160778
BC23901,BC23901_C2,ENSG00000269028,0.27854518440585246,0.2840675107549935
BC23901,BC23901_C2,ENSG00000169223,-0.020790720127043458,-0.03272211752247318
BC23901,BC23901_C2,ENSG00000058262,0.04514211516396379,0.053733978663074645
BC23901,BC23901_C2,ENSG00000131748,0.02042640160502124,0.008619811506491234
BC23901,BC23901_C2,ENSG00000144426,0.011613156585963099,-0.014161026677768973
BC23901,BC23901_C2,ENSG00000051523,-0.04647142872184157,-0.07984581452395623
BC23901,BC23901_C2,ENSG00000123349,-0.05355341846324786,-0.06042348470564029
BC23901,BC23901_C2,ENSG00000052344,-0.011455305291241892,-0.006106458852267513
BC23901,BC23901_C2,ENSG00000114353,-0.046352328683698915,-0.0405480546573416
BC23901,BC23901_C2,ENSG00000164692,0.12545221214442787,0.07722147999586375
BC23901,BC23901_C2,ENSG00000251562,0.06958871009515472,0.09796748379469464
BC23901,BC23901_C2,ENSG00000184897,-0.03020441259863426,-0.004999423454102801
BC23901,BC23901_C2,ENSG00000170315,0.025969756418401248,0.029169102736271893
BC23901,BC23901_C2,ENSG00000182899,-0.046041037633864454,-0.005115310272026239
BC23901,BC23901_C2,ENSG00000272196,0.13458709221639664,0.14232495298894696
BC23901,BC23901_C2,ENSG00000111669,0.055059880559701777,0.07843817433050103
BC23901,BC23901_C2,ENSG00000026025,0.22126378115484102,0.2388489436711695
BC23901,BC23901_C2,__ambiguous[ENSG00000273259+ENSG00000196136],0.05682433482580175,0.07087946377459138
BC23901,BC23901_C2,ENSG00000114867,0.06370490765176305,0.07373325501004153
BC23901,BC23901_C2,__ambiguous[ENSG00000219200+ENSG00000161939],-0.06104753265403145,-0.10201597721944697
BC23901,BC23901_C2,ENSG00000178952,-0.07196065427361219,-0.07744470557450542
BC23901,BC23901_C2,ENSG00000178980,0.0017324121092679606,0.02004882877470902
BC23901,BC23901_C2,ENSG00000172354,0.007937832694561957,-0.00621623184707083
BC23901,BC23901_C2,__ambiguous[ENSG00000262526+ENSG00000170296],0.05567930114720697,0.0509863441177844
BC23901,BC23901_C2,ENSG00000125730,0.1430437968426867,0.17694641308307177
BC23901,BC23901_C2,ENSG00000167815,0.04499654448298548,0.02373873990923853
BC23901,BC23901_C2,ENSG00000100219,0.27978391652646156,0.34066519085084557
BC23901,BC23901_C2,ENSG00000008988,0.03475829524520471,0.026654071184138355
BC23901,BC23901_C2,ENSG00000104529,-0.044275490496601726,-0.04178387293308628
BC23901,BC23901_C2,ENSG00000131143,0.0025665949435344803,0.0014465646189822119
BC23901,BC23901_C2,ENSG00000142949,-0.003240364043876718,-0.03207033197815139
BC23901,BC23901_C2,ENSG00000087460,0.27345935010213945,0.3255839574590211
BC23901,BC23901_C2,ENSG00000214530,-0.010861671418001078,0.01285307406841696
BC23901,BC23901_C2,ENSG00000104964,0.09282337939209817,0.08936094210962489
BC23901,BC23901_C2,ENSG00000188846,0.04954222330717608,0.04992673645216267
BC23901,BC23901_C2,ENSG00000100300,0.07212602110677355,0.06042881519642755
BC23901,BC23901_C2,ENSG00000142173,0.27049407737246584,0.2353468086039733
BC23901,BC23901_C2,ENSG00000155366,0.07390337714112902,0.11141061199097177
BC23901,BC23901_C2,ENSG00000197956,-0.04358970748516817,-0.022730236273123008
BC23901,BC23901_C2,ENSG00000164919,0.10743584855285312,0.12128034819969241
BC23901,BC23901_C2,__ambiguous[ENSG00000241343+ENSG00000257529],0.061579529152422416,0.048428581006027926
BC23901,BC23901_C2,ENSG00000163479,-0.06091516064369611,-0.08364328362576974
BC23901,BC23901_C2,ENSG00000126247,0.00521901815344383,0.008289716504711126
BC23901,BC23901_C2,ENSG00000114391,0.08035079671020731,0.03882267391458677
BC23901,BC23901_C2,ENSG00000174444,0.12784307746406712,0.14245737289697272
BC23901,BC23901_C2,ENSG00000173272,0.0871941737108535,0.10838199819013973
BC23901,BC23901_C2,ENSG00000174886,-0.02653535281663879,-0.010946307079940681
BC23901,BC23901_C2,ENSG00000213988,0.04901943090072223,0.047066050036201346
BC23901,BC23901_C2,ENSG00000124172,-7.620168128391005e-05,0.03859694074909251
BC23901,BC23901_C2,ENSG00000171222,-0.13314795987278275,-0.1288864773633296
BC23901,BC23901_C2,ENSG00000186468,0.027082292316170493,0.02072707317859353
BC23901,BC23901_C2,ENSG00000173369,0.08771413375020602,0.10545729769483747
BC23901,BC23901_C2,ENSG00000163399,0.20563925688615026,0.25437843828641044
BC23901,BC23901_C2,ENSG00000135390,0.12976507109914667,0.12676699902646799
BC23901,BC23901_C2,ENSG00000196576,-0.06966112306824146,-0.07017061209217136
BC23901,BC23901_C2,ENSG00000170421,-0.0011551920050154024,-0.010490037334372069
BC23901,BC23901_C2,ENSG00000160180,-0.1399639896629251,-0.18906725435901212
BC23901,BC23901_C2,ENSG00000177700,-0.03797871741048882,-0.062255889838933785
BC23901,BC23901_C2,ENSG00000172270,-0.023831406854307912,-0.04910296959355536
BC23901,BC23901_C2,ENSG00000173801,-0.1435847560067112,-0.17945315716446886
BC23901,BC23901_C2,ENSG00000160932,0.11528124156490392,0.1417395264191541
BC23901,BC23901_C2,ENSG00000186010,-0.016402052620043926,-0.04742291093523779
BC23901,BC23901_C2,ENSG00000168528,0.11611794212711363,0.15651612042377952
BC23901,BC23901_C2,ENSG00000171863,0.0075185799093644345,-0.013274057439184472
BC23901,BC23901_C2,ENSG00000161960,0.2695237393896656,0.3367787685315734
BC23901,BC23901_C2,ENSG00000125970,0.009207368928068033,0.025222848871365087
BC23901,BC23901_C2,ENSG00000130725,0.08697900193617948,0.06973983422935287
BC23901,BC23901_C2,ENSG00000279274,0.05247519909872645,0.043048791214768754
BC23901,BC23901_C2,ENSG00000011304,0.08892409143531754,0.14281130128259115
BC23901,BC23901_C2,ENSG00000143420,-0.09714940262978118,-0.12533850835014268
BC23901,BC23901_C2,ENSG00000134419,0.042979433092706965,0.01899927449080519
BC23901,BC23901_C2,ENSG00000141753,0.048791232354211206,0.011791964488055001
BC23901,BC23901_C2,ENSG00000147604,-0.05678887583979681,-0.03949438520641092
BC23901,BC23901_C2,ENSG00000106153,0.04152307584701331,0.008269258031006234
BC23901,BC23901_C2,ENSG00000109475,0.07670720955999705,0.08140728522519701
BC23901,BC23901_C2,ENSG00000101335,0.18999619699576076,0.24199142679242033
BC23901,BC23901_C2,ENSG00000132475,0.18643826863131147,0.251360675406418
BC23901,BC23901_C2,ENSG00000187608,-0.15717185694421681,-0.21663195097614182
BC23901,BC23901_C2,ENSG00000123416,0.08524188687094862,0.20255786288782515
BC23901,BC23901_C2,ENSG00000113140,-0.0023529746208487126,-0.0656986319047798
BC23901,BC23901_C2,ENSG00000143546,-0.08443634112577185,-0.06282007056617907
BC23901,BC23901_C2,ENSG00000140990,-0.0051159655361973115,-0.017895448979566547
BC23901,BC23901_C2,ENSG00000135940,0.03369677106594698,0.05494382724420027
BC23901,BC23901_C2,ENSG00000132507,-0.0904139678485648,-0.07997581177239949
BC23901,BC23901_D1,ENSG00000034510,0.07249338465495218,0.043932940893270156
BC23901,BC23901_D1,ENSG00000254709,0.01743448024004711,0.013160151622660739
BC23901,BC23901_D1,ENSG00000171345,-0.01083645493990271,-0.027545350715107837
BC23901,BC23901_D1,ENSG00000111640,0.09262157450645928,0.11843653779438827
BC23901,BC23901_D1,ENSG00000137818,0.18557327877987376,0.2065679418155878
BC23901,BC23901_D1,ENSG00000177600,0.23668795856802588,0.27012122455565857
BC23901,BC23901_D1,ENSG00000231500,0.02672134557792054,0.03546969338070342
BC23901,BC23901_D1,ENSG00000164587,-0.04451683827345948,-0.04658787357515357
BC23901,BC23901_D1,ENSG00000075624,0.04898634661890921,0.056938298682444446
BC23901,BC23901_D1,ENSG00000108107,0.11116444568201453,0.09296134347461144
BC23901,BC23901_D1,ENSG00000108298,0.0644303664246663,0.08856639294894829
BC23901,BC23901_D1,ENSG00000197756,0.12765387798081385,0.09264654616091626
BC23901,BC23901_D1,ENSG00000105372,0.06520392992252587,0.04977578881989415
BC23901,BC23901_D1,ENSG00000141736,0.08318744024077859,0.0730320987189959
BC23901,BC23901_D1,ENSG00000161016,0.014624734498512138,-0.008872738976299067
BC23901,BC23901_D1,ENSG00000087086,0.07711639550196282,0.09223817796236314
BC23901,BC23901_D1,ENSG00000167526,0.0449815205713261,0.045312446615938175
BC23901,BC23901_D1,ENSG00000108518,0.04610239880135855,0.03075093150201372
BC23901,BC23901_D1,ENSG00000130255,0.1414876529660988,0.1630900787318766
BC23901,BC23901_D1,__ambiguous[ENSG00000251357+ENSG00000240972],0.05713748520821768,0.1109373861710685
BC23901,BC23901_D1,ENSG00000136942,0.05284822074144875,0.033129767318892306
BC23901,BC23901_D1,ENSG00000149273,-0.026475517126017666,-0.0393028475140311
BC23901,BC23901_D1,ENSG00000197746,0.060302429666405005,0.03866630649651275
BC23901,BC23901_D1,ENSG00000063177,0.04082954295687647,0.04589003572391358
BC23901,BC23901_D1,ENSG00000117984,0.28967153962666503,0.3062762772067824
BC23901,BC23901_D1,ENSG00000180879,0.01068800518210268,0.01040242407614107
BC23901,BC23901_D1,ENSG00000140264,-0.009691664516486932,-0.027897325479127322
BC23901,BC23901_D1,ENSG00000179218,-0.02874290081376683,-0.04038802212972229
BC23901,BC23901_D1,ENSG00000105193,0.003504930807661108,0.00766397560446486
BC23901,BC23901_D1,ENSG00000221983,0.04183267898169156,0.04857657084114788
BC23901,BC23901_D1,ENSG00000204628,0.06486925219351826,0.07831034989120053
BC23901,BC23901_D1,ENSG00000109062,-0.012784403457347144,-0.024151507195002486
BC23901,BC23901_D1,ENSG00000167996,0.02706171175455061,-0.004179263041389881
BC23901,BC23901_D1,ENSG00000142541,-0.0654933651465371,-0.057201385632532874
BC23901,BC23901_D1,ENSG00000130203,0.0665573923151773,0.07309720488586004
BC23901,BC23901_D1,ENSG00000185624,0.0034019219429899652,0.007543785019960415
BC23901,BC23901_D1,ENSG00000166441,0.09723362261997813,0.0685162130472629
BC23901,BC23901_D1,ENSG00000142534,0.06381551700610325,0.08295837542220644
BC23901,BC23901_D1,ENSG00000234745,0.21266874325389049,0.23455741882265488
BC23901,BC23901_D1,ENSG00000140988,0.0004298920917292278,-0.012946974504072973
BC23901,BC23901_D1,ENSG00000147403,0.003067199657850359,0.009184677444587846
BC23901,BC23901_D1,ENSG00000089157,0.18951760326780331,0.16508276487514284
BC23901,BC23901_D1,ENSG00000171858,0.029543019827060837,-0.0017865641683421406
BC23901,BC23901_D1,ENSG00000115268,0.04077474162819606,0.0638485627011852
BC23901,BC23901_D1,ENSG00000105640,-0.00031855041726302954,-0.002477843568599375
BC23901,BC23901_D1,ENSG00000112306,0.08914931415390331,0.12857907163886
BC23901,BC23901_D1,ENSG00000111341,-0.006032022523435833,-0.0016818861859197556
BC23901,BC23901_D1,ENSG00000233927,0.20748385839081926,0.1888622991684167
BC23901,BC23901_D1,ENSG00000182774,0.11126330723256814,0.11421685873858119
BC23901,BC23901_D1,ENSG00000198034,-0.0027266005322290738,0.039731679440741526
BC23901,BC23901_D1,ENSG00000149806,0.09706208120296106,0.06341226963406141
BC23901,BC23901_D1,ENSG00000125691,0.0606710018700488,0.08037835538190623
BC23901,BC23901_D1,ENSG00000213741,0.03939363166351237,0.017259871787229493
BC23901,BC23901_D1,ENSG00000142676,0.11954740398708638,0.06606214891374819
BC23901,BC23901_D1,ENSG00000101439,-0.06259761887783198,-0.06650529469564574
BC23901,BC23901_D1,ENSG00000019582,0.1235370901725634,0.15053039945105728
BC23901,BC23901_D1,ENSG00000172809,0.008808646667988156,-0.009778068210697698
BC23901,BC23901_D1,ENSG00000170889,0.11866192371393253,0.12473471340442126
BC23901,BC23901_D1,ENSG00000184009,0.2854697814035878,0.3550111530629037
BC23901,BC23901_D1,ENSG00000177954,0.17730235639321384,0.20076975257853413
BC23901,BC23901_D1,ENSG00000100316,0.023833582022696028,0.023417910729605747
BC23901,BC23901_D1,ENSG00000204525,0.03149789011953694,0.018417648924248835
BC23901,BC23901_D1,ENSG00000172757,-0.04775845647951164,-0.09536787790771986
BC23901,BC23901_D1,ENSG00000137154,0.040173466689671145,0.055143533820308975
BC23901,BC23901_D1,ENSG00000204592,-0.08572033707533089,-0.11434737089515562
BC23901,BC23901_D1,ENSG00000108821,0.06210606296082695,0.041524993004710485
BC23901,BC23901_D1,ENSG00000142937,0.09251733849006526,0.11398236515386556
BC23901,BC23901_D1,ENSG00000169710,0.04957671313407336,0.04240787818888035
BC23901,BC23901_D1,__ambiguous[ENSG00000185883+ENSG00000260272],-0.008707832538516692,-0.01051003626847497
BC23901,BC23901_D1,ENSG00000167995,0.09907130117547472,0.09334004177468769
BC23901,BC23901_D1,ENSG00000083845,-0.010076711924662024,-0.021544779393908507
BC23901,BC23901_D1,__ambiguous[ENSG00000254772+ENSG00000255508],0.002493199491122875,0.015163616801521087
BC23901,BC23901_D1,ENSG00000206503,0.08974587521258079,0.10447754873160435
BC23901,BC23901_D1,ENSG00000135404,-0.009815062490121838,-0.016011187259100706
BC23901,BC23901_D1,ENSG00000167468,0.016228117099144068,-0.02574414532422317
BC23901,BC23901_D1,ENSG00000231925,-0.007567436247531414,-0.0239733089257574
BC23901,BC23901_D1,ENSG00000156482,0.10401713395179978,0.082929644537671
BC23901,BC23901_D1,ENSG00000165949,-0.028063713343442955,0.016727933564730124
BC23901,BC23901_D1,ENSG00000197958,-0.08406984873402215,-0.05355288594500595
BC23901,BC23901_D1,ENSG00000163191,-0.12206372804317353,-0.20346805342565208
BC23901,BC23901_D1,ENSG00000149925,0.007062224991870778,0.0010747685695852436
BC23901,BC23901_D1,ENSG00000167658,0.01797991931823154,0.05068102698046247
BC23901,BC23901_D1,ENSG00000107223,0.07091295351133292,0.08455738718964828
BC23901,BC23901_D1,ENSG00000162244,0.07945863313923734,0.09552714155480901
BC23901,BC23901_D1,ENSG00000148303,-0.047302648918770084,-0.028418206276231883
BC23901,BC23901_D1,ENSG00000144713,-0.07586059897799712,-0.07772641976095321
BC23901,BC23901_D1,ENSG00000108639,0.0690814899232464,0.07137692479229
BC23901,BC23901_D1,ENSG00000143947,-0.016125925884668213,-0.05509367160355499
BC23901,BC23901_D1,ENSG00000131469,0.07270797891776816,0.05739340624488629
BC23901,BC23901_D1,ENSG00000185499,-0.04817406898317877,-0.07625084240470555
BC23901,BC23901_D1,ENSG00000174748,-0.07133632147623521,-0.053794717902269834
BC23901,BC23901_D1,ENSG00000108344,-0.08057125366538435,-0.10947783070646198
BC23901,BC23901_D1,ENSG00000224389,0.0043575233886228235,-0.016491123559873987
BC23901,BC23901_D1,ENSG00000198242,-0.03500320282145801,-0.0700476060200749
BC23901,BC23901_D1,ENSG00000106624,0.2941535128295859,0.2876881024383058
BC23901,BC23901_D1,ENSG00000172531,-0.09543850385853402,-0.0701487142465529
BC23901,BC23901_D1,ENSG00000108679,-0.0003156308078667907,-0.009982994812931608
BC23901,BC23901_D1,ENSG00000246705,-0.1398959411828067,-0.12600118070588423
BC23901,BC23901_D1,ENSG00000185825,0.03629340065125731,0.009230345096694842
BC23901,BC23901_D1,ENSG00000145592,0.026823568329619952,0.012434744372967505
BC23901,BC23901_D1,ENSG00000160862,0.03549819792557231,-0.012640330938196864
BC23901,BC23901_D1,ENSG00000166710,0.27214659661711693,0.34359890269119825
BC23901,BC23901_D1,ENSG00000106211,0.052921308740752085,0.0711265312395229
BC23901,BC23901_D1,ENSG00000115884,-0.10120736593114048,-0.10510190275236987
BC23901,BC23901_D1,ENSG00000279483,-0.06792847396853645,-0.061281921439046455
BC23901,BC23901_D1,ENSG00000141741,-0.09891744468877252,-0.12092590059777276
BC23901,BC23901_D1,ENSG00000152082,-0.011885926759705862,-0.022945585156598607
BC23901,BC23901_D1,ENSG00000104904,0.04839283692576848,0.08621477127882872
BC23901,BC23901_D1,__ambiguous[ENSG00000243678+ENSG00000011052],0.022385968391487817,-0.027218125528085897
BC23901,BC23901_D1,ENSG00000158710,0.02703070730322077,0.002316578367779692
BC23901,BC23901_D1,ENSG00000130303,0.1183395268892312,0.11076971220235118
BC23901,BC23901_D1,ENSG00000110651,-0.05475320086749012,-0.08998540167256411
BC23901,BC23901_D1,ENSG00000118181,0.01828757877294868,0.019407706486848662
BC23901,BC23901_D1,ENSG00000117410,0.053219992486917424,0.06036694239324702
BC23901,BC23901_D1,ENSG00000115457,0.09745857140272793,0.15505194246434478
BC23901,BC23901_D1,__ambiguous[ENSG00000185885+ENSG00000185201],-0.060006482698003835,-0.06167096190994295
BC23901,BC23901_D1,ENSG00000163220,0.08340257313873474,0.07292517150323047
BC23901,BC23901_D1,ENSG00000111057,-0.069130806264909,-0.12331060548889936
BC23901,BC23901_D1,ENSG00000173372,0.142678067408708,0.15385149690215277
BC23901,BC23901_D1,ENSG00000133112,0.13630787875507322,0.1987534199547108
BC23901,BC23901_D1,ENSG00000074800,-0.08505178881847493,-0.13948225588997765
BC23901,BC23901_D1,ENSG00000092841,-0.07488434422162231,-0.0820145153293826
BC23901,BC23901_D1,ENSG00000030582,-0.13398612322990808,-0.1812384953742329
BC23901,BC23901_D1,ENSG00000130208,0.026610934595572233,-0.028953183336740382
BC23901,BC23901_D1,ENSG00000126267,0.07742392432222492,0.08904632277487057
BC23901,BC23901_D1,ENSG00000071082,-0.0007861368614777357,0.000778748436945515
BC23901,BC23901_D1,ENSG00000142669,0.06067371786141678,0.0711335305058768
BC23901,BC23901_D1,__ambiguous[ENSG00000124614+ENSG00000270800],-0.000974485619002587,-0.025631037669133078
BC23901,BC23901_D1,ENSG00000169100,-0.030464405505082164,-0.0872358070916599
BC23901,BC23901_D1,ENSG00000150991,-0.038369157417277394,-0.0886985619469767
BC23901,BC23901_D1,ENSG00000071553,-0.07977762328400878,-0.08570399456484779
BC23901,BC23901_D1,ENSG00000277972,-0.0068530124290600005,-0.0060161433367063154
BC23901,BC23901_D1,ENSG00000117450,0.13150239413994252,0.18376445516583342
BC23901,BC23901_D1,ENSG00000070756,0.09217508902993451,0.1352977369241499
BC23901,BC23901_D1,ENSG00000205542,0.10896221572435298,0.1615138242425663
BC23901,BC23901_D1,ENSG00000102265,0.04296831528692706,0.030467517053139714
BC23901,BC23901_D1,ENSG00000277791,-0.004257130734378684,-0.029536234937041498
BC23901,BC23901_D1,__ambiguous[ENSG00000257341+ENSG00000213145],-0.02774663067751305,-0.03427956624377479
BC23901,BC23901_D1,ENSG00000178719,0.0684960527365429,0.028367973488661734
BC23901,BC23901_D1,ENSG00000149591,0.15645830525288162,0.12347624160760955
BC23901,BC23901_D1,ENSG00000125534,-0.05210034162063579,-0.03073244607457917
BC23901,BC23901_D1,ENSG00000143774,-0.05739773615006399,-0.05510166274567804
BC23901,BC23901_D1,ENSG00000124664,0.10716158396348889,0.12820707894375546
BC23901,BC23901_D1,ENSG00000163682,0.08471094147707801,0.10363711873369269
BC23901,BC23901_D1,ENSG00000145425,-0.07128786435690498,-0.03707990964224133
BC23901,BC23901_D1,ENSG00000165215,0.07156066486463634,0.07920770547430166
BC23901,BC23901_D1,ENSG00000105223,-0.015267742829574662,-0.01188808588401138
BC23901,BC23901_D1,ENSG00000162511,0.274884943740145,0.2898668110547666
BC23901,BC23901_D1,ENSG00000160789,0.06174694592465522,0.01392362372934278
BC23901,BC23901_D1,ENSG00000182492,0.11765573330873984,0.07040975647372454
BC23901,BC23901_D1,ENSG00000164733,0.17447194652295214,0.18548736846579916
BC23901,BC23901_D1,ENSG00000176340,-0.017158122737597002,-0.03347936102623676
BC23901,BC23901_D1,ENSG00000255823,0.2537005161945756,0.23683061286106702
BC23901,BC23901_D1,ENSG00000115414,0.040176566105755714,0.04080719798622134
BC23901,BC23901_D1,ENSG00000141522,-0.07641504410923207,-0.06869393474992477
BC23901,BC23901_D1,ENSG00000124614,-0.015867298717859996,-0.032773129350479775
BC23901,BC23901_D1,ENSG00000196924,-0.0012887668147267305,0.004719765285595144
BC23901,BC23901_D1,ENSG00000127540,-0.08738628353488426,-0.06269901171213535
BC23901,BC23901_D1,ENSG00000187514,0.1945111292390392,0.2540924154983534
BC23901,BC23901_D1,ENSG00000204287,0.19893224735557752,0.23294715744261577
BC23901,BC23901_D1,ENSG00000182809,0.06914076826955746,0.02894606466811166
BC23901,BC23901_D1,ENSG00000138326,0.07325052858400145,0.04436002744866699
BC23901,BC23901_D1,__ambiguous[ENSG00000277957+ENSG00000161960],0.07400104272218141,0.10349953556267702
BC23901,BC23901_D1,ENSG00000142089,-0.07221307504199506,-0.12808048008348027
BC23901,BC23901_D1,ENSG00000103363,-0.02852063814706941,-0.02257403748600978
BC23901,BC23901_D1,ENSG00000135480,-0.05570906130947692,-0.09233757986012137
BC23901,BC23901_D1,ENSG00000269028,0.30285306039804283,0.3012745757126952
BC23901,BC23901_D1,ENSG00000169223,-0.012777776839750885,-0.011579952272302995
BC23901,BC23901_D1,ENSG00000058262,-0.021950136505605053,-0.03581592718470868
BC23901,BC23901_D1,ENSG00000131748,0.009693137277982697,-0.005130187960313792
BC23901,BC23901_D1,ENSG00000144426,-0.027616142522799578,-0.040785745520482745
BC23901,BC23901_D1,ENSG00000051523,-0.04293385597778702,-0.0324638166969976
BC23901,BC23901_D1,ENSG00000123349,-0.01101320219216067,-0.03141792434004713
BC23901,BC23901_D1,ENSG00000052344,0.13860752563397624,0.16450068799386977
BC23901,BC23901_D1,ENSG00000114353,-0.035070993614760286,-0.034869331857520565
BC23901,BC23901_D1,ENSG00000164692,0.18409479566395368,0.15780705416673205
BC23901,BC23901_D1,ENSG00000251562,0.18105676656269862,0.1873366695925427
BC23901,BC23901_D1,ENSG00000184897,0.0999962899174316,0.137121348833326
BC23901,BC23901_D1,ENSG00000170315,-0.10215130407448643,-0.11354836117041586
BC23901,BC23901_D1,ENSG00000182899,0.03896313863438248,0.07408354121403517
BC23901,BC23901_D1,ENSG00000272196,-0.06643180330759178,-0.10324533854880208
BC23901,BC23901_D1,ENSG00000111669,-0.01265374577353154,-0.021979476853118945
BC23901,BC23901_D1,ENSG00000026025,0.230075036678298,0.23437035253402475
BC23901,BC23901_D1,__ambiguous[ENSG00000273259+ENSG00000196136],-0.06556172111345761,-0.06763194630576122
BC23901,BC23901_D1,ENSG00000114867,0.09448926939631047,0.07063259669023401
BC23901,BC23901_D1,__ambiguous[ENSG00000219200+ENSG00000161939],-0.047248247094650114,-0.06302521542350838
BC23901,BC23901_D1,ENSG00000178952,0.011860455178019279,0.025679261050055267
BC23901,BC23901_D1,ENSG00000178980,0.07153935894409869,0.0915393055329605
BC23901,BC23901_D1,ENSG00000172354,-0.07080137002829892,-0.06073426048737295
BC23901,BC23901_D1,__ambiguous[ENSG00000262526+ENSG00000170296],-0.0244812754559022,-0.06894470184850036
BC23901,BC23901_D1,ENSG00000125730,0.1740825134642219,0.18020761787408374
BC23901,BC23901_D1,ENSG00000167815,0.019307180397895557,0.036593984418733606
BC23901,BC23901_D1,ENSG00000100219,0.2126722001298298,0.23814924883511535
BC23901,BC23901_D1,ENSG00000008988,-0.018469746254312924,-0.02555214611066127
BC23901,BC23901_D1,ENSG00000104529,0.006528124549984394,0.008502633902357329
BC23901,BC23901_D1,ENSG00000131143,-0.06108975568024329,-0.048556901842921184
BC23901,BC23901_D1,ENSG00000142949,0.12496004361520409,0.17526078216044455
BC23901,BC23901_D1,ENSG00000087460,0.3078514763711592,0.35877157817352223
BC23901,BC23901_D1,ENSG00000214530,0.07129564232401413,0.08030629500773472
BC23901,BC23901_D1,ENSG00000104964,0.027596328867070252,0.010143650522756906
BC23901,BC23901_D1,ENSG00000188846,0.03060257469813671,0.029833099477547805
BC23901,BC23901_D1,ENSG00000100300,0.0041500634145913585,-0.002827313133905657
BC23901,BC23901_D1,ENSG00000142173,0.08214503513190169,0.04542948504131327
BC23901,BC23901_D1,ENSG00000155366,-0.00026815004561235134,-0.01466119873880673
BC23901,BC23901_D1,ENSG00000197956,0.047716703011087436,0.061934055618419304
BC23901,BC23901_D1,ENSG00000164919,0.1841557348537826,0.14997382403193005
BC23901,BC23901_D1,__ambiguous[ENSG00000241343+ENSG00000257529],-0.08530028926622872,-0.11199918519901723
BC23901,BC23901_D1,ENSG00000163479,-0.1375737535912443,-0.16081938148119812
BC23901,BC23901_D1,ENSG00000126247,0.09314311770831535,0.13092196025088199
BC23901,BC23901_D1,ENSG00000114391,-0.14798668297164155,-0.1690755793265536
BC23901,BC23901_D1,ENSG00000174444,0.007843426807767923,0.0038504994431061176
BC23901,BC23901_D1,ENSG00000173272,0.017695976003822198,0.0027231616842871495
BC23901,BC23901_D1,ENSG00000174886,0.006224861114667068,0.011047132058806775
BC23901,BC23901_D1,ENSG00000213988,0.08421450601823964,0.08846054055685884
BC23901,BC23901_D1,ENSG00000124172,0.08093827638804894,0.06829480986794041
BC23901,BC23901_D1,ENSG00000171222,0.05867255041036427,0.04649308098309457
BC23901,BC23901_D1,ENSG00000186468,-0.059961593354509686,-0.08056315547948997
BC23901,BC23901_D1,ENSG00000173369,-0.010975090936784788,-0.03887579855605802
BC23901,BC23901_D1,ENSG00000163399,0.13563005771597292,0.18400721944130236
BC23901,BC23901_D1,ENSG00000135390,-0.1339855397633108,-0.13506535365730393
BC23901,BC23901_D1,ENSG00000196576,0.04578539094714374,0.04481133549645619
BC23901,BC23901_D1,ENSG00000170421,0.1254306905776998,0.11532415766956995
BC23901,BC23901_D1,ENSG00000160180,-0.051345143690647674,-0.09052229275165029
BC23901,BC23901_D1,ENSG00000177700,-0.13363903203740105,-0.16518825754401917
BC23901,BC23901_D1,ENSG00000172270,0.025038793767612078,0.037029204746398744
BC23901,BC23901_D1,ENSG00000173801,-0.05487693053612833,-0.044951610647117675
BC23901,BC23901_D1,ENSG00000160932,0.0685973622588731,0.03984367155034521
BC23901,BC23901_D1,ENSG00000186010,0.1418403572069413,0.15603832177540827
BC23901,BC23901_D1,ENSG00000168528,0.051434005459949396,0.04593976706249253
BC23901,BC23901_D1,ENSG00000171863,-0.040274859952714424,-0.017980191352599297
BC23901,BC23901_D1,ENSG00000161960,0.1680265189308532,0.2044290206176371
BC23901,BC23901_D1,ENSG00000125970,0.02131112408268827,-0.0005850532497825037
BC23901,BC23901_D1,ENSG00000130725,0.06184935986699188,0.10885503988776951
BC23901,BC23901_D1,ENSG00000279274,-0.028375697845580198,-0.03596662459390092
BC23901,BC23901_D1,ENSG00000011304,0.18850100081129464,0.24483623182098901
BC23901,BC23901_D1,ENSG00000143420,-0.06106020939038514,-0.0774836702799416
BC23901,BC23901_D1,ENSG00000134419,0.03084669130921204,0.007219718898545137
BC23901,BC23901_D1,ENSG00000141753,-0.12318397245152433,-0.18344247826144122
BC23901,BC23901_D1,ENSG00000147604,0.019013505592874104,-0.0061721137028823495
BC23901,BC23901_D1,ENSG00000106153,-0.1115022118386497,-0.13881008514716078
BC23901,BC23901_D1,ENSG00000109475,0.00405992274873159,-0.025884757839747665
BC23901,BC23901_D1,ENSG00000101335,0.13977499130293305,0.11964522551690737
BC23901,BC23901_D1,ENSG00000132475,0.26708763713215167,0.3083505747735197
BC23901,BC23901_D1,ENSG00000187608,-0.02392311726032176,-0.020645630440969606
BC23901,BC23901_D1,ENSG00000123416,0.20980606937942292,0.2604161261083539
BC23901,BC23901_D1,ENSG00000113140,-0.0771104991861196,-0.1191335314878954
BC23901,BC23901_D1,ENSG00000143546,-0.03781732704941061,-0.027146950754111786
BC23901,BC23901_D1,ENSG00000140990,-0.07367742552415563,-0.05478404606061251
BC23901,BC23901_D1,ENSG00000135940,0.08060611526117685,0.07069683169133992
BC23901,BC23901_D1,ENSG00000132507,-0.03972899558914406,-0.012635544210665484
BC23903,BC23903_C1,ENSG00000034510,0.035548615515158956,0.07815967024195503
BC23903,BC23903_C1,ENSG00000171345,0.18109362964466377,0.17379720516538322
BC23903,BC23903_C1,ENSG00000111640,0.16810199441622878,0.19338274443922968
BC23903,BC23903_C1,ENSG00000137818,0.28825065025657143,0.34046376383004656
BC23903,BC23903_C1,ENSG00000254709,0.40054244033245984,0.4120098751837782
BC23903,BC23903_C1,ENSG00000164587,0.28678014005502284,0.3205749596620611
BC23903,BC23903_C1,ENSG00000177600,0.2887077555761461,0.30865149137635445
BC23903,BC23903_C1,ENSG00000231500,0.22016793526749448,0.22091513255700593
BC23903,BC23903_C1,ENSG00000108298,0.057904761313066454,0.11498391534584108
BC23903,BC23903_C1,ENSG00000075624,0.14609772161976375,0.11997100974177127
BC23903,BC23903_C1,ENSG00000108107,0.3850541058079372,0.40331241323788625
BC23903,BC23903_C1,ENSG00000197756,0.15832796839451266,0.18231618296649515
BC23903,BC23903_C1,ENSG00000161016,0.1456631956552147,0.19608727754990912
BC23903,BC23903_C1,ENSG00000105372,0.17478296021921444,0.1731182864309445
BC23903,BC23903_C1,ENSG00000141736,0.27265242287824476,0.2869340701058168
BC23903,BC23903_C1,ENSG00000087086,0.1999350164466667,0.21596093358815424
BC23903,BC23903_C1,__ambiguous[ENSG00000251357+ENSG00000240972],0.22591319115273914,0.25679287292793623
BC23903,BC23903_C1,ENSG00000108518,-0.09446223086100722,-0.09431557511278903
BC23903,BC23903_C1,ENSG00000130255,0.31026983012965653,0.2934620815519597
BC23903,BC23903_C1,ENSG00000167526,0.2429265115356143,0.24462626155226594
BC23903,BC23903_C1,ENSG00000136942,0.2770141844992121,0.3184099525164884
BC23903,BC23903_C1,ENSG00000063177,0.06947362229421518,0.0706148973140122
BC23903,BC23903_C1,ENSG00000117984,-0.07263273270737522,-0.05943597686834918
BC23903,BC23903_C1,ENSG00000180879,0.1448199181801865,0.18775098385481132
BC23903,BC23903_C1,ENSG00000197746,0.20734010712471052,0.21746326488212922
BC23903,BC23903_C1,ENSG00000149273,0.15000133969861565,0.12159222542637801
BC23903,BC23903_C1,ENSG00000140264,0.022896958617778965,0.033648744352745806
BC23903,BC23903_C1,ENSG00000105193,0.09938589160334722,0.10167920617128007
BC23903,BC23903_C1,ENSG00000204628,0.10373868893315978,0.11960612119044554
BC23903,BC23903_C1,ENSG00000221983,0.19614658888447886,0.20791601339522667
BC23903,BC23903_C1,ENSG00000179218,0.18621709490146202,0.24106647868323652
BC23903,BC23903_C1,ENSG00000130203,0.14041597198893577,0.15496611884468978
BC23903,BC23903_C1,ENSG00000109062,0.19059154581508841,0.2283686337574349
BC23903,BC23903_C1,ENSG00000185624,0.2230625669763671,0.2590332536373497
BC23903,BC23903_C1,ENSG00000234745,0.1436283041420116,0.1488823968362917
BC23903,BC23903_C1,ENSG00000142534,0.16641265296970847,0.19945320034854894
BC23903,BC23903_C1,ENSG00000166441,0.1765001984813435,0.1905887877194361
BC23903,BC23903_C1,ENSG00000142541,0.22566702897648366,0.22954770105877106
BC23903,BC23903_C1,ENSG00000140988,0.10673736643798994,0.11185952778146521
BC23903,BC23903_C1,ENSG00000089157,0.14830948880076775,0.17699417475643903
BC23903,BC23903_C1,ENSG00000147403,0.05947145971339922,0.0766542999628624
BC23903,BC23903_C1,ENSG00000167996,-0.0727185730943296,-0.10387589845520882
BC23903,BC23903_C1,ENSG00000115268,0.2493334509206937,0.23522311635431548
BC23903,BC23903_C1,ENSG00000171858,0.06325672329355957,0.0736824376679646
BC23903,BC23903_C1,ENSG00000111341,-0.20653289202492323,-0.31544909320648246
BC23903,BC23903_C1,ENSG00000105640,0.22319820108899868,0.23052490880154444
BC23903,BC23903_C1,ENSG00000112306,0.05807927593942644,0.0627855185386846
BC23903,BC23903_C1,ENSG00000233927,0.0621373727594768,0.08670501748706247
BC23903,BC23903_C1,ENSG00000198034,-0.03609294678644453,-0.052449609231401746
BC23903,BC23903_C1,ENSG00000182774,0.13178614783365641,0.11440056918950012
BC23903,BC23903_C1,ENSG00000213741,0.16198058388296382,0.19118842957265392
BC23903,BC23903_C1,ENSG00000142676,0.01139650872520021,0.0065632863680152274
BC23903,BC23903_C1,ENSG00000149806,0.09561580320755453,0.08529807024432641
BC23903,BC23903_C1,ENSG00000101439,0.13161151078427394,0.1555315741662396
BC23903,BC23903_C1,ENSG00000169710,0.16381311605219262,0.14815527072563706
BC23903,BC23903_C1,ENSG00000177954,0.05396182816983366,0.10223619558558174
BC23903,BC23903_C1,ENSG00000019582,0.26784363497232444,0.24169607673355484
BC23903,BC23903_C1,ENSG00000172809,0.07756342249307005,0.08241341883167581
BC23903,BC23903_C1,ENSG00000204525,0.1313965558000496,0.13935641291629938
BC23903,BC23903_C1,ENSG00000125691,-0.024645164825896067,-0.024646212162983083
BC23903,BC23903_C1,ENSG00000170889,0.11784339564780709,0.10456706488473838
BC23903,BC23903_C1,ENSG00000184009,0.37348542748794555,0.37534812259515726
BC23903,BC23903_C1,ENSG00000100316,0.15203659042483758,0.13960374300528233
BC23903,BC23903_C1,ENSG00000172757,0.023572839351814662,0.02914478744093405
BC23903,BC23903_C1,ENSG00000137154,0.19796467307203314,0.18674388305205436
BC23903,BC23903_C1,__ambiguous[ENSG00000185883+ENSG00000260272],0.08198023953789743,0.11890882019028895
BC23903,BC23903_C1,ENSG00000204592,0.25320860142678525,0.290497040785498
BC23903,BC23903_C1,ENSG00000083845,0.13367341174935105,0.15580978919731078
BC23903,BC23903_C1,ENSG00000231925,0.12789576117717005,0.13924052098083955
BC23903,BC23903_C1,ENSG00000206503,0.20185402158402488,0.2642050677204746
BC23903,BC23903_C1,ENSG00000108821,0.37674536520755414,0.4251423611434648
BC23903,BC23903_C1,ENSG00000135404,0.04272901978503682,0.06342396291760852
BC23903,BC23903_C1,__ambiguous[ENSG00000254772+ENSG00000255508],0.07141512097232389,0.05567615619208767
BC23903,BC23903_C1,ENSG00000142937,0.05922074891614097,0.058367267861500476
BC23903,BC23903_C1,ENSG00000167468,0.08292646918328689,0.1063911060471206
BC23903,BC23903_C1,ENSG00000149925,0.05640116843289024,0.08229051953663356
BC23903,BC23903_C1,ENSG00000160862,-0.12041692626554902,-0.170409953594563
BC23903,BC23903_C1,ENSG00000165949,-0.03265328807376776,-0.06363503850622436
BC23903,BC23903_C1,ENSG00000115457,-0.19224701486442916,-0.23660252827639922
BC23903,BC23903_C1,ENSG00000107223,0.08394171378912671,0.10203357485571696
BC23903,BC23903_C1,ENSG00000167658,0.01694257634960039,0.014933616793701624
BC23903,BC23903_C1,ENSG00000156482,0.008892046805462336,0.00828368492947033
BC23903,BC23903_C1,ENSG00000108639,0.06769076199389364,0.1104837254138072
BC23903,BC23903_C1,ENSG00000246705,0.047636763992653604,0.0382831904732296
BC23903,BC23903_C1,ENSG00000108679,0.09149923088071679,0.1242996991758427
BC23903,BC23903_C1,ENSG00000167995,0.27078637212917905,0.3390121482803478
BC23903,BC23903_C1,ENSG00000197958,0.05927014344532761,0.06973001962797311
BC23903,BC23903_C1,ENSG00000163191,0.0944942882218135,0.11280701936098977
BC23903,BC23903_C1,ENSG00000162244,0.10185825971463015,0.12407517510920547
BC23903,BC23903_C1,ENSG00000131469,0.006534694071271464,0.0265092677840228
BC23903,BC23903_C1,ENSG00000148303,-0.02054751475476959,-0.0038544864519883966
BC23903,BC23903_C1,ENSG00000185825,0.06683067431087505,0.07791537199877385
BC23903,BC23903_C1,ENSG00000224389,0.1780790677797779,0.20384904054339129
BC23903,BC23903_C1,ENSG00000144713,-0.06667546859778346,-0.0711511296083212
BC23903,BC23903_C1,ENSG00000185499,-0.05845947610509413,-0.08032545962186809
BC23903,BC23903_C1,ENSG00000174748,0.10903014617806124,0.10783749712256299
BC23903,BC23903_C1,ENSG00000106211,0.054676925331079665,0.03299984545501463
BC23903,BC23903_C1,ENSG00000198242,0.002998408368926497,-0.013796661143847776
BC23903,BC23903_C1,ENSG00000172531,0.10592915129894048,0.1254289551398323
BC23903,BC23903_C1,ENSG00000143947,0.18218752735385388,0.189976269930814
BC23903,BC23903_C1,__ambiguous[ENSG00000243678+ENSG00000011052],0.22642982990252225,0.2184195154257335
BC23903,BC23903_C1,ENSG00000145592,0.006987444346495742,0.025134389204452955
BC23903,BC23903_C1,ENSG00000106624,0.24975803073827404,0.29362974998086466
BC23903,BC23903_C1,ENSG00000166710,0.32678109262385135,0.3397159916001375
BC23903,BC23903_C1,ENSG00000117410,-0.12664435669892826,-0.13303966957755198
BC23903,BC23903_C1,ENSG00000152082,-0.00643541030704325,0.012421159005283022
BC23903,BC23903_C1,ENSG00000108344,0.1821929438485753,0.16806969062489924
BC23903,BC23903_C1,ENSG00000111057,-0.05541571842272422,-0.036534991629155966
BC23903,BC23903_C1,ENSG00000104904,0.14518498828691437,0.14981145326535975
BC23903,BC23903_C1,__ambiguous[ENSG00000185885+ENSG00000185201],0.055543053470233264,0.033451752692917947
BC23903,BC23903_C1,ENSG00000141741,0.11967684618616081,0.1298164023221178
BC23903,BC23903_C1,ENSG00000130208,0.12084816969619185,0.1347563113455679
BC23903,BC23903_C1,ENSG00000165215,0.059136523782649206,0.08811161165588426
BC23903,BC23903_C1,ENSG00000163220,0.044392366695622416,0.06264584995348842
BC23903,BC23903_C1,ENSG00000030582,0.026089669577630186,0.03454770885616557
BC23903,BC23903_C1,ENSG00000074800,-0.05228641283752576,-0.052276473149684345
BC23903,BC23903_C1,ENSG00000130303,0.1645596250677149,0.20181500598511476
BC23903,BC23903_C1,ENSG00000173372,0.19465033278323277,0.21995578190247622
BC23903,BC23903_C1,ENSG00000126267,0.013925686272798986,0.04612791653421456
BC23903,BC23903_C1,ENSG00000279483,0.09665928906786853,0.09327257284612925
BC23903,BC23903_C1,__ambiguous[ENSG00000257341+ENSG00000213145],-0.1800636732704006,-0.24247345715357763
BC23903,BC23903_C1,ENSG00000118181,0.11038184119478481,0.12704225865296714
BC23903,BC23903_C1,ENSG00000158710,0.19351833427906415,0.22927625270106838
BC23903,BC23903_C1,ENSG00000124664,0.040922416888698555,0.04696194452742199
BC23903,BC23903_C1,ENSG00000071553,0.1231443938978944,0.15623465194024505
BC23903,BC23903_C1,ENSG00000115884,0.05926959140711647,0.1358926062583919
BC23903,BC23903_C1,ENSG00000110651,0.06761927421667469,0.0840230393096857
BC23903,BC23903_C1,__ambiguous[ENSG00000124614+ENSG00000270800],0.0904078921588702,0.10779324847729463
BC23903,BC23903_C1,ENSG00000169100,-0.06458542459042574,-0.07101590676827346
BC23903,BC23903_C1,ENSG00000142669,0.035963964902643496,0.034852570767624894
BC23903,BC23903_C1,ENSG00000133112,0.16813109826720618,0.187173929224116
BC23903,BC23903_C1,ENSG00000150991,0.05080597445748271,0.0539512361652412
BC23903,BC23903_C1,ENSG00000071082,0.10701880835020981,0.13860546004191004
BC23903,BC23903_C1,ENSG00000178719,0.0709290349814522,0.10206076391077863
BC23903,BC23903_C1,ENSG00000117450,0.03726246633913508,0.03794426953997195
BC23903,BC23903_C1,ENSG00000092841,0.05479534495254735,0.025025653844739672
BC23903,BC23903_C1,ENSG00000070756,0.18410855749319782,0.2056079272658509
BC23903,BC23903_C1,ENSG00000141522,0.02087901278524756,0.049460162622079216
BC23903,BC23903_C1,ENSG00000105223,0.07836474339819585,0.08622356347809454
BC23903,BC23903_C1,ENSG00000163682,0.1904014833740654,0.20501610949953974
BC23903,BC23903_C1,ENSG00000102265,0.00247313436869925,-0.06765607024120682
BC23903,BC23903_C1,ENSG00000125534,0.03099774400301921,0.024134202867220032
BC23903,BC23903_C1,ENSG00000162511,0.19278888571928887,0.20769702979574867
BC23903,BC23903_C1,ENSG00000176340,0.08112396162856934,0.0855805116802237
BC23903,BC23903_C1,ENSG00000143774,0.09414492521335466,0.10037735188741188
BC23903,BC23903_C1,ENSG00000205542,0.25240738959112363,0.2332586958320722
BC23903,BC23903_C1,ENSG00000127540,0.013254202152773223,0.021360114495788646
BC23903,BC23903_C1,ENSG00000182809,-0.030012890465380273,-0.022921190687935227
BC23903,BC23903_C1,ENSG00000164733,0.12883242118063937,0.16187267490640697
BC23903,BC23903_C1,ENSG00000277972,-0.04077945363029431,-0.03236098059276948
BC23903,BC23903_C1,ENSG00000145425,0.13296031986090062,0.13760032229516356
BC23903,BC23903_C1,ENSG00000124614,0.12616215429379626,0.12353954408072658
BC23903,BC23903_C1,__ambiguous[ENSG00000277957+ENSG00000161960],0.10555080991211818,0.15190209709421726
BC23903,BC23903_C1,ENSG00000184897,-0.09385213804395955,-0.08615106619601046
BC23903,BC23903_C1,ENSG00000100219,0.06391553840640657,0.04754237648652534
BC23903,BC23903_C1,ENSG00000204287,0.2895147279043146,0.30686841958902217
BC23903,BC23903_C1,ENSG00000160789,0.04040158413715561,0.03820434851637827
BC23903,BC23903_C1,ENSG00000142089,-0.06486434334950572,-0.07729377318866314
BC23903,BC23903_C1,ENSG00000277791,0.10237191616696548,0.1193337360712591
BC23903,BC23903_C1,ENSG00000103363,0.11225876467086321,0.12659984248348471
BC23903,BC23903_C1,ENSG00000138326,0.1963964209124964,0.2287935612758525
BC23903,BC23903_C1,ENSG00000051523,0.07064672435613242,0.0822337025805452
BC23903,BC23903_C1,ENSG00000115414,0.4914655628463889,0.5577951682936467
BC23903,BC23903_C1,ENSG00000178952,-0.009170216579168774,5.908289769606038e-05
BC23903,BC23903_C1,ENSG00000058262,0.2132204767748174,0.2445459042066495
BC23903,BC23903_C1,ENSG00000111669,-0.09159398351115618,-0.1111203709045028
BC23903,BC23903_C1,ENSG00000187514,0.309336706279554,0.3358890461281838
BC23903,BC23903_C1,ENSG00000170315,0.1736781835762757,0.16938651057142232
BC23903,BC23903_C1,ENSG00000164919,0.15867297150112333,0.1699506100968594
BC23903,BC23903_C1,__ambiguous[ENSG00000273259+ENSG00000196136],-0.22540143460938128,-0.30408072033682065
BC23903,BC23903_C1,ENSG00000052344,0.10617736957140853,0.0936014448219241
BC23903,BC23903_C1,ENSG00000123349,0.12006489296325161,0.11930454274624419
BC23903,BC23903_C1,ENSG00000182492,0.21323030898452885,0.24852577897134515
BC23903,BC23903_C1,ENSG00000272196,0.22837804789900654,0.29780339323318544
BC23903,BC23903_C1,ENSG00000104529,0.06376211706320457,0.05350037098562107
BC23903,BC23903_C1,ENSG00000167815,-0.012240494110025216,-0.011187880862940688
BC23903,BC23903_C1,ENSG00000149591,0.24076141445559052,0.2562355466022079
BC23903,BC23903_C1,ENSG00000114353,0.15165437489053346,0.15558524419806558
BC23903,BC23903_C1,__ambiguous[ENSG00000219200+ENSG00000161939],0.05695473517237358,0.06520901579212836
BC23903,BC23903_C1,ENSG00000135480,0.10716905235859878,0.12137814715719193
BC23903,BC23903_C1,ENSG00000196924,0.05943120022902549,0.06220525877313803
BC23903,BC23903_C1,ENSG00000144426,-0.013630413720201642,-0.020407992517193524
BC23903,BC23903_C1,ENSG00000131748,0.07720875957291144,0.0856218355528477
BC23903,BC23903_C1,__ambiguous[ENSG00000262526+ENSG00000170296],7.249104302410477e-05,0.009529886400054189
BC23903,BC23903_C1,ENSG00000255823,0.5891268949086121,0.6252392201283211
BC23903,BC23903_C1,ENSG00000172354,0.09497746274653504,0.15337904882140313
BC23903,BC23903_C1,ENSG00000114867,0.03633425267075891,0.04845022503589577
BC23903,BC23903_C1,ENSG00000214530,-0.08005047015280663,-0.0632156186058788
BC23903,BC23903_C1,ENSG00000178980,0.04446421754094292,0.03178887274240217
BC23903,BC23903_C1,ENSG00000131143,-0.020966512812347987,0.012245693049244293
BC23903,BC23903_C1,ENSG00000104964,0.07025083975356514,0.059259942102892815
BC23903,BC23903_C1,ENSG00000182899,0.07911546273754792,0.11079789467111345
BC23903,BC23903_C1,ENSG00000169223,0.16341669566481906,0.20175713791303249
BC23903,BC23903_C1,ENSG00000188846,0.10150375865959703,0.10349664918657206
BC23903,BC23903_C1,ENSG00000008988,0.13726437200579036,0.15304282639204386
BC23903,BC23903_C1,ENSG00000126247,-0.01669865378863879,-0.001962836898273056
BC23903,BC23903_C1,ENSG00000145494,0.013055045662425505,0.00699881125923153
BC23903,BC23903_C1,ENSG00000087460,0.38207795221082685,0.3894961355628873
BC23903,BC23903_C1,ENSG00000160180,-0.06212395995077319,-0.085155300309869
BC23903,BC23903_C1,ENSG00000174886,0.02166355523737047,0.018092583945040073
BC23903,BC23903_C1,ENSG00000155366,0.130924743063684,0.09928553411855635
BC23903,BC23903_C1,ENSG00000269028,0.6218018619965716,0.6487770228429769
BC23903,BC23903_C1,ENSG00000164692,0.4178345571221127,0.4714823600301976
BC23903,BC23903_C1,ENSG00000114391,0.06502066926651164,0.05541019903792678
BC23903,BC23903_C1,ENSG00000251562,0.15254155349834092,0.13251869801694088
BC23903,BC23903_C1,ENSG00000173272,-0.0032356547354191498,-0.01174117502819782
BC23903,BC23903_C1,ENSG00000100300,0.04978678021471095,0.0640492883029502
BC23903,BC23903_C1,ENSG00000026025,0.32241061731168535,0.33181555926727885
BC23903,BC23903_C1,ENSG00000163479,0.08596089488468074,0.08387689326023828
BC23903,BC23903_C1,ENSG00000171222,-0.025690549319439107,-0.035855364699274854
BC23903,BC23903_C1,ENSG00000135390,0.06715762651584381,0.06206696929626342
BC23903,BC23903_C1,ENSG00000170421,0.10137670883155335,0.09132774285637996
BC23903,BC23903_C1,ENSG00000187608,-0.07691184712428385,-0.14883468857129753
BC23903,BC23903_C1,__ambiguous[ENSG00000241343+ENSG00000257529],0.15914395462937236,0.20112823383517858
BC23903,BC23903_C1,ENSG00000142949,0.28510108763717507,0.3388807507203154
BC23903,BC23903_C1,ENSG00000163399,0.30511274941493194,0.3392747898179818
BC23903,BC23903_C1,ENSG00000173369,0.0917468814394442,0.11284202144922628
BC23903,BC23903_C1,ENSG00000130725,0.0793021446611705,0.08143175215090562
BC23903,BC23903_C1,ENSG00000186010,-0.018120755472893456,-0.016736998346457446
BC23903,BC23903_C1,ENSG00000197956,-0.04649720183056683,-0.04909351845954706
BC23903,BC23903_C1,ENSG00000213988,0.0633137668733455,0.07413228981394826
BC23903,BC23903_C1,ENSG00000125730,0.44563076470974183,0.46858889979820617
BC23903,BC23903_C1,ENSG00000174444,0.06675008214927193,0.031449980090125666
BC23903,BC23903_C1,ENSG00000011304,0.025136528760006945,0.014341276725303333
BC23903,BC23903_C1,ENSG00000161960,0.09282420355379735,0.10180885553898032
BC23903,BC23903_C1,ENSG00000177700,-0.00286072590053618,0.025628584061892903
BC23903,BC23903_C1,ENSG00000147684,0.031784887487312834,0.0203776529521503
BC23903,BC23903_C1,ENSG00000125970,0.152676571790586,0.20068423052716314
BC23903,BC23903_C1,ENSG00000140990,0.02361806175686177,0.024839780010797
BC23903,BC23903_C1,ENSG00000173801,0.09803705115838118,0.1198090697247933
BC23903,BC23903_C1,ENSG00000143420,0.08361406853625154,0.06708956980130655
BC23903,BC23903_C1,ENSG00000124172,0.24904020527706444,0.264438532938789
BC23903,BC23903_C1,ENSG00000186468,0.11897175978304932,0.13227916224548344
BC23903,BC23903_C1,ENSG00000196576,0.18019769361357194,0.2136513442701211
BC23903,BC23903_C1,ENSG00000142173,0.20571081641159963,0.2076137415389933
BC23903,BC23903_C1,ENSG00000025708,0.03311309839348464,0.02939869859696778
BC23903,BC23903_C1,ENSG00000172270,0.04749397643578907,0.06304671766848581
BC23903,BC23903_C1,ENSG00000147604,0.11929147063045144,0.15565951769366992
BC23903,BC23903_C1,ENSG00000168528,0.08044281793634611,0.09919952256981333
BC23903,BC23903_C1,ENSG00000160932,0.12226768126766151,0.10902731036718732
BC23903,BC23903_C1,ENSG00000143546,-0.01866055198201186,-0.023066870078657833
BC23903,BC23903_C1,ENSG00000266402,-0.012810169552332438,0.00998797274571742
BC23903,BC23903_C1,ENSG00000132475,0.18424730043411244,0.20152287068738214
BC23903,BC23903_C1,ENSG00000196405,-0.03860024744673015,-0.03320033816208654
BC23903,BC23903_C1,ENSG00000109475,0.13078896717124694,0.1354852557491138
BC23903,BC23903_C1,ENSG00000135940,0.08697750895350374,0.08298749463598926
BC23903,BC23903_C1,ENSG00000096384,0.21663116874356741,0.21732444688109287
BC23903,BC23903_C1,ENSG00000132507,0.08768420358992403,0.10416409962404577
BC23903,BC23903_C1,ENSG00000171863,0.11509548723879978,0.1330222496975334
BC23903,BC23903_C1,ENSG00000106153,0.2344011947931411,0.25068895259830476
BC23903,BC23903_C2,ENSG00000034510,0.1928909323733485,0.24037829713997985
BC23903,BC23903_C2,ENSG00000171345,0.3015202599153546,0.366015849331998
BC23903,BC23903_C2,ENSG00000111640,0.13895469754882292,0.16591679075044746
BC23903,BC23903_C2,ENSG00000137818,0.24909925827411636,0.25453395151462715
BC23903,BC23903_C2,ENSG00000254709,0.4243225323320027,0.45295232499788807
BC23903,BC23903_C2,ENSG00000164587,0.3165558341369253,0.31522373444389135
BC23903,BC23903_C2,ENSG00000177600,0.27979148798599035,0.307860756367795
BC23903,BC23903_C2,ENSG00000231500,0.2068459120419133,0.19747476783465803
BC23903,BC23903_C2,ENSG00000108298,0.016525655029773868,-0.01228462095817927
BC23903,BC23903_C2,ENSG00000075624,0.0312638885798124,0.02428773373172472
BC23903,BC23903_C2,ENSG00000108107,0.3120555905721793,0.30385098345826983
BC23903,BC23903_C2,ENSG00000197756,0.09540035418174266,0.12068371823380195
BC23903,BC23903_C2,ENSG00000161016,0.0666440501614605,0.04600343133677358
BC23903,BC23903_C2,ENSG00000105372,0.2450443655688968,0.22973486561210069
BC23903,BC23903_C2,ENSG00000141736,0.30036690157706547,0.34969411335197903
BC23903,BC23903_C2,ENSG00000087086,0.19583918622553817,0.21818369596289272
BC23903,BC23903_C2,__ambiguous[ENSG00000251357+ENSG00000240972],0.15455412332104634,0.14332101875602846
BC23903,BC23903_C2,ENSG00000108518,0.046305582240040936,0.043837762273276105
BC23903,BC23903_C2,ENSG00000130255,0.34586907245714826,0.3329492273917373
BC23903,BC23903_C2,ENSG00000167526,0.33221358552803265,0.3002756622753821
BC23903,BC23903_C2,ENSG00000136942,0.3120897945826276,0.2948512246017081
BC23903,BC23903_C2,ENSG00000063177,0.003281437756670059,-0.010558469385048692
BC23903,BC23903_C2,ENSG00000117984,-0.034926892556790955,-0.05801186122587329
BC23903,BC23903_C2,ENSG00000180879,0.24937249615980547,0.281222937026464
BC23903,BC23903_C2,ENSG00000197746,0.12133136747259891,0.1575796191898745
BC23903,BC23903_C2,ENSG00000149273,-0.006826953378867563,-0.017377196853309847
BC23903,BC23903_C2,ENSG00000140264,0.05043606906122384,0.04901478086951697
BC23903,BC23903_C2,ENSG00000105193,0.17018370973769614,0.19079906679094022
BC23903,BC23903_C2,ENSG00000204628,0.19788781794652685,0.19376757702567265
BC23903,BC23903_C2,ENSG00000221983,0.13171499360895778,0.12222308047307598
BC23903,BC23903_C2,ENSG00000179218,0.25739537738040674,0.3074359634338351
BC23903,BC23903_C2,ENSG00000130203,0.10327686972516593,0.1471031052008296
BC23903,BC23903_C2,ENSG00000109062,0.11714181372761928,0.19532894971683404
BC23903,BC23903_C2,ENSG00000185624,0.12425877496376075,0.17829829280261544
BC23903,BC23903_C2,ENSG00000234745,0.1887480472632449,0.1934797603523581
BC23903,BC23903_C2,ENSG00000142534,0.20432668386243172,0.23959132785923373
BC23903,BC23903_C2,ENSG00000166441,0.2807790332941832,0.28760405556691737
BC23903,BC23903_C2,ENSG00000142541,0.25523671792131414,0.26123045562884234
BC23903,BC23903_C2,ENSG00000140988,0.10439320078139763,0.12902355313971772
BC23903,BC23903_C2,ENSG00000089157,0.11314190743828574,0.11218534555930468
BC23903,BC23903_C2,ENSG00000147403,0.09920551308683197,0.0743307806422414
BC23903,BC23903_C2,ENSG00000167996,0.12868234494066033,0.1389778623041675
BC23903,BC23903_C2,ENSG00000115268,0.17690224020098133,0.1619814895678875
BC23903,BC23903_C2,ENSG00000171858,0.04172580363095783,0.03811067434009882
BC23903,BC23903_C2,ENSG00000111341,-0.16998352753129328,-0.2444015479949691
BC23903,BC23903_C2,ENSG00000105640,0.28337277987022297,0.2799621873505491
BC23903,BC23903_C2,ENSG00000112306,0.09446939919934576,0.09063838380513639
BC23903,BC23903_C2,ENSG00000233927,0.052881640556080474,0.012478390020242838
BC23903,BC23903_C2,ENSG00000198034,0.13168201146788022,0.11215618359650387
BC23903,BC23903_C2,ENSG00000182774,0.09326174691820244,0.1331507090185679
BC23903,BC23903_C2,ENSG00000213741,0.21629583656085738,0.2374209964612224
BC23903,BC23903_C2,ENSG00000142676,0.11005200360060127,0.16002219457061911
BC23903,BC23903_C2,ENSG00000149806,0.05548680448823123,0.05457314200610446
BC23903,BC23903_C2,ENSG00000101439,0.28454945314762925,0.3035645257336097
BC23903,BC23903_C2,ENSG00000169710,0.27976362403889315,0.29804340770764365
BC23903,BC23903_C2,ENSG00000177954,0.05830354988260624,0.04211519951257106
BC23903,BC23903_C2,ENSG00000019582,0.29185509199681203,0.28119470288608384
BC23903,BC23903_C2,ENSG00000172809,0.05411095222628918,0.031154379025857732
BC23903,BC23903_C2,ENSG00000204525,0.13403419636866004,0.15217140873229656
BC23903,BC23903_C2,ENSG00000125691,0.051242092147171105,0.07799232098816603
BC23903,BC23903_C2,ENSG00000170889,0.16652586000613953,0.1713973868337994
BC23903,BC23903_C2,ENSG00000184009,0.418426897551139,0.44571350522185144
BC23903,BC23903_C2,ENSG00000100316,0.1305445046116831,0.12560013056325983
BC23903,BC23903_C2,ENSG00000172757,0.009031971212561019,0.018753941444193803
BC23903,BC23903_C2,ENSG00000137154,0.10682133101878183,0.12688043369003482
BC23903,BC23903_C2,__ambiguous[ENSG00000185883+ENSG00000260272],0.08572501171727466,0.11697746634717343
BC23903,BC23903_C2,ENSG00000204592,0.18457975759402878,0.22859458858320467
BC23903,BC23903_C2,ENSG00000083845,0.21046570968824443,0.19860876062081773
BC23903,BC23903_C2,ENSG00000231925,0.08825138011850896,0.1005354096510347
BC23903,BC23903_C2,ENSG00000206503,0.21306624777075137,0.24782825671975928
BC23903,BC23903_C2,ENSG00000108821,0.33052439731305877,0.3603564537187079
BC23903,BC23903_C2,ENSG00000135404,0.04027198619207636,0.03486082002610786
BC23903,BC23903_C2,__ambiguous[ENSG00000254772+ENSG00000255508],0.11642658793259332,0.09843820438612876
BC23903,BC23903_C2,ENSG00000142937,0.05015303321725426,0.05938154353624748
BC23903,BC23903_C2,ENSG00000167468,0.13786810050476794,0.1403320165257833
BC23903,BC23903_C2,ENSG00000149925,0.10374977324773046,0.12036694632353073
BC23903,BC23903_C2,ENSG00000160862,-0.044576258039531746,-0.06881037850589244
BC23903,BC23903_C2,ENSG00000165949,-0.1907373139318664,-0.2518742259242345
BC23903,BC23903_C2,ENSG00000115457,-0.17264130614739293,-0.2196483615142354
BC23903,BC23903_C2,ENSG00000107223,0.04866199844066344,0.07016210039383133
BC23903,BC23903_C2,ENSG00000167658,-0.00402851695463008,0.015050355393420372
BC23903,BC23903_C2,ENSG00000156482,0.02069817008831328,0.00560048925897527
BC23903,BC23903_C2,ENSG00000108639,0.12881812249049984,0.15844809492068956
BC23903,BC23903_C2,ENSG00000246705,-0.0070044764775135685,-0.030476004757959772
BC23903,BC23903_C2,ENSG00000108679,0.17946194184183822,0.22428103165194513
BC23903,BC23903_C2,ENSG00000167995,0.37764631046810593,0.45365881982346473
BC23903,BC23903_C2,ENSG00000197958,0.07991168321553588,0.07793033434654409
BC23903,BC23903_C2,ENSG00000163191,0.19663007443596023,0.2337705017876867
BC23903,BC23903_C2,ENSG00000162244,0.12346048120436637,0.1079466186830702
BC23903,BC23903_C2,ENSG00000131469,-0.0007135670338187855,-0.019526595683839174
BC23903,BC23903_C2,ENSG00000148303,0.004601931144800112,0.016605273369836165
BC23903,BC23903_C2,ENSG00000185825,0.04273236374888302,0.043691235491489365
BC23903,BC23903_C2,ENSG00000224389,0.1615322029980994,0.21920126760830286
BC23903,BC23903_C2,ENSG00000144713,0.1110366009426667,0.11909946728856381
BC23903,BC23903_C2,ENSG00000185499,0.0400425119795727,0.029386332622180565
BC23903,BC23903_C2,ENSG00000174748,0.10712410681120105,0.12120214840602932
BC23903,BC23903_C2,ENSG00000106211,0.15662733752307978,0.1292108204078279
BC23903,BC23903_C2,ENSG00000198242,0.041131946366157295,0.04493058647097539
BC23903,BC23903_C2,ENSG00000172531,0.1505129633769253,0.19125680339343293
BC23903,BC23903_C2,ENSG00000143947,0.133346657143693,0.16442375088175312
BC23903,BC23903_C2,__ambiguous[ENSG00000243678+ENSG00000011052],0.042617006165258785,0.06153207377883407
BC23903,BC23903_C2,ENSG00000145592,0.13731587605048187,0.14710509313904493
BC23903,BC23903_C2,ENSG00000106624,0.3091258769835422,0.3429863477268327
BC23903,BC23903_C2,ENSG00000166710,0.2870398562200205,0.27182975582287994
BC23903,BC23903_C2,ENSG00000117410,-0.10895402482331012,-0.13613671378277464
BC23903,BC23903_C2,ENSG00000152082,-0.012348002442418989,0.02163650397288502
BC23903,BC23903_C2,ENSG00000108344,0.28049766409479954,0.27975383938725074
BC23903,BC23903_C2,ENSG00000111057,0.11920545955500766,0.16928551918524054
BC23903,BC23903_C2,ENSG00000104904,0.10053150390643877,0.11563547654342668
BC23903,BC23903_C2,__ambiguous[ENSG00000185885+ENSG00000185201],-0.04446130955820678,-0.057342650723856456
BC23903,BC23903_C2,ENSG00000141741,0.20589108765743286,0.21031708751713077
BC23903,BC23903_C2,ENSG00000130208,0.11648555209989334,0.12684932543295166
BC23903,BC23903_C2,ENSG00000165215,0.06999411840134408,0.10369535426418662
BC23903,BC23903_C2,ENSG00000163220,0.07131370061810988,0.08175346481459544
BC23903,BC23903_C2,ENSG00000030582,-0.031103088341184387,-0.01039144804626623
BC23903,BC23903_C2,ENSG00000074800,-0.033187955242574826,0.0025651144844907416
BC23903,BC23903_C2,ENSG00000130303,-0.04194344495707578,-0.046891498246781495
BC23903,BC23903_C2,ENSG00000173372,0.22430463979982612,0.2709104863841006
BC23903,BC23903_C2,ENSG00000126267,-0.03838754789020376,-0.024985310847116762
BC23903,BC23903_C2,ENSG00000279483,0.12153879173580279,0.11901056754137608
BC23903,BC23903_C2,__ambiguous[ENSG00000257341+ENSG00000213145],-0.2609692985869216,-0.3208186898079471
BC23903,BC23903_C2,ENSG00000118181,0.1541691055426896,0.1514346769316571
BC23903,BC23903_C2,ENSG00000158710,0.33823419234227065,0.3643712988489113
BC23903,BC23903_C2,ENSG00000124664,0.0592702013684914,0.08625340855847666
BC23903,BC23903_C2,ENSG00000071553,0.10054907548489332,0.14164535708767045
BC23903,BC23903_C2,ENSG00000115884,0.11117204313435207,0.1773077338516912
BC23903,BC23903_C2,ENSG00000110651,0.1521139281516646,0.14885141994299578
BC23903,BC23903_C2,__ambiguous[ENSG00000124614+ENSG00000270800],0.09631055189374958,0.0806943815677749
BC23903,BC23903_C2,ENSG00000169100,-0.030718197275644288,-0.05827611568726811
BC23903,BC23903_C2,ENSG00000142669,0.011972117632396504,-0.003175755123105116
BC23903,BC23903_C2,ENSG00000133112,0.25482093751027046,0.2509597107849596
BC23903,BC23903_C2,ENSG00000150991,0.11160325825767152,0.11184088537793771
BC23903,BC23903_C2,ENSG00000071082,0.09998821804929997,0.14079876132871944
BC23903,BC23903_C2,ENSG00000178719,0.1409647762672306,0.17652504806246072
BC23903,BC23903_C2,ENSG00000117450,0.2461360425103583,0.2889894947177881
BC23903,BC23903_C2,ENSG00000092841,-0.010471265080310255,-0.04312995570621775
BC23903,BC23903_C2,ENSG00000070756,0.16271728222941156,0.20125208597484753
BC23903,BC23903_C2,ENSG00000141522,0.037205925146565046,0.029742097675636202
BC23903,BC23903_C2,ENSG00000105223,0.027712554200043628,0.03919742412523357
BC23903,BC23903_C2,ENSG00000163682,0.12535747100983188,0.11952595215007651
BC23903,BC23903_C2,ENSG00000102265,0.18455312679819424,0.11768599075354255
BC23903,BC23903_C2,ENSG00000125534,-0.06534241847377756,-0.08433676386944468
BC23903,BC23903_C2,ENSG00000162511,0.2979433537403278,0.30567904524592554
BC23903,BC23903_C2,ENSG00000176340,0.038445233760094885,0.02341599650324805
BC23903,BC23903_C2,ENSG00000143774,0.09019677595743024,0.1205042006173964
BC23903,BC23903_C2,ENSG00000205542,0.25636868801351637,0.27968032826625705
BC23903,BC23903_C2,ENSG00000127540,0.023821572105135462,0.047912000245895175
BC23903,BC23903_C2,ENSG00000182809,0.1125800411616142,0.1294986187382941
BC23903,BC23903_C2,ENSG00000164733,0.18258776129062831,0.19828879082177403
BC23903,BC23903_C2,ENSG00000277972,-0.014364621382061227,-0.003480250257889464
BC23903,BC23903_C2,ENSG00000145425,0.16024727991437565,0.180462593654946
BC23903,BC23903_C2,ENSG00000124614,0.1785649404647951,0.16720937609924783
BC23903,BC23903_C2,__ambiguous[ENSG00000277957+ENSG00000161960],0.1279653878934628,0.1400266970579517
BC23903,BC23903_C2,ENSG00000184897,-0.024054749509653636,-0.03229858394297669
BC23903,BC23903_C2,ENSG00000100219,0.21728624956302892,0.18430154405353177
BC23903,BC23903_C2,ENSG00000204287,0.1717193679538735,0.1832852091084677
BC23903,BC23903_C2,ENSG00000160789,0.009434741636083413,0.029001940554509605
BC23903,BC23903_C2,ENSG00000142089,-0.02982817132931471,-0.058506792167627816
BC23903,BC23903_C2,ENSG00000277791,0.07806156223568309,0.10346746641209632
BC23903,BC23903_C2,ENSG00000103363,-0.04464695417262149,-0.04789334597618544
BC23903,BC23903_C2,ENSG00000138326,0.09556317957046515,0.11056467619550164
BC23903,BC23903_C2,ENSG00000051523,0.14186113099306855,0.1544060505197896
BC23903,BC23903_C2,ENSG00000115414,0.49139215939822145,0.5328796471056051
BC23903,BC23903_C2,ENSG00000178952,0.05294919780929669,0.0781164900747838
BC23903,BC23903_C2,ENSG00000058262,0.14360307589481047,0.15472924469077556
BC23903,BC23903_C2,ENSG00000111669,-0.12636903478665748,-0.13689934530334394
BC23903,BC23903_C2,ENSG00000187514,0.34283039700184403,0.3579541469265103
BC23903,BC23903_C2,ENSG00000170315,0.12323494242932881,0.10702182731330641
BC23903,BC23903_C2,ENSG00000164919,0.17137806264766947,0.17428521265437774
BC23903,BC23903_C2,__ambiguous[ENSG00000273259+ENSG00000196136],-0.27289557995013464,-0.352307110787354
BC23903,BC23903_C2,ENSG00000052344,0.175640203039982,0.21621925550214452
BC23903,BC23903_C2,ENSG00000123349,0.05349176898889402,0.05225022711265814
BC23903,BC23903_C2,ENSG00000182492,0.19373047936380125,0.15086499532148814
BC23903,BC23903_C2,ENSG00000272196,0.28297378857849625,0.36390126994275757
BC23903,BC23903_C2,ENSG00000104529,0.06209795693065235,0.07822432545864988
BC23903,BC23903_C2,ENSG00000167815,0.04018807582028738,0.053082088114082986
BC23903,BC23903_C2,ENSG00000149591,0.3638815860425127,0.339256780523969
BC23903,BC23903_C2,ENSG00000114353,0.03499508387311992,0.035563321911697934
BC23903,BC23903_C2,__ambiguous[ENSG00000219200+ENSG00000161939],0.022284357580704232,0.027880149919586997
BC23903,BC23903_C2,ENSG00000135480,0.10216019353970308,0.11307511542223528
BC23903,BC23903_C2,ENSG00000196924,-0.021562234013652346,-0.045057896498128844
BC23903,BC23903_C2,ENSG00000144426,0.06458871036933748,0.04707447445198366
BC23903,BC23903_C2,ENSG00000131748,0.12921675943422217,0.15952471724648878
BC23903,BC23903_C2,__ambiguous[ENSG00000262526+ENSG00000170296],0.10631633576161646,0.13614740829820135
BC23903,BC23903_C2,ENSG00000255823,0.549868749469936,0.5739205935795341
BC23903,BC23903_C2,ENSG00000172354,0.07771155376709388,0.07123368903446974
BC23903,BC23903_C2,ENSG00000114867,0.16327049708291297,0.219112004936095
BC23903,BC23903_C2,ENSG00000214530,0.018548949221112797,0.03606377216796127
BC23903,BC23903_C2,ENSG00000178980,-0.0041222587828116716,0.003712966967649532
BC23903,BC23903_C2,ENSG00000131143,0.02869107159973129,0.036471474233914614
BC23903,BC23903_C2,ENSG00000104964,0.0789787378751569,0.06420676307714128
BC23903,BC23903_C2,ENSG00000182899,0.036520002977376904,0.05492178857567091
BC23903,BC23903_C2,ENSG00000169223,0.20385755580067422,0.2947461027152039
BC23903,BC23903_C2,ENSG00000188846,0.01823395258088209,0.018451960329453464
BC23903,BC23903_C2,ENSG00000008988,0.017940265415322922,0.03641284798339117
BC23903,BC23903_C2,ENSG00000126247,0.05766124031821545,0.02849771690921736
BC23903,BC23903_C2,ENSG00000145494,0.10080195159698876,0.12293839786060616
BC23903,BC23903_C2,ENSG00000087460,0.47462128539665405,0.4684278034895784
BC23903,BC23903_C2,ENSG00000160180,-0.03332217575808953,-0.05282286344529919
BC23903,BC23903_C2,ENSG00000174886,-0.03329960489499985,-0.051295929756057644
BC23903,BC23903_C2,ENSG00000155366,0.06205271182968031,0.09639451786033737
BC23903,BC23903_C2,ENSG00000269028,0.6252301209635456,0.6359836301517129
BC23903,BC23903_C2,ENSG00000164692,0.47901843144326,0.5074686797153825
BC23903,BC23903_C2,ENSG00000114391,0.0477310234759884,0.042465521910975704
BC23903,BC23903_C2,ENSG00000251562,0.2963611479173916,0.27787456118124343
BC23903,BC23903_C2,ENSG00000173272,0.03788836960280414,0.04731584598829826
BC23903,BC23903_C2,ENSG00000100300,0.0422767388251644,0.058397444485610274
BC23903,BC23903_C2,ENSG00000026025,0.31775299068566637,0.32861344139772397
BC23903,BC23903_C2,ENSG00000163479,0.19171896879635195,0.19817676914330898
BC23903,BC23903_C2,ENSG00000171222,0.020176986609666506,0.0181025442850118
BC23903,BC23903_C2,ENSG00000135390,-0.07092408290750206,-0.0545529942203149
BC23903,BC23903_C2,ENSG00000170421,0.21066081107283288,0.20083295467506498
BC23903,BC23903_C2,ENSG00000187608,-0.14961152319959004,-0.21792426532790116
BC23903,BC23903_C2,__ambiguous[ENSG00000241343+ENSG00000257529],0.1540176060587792,0.16859139725838188
BC23903,BC23903_C2,ENSG00000142949,0.1918484903887394,0.2530564859574271
BC23903,BC23903_C2,ENSG00000163399,0.30905995189471364,0.3451889638100028
BC23903,BC23903_C2,ENSG00000173369,0.22948970426052887,0.22763741572756088
BC23903,BC23903_C2,ENSG00000130725,0.05448600001064828,0.08054912750929262
BC23903,BC23903_C2,ENSG00000186010,0.02885266641755005,0.03554208798661132
BC23903,BC23903_C2,ENSG00000197956,-0.011336665836302932,0.004042417050040628
BC23903,BC23903_C2,ENSG00000213988,0.0853684922178071,0.10731566813251922
BC23903,BC23903_C2,ENSG00000125730,0.42249576327961497,0.4222794524346394
BC23903,BC23903_C2,ENSG00000174444,0.026850176614044874,0.028858016405706854
BC23903,BC23903_C2,ENSG00000011304,0.047731045490215354,0.06131991993415165
BC23903,BC23903_C2,ENSG00000161960,0.10451564735622278,0.11288010815892661
BC23903,BC23903_C2,ENSG00000177700,0.03784129695966167,0.06371335513278933
BC23903,BC23903_C2,ENSG00000147684,0.0922455382876875,0.09137978495876316
BC23903,BC23903_C2,ENSG00000125970,0.12222893149990477,0.15453611736853357
BC23903,BC23903_C2,ENSG00000140990,0.0020993414217828385,-0.0037390993565534995
BC23903,BC23903_C2,ENSG00000173801,0.25172350655958675,0.2552740517755165
BC23903,BC23903_C2,ENSG00000143420,0.036901313158027436,0.08742440073733765
BC23903,BC23903_C2,ENSG00000124172,0.216123227761474,0.22880232376184154
BC23903,BC23903_C2,ENSG00000186468,0.18896009510170092,0.19311353352458563
BC23903,BC23903_C2,ENSG00000196576,0.2049511078855404,0.2234159640132358
BC23903,BC23903_C2,ENSG00000142173,0.19534981240121188,0.1930636463863217
BC23903,BC23903_C2,ENSG00000025708,0.09076366621714452,0.08310025455919136
BC23903,BC23903_C2,ENSG00000172270,-0.0026431015902845367,-0.002931729258855049
BC23903,BC23903_C2,ENSG00000147604,0.056300783879324134,0.10034533655944564
BC23903,BC23903_C2,ENSG00000168528,0.06587849332603976,0.05754537686709735
BC23903,BC23903_C2,ENSG00000160932,0.09454475444515271,0.06878397892053875
BC23903,BC23903_C2,ENSG00000143546,0.09055141961544097,0.0780775814904079
BC23903,BC23903_C2,ENSG00000266402,-0.04228893694003036,-0.031179956395245897
BC23903,BC23903_C2,ENSG00000132475,0.23864882439697419,0.2638966200436058
BC23903,BC23903_C2,ENSG00000196405,0.010274241609225247,0.0007756021511875142
BC23903,BC23903_C2,ENSG00000109475,0.10539642201303721,0.10947396338999045
BC23903,BC23903_C2,ENSG00000135940,0.10397492562449494,0.09352784964473611
BC23903,BC23903_C2,ENSG00000096384,0.3498660395217737,0.3518592713822176
BC23903,BC23903_C2,ENSG00000132507,0.034974699000942834,0.07029332639110608
BC23903,BC23903_C2,ENSG00000171863,0.1622828451539823,0.19810040407552632
BC23903,BC23903_C2,ENSG00000106153,0.30604630570848895,0.3172019212958024
BC23903,BC23903_D1,ENSG00000034510,0.04711957128800095,0.09743114043514228
BC23903,BC23903_D1,ENSG00000171345,0.15526699296841745,0.19663534654119835
BC23903,BC23903_D1,ENSG00000111640,0.23451856170210347,0.23778182582881915
BC23903,BC23903_D1,ENSG00000137818,0.2656573136705328,0.2629651899464811
BC23903,BC23903_D1,ENSG00000254709,0.3652838259194318,0.3770412303413753
BC23903,BC23903_D1,ENSG00000164587,0.21860223861124906,0.20018356565177542
BC23903,BC23903_D1,ENSG00000177600,0.24446407043042137,0.2589043684711663
BC23903,BC23903_D1,ENSG00000231500,0.21354310261930406,0.19282670371882984
BC23903,BC23903_D1,ENSG00000108298,0.10253299265400066,0.12730454689941145
BC23903,BC23903_D1,ENSG00000075624,0.14173399925001773,0.15328073641870282
BC23903,BC23903_D1,ENSG00000108107,0.34488153919709214,0.31731054969155315
BC23903,BC23903_D1,ENSG00000197756,0.1856464750859081,0.1704484720703549
BC23903,BC23903_D1,ENSG00000161016,0.08071095336118879,0.0851782338332727
BC23903,BC23903_D1,ENSG00000105372,0.21789660858491774,0.18411983092408368
BC23903,BC23903_D1,ENSG00000141736,0.29332607188832804,0.3188123325289235
BC23903,BC23903_D1,ENSG00000087086,0.1305017052476819,0.15893746930432204
BC23903,BC23903_D1,__ambiguous[ENSG00000251357+ENSG00000240972],0.08663874605351993,0.07287120093249316
BC23903,BC23903_D1,ENSG00000108518,0.116775430490181,0.1269151958109762
BC23903,BC23903_D1,ENSG00000130255,0.18365250122574553,0.18409676388602553
BC23903,BC23903_D1,ENSG00000167526,0.19313039176242291,0.17552435441195893
BC23903,BC23903_D1,ENSG00000136942,0.23223264773297086,0.2185751778694093
BC23903,BC23903_D1,ENSG00000063177,0.10225931763340819,0.09118544122745831
BC23903,BC23903_D1,ENSG00000117984,-0.015451283514994188,0.02847830960849646
BC23903,BC23903_D1,ENSG00000180879,0.16963271364406013,0.18826336740908722
BC23903,BC23903_D1,ENSG00000197746,0.11686337595041295,0.15633810691487984
BC23903,BC23903_D1,ENSG00000149273,0.04301029927943538,0.028048806759890837
BC23903,BC23903_D1,ENSG00000140264,0.16685445847628438,0.1806125091869414
BC23903,BC23903_D1,ENSG00000105193,0.09221025377608595,0.07099179478437827
BC23903,BC23903_D1,ENSG00000204628,0.15518595212396916,0.1589115700983264
BC23903,BC23903_D1,ENSG00000221983,0.17032309351894073,0.11645438251475837
BC23903,BC23903_D1,ENSG00000179218,0.23712579177658746,0.2943666033077078
BC23903,BC23903_D1,ENSG00000130203,0.1503416766006173,0.18466051450206053
BC23903,BC23903_D1,ENSG00000109062,0.17340994807480845,0.25576571967464196
BC23903,BC23903_D1,ENSG00000185624,0.2641311701225431,0.2993087123420153
BC23903,BC23903_D1,ENSG00000234745,0.1078758603395211,0.12414314234076501
BC23903,BC23903_D1,ENSG00000142534,0.12135326068932016,0.10044366556622887
BC23903,BC23903_D1,ENSG00000166441,0.10070020410009894,0.07832177286559228
BC23903,BC23903_D1,ENSG00000142541,0.11321019772573747,0.10000527926580662
BC23903,BC23903_D1,ENSG00000140988,0.05395383949959384,0.02968093935658218
BC23903,BC23903_D1,ENSG00000089157,0.11377492790203876,0.11652617994685563
BC23903,BC23903_D1,ENSG00000147403,0.10792217187472278,0.0748488203102127
BC23903,BC23903_D1,ENSG00000167996,0.027219767498575693,0.05015038376236263
BC23903,BC23903_D1,ENSG00000115268,0.14184360011811822,0.11688831827021513
BC23903,BC23903_D1,ENSG00000171858,0.03493856561571258,0.06368014310237309
BC23903,BC23903_D1,ENSG00000111341,-0.13093475095332774,-0.18878927534494994
BC23903,BC23903_D1,ENSG00000105640,0.0934698886417603,0.07795969645951939
BC23903,BC23903_D1,ENSG00000112306,0.27113006067525286,0.2790825447398655
BC23903,BC23903_D1,ENSG00000233927,0.12791638476107214,0.08383998282719793
BC23903,BC23903_D1,ENSG00000198034,0.12584662955871342,0.1026537115383001
BC23903,BC23903_D1,ENSG00000182774,0.11987251513868302,0.13622473362910786
BC23903,BC23903_D1,ENSG00000213741,0.22686814161630817,0.2582620261634842
BC23903,BC23903_D1,ENSG00000142676,0.154073533063562,0.11870903874854216
BC23903,BC23903_D1,ENSG00000149806,0.10630184496122212,0.06380218357515811
BC23903,BC23903_D1,ENSG00000101439,0.24674403879541068,0.2927356688696452
BC23903,BC23903_D1,ENSG00000169710,0.21400149841212066,0.23426368742576695
BC23903,BC23903_D1,ENSG00000177954,0.14465585850234966,0.13299412663458748
BC23903,BC23903_D1,ENSG00000019582,0.2945549624378148,0.28190326229551926
BC23903,BC23903_D1,ENSG00000172809,0.017113715482570086,0.02379971689108994
BC23903,BC23903_D1,ENSG00000204525,0.07282699890566725,0.09676455414091462
BC23903,BC23903_D1,ENSG00000125691,-0.021360617061832503,0.02162521705621242
BC23903,BC23903_D1,ENSG00000170889,0.15697724303314659,0.14052494438370555
BC23903,BC23903_D1,ENSG00000184009,0.34235832187473864,0.3428868935164142
BC23903,BC23903_D1,ENSG00000100316,0.11531540162785643,0.11344671386932373
BC23903,BC23903_D1,ENSG00000172757,0.009087328502292621,-0.003403085986528795
BC23903,BC23903_D1,ENSG00000137154,0.1567466838163213,0.16483983770542138
BC23903,BC23903_D1,__ambiguous[ENSG00000185883+ENSG00000260272],0.10671289147821288,0.14286687602228595
BC23903,BC23903_D1,ENSG00000204592,0.14127595730401155,0.18181096401825694
BC23903,BC23903_D1,ENSG00000083845,0.07306105627766842,0.06787533615447235
BC23903,BC23903_D1,ENSG00000231925,0.11382035376215464,0.1377573988079641
BC23903,BC23903_D1,ENSG00000206503,0.22888137594343438,0.2633728099785351
BC23903,BC23903_D1,ENSG00000108821,0.28342727508935384,0.3219129460661806
BC23903,BC23903_D1,ENSG00000135404,0.06528683804900258,0.07008258319463079
BC23903,BC23903_D1,__ambiguous[ENSG00000254772+ENSG00000255508],0.06715355270529673,0.05531436328130604
BC23903,BC23903_D1,ENSG00000142937,0.0913059802801342,0.05256235630238519
BC23903,BC23903_D1,ENSG00000167468,0.162396085124475,0.15726165590351004
BC23903,BC23903_D1,ENSG00000149925,0.05608540707470817,0.06897846597578593
BC23903,BC23903_D1,ENSG00000160862,0.030725068984741956,-0.017372007399687025
BC23903,BC23903_D1,ENSG00000165949,-0.18167251712703342,-0.22746138519327125
BC23903,BC23903_D1,ENSG00000115457,-0.08611662797607039,-0.11679668255073351
BC23903,BC23903_D1,ENSG00000107223,0.08267491250253454,0.0962627801123775
BC23903,BC23903_D1,ENSG00000167658,0.01982092162200587,-0.012503034575184995
BC23903,BC23903_D1,ENSG00000156482,0.07188552928541464,0.06943126331186378
BC23903,BC23903_D1,ENSG00000108639,0.1286862206172143,0.16426670785154196
BC23903,BC23903_D1,ENSG00000246705,-0.014341694124187825,-0.018930507417276
BC23903,BC23903_D1,ENSG00000108679,0.04967060045849895,0.08559272384570213
BC23903,BC23903_D1,ENSG00000167995,0.3973879546604555,0.47936546402703284
BC23903,BC23903_D1,ENSG00000197958,0.12457219121493603,0.142949285329655
BC23903,BC23903_D1,ENSG00000163191,0.20616974581586828,0.2587633272799411
BC23903,BC23903_D1,ENSG00000162244,0.08187289060168719,0.06559375783347877
BC23903,BC23903_D1,ENSG00000131469,0.023175629422219637,0.042316266949032275
BC23903,BC23903_D1,ENSG00000148303,0.13034935789656224,0.12329719483034761
BC23903,BC23903_D1,ENSG00000185825,-0.011976597467244315,0.0007869608207519453
BC23903,BC23903_D1,ENSG00000224389,0.2302689330689817,0.2678909968053854
BC23903,BC23903_D1,ENSG00000144713,-0.024322165026955493,-0.047491947699027474
BC23903,BC23903_D1,ENSG00000185499,0.1836375587458873,0.18703774028969652
BC23903,BC23903_D1,ENSG00000174748,0.15128685107531506,0.1849394690698886
BC23903,BC23903_D1,ENSG00000106211,0.15212487769911373,0.1281904218581062
BC23903,BC23903_D1,ENSG00000198242,0.033563527467994896,0.04197378078564154
BC23903,BC23903_D1,ENSG00000172531,0.05688717033313547,0.08682140823640738
BC23903,BC23903_D1,ENSG00000143947,0.24430907412947772,0.27006672094100886
BC23903,BC23903_D1,__ambiguous[ENSG00000243678+ENSG00000011052],0.1583046589229579,0.17995242610230341
BC23903,BC23903_D1,ENSG00000145592,0.09433447323945555,0.11491167089257047
BC23903,BC23903_D1,ENSG00000106624,0.23843723092050098,0.2741211426630151
BC23903,BC23903_D1,ENSG00000166710,0.32602500487943764,0.30028099184418017
BC23903,BC23903_D1,ENSG00000117410,-0.02511395186919853,-0.027404627255623065
BC23903,BC23903_D1,ENSG00000152082,-0.037224207192821324,-0.0013762590962130591
BC23903,BC23903_D1,ENSG00000108344,0.2799095755181239,0.30808345875799636
BC23903,BC23903_D1,ENSG00000111057,0.0005082379876875111,0.0016331889235059176
BC23903,BC23903_D1,ENSG00000104904,0.15482236292995036,0.177718793007543
BC23903,BC23903_D1,__ambiguous[ENSG00000185885+ENSG00000185201],-0.02507987414543841,-0.029137397555817103
BC23903,BC23903_D1,ENSG00000141741,0.15092487798386836,0.15617102492665483
BC23903,BC23903_D1,ENSG00000130208,0.12159830753011903,0.148476949450761
BC23903,BC23903_D1,ENSG00000165215,0.015248530670956358,0.04678302457166999
BC23903,BC23903_D1,ENSG00000163220,-0.03170812566412967,-0.052094434112331986
BC23903,BC23903_D1,ENSG00000030582,0.01045746474373828,0.011426683556074659
BC23903,BC23903_D1,ENSG00000074800,-0.02290906591146027,-0.04329329815907873
BC23903,BC23903_D1,ENSG00000130303,0.12637197942464373,0.13603303864090632
BC23903,BC23903_D1,ENSG00000173372,0.11913763397275755,0.1340429428317449
BC23903,BC23903_D1,ENSG00000126267,0.08114110076791285,0.10702344350108237
BC23903,BC23903_D1,ENSG00000279483,0.09156240422814967,0.08842477770227004
BC23903,BC23903_D1,__ambiguous[ENSG00000257341+ENSG00000213145],-0.20877829483319565,-0.23132483741629864
BC23903,BC23903_D1,ENSG00000118181,0.17404604656728137,0.20023188453289545
BC23903,BC23903_D1,ENSG00000158710,0.24223265957530454,0.25528698133497607
BC23903,BC23903_D1,ENSG00000124664,0.11090440870555138,0.15720220608549687
BC23903,BC23903_D1,ENSG00000071553,0.16864406045920743,0.20036274002085463
BC23903,BC23903_D1,ENSG00000115884,0.1261977793828408,0.16497967661486176
BC23903,BC23903_D1,ENSG00000110651,0.054727300612772416,0.061851577149076825
BC23903,BC23903_D1,__ambiguous[ENSG00000124614+ENSG00000270800],0.11485946631393876,0.09093191268478895
BC23903,BC23903_D1,ENSG00000169100,0.0011228368277786261,-0.02159788055410958
BC23903,BC23903_D1,ENSG00000142669,0.18062030820353941,0.1586719170216366
BC23903,BC23903_D1,ENSG00000133112,0.2150542478755741,0.21384974124893957
BC23903,BC23903_D1,ENSG00000150991,0.17411091620483604,0.20261132139648522
BC23903,BC23903_D1,ENSG00000071082,0.20149246082945066,0.2374361630511177
BC23903,BC23903_D1,ENSG00000178719,0.1288519216950609,0.17423203354341824
BC23903,BC23903_D1,ENSG00000117450,0.15938109292809707,0.18138616978854905
BC23903,BC23903_D1,ENSG00000092841,-0.04929034668607248,-0.07358293414134519
BC23903,BC23903_D1,ENSG00000070756,0.11475341796580657,0.09356413536945439
BC23903,BC23903_D1,ENSG00000141522,-0.046103769641578,-0.06928830708835858
BC23903,BC23903_D1,ENSG00000105223,0.09256090269437352,0.10986062605430999
BC23903,BC23903_D1,ENSG00000163682,0.1506785430295367,0.14813138242379578
BC23903,BC23903_D1,ENSG00000102265,0.10846789383739515,0.042450180085586875
BC23903,BC23903_D1,ENSG00000125534,-0.08119221413302978,-0.11359508366505082
BC23903,BC23903_D1,ENSG00000162511,0.16863334102949692,0.18968577375387385
BC23903,BC23903_D1,ENSG00000176340,-0.02885371901770352,-0.04262743736386474
BC23903,BC23903_D1,ENSG00000143774,0.06627579345275275,0.10963610545350076
BC23903,BC23903_D1,ENSG00000205542,0.2118917667285411,0.226980964130583
BC23903,BC23903_D1,ENSG00000127540,0.025309904756228786,0.02966611574158414
BC23903,BC23903_D1,ENSG00000182809,0.1312669612029302,0.1320255276402204
BC23903,BC23903_D1,ENSG00000164733,0.20470715707552042,0.24568995607016877
BC23903,BC23903_D1,ENSG00000277972,0.002039528962536144,0.010266369487518663
BC23903,BC23903_D1,ENSG00000145425,0.08108679116316429,0.08256346255574747
BC23903,BC23903_D1,ENSG00000124614,0.029809027929556912,0.018844774542473873
BC23903,BC23903_D1,__ambiguous[ENSG00000277957+ENSG00000161960],0.08444457168017579,0.10925635798980683
BC23903,BC23903_D1,ENSG00000184897,0.16699795425194863,0.18436194818251803
BC23903,BC23903_D1,ENSG00000100219,0.179540608584031,0.1576725372343208
BC23903,BC23903_D1,ENSG00000204287,0.1617870396786523,0.16610940455609347
BC23903,BC23903_D1,ENSG00000160789,0.15417826113997785,0.18157711275717078
BC23903,BC23903_D1,ENSG00000142089,0.009143131543394594,-0.027082740023626067
BC23903,BC23903_D1,ENSG00000277791,0.07784079306811661,0.10369229267533735
BC23903,BC23903_D1,ENSG00000103363,-0.015852805768710832,-0.019326224206516782
BC23903,BC23903_D1,ENSG00000138326,0.16682358641159808,0.1765305003530317
BC23903,BC23903_D1,ENSG00000051523,0.14326626038270257,0.1361052854273
BC23903,BC23903_D1,ENSG00000115414,0.44601921816505274,0.5049964532810892
BC23903,BC23903_D1,ENSG00000178952,-0.06036182658429631,-0.022986581498914874
BC23903,BC23903_D1,ENSG00000058262,0.22351349738519946,0.25578096157220737
BC23903,BC23903_D1,ENSG00000111669,-0.012827408622372508,-0.045573441111983554
BC23903,BC23903_D1,ENSG00000187514,0.3747373258123153,0.3928416206768679
BC23903,BC23903_D1,ENSG00000170315,0.09027343412664102,0.11335948937654987
BC23903,BC23903_D1,ENSG00000164919,0.10187360720860794,0.09835450245776468
BC23903,BC23903_D1,__ambiguous[ENSG00000273259+ENSG00000196136],-0.12133544728463157,-0.1625516025691654
BC23903,BC23903_D1,ENSG00000052344,0.1739827788660192,0.24321322182841637
BC23903,BC23903_D1,ENSG00000123349,0.10642336803675224,0.09391544180621725
BC23903,BC23903_D1,ENSG00000182492,0.13902408915686437,0.1530429357590851
BC23903,BC23903_D1,ENSG00000272196,0.19831551061947947,0.27645100302083453
BC23903,BC23903_D1,ENSG00000104529,0.06953396448010614,0.0608604740087449
BC23903,BC23903_D1,ENSG00000167815,0.05704175590431609,0.08959397501696013
BC23903,BC23903_D1,ENSG00000149591,0.2533409887003786,0.23975060043505225
BC23903,BC23903_D1,ENSG00000114353,0.09058494629735149,0.09895587853621368
BC23903,BC23903_D1,__ambiguous[ENSG00000219200+ENSG00000161939],0.15257198500520336,0.14368844834484631
BC23903,BC23903_D1,ENSG00000135480,-0.019405658760217902,-0.03171767433700866
BC23903,BC23903_D1,ENSG00000196924,0.06986893946653316,0.05066010794001995
BC23903,BC23903_D1,ENSG00000144426,-0.005536438395875129,-0.009023918740520293
BC23903,BC23903_D1,ENSG00000131748,0.18606541432044618,0.22676860466623958
BC23903,BC23903_D1,__ambiguous[ENSG00000262526+ENSG00000170296],-0.069366270671661,-0.11050633448280849
BC23903,BC23903_D1,ENSG00000255823,0.5091081113748394,0.5410687592249656
BC23903,BC23903_D1,ENSG00000172354,0.10397435940254346,0.11992303351828247
BC23903,BC23903_D1,ENSG00000114867,-0.018585688104701705,0.010381115289424526
BC23903,BC23903_D1,ENSG00000214530,-0.024266463401035842,-0.02883413399079031
BC23903,BC23903_D1,ENSG00000178980,0.008495998935586186,0.03320246066629798
BC23903,BC23903_D1,ENSG00000131143,0.06281684901805858,0.04571576368210772
BC23903,BC23903_D1,ENSG00000104964,0.10534767742829158,0.11366287752924673
BC23903,BC23903_D1,ENSG00000182899,0.07514523376328605,0.07579236412340946
BC23903,BC23903_D1,ENSG00000169223,0.19607013384501748,0.2767767589140775
BC23903,BC23903_D1,ENSG00000188846,0.04666426946616746,0.030387819669239327
BC23903,BC23903_D1,ENSG00000008988,0.13127857540847152,0.13152387380423453
BC23903,BC23903_D1,ENSG00000126247,-0.004867655931084171,-0.012894640498151918
BC23903,BC23903_D1,ENSG00000145494,0.04613595137359412,0.04778981909122031
BC23903,BC23903_D1,ENSG00000087460,0.35922169856733965,0.3591706632051398
BC23903,BC23903_D1,ENSG00000160180,-0.08890262027559212,-0.10922808810031885
BC23903,BC23903_D1,ENSG00000174886,0.053231440230982204,0.03907766663403404
BC23903,BC23903_D1,ENSG00000155366,0.00668662070579007,-0.008599037146469347
BC23903,BC23903_D1,ENSG00000269028,0.5891461252692533,0.6106146441535911
BC23903,BC23903_D1,ENSG00000164692,0.36568202134756445,0.3937999049104954
BC23903,BC23903_D1,ENSG00000114391,-0.0035202298398998148,-0.006362421232280752
BC23903,BC23903_D1,ENSG00000251562,0.19020836661143264,0.1476603467731059
BC23903,BC23903_D1,ENSG00000173272,0.08326510218211372,0.13099934221085482
BC23903,BC23903_D1,ENSG00000100300,-0.0500431528168072,-0.0540698021781141
BC23903,BC23903_D1,ENSG00000026025,0.22672986735383518,0.2173183763573677
BC23903,BC23903_D1,ENSG00000163479,0.22372333751387383,0.2499239077783649
BC23903,BC23903_D1,ENSG00000171222,0.00015940466538295485,0.00802734847062353
BC23903,BC23903_D1,ENSG00000135390,-0.05484391895192402,-0.057606830798867775
BC23903,BC23903_D1,ENSG00000170421,0.1272160429986353,0.13052419598796772
BC23903,BC23903_D1,ENSG00000187608,-0.19606620994687948,-0.24587605401238322
BC23903,BC23903_D1,__ambiguous[ENSG00000241343+ENSG00000257529],0.1779516836131284,0.19369081748341235
BC23903,BC23903_D1,ENSG00000142949,0.2499279896407833,0.31966412392701626
BC23903,BC23903_D1,ENSG00000163399,0.2064816351748415,0.2367835780573646
BC23903,BC23903_D1,ENSG00000173369,0.1629022927275307,0.18233203483823424
BC23903,BC23903_D1,ENSG00000130725,0.10087577922759812,0.10984854080060388
BC23903,BC23903_D1,ENSG00000186010,0.08487106375902793,0.09273302380795015
BC23903,BC23903_D1,ENSG00000197956,0.0571649351981443,0.04727562016229582
BC23903,BC23903_D1,ENSG00000213988,0.10080610019565996,0.06117495438998736
BC23903,BC23903_D1,ENSG00000125730,0.3966942556120941,0.40470328559752566
BC23903,BC23903_D1,ENSG00000174444,0.0868725586032565,0.08188831314381331
BC23903,BC23903_D1,ENSG00000011304,0.11511554619997587,0.11468096672786912
BC23903,BC23903_D1,ENSG00000161960,0.1204204521875982,0.14575823294084136
BC23903,BC23903_D1,ENSG00000177700,0.07776479303907433,0.10150044786487326
BC23903,BC23903_D1,ENSG00000147684,0.11814407608364177,0.15078337807303052
BC23903,BC23903_D1,ENSG00000125970,0.08952692592219838,0.14651032589913834
BC23903,BC23903_D1,ENSG00000140990,0.051483779939189275,0.03729156591158671
BC23903,BC23903_D1,ENSG00000173801,0.2336473005347195,0.26173808261421877
BC23903,BC23903_D1,ENSG00000143420,0.2365728841858684,0.25993350470127885
BC23903,BC23903_D1,ENSG00000124172,0.2222421537901193,0.21794493004523346
BC23903,BC23903_D1,ENSG00000186468,0.07410024741864549,0.10102334835963107
BC23903,BC23903_D1,ENSG00000196576,0.13364528447645208,0.1674772606901046
BC23903,BC23903_D1,ENSG00000142173,0.22272024037828925,0.2126269708282977
BC23903,BC23903_D1,ENSG00000025708,0.06937683877328699,0.052785787864855285
BC23903,BC23903_D1,ENSG00000172270,0.05304602590719791,0.07547828990649504
BC23903,BC23903_D1,ENSG00000147604,0.06522062958221575,0.09914467253222825
BC23903,BC23903_D1,ENSG00000168528,0.11913509904032686,0.1320273738469385
BC23903,BC23903_D1,ENSG00000160932,0.14562229759448303,0.1538962681765096
BC23903,BC23903_D1,ENSG00000143546,-0.08315451760334606,-0.1028141574387167
BC23903,BC23903_D1,ENSG00000266402,-0.028469572055191864,-0.03498683134767803
BC23903,BC23903_D1,ENSG00000132475,0.2519911035025679,0.26215688544642596
BC23903,BC23903_D1,ENSG00000196405,-0.004029681998795206,-0.006229030595273491
BC23903,BC23903_D1,ENSG00000109475,0.1932062533587092,0.2102053012257606
BC23903,BC23903_D1,ENSG00000135940,0.10275076665396575,0.14342321996460355
BC23903,BC23903_D1,ENSG00000096384,0.3733344837383611,0.40025717477542255
BC23903,BC23903_D1,ENSG00000132507,0.1031204168911253,0.1219435258179314
BC23903,BC23903_D1,ENSG00000171863,0.20024508163224608,0.212697717349306
BC23903,BC23903_D1,ENSG00000106153,0.28011163573522974,0.32039309023550055
BC23944,BC23944_D2,ENSG00000034510,0.06925061839222506,0.08478377380064134
BC23944,BC23944_D2,ENSG00000111640,0.09365893218400544,0.09403388910964569
BC23944,BC23944_D2,ENSG00000177600,0.14636205621923426,0.19985956810305394
BC23944,BC23944_D2,ENSG00000137818,0.24479373413980818,0.32848463258477784
BC23944,BC23944_D2,ENSG00000171345,0.1294239177394521,0.19663016866424415
BC23944,BC23944_D2,ENSG00000231500,0.0844231663064518,0.074450111404443
BC23944,BC23944_D2,ENSG00000164587,0.05881500854505431,0.07184893792073785
BC23944,BC23944_D2,ENSG00000254709,-0.07975295616129925,-0.12630230628600983
BC23944,BC23944_D2,ENSG00000075624,0.040978930464867454,0.0696577124300033
BC23944,BC23944_D2,ENSG00000108107,-0.02726171830500669,-0.018529963218727886
BC23944,BC23944_D2,ENSG00000141736,0.14801413703655222,0.19326585896462917
BC23944,BC23944_D2,ENSG00000197756,0.14577294072781563,0.16024131031792418
BC23944,BC23944_D2,ENSG00000105372,0.04992279697285165,0.06784494889753884
BC23944,BC23944_D2,ENSG00000108298,-0.23483858609694833,-0.2772828825867609
BC23944,BC23944_D2,ENSG00000161016,0.07718294614610391,0.09857095316773183
BC23944,BC23944_D2,ENSG00000167526,0.13692514623875332,0.20437979522161284
BC23944,BC23944_D2,ENSG00000087086,0.06405062858425717,0.06744843431175865
BC23944,BC23944_D2,ENSG00000130255,0.03223159061081345,0.044305138790626815
BC23944,BC23944_D2,__ambiguous[ENSG00000251357+ENSG00000240972],0.10418388671425435,0.1124182827149042
BC23944,BC23944_D2,ENSG00000108518,0.15771098880968484,0.1929043200176951
BC23944,BC23944_D2,ENSG00000136942,-0.1742850456604128,-0.20063343178038504
BC23944,BC23944_D2,ENSG00000149273,-0.09907520619238777,-0.09520713985138081
BC23944,BC23944_D2,ENSG00000197746,-0.04425531582190876,-0.047621322245958275
BC23944,BC23944_D2,ENSG00000117984,-0.08691853868122405,-0.13142616249900674
BC23944,BC23944_D2,ENSG00000179218,0.1557431849130419,0.1734129389146283
BC23944,BC23944_D2,ENSG00000063177,0.05859957288526259,0.07949553476148559
BC23944,BC23944_D2,ENSG00000140264,-0.10289325157320621,-0.11818822681118224
BC23944,BC23944_D2,ENSG00000180879,0.09849203583370504,0.12743040866109134
BC23944,BC23944_D2,ENSG00000105193,-0.006667275145275824,-0.0272743079935026
BC23944,BC23944_D2,ENSG00000221983,0.13544513455031634,0.12805148318966983
BC23944,BC23944_D2,ENSG00000130203,0.28646313287927216,0.30330878720470916
BC23944,BC23944_D2,ENSG00000109062,-0.06563529588802366,-0.12125076078779598
BC23944,BC23944_D2,ENSG00000204628,-0.04043870476560284,-0.08038409729023939
BC23944,BC23944_D2,ENSG00000166441,0.04535010086206612,0.03852373708230852
BC23944,BC23944_D2,ENSG00000185624,0.18585707622708772,0.1991401296260484
BC23944,BC23944_D2,ENSG00000142541,0.18510677142576984,0.19954933927274324
BC23944,BC23944_D2,ENSG00000234745,0.062117777992175195,0.05180266223232676
BC23944,BC23944_D2,ENSG00000167996,0.09198144030033178,0.11254184316121874
BC23944,BC23944_D2,ENSG00000142534,0.03392079791557699,0.015702796021978202
BC23944,BC23944_D2,ENSG00000147403,0.0491127041058908,0.009868665003320915
BC23944,BC23944_D2,ENSG00000140988,0.005327036660084516,0.02569651093958643
BC23944,BC23944_D2,ENSG00000089157,0.07501892416266702,0.10467250235356786
BC23944,BC23944_D2,ENSG00000115268,0.01698931879379523,0.00791847977710933
BC23944,BC23944_D2,ENSG00000112306,0.2157579159862923,0.27061129143403895
BC23944,BC23944_D2,ENSG00000105640,0.026138117422181376,0.036988546744209386
BC23944,BC23944_D2,ENSG00000171858,0.13172270430661942,0.16613651124500026
BC23944,BC23944_D2,ENSG00000233927,0.07881514054625252,0.07248872232815497
BC23944,BC23944_D2,ENSG00000111341,0.22270843130156734,0.25932347934513494
BC23944,BC23944_D2,ENSG00000182774,0.026829734857914664,0.05250673294606038
BC23944,BC23944_D2,ENSG00000213741,0.1583378890234668,0.20332176120988357
BC23944,BC23944_D2,ENSG00000125691,0.07262786777561572,0.1202633934754096
BC23944,BC23944_D2,ENSG00000198034,0.04589553027788907,0.06437046773653197
BC23944,BC23944_D2,ENSG00000142676,0.04738602506815637,0.07245957471614868
BC23944,BC23944_D2,ENSG00000149806,0.09357898530213035,0.11076584742650558
BC23944,BC23944_D2,ENSG00000101439,-0.06413463687016832,-0.10059916837901756
BC23944,BC23944_D2,ENSG00000177954,0.17269092032493855,0.2800822240233478
BC23944,BC23944_D2,ENSG00000170889,-0.046114146727625746,-0.07888155312882299
BC23944,BC23944_D2,ENSG00000019582,-0.05385348900118057,-0.09923045031209445
BC23944,BC23944_D2,ENSG00000204525,0.028349694533154772,0.022681331502624313
BC23944,BC23944_D2,ENSG00000172809,0.12586423420427348,0.16985687911827488
BC23944,BC23944_D2,ENSG00000184009,0.11413890682813309,0.133774892794915
BC23944,BC23944_D2,ENSG00000100316,0.06987104923136285,0.10636826952551325
BC23944,BC23944_D2,ENSG00000137154,-0.021539273168679242,-0.07138042739512634
BC23944,BC23944_D2,ENSG00000172757,-0.025009525046282132,-0.03194161445185373
BC23944,BC23944_D2,ENSG00000167995,-0.01123392028061818,-0.046358384343443214
BC23944,BC23944_D2,ENSG00000204592,-0.09123384908039554,-0.14309359335739688
BC23944,BC23944_D2,ENSG00000108821,0.15735309123856786,0.23571184753770735
BC23944,BC23944_D2,__ambiguous[ENSG00000185883+ENSG00000260272],0.16864500631211182,0.19873208456264654
BC23944,BC23944_D2,ENSG00000167468,0.026109362280619594,0.007977950963986376
BC23944,BC23944_D2,__ambiguous[ENSG00000254772+ENSG00000255508],-0.04326106224776444,-0.07107676076429728
BC23944,BC23944_D2,ENSG00000142937,0.06599382358201492,0.10645889176806796
BC23944,BC23944_D2,ENSG00000083845,-0.000759975362307348,-0.009422172224961533
BC23944,BC23944_D2,ENSG00000135404,-0.016989615706482664,-0.05858706476286068
BC23944,BC23944_D2,ENSG00000169710,0.42499152422744135,0.463875552089543
BC23944,BC23944_D2,ENSG00000206503,-0.03789637145891289,-0.04661235826247125
BC23944,BC23944_D2,ENSG00000163191,0.10200577534312284,0.15417873156579298
BC23944,BC23944_D2,ENSG00000156482,0.06783111161904472,0.1098582315243225
BC23944,BC23944_D2,ENSG00000149925,0.09007311841310435,0.08353265424096104
BC23944,BC23944_D2,ENSG00000197958,0.11284170782519298,0.1716211045030944
BC23944,BC23944_D2,ENSG00000224389,0.11653140149424179,0.1607090040202367
BC23944,BC23944_D2,ENSG00000107223,0.1187838200320409,0.13936851282099894
BC23944,BC23944_D2,ENSG00000231925,0.1957983409970418,0.20840738485128443
BC23944,BC23944_D2,ENSG00000167658,0.07743685696563857,0.10256491472369153
BC23944,BC23944_D2,ENSG00000143947,0.03380038782820478,0.046677196125845755
BC23944,BC23944_D2,ENSG00000106624,0.17852882985130744,0.2537832948079832
BC23944,BC23944_D2,ENSG00000108344,0.08901112149131356,0.124939980195729
BC23944,BC23944_D2,ENSG00000162244,-0.06178551039343496,-0.07383022916227851
BC23944,BC23944_D2,ENSG00000148303,0.1605281130382314,0.2109038678960872
BC23944,BC23944_D2,ENSG00000131469,0.03618667056282894,0.07680488273201208
BC23944,BC23944_D2,ENSG00000144713,0.01552624775735718,-0.005822564245620231
BC23944,BC23944_D2,ENSG00000108639,0.20007051753422025,0.21040770139638568
BC23944,BC23944_D2,ENSG00000174748,0.12164182750561595,0.12366153224284056
BC23944,BC23944_D2,ENSG00000163220,0.06250044130524496,0.0852235596592692
BC23944,BC23944_D2,ENSG00000165949,-0.036011357517674016,-0.018561493884072206
BC23944,BC23944_D2,ENSG00000108679,0.2001176020045095,0.2101685494591584
BC23944,BC23944_D2,ENSG00000115884,0.059203359600333544,0.1067145351047809
BC23944,BC23944_D2,ENSG00000106211,0.19499470864401028,0.255348795480619
BC23944,BC23944_D2,ENSG00000141741,-0.041884651719884994,-0.005196187697773021
BC23944,BC23944_D2,ENSG00000166710,0.11091469640030703,0.15702607262795823
BC23944,BC23944_D2,ENSG00000172531,0.008392862215307184,0.019903423552909773
BC23944,BC23944_D2,ENSG00000198242,0.25115748554873507,0.29664082052304747
BC23944,BC23944_D2,ENSG00000185825,-0.042889883661044965,-0.046373755710166234
BC23944,BC23944_D2,ENSG00000158710,-0.05424393868071756,-0.03981759086686047
BC23944,BC23944_D2,ENSG00000145592,0.12416157179753888,0.15122562674424925
BC23944,BC23944_D2,ENSG00000160862,-0.015222140928945515,-0.010690402060137855
BC23944,BC23944_D2,ENSG00000246705,0.000242900566972569,0.012306652656443968
BC23944,BC23944_D2,ENSG00000130303,0.03270003271668526,0.05853464445955336
BC23944,BC23944_D2,ENSG00000104904,-0.0004875460810148666,0.0036987802144096615
BC23944,BC23944_D2,ENSG00000279483,0.0963720683655327,0.11391942539011032
BC23944,BC23944_D2,ENSG00000118181,-0.013946067000133735,0.007720425483814462
BC23944,BC23944_D2,ENSG00000110651,0.15891075057012696,0.15617768791281308
BC23944,BC23944_D2,ENSG00000115457,0.1302520954247308,0.11004003852510867
BC23944,BC23944_D2,ENSG00000185499,0.016677526378915248,0.015121315672523767
BC23944,BC23944_D2,__ambiguous[ENSG00000243678+ENSG00000011052],0.14729448584314267,0.17692502050068504
BC23944,BC23944_D2,ENSG00000133112,0.10229575914973403,0.08325311437898793
BC23944,BC23944_D2,ENSG00000117410,0.09716717806060116,0.11732823405019181
BC23944,BC23944_D2,ENSG00000173372,0.07408301965626392,0.05949878367554736
BC23944,BC23944_D2,ENSG00000152082,0.05450637979448344,0.0236851728006941
BC23944,BC23944_D2,ENSG00000030582,-0.002555353229374259,-0.0100307698259831
BC23944,BC23944_D2,ENSG00000092841,0.10093341529163592,0.12243629533664761
BC23944,BC23944_D2,ENSG00000074800,-0.060530807971710156,-0.08290834660912307
BC23944,BC23944_D2,ENSG00000070756,0.09788254053888294,0.10735610646181959
BC23944,BC23944_D2,ENSG00000142669,0.022575572206554387,0.06679946213183795
BC23944,BC23944_D2,ENSG00000126267,0.13274273152368254,0.15422220005846166
BC23944,BC23944_D2,ENSG00000130208,-0.05777879002208474,-0.07011504710582171
BC23944,BC23944_D2,ENSG00000205542,0.10843259779442381,0.11832729796513361
BC23944,BC23944_D2,ENSG00000071082,0.14369505752432862,0.21337279080492225
BC23944,BC23944_D2,__ambiguous[ENSG00000185885+ENSG00000185201],-0.0627418386242452,-0.047058434627004445
BC23944,BC23944_D2,ENSG00000102265,0.05785851907740669,0.07482146799712802
BC23944,BC23944_D2,__ambiguous[ENSG00000124614+ENSG00000270800],-0.02152132920107608,-0.028744712093758194
BC23944,BC23944_D2,ENSG00000149591,0.04784914484022853,0.05531626780783745
BC23944,BC23944_D2,ENSG00000071553,0.06635711984343609,0.09203152513023605
BC23944,BC23944_D2,ENSG00000277972,-0.0054999082683860265,-0.01804135042089882
BC23944,BC23944_D2,ENSG00000169100,0.0639042874186668,0.07231920716495954
BC23944,BC23944_D2,ENSG00000111057,0.08907168891761691,0.10773997734715798
BC23944,BC23944_D2,ENSG00000150991,0.12601181719946802,0.14976220126883885
BC23944,BC23944_D2,ENSG00000255823,0.5196210531075213,0.561761624243794
BC23944,BC23944_D2,ENSG00000143774,-0.11486470675754365,-0.1411380174015291
BC23944,BC23944_D2,ENSG00000160789,0.025537288173480756,0.02538345364181064
BC23944,BC23944_D2,ENSG00000115414,0.23869582800039313,0.34026394115506864
BC23944,BC23944_D2,ENSG00000135480,0.01798208220634366,0.016033320708071452
BC23944,BC23944_D2,ENSG00000277791,0.05422380361883619,0.08954458975243605
BC23944,BC23944_D2,ENSG00000163682,0.006167958860908937,0.02658849760920589
BC23944,BC23944_D2,ENSG00000125534,-0.041953677537712966,-0.061319638316665245
BC23944,BC23944_D2,ENSG00000187514,0.14835575166717524,0.15959878017811568
BC23944,BC23944_D2,ENSG00000178719,0.029788722852242183,0.03437247247805867
BC23944,BC23944_D2,ENSG00000117450,0.13287435509417259,0.1661105705556998
BC23944,BC23944_D2,ENSG00000162511,-0.034489830917228056,-0.05947336928451932
BC23944,BC23944_D2,ENSG00000145425,0.157709207206476,0.23690203521147207
BC23944,BC23944_D2,ENSG00000105223,-8.471211078797366e-05,-0.006924208815243599
BC23944,BC23944_D2,ENSG00000165215,0.27545771925123286,0.29595849417648545
BC23944,BC23944_D2,ENSG00000124664,0.17987062839859322,0.1833441105471351
BC23944,BC23944_D2,ENSG00000196924,0.041063678676311055,0.042984029218859965
BC23944,BC23944_D2,ENSG00000182492,0.02695897140565178,0.020175937720509223
BC23944,BC23944_D2,ENSG00000138326,0.019822035544270297,0.0671966584552753
BC23944,BC23944_D2,ENSG00000269028,0.5293815779324652,0.5671131492614502
BC23944,BC23944_D2,ENSG00000131748,0.12590720413143658,0.13844902933998465
BC23944,BC23944_D2,ENSG00000251562,0.3420670618204148,0.3481966682314828
BC23944,BC23944_D2,ENSG00000204287,0.042953908654762486,0.07977088148717211
BC23944,BC23944_D2,ENSG00000124614,-0.031439003775922965,-0.04580324876310447
BC23944,BC23944_D2,ENSG00000176340,-0.10940640578282146,-0.13527741863037188
BC23944,BC23944_D2,ENSG00000182809,0.1948158552824114,0.22636611808975066
BC23944,BC23944_D2,ENSG00000127540,-0.08974273606579324,-0.10036674079574787
BC23944,BC23944_D2,ENSG00000164733,0.14666361593621602,0.1821783908715469
BC23944,BC23944_D2,ENSG00000058262,0.11287779677487972,0.1350785445223905
BC23944,BC23944_D2,__ambiguous[ENSG00000277957+ENSG00000161960],0.24387688029195054,0.2962298232273152
BC23944,BC23944_D2,ENSG00000164692,0.14349908022735683,0.21347922381797355
BC23944,BC23944_D2,ENSG00000051523,0.04815660918435419,0.031714658221173704
BC23944,BC23944_D2,ENSG00000026025,0.05160569401916677,-0.007974621434285943
BC23944,BC23944_D2,ENSG00000114353,-0.04130478930286892,-0.05003163923975227
BC23944,BC23944_D2,ENSG00000144426,0.031038819962343357,0.05460448163200629
BC23944,BC23944_D2,ENSG00000169223,0.14900329939979448,0.15272283449956175
BC23944,BC23944_D2,ENSG00000087460,0.1127912918271975,0.15483422982457673
BC23944,BC23944_D2,ENSG00000142089,0.04542639882832705,0.08343833077322671
BC23944,BC23944_D2,ENSG00000141522,0.11881594654915971,0.1660143792794705
BC23944,BC23944_D2,ENSG00000103363,-0.008644454232406975,-0.04697606017042601
BC23944,BC23944_D2,ENSG00000052344,0.0988915504789707,0.14337447797622097
BC23944,BC23944_D2,__ambiguous[ENSG00000257341+ENSG00000213145],0.18429456210908907,0.19902162964376457
BC23944,BC23944_D2,ENSG00000272196,-0.010278808496532298,0.01852210693214059
BC23944,BC23944_D2,ENSG00000114867,-0.0504875672404174,-0.03396580446164152
BC23944,BC23944_D2,ENSG00000100219,0.14106752814031068,0.1921820687258895
BC23944,BC23944_D2,ENSG00000182899,0.08409459494832605,0.14374355625133814
BC23944,BC23944_D2,ENSG00000104964,0.1086130384221582,0.10868429490587991
BC23944,BC23944_D2,ENSG00000170315,0.0685902029366899,0.05733974364527574
BC23944,BC23944_D2,ENSG00000111669,0.08651870528756783,0.09829644939965013
BC23944,BC23944_D2,ENSG00000184897,0.04512585822973612,0.051712022222848035
BC23944,BC23944_D2,ENSG00000142949,-0.019979469637630237,-0.030205119209656676
BC23944,BC23944_D2,__ambiguous[ENSG00000219200+ENSG00000161939],-0.028624871581938053,-0.0357746765147883
BC23944,BC23944_D2,ENSG00000172354,0.11016782242841523,0.1249728376698557
BC23944,BC23944_D2,ENSG00000123349,0.03276244926821789,0.01993126207611071
BC23944,BC23944_D2,ENSG00000167815,0.03377016514921759,0.07605416660366725
BC23944,BC23944_D2,ENSG00000125730,0.24508585786308748,0.2740173030675984
BC23944,BC23944_D2,ENSG00000160932,0.09712804417451527,0.08781311837083466
BC23944,BC23944_D2,ENSG00000142173,0.14419084811579191,0.14194737157520398
BC23944,BC23944_D2,ENSG00000131143,0.04323679441496569,0.042157269864238636
BC23944,BC23944_D2,ENSG00000178980,0.04133247176109291,0.055786657011165
BC23944,BC23944_D2,__ambiguous[ENSG00000262526+ENSG00000170296],0.0805984329481826,0.09459070039163443
BC23944,BC23944_D2,ENSG00000178952,0.26481882596402956,0.3112432518870506
BC23944,BC23944_D2,ENSG00000163479,0.11246486978065408,0.11265853237199534
BC23944,BC23944_D2,ENSG00000197956,0.04347109089392018,0.08511223313176405
BC23944,BC23944_D2,ENSG00000008988,0.16517492414153798,0.18895396905641268
BC23944,BC23944_D2,ENSG00000104529,0.06180904804916661,0.04004488205213445
BC23944,BC23944_D2,ENSG00000155366,0.06059337577607647,0.11063915943276789
BC23944,BC23944_D2,ENSG00000114391,0.017201150390028546,0.015327901188132072
BC23944,BC23944_D2,ENSG00000163399,0.22981604795940677,0.23932437037874452
BC23944,BC23944_D2,ENSG00000174886,0.08837252242202187,0.07426115901467886
BC23944,BC23944_D2,__ambiguous[ENSG00000241343+ENSG00000257529],0.11344085868267563,0.18615514711075243
BC23944,BC23944_D2,ENSG00000100300,0.045978049150930234,0.04272413465475597
BC23944,BC23944_D2,ENSG00000196576,0.12418918969664762,0.16617253787823785
BC23944,BC23944_D2,ENSG00000172270,0.030262762986675122,0.025616430880304762
BC23944,BC23944_D2,ENSG00000126247,0.162413209240632,0.17688115939363339
BC23944,BC23944_D2,ENSG00000143546,0.0762879294112208,0.0670703324203053
BC23944,BC23944_D2,ENSG00000124172,-0.015999958093073252,0.033942640143014464
BC23944,BC23944_D2,ENSG00000188846,0.04614813809439632,0.07397688151074376
BC23944,BC23944_D2,ENSG00000145494,0.0450979415478291,0.04499441693507079
BC23944,BC23944_D2,ENSG00000171863,0.025470381727274893,0.08067596969176574
BC23944,BC23944_D2,ENSG00000174444,0.08665233118854138,0.11468800561087741
BC23944,BC23944_D2,ENSG00000101335,-0.06389735227982321,-0.04335010904611787
BC23944,BC23944_D2,ENSG00000213988,0.010721785713341574,0.012318520459280072
BC23944,BC23944_D2,ENSG00000110492,0.1628775585830854,0.1833975420195934
BC23944,BC23944_D2,ENSG00000186468,0.01898980576503557,0.035578095098882226
BC23944,BC23944_D2,__ambiguous[ENSG00000273259+ENSG00000196136],0.09327964129123742,0.08053517430317944
BC23944,BC23944_D2,ENSG00000125970,0.10862143389498112,0.13784893832215284
BC23944,BC23944_D2,ENSG00000173369,0.0387705146736223,0.042325565333977876
BC23944,BC23944_D2,ENSG00000106153,0.034116298198653236,0.08761413590192534
BC23944,BC23944_D2,ENSG00000113140,0.1442453951380934,0.18071631440493635
BC23944,BC23944_D2,ENSG00000173801,0.040574855222529294,0.05817600692445704
BC23944,BC23944_D2,ENSG00000159840,0.11458684309714735,0.11779836644357948
BC23944,BC23944_D2,ENSG00000186010,-0.06729888096236773,-0.0545429571183175
BC23944,BC23944_D2,ENSG00000011304,0.11100581280979308,0.12847349337353017
BC23944,BC23944_D2,ENSG00000171222,0.051504516969624006,0.03600570256337744
BC23944,BC23944_D2,ENSG00000134419,0.04749817960485729,0.11391716875903783
BC23944,BC23944_D2,ENSG00000130725,0.18033892665872997,0.24067252662560643
BC23944,BC23944_D2,ENSG00000135390,-0.04824330225124336,-0.045125332765926354
BC23944,BC23944_D2,ENSG00000173272,0.009062126550963223,0.032051359831808714
BC23944,BC23944_D2,ENSG00000143420,0.09306420800936883,0.1189990083735224
BC23944,BC23944_D2,ENSG00000161960,0.14016049283575083,0.16742523123719913
BC23944,BC23944_D2,ENSG00000109475,0.020041850226893716,0.06638214000347686
BC23944,BC23944_D2,ENSG00000214530,-0.03243640491012987,0.015276744345814382
BC23944,BC23944_D2,ENSG00000170421,0.11294000325856975,0.14691237322740822
BC23944,BC23944_D2,ENSG00000279274,0.21432546693990479,0.23006871333590662
BC23944,BC23944_D2,ENSG00000168542,0.01910433014973298,0.03772239702471021
BC23944,BC23944_D2,ENSG00000123989,0.0805373183013202,0.05780465974316043
BC23944,BC23944_D2,ENSG00000177700,0.0726650572848015,0.06384158969440941
BC23944,BC23944_D2,ENSG00000135940,-0.03883371349196646,-0.028246176356135265
BC23944,BC23944_D2,ENSG00000141738,0.1692116768429137,0.18069317491311468
BC23944,BC23944_D2,ENSG00000176046,0.06247792120092709,0.08966775347479067
BC23944,BC23944_D2,ENSG00000123416,-0.019564757145748544,-0.012019893907386526
BC23944,BC23944_D2,ENSG00000141753,0.022908345652500824,0.02591767538709996
BC23944,BC23944_D2,ENSG00000184840,0.012325460857424612,-0.0004515677113402367
BC23944,BC23944_E1,ENSG00000034510,0.12494045263101364,0.16957733063333233
BC23944,BC23944_E1,ENSG00000111640,0.0387166703791571,0.035999135614687566
BC23944,BC23944_E1,ENSG00000177600,0.18847394920681143,0.25752906512861506
BC23944,BC23944_E1,ENSG00000137818,0.29823222876761524,0.3768703995893689
BC23944,BC23944_E1,ENSG00000171345,-0.02801159163395462,-0.047740788452646066
BC23944,BC23944_E1,ENSG00000231500,0.1634681768656879,0.1879293819080335
BC23944,BC23944_E1,ENSG00000164587,0.20570853781516,0.2453836077010936
BC23944,BC23944_E1,ENSG00000254709,0.08820911860591174,0.04972276915593489
BC23944,BC23944_E1,ENSG00000075624,0.08995571155350714,0.09078455779777245
BC23944,BC23944_E1,ENSG00000108107,0.005735101786646074,0.006942827996970401
BC23944,BC23944_E1,ENSG00000141736,0.19291572534721363,0.23508394478392758
BC23944,BC23944_E1,ENSG00000197756,0.12975465368220143,0.1520934423207971
BC23944,BC23944_E1,ENSG00000105372,-0.0033882218037530696,-0.05162574469182044
BC23944,BC23944_E1,ENSG00000108298,-0.05656469193734462,-0.06477123679122597
BC23944,BC23944_E1,ENSG00000161016,0.004389651671686795,-0.0031337130310048066
BC23944,BC23944_E1,ENSG00000167526,0.14714806729884647,0.1896215420311418
BC23944,BC23944_E1,ENSG00000087086,0.06261299739367057,0.08084694024946149
BC23944,BC23944_E1,ENSG00000130255,0.005476440131316603,0.013889928898972493
BC23944,BC23944_E1,__ambiguous[ENSG00000251357+ENSG00000240972],0.0158607871028728,0.0003159527374682155
BC23944,BC23944_E1,ENSG00000108518,0.06529177377023085,0.0669173298171874
BC23944,BC23944_E1,ENSG00000136942,-0.1170612418772112,-0.15214494916913762
BC23944,BC23944_E1,ENSG00000149273,0.0550947961184439,0.08128237841509434
BC23944,BC23944_E1,ENSG00000197746,0.12340298469981943,0.12276839417050728
BC23944,BC23944_E1,ENSG00000117984,0.011050653059779406,-0.0660608768184522
BC23944,BC23944_E1,ENSG00000179218,-0.0016857596122468012,0.0011178987951156222
BC23944,BC23944_E1,ENSG00000063177,0.10225719978495096,0.1321528036664191
BC23944,BC23944_E1,ENSG00000140264,0.0008528170077474496,-0.00949319592617673
BC23944,BC23944_E1,ENSG00000180879,-0.03074861938766158,-0.028746715143739204
BC23944,BC23944_E1,ENSG00000105193,0.028808588820576377,0.008269655315266104
BC23944,BC23944_E1,ENSG00000221983,0.07222214522139575,0.054909709836797126
BC23944,BC23944_E1,ENSG00000130203,0.2142065697732492,0.21144154965784775
BC23944,BC23944_E1,ENSG00000109062,-0.08547793780024347,-0.11240160675642714
BC23944,BC23944_E1,ENSG00000204628,-0.023561412262097757,-0.012280771212099903
BC23944,BC23944_E1,ENSG00000166441,0.1390867723501045,0.191592112414213
BC23944,BC23944_E1,ENSG00000185624,0.04502024669615231,0.04057970372373144
BC23944,BC23944_E1,ENSG00000142541,0.06537265609558537,0.11842913187434742
BC23944,BC23944_E1,ENSG00000234745,0.041661054610130505,0.03860478483887102
BC23944,BC23944_E1,ENSG00000167996,-0.009793172624862326,-0.03167164003143247
BC23944,BC23944_E1,ENSG00000142534,-0.08611779220774862,-0.10397821863922721
BC23944,BC23944_E1,ENSG00000147403,0.02185593060095324,0.015615878445986352
BC23944,BC23944_E1,ENSG00000140988,-0.01614231253172621,-0.004752396137165547
BC23944,BC23944_E1,ENSG00000089157,0.17762361537839988,0.2468768233117466
BC23944,BC23944_E1,ENSG00000115268,-0.03704411019052684,-0.04001212856729468
BC23944,BC23944_E1,ENSG00000112306,0.09238557905920788,0.09267148868285113
BC23944,BC23944_E1,ENSG00000105640,0.060346665103498814,0.06825477856194491
BC23944,BC23944_E1,ENSG00000171858,0.12611236574312407,0.14935318010773682
BC23944,BC23944_E1,ENSG00000233927,-0.04483011919664485,-0.04546072740508816
BC23944,BC23944_E1,ENSG00000111341,0.13149305915739076,0.13852457220596148
BC23944,BC23944_E1,ENSG00000182774,0.009827013780834943,-0.014896879213987425
BC23944,BC23944_E1,ENSG00000213741,0.14417539790645342,0.1382529198143437
BC23944,BC23944_E1,ENSG00000125691,-0.0008123654389214663,0.004448812919532978
BC23944,BC23944_E1,ENSG00000198034,0.087151546125881,0.10208293072974584
BC23944,BC23944_E1,ENSG00000142676,0.09943699231066339,0.11811082111775081
BC23944,BC23944_E1,ENSG00000149806,0.06988340904717846,0.11409118067569589
BC23944,BC23944_E1,ENSG00000101439,0.0787705343781069,0.11056273837885514
BC23944,BC23944_E1,ENSG00000177954,0.16951564139272168,0.19298745772043432
BC23944,BC23944_E1,ENSG00000170889,-0.055394669847626046,-0.07345600980123265
BC23944,BC23944_E1,ENSG00000019582,-0.030008374600342978,-0.043294660909795876
BC23944,BC23944_E1,ENSG00000204525,0.12414290912871809,0.12597917952607401
BC23944,BC23944_E1,ENSG00000172809,0.09659493995412702,0.09099752845711039
BC23944,BC23944_E1,ENSG00000184009,-0.02640661252639261,-0.09893942004234171
BC23944,BC23944_E1,ENSG00000100316,0.013035592101359898,0.006409854847703421
BC23944,BC23944_E1,ENSG00000137154,0.005023231083116142,0.03069021029128972
BC23944,BC23944_E1,ENSG00000172757,0.17337915667971188,0.22412379952081873
BC23944,BC23944_E1,ENSG00000167995,0.1384307894787536,0.12998847350126466
BC23944,BC23944_E1,ENSG00000204592,0.010129354073265638,-0.04000438734325637
BC23944,BC23944_E1,ENSG00000108821,0.0519082296543335,0.04371326003073803
BC23944,BC23944_E1,__ambiguous[ENSG00000185883+ENSG00000260272],-0.01473075579290145,-0.023830480354635558
BC23944,BC23944_E1,ENSG00000167468,0.07438537271976246,0.04802707613373017
BC23944,BC23944_E1,__ambiguous[ENSG00000254772+ENSG00000255508],0.0027012523644169353,-0.019388317773618262
BC23944,BC23944_E1,ENSG00000142937,-0.016499103192887953,-0.014814955071126977
BC23944,BC23944_E1,ENSG00000083845,-0.054938736393515396,-0.07257409166785703
BC23944,BC23944_E1,ENSG00000135404,0.05336454283150237,0.06599478583138299
BC23944,BC23944_E1,ENSG00000169710,0.4502178712294612,0.48993309188949263
BC23944,BC23944_E1,ENSG00000206503,-0.041140294601885945,-0.05192768661965443
BC23944,BC23944_E1,ENSG00000163191,0.09512104302202605,0.1631329683834425
BC23944,BC23944_E1,ENSG00000156482,0.13071187182252836,0.18862793387062557
BC23944,BC23944_E1,ENSG00000149925,-0.008950387417602665,-0.009935520942228881
BC23944,BC23944_E1,ENSG00000197958,-0.025402567495105995,-0.0403906961380574
BC23944,BC23944_E1,ENSG00000224389,0.0644170616551717,0.06337138477546193
BC23944,BC23944_E1,ENSG00000107223,0.04960201923728539,0.03757382322806023
BC23944,BC23944_E1,ENSG00000231925,0.14683336984249698,0.1189968458691533
BC23944,BC23944_E1,ENSG00000167658,-0.06081571973990033,-0.08183557060425761
BC23944,BC23944_E1,ENSG00000143947,0.07697994959477973,0.08480626275725128
BC23944,BC23944_E1,ENSG00000106624,0.22232441455346413,0.26310600183751237
BC23944,BC23944_E1,ENSG00000108344,0.04122667071068871,0.028733317722036387
BC23944,BC23944_E1,ENSG00000162244,-0.0045355056668624485,0.0069765048543302234
BC23944,BC23944_E1,ENSG00000148303,-0.010287604692652184,-0.024387145699203444
BC23944,BC23944_E1,ENSG00000131469,-0.018895428284235547,-0.007922847653898559
BC23944,BC23944_E1,ENSG00000144713,-0.013880426231010354,-0.010175536886991974
BC23944,BC23944_E1,ENSG00000108639,0.1429919417935317,0.13906519529018468
BC23944,BC23944_E1,ENSG00000174748,0.07178575332362638,0.09409211748455173
BC23944,BC23944_E1,ENSG00000163220,-0.032789537816200504,-0.05376775810194262
BC23944,BC23944_E1,ENSG00000165949,-0.01388402298539909,0.0036244911665040645
BC23944,BC23944_E1,ENSG00000108679,0.0747868589776179,0.06661525296774776
BC23944,BC23944_E1,ENSG00000115884,0.11881405922613565,0.14088201806324702
BC23944,BC23944_E1,ENSG00000106211,0.03354657043833002,0.05121604658597953
BC23944,BC23944_E1,ENSG00000141741,0.024689352504854954,0.03410219621943747
BC23944,BC23944_E1,ENSG00000166710,0.22050177363097356,0.2662525033258775
BC23944,BC23944_E1,ENSG00000172531,0.07339645676155569,0.0690922041493827
BC23944,BC23944_E1,ENSG00000198242,0.1392343531364344,0.1654796866595026
BC23944,BC23944_E1,ENSG00000185825,-0.09618837632914919,-0.1309160313140356
BC23944,BC23944_E1,ENSG00000158710,0.06251266715908421,0.09917243108896034
BC23944,BC23944_E1,ENSG00000145592,0.028598596016812708,0.05115766592120359
BC23944,BC23944_E1,ENSG00000160862,-0.031131287961120756,-0.06713202456638497
BC23944,BC23944_E1,ENSG00000246705,-0.04140156540966905,-0.03315173438190739
BC23944,BC23944_E1,ENSG00000130303,0.05256871460278796,0.04154021098455836
BC23944,BC23944_E1,ENSG00000104904,0.04064884854702112,0.020186254310999296
BC23944,BC23944_E1,ENSG00000279483,0.23398725549706978,0.2609051489471781
BC23944,BC23944_E1,ENSG00000118181,-0.01950276492744354,-0.023516958001851888
BC23944,BC23944_E1,ENSG00000110651,0.0669280071818924,0.08505151550523884
BC23944,BC23944_E1,ENSG00000115457,-0.033721438621144635,-0.057987157488352585
BC23944,BC23944_E1,ENSG00000185499,0.0038982405677158694,0.0167648587079224
BC23944,BC23944_E1,__ambiguous[ENSG00000243678+ENSG00000011052],-0.0049871522296268,0.0077362387616985995
BC23944,BC23944_E1,ENSG00000133112,-0.00028612326791929206,-0.004222075943282495
BC23944,BC23944_E1,ENSG00000117410,0.03448234243712485,0.07001472010893944
BC23944,BC23944_E1,ENSG00000173372,0.07760229977799557,0.05671372156222408
BC23944,BC23944_E1,ENSG00000152082,0.04176842969332143,0.03996364228741933
BC23944,BC23944_E1,ENSG00000030582,-0.12232048570865145,-0.09871983673962659
BC23944,BC23944_E1,ENSG00000092841,0.0769759865675635,0.09983203702740112
BC23944,BC23944_E1,ENSG00000074800,-0.04353811545227152,-0.07078646008488707
BC23944,BC23944_E1,ENSG00000070756,0.040439502616302934,0.0059769834032877625
BC23944,BC23944_E1,ENSG00000142669,0.008907322296389322,-0.035256672976851366
BC23944,BC23944_E1,ENSG00000126267,-0.037452019621656424,-0.04770238917366191
BC23944,BC23944_E1,ENSG00000130208,0.0077379626212489274,-0.019767557972901497
BC23944,BC23944_E1,ENSG00000205542,-0.04804793958075543,-0.026734871192299423
BC23944,BC23944_E1,ENSG00000071082,0.025898646090348074,0.008036531318426356
BC23944,BC23944_E1,__ambiguous[ENSG00000185885+ENSG00000185201],-0.052323101531792905,-0.06856890463572554
BC23944,BC23944_E1,ENSG00000102265,0.0971615322455425,0.1203063829589087
BC23944,BC23944_E1,__ambiguous[ENSG00000124614+ENSG00000270800],0.03563897625340411,0.05117527729677451
BC23944,BC23944_E1,ENSG00000149591,0.0690892420843524,0.103082263013734
BC23944,BC23944_E1,ENSG00000071553,-0.023326397368508157,-0.038273991247002245
BC23944,BC23944_E1,ENSG00000277972,0.066144361457376,0.08563176343283938
BC23944,BC23944_E1,ENSG00000169100,0.046226679697877596,0.03725161612920877
BC23944,BC23944_E1,ENSG00000111057,-0.008312271337227011,-0.016284378155675065
BC23944,BC23944_E1,ENSG00000150991,0.03496345244580463,0.0571270558820093
BC23944,BC23944_E1,ENSG00000255823,0.483314483984719,0.5123571242151458
BC23944,BC23944_E1,ENSG00000143774,-0.0438419728092769,-0.06888119921612766
BC23944,BC23944_E1,ENSG00000160789,0.09614362387323545,0.12044306760543053
BC23944,BC23944_E1,ENSG00000115414,0.14883708190578523,0.22292139322663274
BC23944,BC23944_E1,ENSG00000135480,-0.020393098101356495,-0.029909673124097157
BC23944,BC23944_E1,ENSG00000277791,0.053785852376564795,0.05132457202051949
BC23944,BC23944_E1,ENSG00000163682,0.03626074666771623,0.03267538533996254
BC23944,BC23944_E1,ENSG00000125534,-0.12890324629969024,-0.14901553372075205
BC23944,BC23944_E1,ENSG00000187514,0.11221030730594934,0.16108439412577114
BC23944,BC23944_E1,ENSG00000178719,-0.028836154544928133,-0.027486389017172097
BC23944,BC23944_E1,ENSG00000117450,0.03077741123948151,0.0622695525249656
BC23944,BC23944_E1,ENSG00000162511,0.07734310655850704,0.04800052217182841
BC23944,BC23944_E1,ENSG00000145425,-0.0418045383961888,-0.05124376290902467
BC23944,BC23944_E1,ENSG00000105223,-0.016371959618409967,-0.015853190565474094
BC23944,BC23944_E1,ENSG00000165215,0.09518463669782394,0.0998138185045253
BC23944,BC23944_E1,ENSG00000124664,0.06005251389503949,0.06829346424612097
BC23944,BC23944_E1,ENSG00000196924,0.04258160174974517,0.04009899421968808
BC23944,BC23944_E1,ENSG00000182492,0.12567405460326325,0.15158468219866444
BC23944,BC23944_E1,ENSG00000138326,-0.04299989592470509,-0.040709312630208105
BC23944,BC23944_E1,ENSG00000269028,0.4292628852976855,0.4499794445918061
BC23944,BC23944_E1,ENSG00000131748,0.10917282136191041,0.11522813133550461
BC23944,BC23944_E1,ENSG00000251562,0.023665918380356813,-0.010587013415053024
BC23944,BC23944_E1,ENSG00000204287,0.30127624508796375,0.35715043290850546
BC23944,BC23944_E1,ENSG00000124614,0.03443926568304769,0.05768484113525078
BC23944,BC23944_E1,ENSG00000176340,0.021139952061207345,0.05450406885259013
BC23944,BC23944_E1,ENSG00000182809,0.05945704571283372,0.06521658597670475
BC23944,BC23944_E1,ENSG00000127540,-0.06211397065591723,-0.06862821590326777
BC23944,BC23944_E1,ENSG00000164733,0.11754859237838389,0.1394305313858357
BC23944,BC23944_E1,ENSG00000058262,0.1067378552514214,0.0936987933207397
BC23944,BC23944_E1,__ambiguous[ENSG00000277957+ENSG00000161960],0.286621520391519,0.31963417772403274
BC23944,BC23944_E1,ENSG00000164692,0.07251572396382487,0.07902095527539746
BC23944,BC23944_E1,ENSG00000051523,0.0855956736172198,0.04747230204043085
BC23944,BC23944_E1,ENSG00000026025,0.13336216403086837,0.13591645744187758
BC23944,BC23944_E1,ENSG00000114353,-0.04398667374014811,-0.07210956074827889
BC23944,BC23944_E1,ENSG00000144426,0.015162036726321156,-0.010623860550041593
BC23944,BC23944_E1,ENSG00000169223,0.19509317726793143,0.1921747800502107
BC23944,BC23944_E1,ENSG00000087460,0.14456073842095177,0.18277830602975284
BC23944,BC23944_E1,ENSG00000142089,0.056630688689945884,0.08642611827803832
BC23944,BC23944_E1,ENSG00000141522,-0.029545500128847678,-0.0020826676202045113
BC23944,BC23944_E1,ENSG00000103363,0.013117727829044456,0.024621411725986763
BC23944,BC23944_E1,ENSG00000052344,0.012199275468396227,0.017565081577785694
BC23944,BC23944_E1,__ambiguous[ENSG00000257341+ENSG00000213145],0.03835691057533326,0.07005699365934463
BC23944,BC23944_E1,ENSG00000272196,0.04312491443108163,0.06350156500186586
BC23944,BC23944_E1,ENSG00000114867,0.04327202534776281,0.01591391100946343
BC23944,BC23944_E1,ENSG00000100219,0.16709312443226476,0.19270918388442992
BC23944,BC23944_E1,ENSG00000182899,0.0971886925944467,0.08508872371686342
BC23944,BC23944_E1,ENSG00000104964,0.002724099564618995,-0.02186385706200471
BC23944,BC23944_E1,ENSG00000170315,0.04571133696581004,0.03184164406054281
BC23944,BC23944_E1,ENSG00000111669,-0.08405357875846745,-0.07114755890681504
BC23944,BC23944_E1,ENSG00000184897,-0.020881166829315134,-0.007013666963559917
BC23944,BC23944_E1,ENSG00000142949,0.06876319343918202,0.0641380375337137
BC23944,BC23944_E1,__ambiguous[ENSG00000219200+ENSG00000161939],-0.06511078161083335,-0.05313046637085205
BC23944,BC23944_E1,ENSG00000172354,0.056034543234021864,0.07187178809231566
BC23944,BC23944_E1,ENSG00000123349,0.02766024517424589,0.017029526701633234
BC23944,BC23944_E1,ENSG00000167815,0.031587748925551114,0.027982192713101973
BC23944,BC23944_E1,ENSG00000125730,0.15980683930748588,0.19695997682228875
BC23944,BC23944_E1,ENSG00000160932,0.11849671822448773,0.11101206232507592
BC23944,BC23944_E1,ENSG00000142173,0.04865626509529269,0.07350487085327301
BC23944,BC23944_E1,ENSG00000131143,0.017685147652575256,-0.02598080851630298
BC23944,BC23944_E1,ENSG00000178980,0.0120624126848234,0.011860525328291157
BC23944,BC23944_E1,__ambiguous[ENSG00000262526+ENSG00000170296],0.04062763734032213,0.04401023324197776
BC23944,BC23944_E1,ENSG00000178952,0.04278872713079924,0.0634049797211618
BC23944,BC23944_E1,ENSG00000163479,0.030594466844128136,0.06091719276131458
BC23944,BC23944_E1,ENSG00000197956,0.02372976922283587,0.021263643992013633
BC23944,BC23944_E1,ENSG00000008988,0.06122350476179168,0.06828748147040085
BC23944,BC23944_E1,ENSG00000104529,0.009669957146420872,0.014530317137078268
BC23944,BC23944_E1,ENSG00000155366,0.031760881059095206,0.06487386909120292
BC23944,BC23944_E1,ENSG00000114391,0.018662454329655628,0.05035326402349637
BC23944,BC23944_E1,ENSG00000163399,0.0933665351541425,0.15911557704303372
BC23944,BC23944_E1,ENSG00000174886,-0.07008661151942194,-0.06360460365498131
BC23944,BC23944_E1,__ambiguous[ENSG00000241343+ENSG00000257529],-0.022080388898759608,-0.031963605917477544
BC23944,BC23944_E1,ENSG00000100300,-0.060858544612939505,-0.08981367815168928
BC23944,BC23944_E1,ENSG00000196576,0.006414112227386136,0.05821738558322199
BC23944,BC23944_E1,ENSG00000172270,0.056623534046944125,0.05875700222533672
BC23944,BC23944_E1,ENSG00000126247,-0.03983312868421782,-0.05259965479502702
BC23944,BC23944_E1,ENSG00000143546,-0.037257236911614394,-0.029450345035467097
BC23944,BC23944_E1,ENSG00000124172,0.07448043425720148,0.0919710842292403
BC23944,BC23944_E1,ENSG00000188846,-0.052790324021291,-0.0760696207039347
BC23944,BC23944_E1,ENSG00000145494,-0.11169959449337377,-0.16487546239173353
BC23944,BC23944_E1,ENSG00000171863,0.05532294580248986,0.039905924466417164
BC23944,BC23944_E1,ENSG00000174444,0.05172489324721996,0.04085901864169123
BC23944,BC23944_E1,ENSG00000101335,0.1110264361405563,0.13925282777420253
BC23944,BC23944_E1,ENSG00000213988,0.04460870111641496,0.04435542668426564
BC23944,BC23944_E1,ENSG00000110492,0.00608872446858609,0.011319011149810817
BC23944,BC23944_E1,ENSG00000186468,-0.09395913685398768,-0.10826491643715615
BC23944,BC23944_E1,__ambiguous[ENSG00000273259+ENSG00000196136],-0.04185331246010341,-0.002738265491659553
BC23944,BC23944_E1,ENSG00000125970,0.14731351809701515,0.17087581542401634
BC23944,BC23944_E1,ENSG00000173369,-0.009178503546603684,-0.03235580214092228
BC23944,BC23944_E1,ENSG00000106153,0.024688406891276504,0.057364485198867346
BC23944,BC23944_E1,ENSG00000113140,-0.030768734021309738,0.02296900463237184
BC23944,BC23944_E1,ENSG00000173801,-0.02853598537410809,-0.050440414781071315
BC23944,BC23944_E1,ENSG00000159840,0.12215036506036393,0.13288292525568565
BC23944,BC23944_E1,ENSG00000186010,-0.029372595794548744,-0.05908902535873184
BC23944,BC23944_E1,ENSG00000011304,0.06880242344550618,0.09653849400849102
BC23944,BC23944_E1,ENSG00000171222,0.03380113683685539,-0.011863944979109382
BC23944,BC23944_E1,ENSG00000134419,-0.03434976718385797,-0.023286705052918293
BC23944,BC23944_E1,ENSG00000130725,0.08193655242612102,0.06951993975133715
BC23944,BC23944_E1,ENSG00000135390,-0.041176019221064605,-0.0856324977799095
BC23944,BC23944_E1,ENSG00000173272,0.08498728188326517,0.11072332055981324
BC23944,BC23944_E1,ENSG00000143420,0.029090425971297722,0.03488209499352267
BC23944,BC23944_E1,ENSG00000161960,0.06968255870419696,0.10698557201248747
BC23944,BC23944_E1,ENSG00000109475,0.06681564405642423,0.06468911484943857
BC23944,BC23944_E1,ENSG00000214530,0.06691531477407898,0.06483843893741194
BC23944,BC23944_E1,ENSG00000170421,0.03847326771889256,0.0752750392167545
BC23944,BC23944_E1,ENSG00000279274,0.101107602117353,0.11030695231906587
BC23944,BC23944_E1,ENSG00000168542,0.039194896609128525,0.045153360743855175
BC23944,BC23944_E1,ENSG00000123989,-0.006960725158599037,0.012343362850194012
BC23944,BC23944_E1,ENSG00000177700,-0.03637844204039175,-0.038553684222808665
BC23944,BC23944_E1,ENSG00000135940,0.02017966904165084,0.052671053459062936
BC23944,BC23944_E1,ENSG00000141738,0.05902073678020531,0.10671325613062568
BC23944,BC23944_E1,ENSG00000176046,0.018209318450480506,0.046576022041433934
BC23944,BC23944_E1,ENSG00000123416,0.03895745271034075,0.04284166509642546
BC23944,BC23944_E1,ENSG00000141753,-0.0022580354156337312,-0.045022730712616296
BC23944,BC23944_E1,ENSG00000184840,-0.06283112736324603,-0.09234984037289151
BC23944,BC23944_E2,ENSG00000034510,0.03289624067818534,0.031103105080882234
BC23944,BC23944_E2,ENSG00000111640,0.08115520324022607,0.12412502843150505
BC23944,BC23944_E2,ENSG00000177600,0.12070447378054218,0.17435116735360576
BC23944,BC23944_E2,ENSG00000137818,0.30246797857610547,0.3893998616467101
BC23944,BC23944_E2,ENSG00000171345,0.13987044590320613,0.1793098615535949
BC23944,BC23944_E2,ENSG00000231500,0.012561334659239086,0.013208986050300938
BC23944,BC23944_E2,ENSG00000164587,0.0362856672192052,0.03223029623386369
BC23944,BC23944_E2,ENSG00000254709,0.002201991447716056,-0.0052818582579530335
BC23944,BC23944_E2,ENSG00000075624,0.00946460803607077,0.022486126493445446
BC23944,BC23944_E2,ENSG00000108107,0.09178383625901425,0.12351114482937187
BC23944,BC23944_E2,ENSG00000141736,0.13314598383630324,0.1371912332404006
BC23944,BC23944_E2,ENSG00000197756,0.08812302157516826,0.12329928601519648
BC23944,BC23944_E2,ENSG00000105372,0.09160678233746984,0.14175349853144936
BC23944,BC23944_E2,ENSG00000108298,-0.13535447597582453,-0.17292308633668865
BC23944,BC23944_E2,ENSG00000161016,-0.01458308698929329,-0.033511139532019285
BC23944,BC23944_E2,ENSG00000167526,0.16948639159263515,0.21469951246398855
BC23944,BC23944_E2,ENSG00000087086,-0.025073509876509033,-0.0384063959593702
BC23944,BC23944_E2,ENSG00000130255,0.08918372476432704,0.10561782169340644
BC23944,BC23944_E2,__ambiguous[ENSG00000251357+ENSG00000240972],0.06449544184499807,0.03566225350861272
BC23944,BC23944_E2,ENSG00000108518,0.030872745715510824,0.03906425393919552
BC23944,BC23944_E2,ENSG00000136942,0.003330639460617544,-0.044572979726856615
BC23944,BC23944_E2,ENSG00000149273,0.008665529617008238,-0.009696672705377525
BC23944,BC23944_E2,ENSG00000197746,0.004595462511725556,0.018409290504098584
BC23944,BC23944_E2,ENSG00000117984,-0.1859233127798622,-0.23647487855689137
BC23944,BC23944_E2,ENSG00000179218,-0.08682530920923971,-0.09473324330330718
BC23944,BC23944_E2,ENSG00000063177,0.005198118517305597,-0.008494877912889994
BC23944,BC23944_E2,ENSG00000140264,-0.01658153435739741,-0.025688396319917563
BC23944,BC23944_E2,ENSG00000180879,-0.032603384025585484,-0.04315046615949676
BC23944,BC23944_E2,ENSG00000105193,0.04482723215838125,0.0689166182483334
BC23944,BC23944_E2,ENSG00000221983,0.000973183719504669,0.01730957786919501
BC23944,BC23944_E2,ENSG00000130203,0.17279955936228683,0.16118111612136815
BC23944,BC23944_E2,ENSG00000109062,-0.13903318630242995,-0.14419814858548702
BC23944,BC23944_E2,ENSG00000204628,0.016064426577296752,0.021062448657090296
BC23944,BC23944_E2,ENSG00000166441,0.14005788888831217,0.1686664401268315
BC23944,BC23944_E2,ENSG00000185624,0.011611128428079683,0.03067291914836117
BC23944,BC23944_E2,ENSG00000142541,0.22267282681607045,0.2925341783878074
BC23944,BC23944_E2,ENSG00000234745,0.05472237721217668,0.038999639497377205
BC23944,BC23944_E2,ENSG00000167996,-0.06629238165817312,-0.06904917212285386
BC23944,BC23944_E2,ENSG00000142534,0.023038350929249104,0.06063651784768027
BC23944,BC23944_E2,ENSG00000147403,0.05664493312427365,0.06175626012558783
BC23944,BC23944_E2,ENSG00000140988,0.013777869738244195,0.014890417322742208
BC23944,BC23944_E2,ENSG00000089157,0.10394794085932037,0.15729242703196092
BC23944,BC23944_E2,ENSG00000115268,-0.05408605093244419,-0.04574230288230446
BC23944,BC23944_E2,ENSG00000112306,0.09238120277429192,0.11004136237946444
BC23944,BC23944_E2,ENSG00000105640,0.07091444287163823,0.10287203942431124
BC23944,BC23944_E2,ENSG00000171858,0.02060133052770055,0.0021971906885391084
BC23944,BC23944_E2,ENSG00000233927,0.11842297178019667,0.10810435174960267
BC23944,BC23944_E2,ENSG00000111341,0.05624814439238691,0.09296250927089553
BC23944,BC23944_E2,ENSG00000182774,0.050557800945099235,0.04762147435425169
BC23944,BC23944_E2,ENSG00000213741,0.08587443468042603,0.08874307509637674
BC23944,BC23944_E2,ENSG00000125691,0.026160090347900712,0.06602930530546139
BC23944,BC23944_E2,ENSG00000198034,0.12410974445953436,0.1533009839905915
BC23944,BC23944_E2,ENSG00000142676,0.061781931737717385,0.07374528851690385
BC23944,BC23944_E2,ENSG00000149806,0.00961624526312069,0.02237183460865897
BC23944,BC23944_E2,ENSG00000101439,0.022672644091933758,0.0030760710063332387
BC23944,BC23944_E2,ENSG00000177954,0.019754657854659585,0.07803682497624964
BC23944,BC23944_E2,ENSG00000170889,0.04090892510848302,0.0454898076951538
BC23944,BC23944_E2,ENSG00000019582,-0.012339520917097759,-0.026813207977465472
BC23944,BC23944_E2,ENSG00000204525,0.04800089471254583,0.04969330048676053
BC23944,BC23944_E2,ENSG00000172809,0.02020800207732744,0.014890278143982165
BC23944,BC23944_E2,ENSG00000184009,0.07155600787606525,0.0834364457839322
BC23944,BC23944_E2,ENSG00000100316,0.057776839503597764,0.09114157643808676
BC23944,BC23944_E2,ENSG00000137154,-0.017604000182086858,-0.03568262496864363
BC23944,BC23944_E2,ENSG00000172757,0.04869277392939469,0.06229294184813664
BC23944,BC23944_E2,ENSG00000167995,0.020555888638203564,0.025576659043838684
BC23944,BC23944_E2,ENSG00000204592,0.0004900408896967575,-0.03871298001224509
BC23944,BC23944_E2,ENSG00000108821,0.03611501487913623,0.0669092824526154
BC23944,BC23944_E2,__ambiguous[ENSG00000185883+ENSG00000260272],-0.03195935156987828,-0.05303737662222242
BC23944,BC23944_E2,ENSG00000167468,-0.004422611453849245,-0.02191574670362048
BC23944,BC23944_E2,__ambiguous[ENSG00000254772+ENSG00000255508],-0.054906327015030267,-0.08125243232839617
BC23944,BC23944_E2,ENSG00000142937,0.04477087039364274,0.03284186592554875
BC23944,BC23944_E2,ENSG00000083845,0.058165011026650525,0.08573290105418696
BC23944,BC23944_E2,ENSG00000135404,-0.13051539145232208,-0.17506577471492388
BC23944,BC23944_E2,ENSG00000169710,0.4388133546521016,0.46618946434742403
BC23944,BC23944_E2,ENSG00000206503,0.04738572072576847,0.042977228470685
BC23944,BC23944_E2,ENSG00000163191,-0.03599370226040994,-0.02888789872571234
BC23944,BC23944_E2,ENSG00000156482,-0.06451804857078922,-0.04189044306680727
BC23944,BC23944_E2,ENSG00000149925,-0.056672657217308464,-0.09770562801332208
BC23944,BC23944_E2,ENSG00000197958,-0.02445800312674428,-0.04155848961213234
BC23944,BC23944_E2,ENSG00000224389,0.046329652208619974,0.06542714604380294
BC23944,BC23944_E2,ENSG00000107223,0.010169436125105848,0.015667332148076547
BC23944,BC23944_E2,ENSG00000231925,0.12296639086423267,0.10832261068612004
BC23944,BC23944_E2,ENSG00000167658,0.045684413018384634,0.022708789329427787
BC23944,BC23944_E2,ENSG00000143947,0.0573415447234931,0.03868581188574214
BC23944,BC23944_E2,ENSG00000106624,0.02094217454296651,0.0392885757377398
BC23944,BC23944_E2,ENSG00000108344,-0.009286785568883654,-0.016169252720373756
BC23944,BC23944_E2,ENSG00000162244,-0.029785769728165854,-0.05204872072604431
BC23944,BC23944_E2,ENSG00000148303,-0.041603292436398834,-0.06870264897804977
BC23944,BC23944_E2,ENSG00000131469,-0.09477299084609693,-0.12323480970211924
BC23944,BC23944_E2,ENSG00000144713,-0.009948293041573127,0.01121943842894999
BC23944,BC23944_E2,ENSG00000108639,0.07709459279829431,0.07115671552558411
BC23944,BC23944_E2,ENSG00000174748,0.021238643154777474,0.052415100307249884
BC23944,BC23944_E2,ENSG00000163220,-0.13313857573230697,-0.11408550819465389
BC23944,BC23944_E2,ENSG00000165949,0.05582166602991488,0.06362256691970407
BC23944,BC23944_E2,ENSG00000108679,-0.03950799354402358,-0.040198809071487686
BC23944,BC23944_E2,ENSG00000115884,-0.024538885651209583,-0.025510178038613034
BC23944,BC23944_E2,ENSG00000106211,0.05534569395453334,0.08076954325123338
BC23944,BC23944_E2,ENSG00000141741,0.01415617391815105,0.022502540577486956
BC23944,BC23944_E2,ENSG00000166710,0.07721657110872729,0.10805983527560552
BC23944,BC23944_E2,ENSG00000172531,0.06880753203339615,0.04696305044473079
BC23944,BC23944_E2,ENSG00000198242,0.00016605116828713131,0.03766644288359757
BC23944,BC23944_E2,ENSG00000185825,-0.11331849196003403,-0.1147905956668852
BC23944,BC23944_E2,ENSG00000158710,0.039095814502217774,0.03508443489779699
BC23944,BC23944_E2,ENSG00000145592,-0.007599975266308494,-0.021495343764145337
BC23944,BC23944_E2,ENSG00000160862,-0.0882049388384877,-0.08986454431861157
BC23944,BC23944_E2,ENSG00000246705,-0.05421856458993203,-0.07375259444118244
BC23944,BC23944_E2,ENSG00000130303,-0.04613829816002559,-0.04757791553589829
BC23944,BC23944_E2,ENSG00000104904,-0.021995462404114697,-0.04687581912341798
BC23944,BC23944_E2,ENSG00000279483,0.029456983626212813,0.060049727326501545
BC23944,BC23944_E2,ENSG00000118181,-0.0022163556353317075,-0.02018086652584149
BC23944,BC23944_E2,ENSG00000110651,0.051639258561532904,0.09627813532391635
BC23944,BC23944_E2,ENSG00000115457,0.014036353030428295,0.004647664953445421
BC23944,BC23944_E2,ENSG00000185499,0.07332325036689966,0.08077963305027369
BC23944,BC23944_E2,__ambiguous[ENSG00000243678+ENSG00000011052],-0.052580506181218865,-0.055333408298380966
BC23944,BC23944_E2,ENSG00000133112,-0.028253517928093677,-0.06951938582439286
BC23944,BC23944_E2,ENSG00000117410,0.04686055129599845,0.05668374127083362
BC23944,BC23944_E2,ENSG00000173372,-0.0319712111425136,-0.03454155615709495
BC23944,BC23944_E2,ENSG00000152082,0.03853149580329241,0.04260544746172723
BC23944,BC23944_E2,ENSG00000030582,-0.04455588387803297,-0.06497104563157814
BC23944,BC23944_E2,ENSG00000092841,0.10009933797116295,0.11780109606933627
BC23944,BC23944_E2,ENSG00000074800,-0.10693794176654933,-0.11316184401444218
BC23944,BC23944_E2,ENSG00000070756,0.13582043566024452,0.1365471649675532
BC23944,BC23944_E2,ENSG00000142669,-0.0197619482424408,-0.03729378245185495
BC23944,BC23944_E2,ENSG00000126267,-0.011908486485809788,-0.014704616610897621
BC23944,BC23944_E2,ENSG00000130208,-0.15875185143470175,-0.16419594806125698
BC23944,BC23944_E2,ENSG00000205542,0.16913475069099426,0.17908528125215137
BC23944,BC23944_E2,ENSG00000071082,0.027073334303604705,0.04570429816919814
BC23944,BC23944_E2,__ambiguous[ENSG00000185885+ENSG00000185201],0.02941279225306733,0.049911964221881135
BC23944,BC23944_E2,ENSG00000102265,0.01918226867422018,0.030932476397527196
BC23944,BC23944_E2,__ambiguous[ENSG00000124614+ENSG00000270800],0.08136388517475658,0.09619613230175357
BC23944,BC23944_E2,ENSG00000149591,0.11463006227580393,0.13254386410632507
BC23944,BC23944_E2,ENSG00000071553,0.006137751590281396,-0.00465883780781797
BC23944,BC23944_E2,ENSG00000277972,0.018053389531839405,0.02601419182073895
BC23944,BC23944_E2,ENSG00000169100,0.019534599211520544,0.005553446580013854
BC23944,BC23944_E2,ENSG00000111057,-0.10800399499280167,-0.11775879523980066
BC23944,BC23944_E2,ENSG00000150991,0.010309253214743993,-0.02557418645922444
BC23944,BC23944_E2,ENSG00000255823,0.35385459005665576,0.381515865594077
BC23944,BC23944_E2,ENSG00000143774,0.01064690083062836,-0.0062877761485434554
BC23944,BC23944_E2,ENSG00000160789,0.022992908033335552,-0.00457125892084987
BC23944,BC23944_E2,ENSG00000115414,0.11474210601215301,0.15432020834210108
BC23944,BC23944_E2,ENSG00000135480,-0.03180654886276792,-0.03295278816017166
BC23944,BC23944_E2,ENSG00000277791,-0.08870024233676432,-0.08454973194219698
BC23944,BC23944_E2,ENSG00000163682,0.06341668761802695,0.07802370272512119
BC23944,BC23944_E2,ENSG00000125534,-0.08338710610925888,-0.07124686535568438
BC23944,BC23944_E2,ENSG00000187514,0.17669876845458507,0.19900535795878468
BC23944,BC23944_E2,ENSG00000178719,-0.026077544593104008,-0.01281030406518856
BC23944,BC23944_E2,ENSG00000117450,-0.025298506661612766,-0.02092009247312631
BC23944,BC23944_E2,ENSG00000162511,0.0144859641131204,0.014522707922793898
BC23944,BC23944_E2,ENSG00000145425,-0.021833953358542133,0.02505179169221356
BC23944,BC23944_E2,ENSG00000105223,0.005210030399592903,-0.01579723914754709
BC23944,BC23944_E2,ENSG00000165215,0.034718041822695715,0.03322413923698601
BC23944,BC23944_E2,ENSG00000124664,0.06375826590812952,0.08372765750460595
BC23944,BC23944_E2,ENSG00000196924,-0.00862211140282648,0.008281225565518807
BC23944,BC23944_E2,ENSG00000182492,0.04027669037860028,0.05379742759471656
BC23944,BC23944_E2,ENSG00000138326,-0.006626957208078978,-0.03871090679966375
BC23944,BC23944_E2,ENSG00000269028,0.29961660420246655,0.3351817885193702
BC23944,BC23944_E2,ENSG00000131748,-0.08820798245450774,-0.11380845343099544
BC23944,BC23944_E2,ENSG00000251562,0.025178610306720663,0.0016376559709822777
BC23944,BC23944_E2,ENSG00000204287,0.1311612332962932,0.12991441500179365
BC23944,BC23944_E2,ENSG00000124614,0.08386120033270837,0.08794075177994518
BC23944,BC23944_E2,ENSG00000176340,0.013429658782717303,-0.012192444616102865
BC23944,BC23944_E2,ENSG00000182809,0.0745755808090633,0.07768782178166528
BC23944,BC23944_E2,ENSG00000127540,-0.013168755684139114,-0.01076941200067168
BC23944,BC23944_E2,ENSG00000164733,-0.08157436966557764,-0.12249442926240317
BC23944,BC23944_E2,ENSG00000058262,0.10745510959966832,0.08856516482468146
BC23944,BC23944_E2,__ambiguous[ENSG00000277957+ENSG00000161960],0.07300612064218914,0.0677549709718132
BC23944,BC23944_E2,ENSG00000164692,0.11142747624470412,0.11716370228513756
BC23944,BC23944_E2,ENSG00000051523,0.022806444433743286,-0.02055408523483108
BC23944,BC23944_E2,ENSG00000026025,0.05785326675272052,0.0630712070023053
BC23944,BC23944_E2,ENSG00000114353,-0.04812585036943174,-0.052527966405266864
BC23944,BC23944_E2,ENSG00000144426,-0.005143517036354014,0.01666538430169798
BC23944,BC23944_E2,ENSG00000169223,-0.021502334381338084,-0.02537260719098483
BC23944,BC23944_E2,ENSG00000087460,0.09119684566136763,0.11087516139339401
BC23944,BC23944_E2,ENSG00000142089,-0.03406016744625636,-0.008190315859932098
BC23944,BC23944_E2,ENSG00000141522,0.03224482199247337,0.03401794743304681
BC23944,BC23944_E2,ENSG00000103363,0.022583239931817004,0.0072975048791134286
BC23944,BC23944_E2,ENSG00000052344,-0.016119787235715787,-0.03144589328330637
BC23944,BC23944_E2,__ambiguous[ENSG00000257341+ENSG00000213145],0.1092837486668375,0.11109504304778844
BC23944,BC23944_E2,ENSG00000272196,0.00039546717698417426,-0.016927876525227366
BC23944,BC23944_E2,ENSG00000114867,0.04879982063034582,0.05347971572817219
BC23944,BC23944_E2,ENSG00000100219,0.049995426134564286,0.0614495824889566
BC23944,BC23944_E2,ENSG00000182899,0.07294220829941149,0.09162219772701263
BC23944,BC23944_E2,ENSG00000104964,0.028739813061055317,0.021939877230395134
BC23944,BC23944_E2,ENSG00000170315,0.08462574276316122,0.0671975909606165
BC23944,BC23944_E2,ENSG00000111669,0.07152287450304735,0.07102012096311722
BC23944,BC23944_E2,ENSG00000184897,-0.0447906878547566,-0.06623647537917768
BC23944,BC23944_E2,ENSG00000142949,-0.05519732723738256,-0.07629424339800538
BC23944,BC23944_E2,__ambiguous[ENSG00000219200+ENSG00000161939],-0.04383628596532496,-0.03695713485266278
BC23944,BC23944_E2,ENSG00000172354,0.019597421741520262,0.016181938101208354
BC23944,BC23944_E2,ENSG00000123349,-0.03996701913379316,-0.052789485986638796
BC23944,BC23944_E2,ENSG00000167815,0.048082227443246854,0.01943693380087971
BC23944,BC23944_E2,ENSG00000125730,0.20549944265443748,0.24908683584599908
BC23944,BC23944_E2,ENSG00000160932,-0.003783434419674437,-0.032121320853619836
BC23944,BC23944_E2,ENSG00000142173,-0.002333196376403341,-0.02783645151804633
BC23944,BC23944_E2,ENSG00000131143,0.021883732911813215,-0.0022195077544551545
BC23944,BC23944_E2,ENSG00000178980,0.011330641518909125,0.016212637880131588
BC23944,BC23944_E2,__ambiguous[ENSG00000262526+ENSG00000170296],-0.030980891651699042,-0.04334772108812969
BC23944,BC23944_E2,ENSG00000178952,-0.049329828120437916,-0.06213666124858741
BC23944,BC23944_E2,ENSG00000163479,-0.04183522376722975,-0.0472510389094455
BC23944,BC23944_E2,ENSG00000197956,0.0331597800171276,-0.01583519472762641
BC23944,BC23944_E2,ENSG00000008988,0.08536482190357389,0.11268910042940061
BC23944,BC23944_E2,ENSG00000104529,-0.04507118858016497,-0.11338816452282706
BC23944,BC23944_E2,ENSG00000155366,-0.0248247863710673,-0.027357830922031035
BC23944,BC23944_E2,ENSG00000114391,-0.009089504626442023,-0.03738453233313435
BC23944,BC23944_E2,ENSG00000163399,0.03501533562776967,0.03168352166427617
BC23944,BC23944_E2,ENSG00000174886,-0.0074220674916374175,-0.04884731789213715
BC23944,BC23944_E2,__ambiguous[ENSG00000241343+ENSG00000257529],0.06740864059306564,0.043426696163458504
BC23944,BC23944_E2,ENSG00000100300,-0.004255498023972886,-0.02916180976274008
BC23944,BC23944_E2,ENSG00000196576,0.04944396841646042,0.013117479774162133
BC23944,BC23944_E2,ENSG00000172270,0.004501070093442794,-0.004645039020925052
BC23944,BC23944_E2,ENSG00000126247,-0.09399554027494401,-0.09502532371566576
BC23944,BC23944_E2,ENSG00000143546,0.058095390736773035,0.03226679779486669
BC23944,BC23944_E2,ENSG00000124172,-0.06533815351971435,-0.08432524003185637
BC23944,BC23944_E2,ENSG00000188846,-0.03826291185979156,-0.051953736234121126
BC23944,BC23944_E2,ENSG00000145494,-0.0071604102011403915,-0.07068949863381786
BC23944,BC23944_E2,ENSG00000171863,0.033254470993640026,0.00491654001982683
BC23944,BC23944_E2,ENSG00000174444,0.03987695357993734,0.027313216896281373
BC23944,BC23944_E2,ENSG00000101335,0.03234099305750602,0.06634534613985822
BC23944,BC23944_E2,ENSG00000213988,0.020273521114038646,0.018222236898392856
BC23944,BC23944_E2,ENSG00000110492,-0.009721889396293678,-0.0062251390777025755
BC23944,BC23944_E2,ENSG00000186468,-0.08314284882241267,-0.08462174182754581
BC23944,BC23944_E2,__ambiguous[ENSG00000273259+ENSG00000196136],0.06156056627503034,0.04749980767203761
BC23944,BC23944_E2,ENSG00000125970,0.10275332509819869,0.12804376809725845
BC23944,BC23944_E2,ENSG00000173369,0.08971938568774449,0.0622901668040273
BC23944,BC23944_E2,ENSG00000106153,-0.007056878754577495,-0.015429126002433385
BC23944,BC23944_E2,ENSG00000113140,0.12027012288257219,0.11330351222574418
BC23944,BC23944_E2,ENSG00000173801,-0.05103993573553075,-0.046960877689821295
BC23944,BC23944_E2,ENSG00000159840,0.03534743208330515,0.04887509950345463
BC23944,BC23944_E2,ENSG00000186010,0.022220529298353744,-0.004939506401191147
BC23944,BC23944_E2,ENSG00000011304,-0.030086419251965806,-0.04652208338765111
BC23944,BC23944_E2,ENSG00000171222,0.055901806599436395,0.001996916679678186
BC23944,BC23944_E2,ENSG00000134419,0.03931324675913093,0.024008580394447
BC23944,BC23944_E2,ENSG00000130725,0.025452854101123096,0.02354494927300738
BC23944,BC23944_E2,ENSG00000135390,-0.0524094708611259,-0.05590826044262409
BC23944,BC23944_E2,ENSG00000173272,0.0024001112594271077,0.029145318135045777
BC23944,BC23944_E2,ENSG00000143420,-0.043805744478009216,-0.03299460565518035
BC23944,BC23944_E2,ENSG00000161960,0.1393371688967385,0.1650873519230376
BC23944,BC23944_E2,ENSG00000109475,0.06515404301754596,0.07470923031564482
BC23944,BC23944_E2,ENSG00000214530,-0.10791399506698904,-0.11552573143482361
BC23944,BC23944_E2,ENSG00000170421,0.03883389593675284,0.056331528124231485
BC23944,BC23944_E2,ENSG00000279274,0.144513254919199,0.14177821188580125
BC23944,BC23944_E2,ENSG00000168542,0.029552721770219073,0.04522425386582777
BC23944,BC23944_E2,ENSG00000123989,0.12107328690229902,0.09842649593195717
BC23944,BC23944_E2,ENSG00000177700,-0.06149082825108826,-0.04894131532236179
BC23944,BC23944_E2,ENSG00000135940,0.09117396625032156,0.05716671986409376
BC23944,BC23944_E2,ENSG00000141738,0.053845230360787276,0.07465674046116251
BC23944,BC23944_E2,ENSG00000176046,0.0460706466852942,0.04250251476545261
BC23944,BC23944_E2,ENSG00000123416,0.04440785329559852,0.03432627027545887
BC23944,BC23944_E2,ENSG00000141753,0.09845203947064843,0.1113983289657747
BC23944,BC23944_E2,ENSG00000184840,-0.004577093015802083,-0.006198360076196583
BC24044,BC24044_D2,ENSG00000034510,0.12313376977487205,0.14586951243349483
BC24044,BC24044_D2,ENSG00000171345,0.09874276846084076,0.09761819762441029
BC24044,BC24044_D2,ENSG00000137818,0.21760394453227677,0.21740853964377704
BC24044,BC24044_D2,ENSG00000111640,0.130131651120742,0.1577883956124954
BC24044,BC24044_D2,ENSG00000177600,0.02679760323802317,-0.03284698713804453
BC24044,BC24044_D2,ENSG00000231500,0.05640277363916725,0.02899384793535591
BC24044,BC24044_D2,ENSG00000254709,0.11707448896105799,0.08282758826624763
BC24044,BC24044_D2,ENSG00000164587,0.10146867246582066,0.09740362450267236
BC24044,BC24044_D2,ENSG00000075624,0.2550958800979253,0.28713094737306766
BC24044,BC24044_D2,ENSG00000108107,0.06001134434053553,0.03282660025608633
BC24044,BC24044_D2,ENSG00000197756,-0.034733473443798485,-0.08278644247917175
BC24044,BC24044_D2,ENSG00000161016,-0.052832652689313454,-0.09177837253831879
BC24044,BC24044_D2,ENSG00000087086,0.11048417891262304,0.11097418724413691
BC24044,BC24044_D2,ENSG00000108298,-0.056188201994501225,-0.06071337831561693
BC24044,BC24044_D2,ENSG00000105372,-0.08860627133385794,-0.12525956088098456
BC24044,BC24044_D2,ENSG00000141736,0.39757220485883316,0.45017125007956477
BC24044,BC24044_D2,ENSG00000108518,0.07083001047905475,0.08918413430496003
BC24044,BC24044_D2,ENSG00000117984,0.07470382493429452,0.06235404541652509
BC24044,BC24044_D2,ENSG00000197746,0.17066914682745885,0.18288715432188038
BC24044,BC24044_D2,__ambiguous[ENSG00000251357+ENSG00000240972],-0.035402010546097096,-0.037283806631676124
BC24044,BC24044_D2,ENSG00000167526,0.05535906613290635,0.06424680157552311
BC24044,BC24044_D2,ENSG00000130255,-0.027451531745154918,-0.027321087394388044
BC24044,BC24044_D2,ENSG00000130203,0.20002871488721075,0.19140267498695332
BC24044,BC24044_D2,ENSG00000140264,-0.010461150768936332,0.0017493184111261777
BC24044,BC24044_D2,ENSG00000179218,-0.004236741032805195,-0.0024704993353975987
BC24044,BC24044_D2,ENSG00000109062,0.09190676630399686,0.11072147121385298
BC24044,BC24044_D2,ENSG00000063177,0.006288534944277914,-0.009321797686670867
BC24044,BC24044_D2,ENSG00000136942,-0.23855301760457415,-0.29162045119511437
BC24044,BC24044_D2,ENSG00000185624,0.1691826196816599,0.17970770479384773
BC24044,BC24044_D2,ENSG00000180879,0.056233401089120345,0.05948595451775914
BC24044,BC24044_D2,ENSG00000149273,0.06346867697528528,0.06036343453851725
BC24044,BC24044_D2,ENSG00000105193,0.031665131243978704,0.0026175989027473843
BC24044,BC24044_D2,ENSG00000234745,0.2285086460617986,0.22623955856797337
BC24044,BC24044_D2,ENSG00000221983,0.007266921432167466,0.012310382340318395
BC24044,BC24044_D2,ENSG00000167996,0.04459772659444657,0.047753260566896466
BC24044,BC24044_D2,ENSG00000204628,-0.030283029962497685,-0.03124101440460537
BC24044,BC24044_D2,ENSG00000147403,0.09992219052887737,0.09916485172545061
BC24044,BC24044_D2,ENSG00000142541,0.13572593809042796,0.1236111685612886
BC24044,BC24044_D2,ENSG00000166441,0.03300437259175827,0.020867175250102524
BC24044,BC24044_D2,ENSG00000089157,-0.05093675951570372,-0.08251642106956619
BC24044,BC24044_D2,ENSG00000140988,-0.0058121922099596615,-0.007475327165262967
BC24044,BC24044_D2,ENSG00000171858,-0.00886454031897044,-0.03778546834763712
BC24044,BC24044_D2,ENSG00000142534,0.010203736614582251,0.016602849243200355
BC24044,BC24044_D2,ENSG00000112306,0.13348916793713267,0.11493068140721516
BC24044,BC24044_D2,ENSG00000115268,0.04974412834719756,0.04732077018443616
BC24044,BC24044_D2,ENSG00000182774,0.0637379395406306,0.025826724842942635
BC24044,BC24044_D2,ENSG00000125691,-0.09791772077873573,-0.09918969396560404
BC24044,BC24044_D2,ENSG00000198034,0.2353105017025272,0.25891518541249625
BC24044,BC24044_D2,ENSG00000184009,0.3259320116758847,0.38527699723414144
BC24044,BC24044_D2,ENSG00000213741,0.16583718893074115,0.13649604771138638
BC24044,BC24044_D2,ENSG00000111341,-0.22617688385855053,-0.28687009697213084
BC24044,BC24044_D2,ENSG00000233927,-0.0064925228768580165,-0.008953040777817054
BC24044,BC24044_D2,ENSG00000204525,0.15365605980828176,0.15800272561036374
BC24044,BC24044_D2,ENSG00000108821,0.07219394276183026,0.10744512965346598
BC24044,BC24044_D2,ENSG00000169710,0.3229357617096613,0.31977196372678696
BC24044,BC24044_D2,ENSG00000105640,0.12767104145616506,0.13703428366529302
BC24044,BC24044_D2,ENSG00000101439,0.2027555465272946,0.21683004430187133
BC24044,BC24044_D2,ENSG00000172809,0.2079186951856879,0.19059204134771243
BC24044,BC24044_D2,ENSG00000149806,0.069407755697946,0.057401740949571047
BC24044,BC24044_D2,ENSG00000142676,0.026866243962737863,0.005217123919391477
BC24044,BC24044_D2,ENSG00000137154,0.20597823067893029,0.20138801488118485
BC24044,BC24044_D2,ENSG00000019582,0.257366705378792,0.2475807550195913
BC24044,BC24044_D2,ENSG00000177954,0.06787651586378918,0.02578767357895105
BC24044,BC24044_D2,ENSG00000167995,-0.12842917973256787,-0.15277213731723913
BC24044,BC24044_D2,ENSG00000185499,-0.07584937309266893,-0.05979031577294151
BC24044,BC24044_D2,ENSG00000224389,0.05609617724889027,0.07343093747774623
BC24044,BC24044_D2,ENSG00000170889,0.016489106713742308,-0.002972329405766205
BC24044,BC24044_D2,ENSG00000100316,0.022982397003129287,-0.021667250960001494
BC24044,BC24044_D2,__ambiguous[ENSG00000185883+ENSG00000260272],0.10815976103418046,0.1221485963054233
BC24044,BC24044_D2,ENSG00000204592,-0.0012649170636308711,-0.028190448385236988
BC24044,BC24044_D2,ENSG00000172757,0.03924534108474277,0.05335864389934812
BC24044,BC24044_D2,ENSG00000108344,0.08091023935205968,0.12877935444216368
BC24044,BC24044_D2,ENSG00000135404,-0.005335177306384207,0.006671975552651471
BC24044,BC24044_D2,ENSG00000156482,0.12262868240507308,0.10319680844633376
BC24044,BC24044_D2,ENSG00000149925,-0.01880065304393822,-0.030780644017536916
BC24044,BC24044_D2,ENSG00000231925,0.09856992304884432,0.11146486262869293
BC24044,BC24044_D2,ENSG00000206503,0.12951021698641405,0.13576406938571073
BC24044,BC24044_D2,ENSG00000163191,0.12196791527145794,0.17863978720808923
BC24044,BC24044_D2,ENSG00000165949,-0.07811731953168707,-0.05899056247324677
BC24044,BC24044_D2,ENSG00000106624,0.1462391656119929,0.14108809550221582
BC24044,BC24044_D2,ENSG00000108639,0.24692503707164823,0.27268530636445415
BC24044,BC24044_D2,ENSG00000167468,0.06768288886264824,0.08168268101846879
BC24044,BC24044_D2,ENSG00000160862,0.005917109294319216,-0.008179466293814698
BC24044,BC24044_D2,ENSG00000142937,0.22522945228247188,0.24258268934459712
BC24044,BC24044_D2,ENSG00000108679,0.0494520180955517,0.05963423592033152
BC24044,BC24044_D2,ENSG00000106211,0.14626622823181967,0.15743310998932494
BC24044,BC24044_D2,ENSG00000083845,0.05570663964986971,0.06180447965968945
BC24044,BC24044_D2,ENSG00000166710,0.3833463524548909,0.36974915043373546
BC24044,BC24044_D2,ENSG00000131469,0.0740764721454583,0.07526462687477906
BC24044,BC24044_D2,ENSG00000197958,0.0939618138856272,0.09685985364458992
BC24044,BC24044_D2,ENSG00000143947,0.16637375743125932,0.1523295793762182
BC24044,BC24044_D2,ENSG00000174748,0.1449975136137142,0.1356664022418373
BC24044,BC24044_D2,ENSG00000198242,-0.05129793436157529,-0.07204798932581559
BC24044,BC24044_D2,ENSG00000167658,0.055968802926340974,0.06552897942720759
BC24044,BC24044_D2,__ambiguous[ENSG00000254772+ENSG00000255508],-0.05375014841510762,-0.06614687767274308
BC24044,BC24044_D2,ENSG00000107223,0.005293452507199883,0.030025706053503694
BC24044,BC24044_D2,__ambiguous[ENSG00000243678+ENSG00000011052],0.08641615420051146,0.11581212107581162
BC24044,BC24044_D2,ENSG00000162244,0.007187890064179895,-0.0015826231225937787
BC24044,BC24044_D2,ENSG00000158710,-0.0857460439979566,-0.09622369804261616
BC24044,BC24044_D2,ENSG00000185825,0.05480130593351179,0.04014544763033976
BC24044,BC24044_D2,ENSG00000145592,0.08580687959961807,0.10321605968344057
BC24044,BC24044_D2,ENSG00000172531,0.09664649275395418,0.12072207089489181
BC24044,BC24044_D2,ENSG00000130208,0.08343626484791786,0.09163762730444265
BC24044,BC24044_D2,ENSG00000246705,-0.06267661590934331,-0.05974084220848748
BC24044,BC24044_D2,ENSG00000144713,0.006945780685523615,0.010694789261212884
BC24044,BC24044_D2,__ambiguous[ENSG00000185885+ENSG00000185201],-0.012802827453690935,-0.03776336996075579
BC24044,BC24044_D2,ENSG00000115884,0.1953942667522151,0.2722872021767468
BC24044,BC24044_D2,ENSG00000152082,0.016545112701001605,0.04184588699365585
BC24044,BC24044_D2,ENSG00000104904,0.13014714352412896,0.15214262321896865
BC24044,BC24044_D2,ENSG00000130303,0.047142641039650456,0.055348953822806635
BC24044,BC24044_D2,ENSG00000115457,0.1175476455264299,0.14876689779648913
BC24044,BC24044_D2,ENSG00000148303,0.07815183430061348,0.10390292203177677
BC24044,BC24044_D2,ENSG00000141741,0.14756305999102234,0.18376922529445625
BC24044,BC24044_D2,ENSG00000133112,0.33253334106034255,0.35191225646292357
BC24044,BC24044_D2,ENSG00000118181,0.16076751720166313,0.14332265477505116
BC24044,BC24044_D2,ENSG00000030582,0.1253530339166892,0.11380554845035763
BC24044,BC24044_D2,__ambiguous[ENSG00000257341+ENSG00000213145],0.0926055990979537,0.0981679073464404
BC24044,BC24044_D2,ENSG00000110651,0.006876046631924516,0.0026975742758073686
BC24044,BC24044_D2,ENSG00000071553,0.14653705620587998,0.16895058111391478
BC24044,BC24044_D2,ENSG00000115414,0.33055439446097806,0.37300823340680367
BC24044,BC24044_D2,ENSG00000178719,0.056188923379358,0.06602744329823848
BC24044,BC24044_D2,ENSG00000277972,0.1021408334452653,0.10364005001249753
BC24044,BC24044_D2,ENSG00000111057,0.019977355120258628,0.02152268636592959
BC24044,BC24044_D2,ENSG00000117410,0.2022388840548332,0.2570420907303418
BC24044,BC24044_D2,ENSG00000173372,0.018141853599491265,0.004261856298727303
BC24044,BC24044_D2,ENSG00000126267,0.07483434019037459,0.08800074588141141
BC24044,BC24044_D2,ENSG00000279483,0.34608447224738603,0.368152021619282
BC24044,BC24044_D2,ENSG00000150991,0.10190100140708329,0.14251242600097622
BC24044,BC24044_D2,ENSG00000071082,0.22548018532452693,0.24857612948768693
BC24044,BC24044_D2,ENSG00000074800,0.023688630876419252,0.05097741221801395
BC24044,BC24044_D2,ENSG00000205542,0.38841639540794753,0.41040212874551335
BC24044,BC24044_D2,ENSG00000105223,0.052439063725354375,0.05666912331841356
BC24044,BC24044_D2,ENSG00000143774,0.002149707418283601,-0.004308234966281626
BC24044,BC24044_D2,ENSG00000092841,0.014958380941072108,-0.005035539423234031
BC24044,BC24044_D2,ENSG00000117450,0.23062009335604933,0.3261426832521527
BC24044,BC24044_D2,ENSG00000160789,0.0903737054862063,0.10316231157084013
BC24044,BC24044_D2,ENSG00000164733,0.1823925998285556,0.21139531879392123
BC24044,BC24044_D2,ENSG00000142669,0.10668183795658527,0.09876244285700628
BC24044,BC24044_D2,ENSG00000169100,0.020356638307224808,0.03937088046041033
BC24044,BC24044_D2,ENSG00000165215,0.14584386932811924,0.1834799614453104
BC24044,BC24044_D2,ENSG00000070756,0.15824735875811236,0.19739461871145472
BC24044,BC24044_D2,ENSG00000124664,0.10328699366963652,0.12468230162615469
BC24044,BC24044_D2,ENSG00000102265,0.09230881877347764,0.08858027242608087
BC24044,BC24044_D2,ENSG00000164692,0.09124370145846586,0.10241721452866899
BC24044,BC24044_D2,ENSG00000277791,0.11205926863311058,0.16770396174338753
BC24044,BC24044_D2,ENSG00000272196,0.08593161721316563,0.12018485805872936
BC24044,BC24044_D2,ENSG00000163682,0.3532689480193405,0.3711943672912222
BC24044,BC24044_D2,ENSG00000182492,0.049148882561461486,0.04603448218283309
BC24044,BC24044_D2,ENSG00000162511,0.2121807183665158,0.21034948960075892
BC24044,BC24044_D2,ENSG00000164919,-0.03282973476191037,-0.04634183705505409
BC24044,BC24044_D2,ENSG00000251562,0.1444618220322044,0.17462863851821087
BC24044,BC24044_D2,ENSG00000204287,0.4195008603268899,0.43205078995233054
BC24044,BC24044_D2,ENSG00000138326,0.2687537475048505,0.27668621775012786
BC24044,BC24044_D2,ENSG00000145425,0.12829598912041518,0.13444971842501466
BC24044,BC24044_D2,ENSG00000255823,0.55867682991367,0.5909586072185593
BC24044,BC24044_D2,ENSG00000149591,0.1389599213195928,0.13858920971457314
BC24044,BC24044_D2,ENSG00000182809,0.14007446746349647,0.15469895293531383
BC24044,BC24044_D2,__ambiguous[ENSG00000124614+ENSG00000270800],0.024756542986560975,0.008148676401629192
BC24044,BC24044_D2,ENSG00000142089,0.014983241250860651,0.0462247289439031
BC24044,BC24044_D2,ENSG00000100219,0.28321116038191035,0.30849717438397267
BC24044,BC24044_D2,__ambiguous[ENSG00000273259+ENSG00000196136],0.007458569546280002,0.002595318958891161
BC24044,BC24044_D2,ENSG00000125534,0.002535836545519132,-0.005184959593432939
BC24044,BC24044_D2,ENSG00000176340,-0.08429955001467118,-0.09958158842714229
BC24044,BC24044_D2,ENSG00000187514,0.5069065787980466,0.5384222239744378
BC24044,BC24044_D2,__ambiguous[ENSG00000277957+ENSG00000161960],0.21163802890710323,0.21059017476642605
BC24044,BC24044_D2,ENSG00000127540,0.007843099722474225,0.03489836869905384
BC24044,BC24044_D2,ENSG00000141522,-0.06724064843323767,-0.025526909282843225
BC24044,BC24044_D2,ENSG00000087460,0.36273929122693505,0.37190911036395663
BC24044,BC24044_D2,ENSG00000178980,0.10403256769338373,0.1241365775947519
BC24044,BC24044_D2,ENSG00000058262,0.12569223836020943,0.14062215322131558
BC24044,BC24044_D2,ENSG00000170315,0.14125221454320913,0.16716296625497173
BC24044,BC24044_D2,ENSG00000269028,0.6050330856877051,0.6232038956987771
BC24044,BC24044_D2,ENSG00000052344,0.14357494330303058,0.1639874964545458
BC24044,BC24044_D2,ENSG00000026025,0.14403631619136234,0.12817354611446843
BC24044,BC24044_D2,ENSG00000169223,0.0907502863203067,0.12572792682622155
BC24044,BC24044_D2,ENSG00000114867,0.0725385666515388,0.09260481877568554
BC24044,BC24044_D2,ENSG00000103363,-0.04513489609761007,-0.03106744760305195
BC24044,BC24044_D2,ENSG00000114353,0.13896198431880144,0.1531775263518544
BC24044,BC24044_D2,ENSG00000144426,0.03597169742652431,0.04801099374476538
BC24044,BC24044_D2,ENSG00000184897,0.13907086230649154,0.15061283630207642
BC24044,BC24044_D2,ENSG00000196924,0.015447239777718376,0.043129199857391026
BC24044,BC24044_D2,ENSG00000131748,0.10933012834451428,0.13292698890759624
BC24044,BC24044_D2,ENSG00000104529,0.06922617589848669,0.06256040762505537
BC24044,BC24044_D2,ENSG00000172354,0.14996708960604657,0.18743580393720288
BC24044,BC24044_D2,ENSG00000008988,0.26955882768708034,0.28431357738002416
BC24044,BC24044_D2,ENSG00000214530,0.02033239291993444,0.02305051125119191
BC24044,BC24044_D2,ENSG00000182899,0.11455949800078201,0.10266145356759299
BC24044,BC24044_D2,ENSG00000124614,-0.0019272831072535937,-0.02063789631814818
BC24044,BC24044_D2,ENSG00000178952,0.06741435818239053,0.0875297564930751
BC24044,BC24044_D2,ENSG00000100300,0.1029681267756697,0.12709277816659822
BC24044,BC24044_D2,ENSG00000167815,0.0019381901434904186,0.03373197895353936
BC24044,BC24044_D2,ENSG00000163479,-0.007432917293589084,-0.0040511087407881854
BC24044,BC24044_D2,ENSG00000160180,0.0017843179472817247,0.020293707694155082
BC24044,BC24044_D2,ENSG00000124172,0.19370409664668858,0.20523440612601407
BC24044,BC24044_D2,ENSG00000163220,-0.017024903959317193,-0.03492287847555839
BC24044,BC24044_D2,ENSG00000163399,0.2732408701306431,0.2620380458741311
BC24044,BC24044_D2,__ambiguous[ENSG00000219200+ENSG00000161939],0.1289987870461747,0.13259908189436342
BC24044,BC24044_D2,ENSG00000104964,0.05412175189767716,0.04939833184090158
BC24044,BC24044_D2,ENSG00000173801,0.07626742360762634,0.09260647608902052
BC24044,BC24044_D2,ENSG00000123349,0.05595917300620179,0.03807655814004607
BC24044,BC24044_D2,ENSG00000135480,0.19297093690936223,0.21571640823334445
BC24044,BC24044_D2,ENSG00000168528,0.03702240891730064,0.029867608092781887
BC24044,BC24044_D2,ENSG00000187608,-0.016045048085792993,-0.032203032061763455
BC24044,BC24044_D2,ENSG00000155366,0.06306401924741975,0.06509233283970851
BC24044,BC24044_D2,ENSG00000142173,0.11366017392317357,0.11896723490004983
BC24044,BC24044_D2,ENSG00000114391,0.11288935084617002,0.10419790503377906
BC24044,BC24044_D2,ENSG00000131143,0.08703717527174142,0.11118725351484615
BC24044,BC24044_D2,__ambiguous[ENSG00000241343+ENSG00000257529],0.24165568585632863,0.2382067053779811
BC24044,BC24044_D2,ENSG00000173272,0.027123872649747936,0.04378292758890953
BC24044,BC24044_D2,ENSG00000143420,0.10338988486054489,0.12299161982693459
BC24044,BC24044_D2,ENSG00000142949,0.191533560434771,0.25696169871711444
BC24044,BC24044_D2,ENSG00000160932,0.02097741566739945,0.03153840199305555
BC24044,BC24044_D2,ENSG00000161960,0.2583882278361553,0.2776164468855028
BC24044,BC24044_D2,ENSG00000197956,-0.01399662830347239,-0.046423287514816794
BC24044,BC24044_D2,ENSG00000051523,-0.10111693747896201,-0.09556913989211034
BC24044,BC24044_D2,__ambiguous[ENSG00000262526+ENSG00000170296],0.02649694420045466,0.013363826125627169
BC24044,BC24044_D2,ENSG00000147684,0.03466103087807273,0.045279866970779306
BC24044,BC24044_D2,ENSG00000170421,0.13705189866505316,0.17033112177545848
BC24044,BC24044_D2,ENSG00000113140,0.07728132708287992,0.06772608015669897
BC24044,BC24044_D2,ENSG00000126247,0.026848186553404218,0.033923005053798645
BC24044,BC24044_D2,ENSG00000177700,0.017444250720449264,0.020788619920810564
BC24044,BC24044_D2,ENSG00000188846,0.005813179150295306,-0.002940253141404419
BC24044,BC24044_D2,ENSG00000174444,0.08578527025923177,0.10201785172469
BC24044,BC24044_D2,ENSG00000186468,0.24083431810748876,0.22867609445548218
BC24044,BC24044_D2,ENSG00000196576,0.29829357217182345,0.31879028525049086
BC24044,BC24044_D2,ENSG00000171222,-0.01893965021622073,0.013259082463048761
BC24044,BC24044_D2,ENSG00000132475,0.32648202348621147,0.3271405806915072
BC24044,BC24044_D2,ENSG00000106153,0.05331238234073882,0.06551150896445619
BC24044,BC24044_D2,ENSG00000168542,0.13255746990326123,0.1220403572310371
BC24044,BC24044_D2,ENSG00000111669,0.023952891619201208,0.038165090126989286
BC24044,BC24044_D2,ENSG00000173369,0.021096237114006353,0.010648253438679568
BC24044,BC24044_D2,ENSG00000174886,0.027511752077580488,0.012108449524803845
BC24044,BC24044_D2,ENSG00000125970,0.12193601169904755,0.14810227119603495
BC24044,BC24044_D2,ENSG00000147604,0.07908155713814648,0.08489276035720644
BC24044,BC24044_D2,ENSG00000096384,0.3624275999460249,0.3750682842006761
BC24044,BC24044_D2,ENSG00000171863,0.21607957021747826,0.2443694371382837
BC24044,BC24044_D2,ENSG00000135390,0.04823450953061906,0.06313926076652189
BC24044,BC24044_D2,ENSG00000130725,0.12520730371401653,0.18628203469351615
BC24044,BC24044_D2,ENSG00000176046,0.025162734701176682,0.023843865407756
BC24044,BC24044_D2,ENSG00000132507,0.11142116978478696,0.11091781350256276
BC24044,BC24044_D2,ENSG00000123416,0.2461208969443177,0.29062418946821594
BC24044,BC24044_D2,ENSG00000186010,-0.013154319635029306,-0.045266761560079576
BC24044,BC24044_D2,ENSG00000213988,0.07601657605499694,0.07441113363670587
BC24044,BC24044_D2,ENSG00000145494,-0.08626962438544108,-0.07033449967726005
BC24044,BC24044_D2,ENSG00000125730,0.1946747206959075,0.18750018636307103
BC24044,BC24044_D2,ENSG00000172270,0.029252635417251573,0.039516374512847376
BC24044,BC24044_D2,ENSG00000184840,-0.0899532767233053,-0.10933327850695079
BC24044,BC24044_D2,ENSG00000134419,0.17132992446183912,0.17706029908070883
BC24044,BC24044_D2,ENSG00000109475,0.21640285606722479,0.20310984672876772
BC24044,BC24044_D2,ENSG00000135940,-0.034741961353973144,-0.02100934260076371
BC24044,BC24044_E1,ENSG00000034510,0.241927357882336,0.2419566607716661
BC24044,BC24044_E1,ENSG00000171345,0.11329463345361408,0.11943325536030841
BC24044,BC24044_E1,ENSG00000137818,0.220154248647427,0.24206949426371363
BC24044,BC24044_E1,ENSG00000111640,0.21238380615235014,0.222848138450858
BC24044,BC24044_E1,ENSG00000177600,0.016411532614172917,-0.04061983745073817
BC24044,BC24044_E1,ENSG00000231500,-0.009544069715074814,-0.01849528532579547
BC24044,BC24044_E1,ENSG00000254709,0.22090226143178102,0.22573494481052894
BC24044,BC24044_E1,ENSG00000164587,0.1663879775755659,0.1843030018533241
BC24044,BC24044_E1,ENSG00000075624,0.2731530011065705,0.2874041892379271
BC24044,BC24044_E1,ENSG00000108107,0.04601019955131719,0.011147747420810513
BC24044,BC24044_E1,ENSG00000197756,0.07671105690237671,0.05220345392977379
BC24044,BC24044_E1,ENSG00000161016,0.02136677615257814,-0.013492035715474877
BC24044,BC24044_E1,ENSG00000087086,0.05509355505362256,0.057344900178446886
BC24044,BC24044_E1,ENSG00000108298,-0.08531288039519207,-0.0833379355975841
BC24044,BC24044_E1,ENSG00000105372,0.005823881627247688,-0.021546129587775697
BC24044,BC24044_E1,ENSG00000141736,0.43885837459521376,0.4891700354257543
BC24044,BC24044_E1,ENSG00000108518,0.10817886149120708,0.12924819276862096
BC24044,BC24044_E1,ENSG00000117984,0.0896061899036624,0.07878588902199331
BC24044,BC24044_E1,ENSG00000197746,0.16109722448458774,0.17918717406097306
BC24044,BC24044_E1,__ambiguous[ENSG00000251357+ENSG00000240972],-0.04515878377746977,-0.07729023212163456
BC24044,BC24044_E1,ENSG00000167526,-0.07018299461038818,-0.11621336188461837
BC24044,BC24044_E1,ENSG00000130255,0.03565987923039253,0.018517962519335972
BC24044,BC24044_E1,ENSG00000130203,0.16867988955296725,0.17542233560348194
BC24044,BC24044_E1,ENSG00000140264,0.028390507725398775,0.03067081903894338
BC24044,BC24044_E1,ENSG00000179218,0.06313380269957797,0.06927231978437375
BC24044,BC24044_E1,ENSG00000109062,0.0354577654575403,0.057964638290048554
BC24044,BC24044_E1,ENSG00000063177,0.08520159253076766,0.06936618999555874
BC24044,BC24044_E1,ENSG00000136942,-0.1212116151880115,-0.15461655182803832
BC24044,BC24044_E1,ENSG00000185624,0.1169061636822734,0.13784904561786168
BC24044,BC24044_E1,ENSG00000180879,0.11954726468442682,0.1707086947429859
BC24044,BC24044_E1,ENSG00000149273,0.009458193512609632,0.00609573093492494
BC24044,BC24044_E1,ENSG00000105193,0.07262836104940076,0.065615175654014
BC24044,BC24044_E1,ENSG00000234745,0.2904290099777831,0.31372117560101404
BC24044,BC24044_E1,ENSG00000221983,0.05327014107992135,0.030761231343365163
BC24044,BC24044_E1,ENSG00000167996,0.08194793437382349,0.11505056735984376
BC24044,BC24044_E1,ENSG00000204628,-0.03887150142203779,-0.02002422953082609
BC24044,BC24044_E1,ENSG00000147403,0.11509978096547581,0.12810004211894455
BC24044,BC24044_E1,ENSG00000142541,0.011588079063948913,-0.003826400741722297
BC24044,BC24044_E1,ENSG00000166441,0.08489307500332474,0.05500618302561707
BC24044,BC24044_E1,ENSG00000089157,0.013037706633524139,-0.002851613718419234
BC24044,BC24044_E1,ENSG00000140988,0.04472914551462372,0.04410253837207536
BC24044,BC24044_E1,ENSG00000171858,0.06644628463944194,0.05023997368945205
BC24044,BC24044_E1,ENSG00000142534,0.03863612234570771,0.00823450285933525
BC24044,BC24044_E1,ENSG00000112306,0.18415957284487258,0.21079853997855194
BC24044,BC24044_E1,ENSG00000115268,0.02210496014626986,0.01929467604597414
BC24044,BC24044_E1,ENSG00000182774,0.1102595496882508,0.11277386713638216
BC24044,BC24044_E1,ENSG00000125691,-0.10401035524138737,-0.11391557031347785
BC24044,BC24044_E1,ENSG00000198034,0.16353683039515135,0.16302514872352872
BC24044,BC24044_E1,ENSG00000184009,0.38651362393508265,0.42528558564542235
BC24044,BC24044_E1,ENSG00000213741,0.13942602066148818,0.14164120229921054
BC24044,BC24044_E1,ENSG00000111341,-0.3471824720312796,-0.4173501369754546
BC24044,BC24044_E1,ENSG00000233927,0.08507369253061091,0.10068619383196431
BC24044,BC24044_E1,ENSG00000204525,0.18399770190473888,0.18512405001466373
BC24044,BC24044_E1,ENSG00000108821,0.18698734166369954,0.22008402610178776
BC24044,BC24044_E1,ENSG00000169710,0.30189021459333887,0.3202774118985806
BC24044,BC24044_E1,ENSG00000105640,0.0642372042614521,0.057392273282472366
BC24044,BC24044_E1,ENSG00000101439,0.10573210548887155,0.11180947795040701
BC24044,BC24044_E1,ENSG00000172809,0.12117814936368118,0.12293248453049405
BC24044,BC24044_E1,ENSG00000149806,0.10030696237879036,0.09475938601010657
BC24044,BC24044_E1,ENSG00000142676,0.03211163661300803,0.03215447342083149
BC24044,BC24044_E1,ENSG00000137154,0.2009947306546366,0.1927218241508984
BC24044,BC24044_E1,ENSG00000019582,0.15546888024984715,0.13436434333497646
BC24044,BC24044_E1,ENSG00000177954,0.055733256174474395,0.04264426753778255
BC24044,BC24044_E1,ENSG00000167995,-0.035391210420499274,-0.022549158885758116
BC24044,BC24044_E1,ENSG00000185499,0.029175544746913445,0.03433597649586557
BC24044,BC24044_E1,ENSG00000224389,0.09626601563908647,0.12694202491091644
BC24044,BC24044_E1,ENSG00000170889,0.0438831027026758,0.025227126108242803
BC24044,BC24044_E1,ENSG00000100316,0.045035384671532196,0.02551156446188694
BC24044,BC24044_E1,__ambiguous[ENSG00000185883+ENSG00000260272],0.05841730704922351,0.09043244049062704
BC24044,BC24044_E1,ENSG00000204592,0.025628081505178556,0.012958960696015927
BC24044,BC24044_E1,ENSG00000172757,-0.05926871500693713,-0.06613843452687686
BC24044,BC24044_E1,ENSG00000108344,0.07154578957351455,0.08315721805109574
BC24044,BC24044_E1,ENSG00000135404,0.0055628247948252925,0.027430912075254284
BC24044,BC24044_E1,ENSG00000156482,0.09860383424702736,0.10391385534202903
BC24044,BC24044_E1,ENSG00000149925,0.05720356695057523,0.057647162941231095
BC24044,BC24044_E1,ENSG00000231925,0.050968692845007234,0.08416020304928112
BC24044,BC24044_E1,ENSG00000206503,0.14810800867961973,0.14750718373990812
BC24044,BC24044_E1,ENSG00000163191,0.19350756773300865,0.22552106559751034
BC24044,BC24044_E1,ENSG00000165949,-0.01967323563147738,-0.014487280526479436
BC24044,BC24044_E1,ENSG00000106624,0.15978633109034418,0.15406361390893197
BC24044,BC24044_E1,ENSG00000108639,0.08605584429356983,0.1407435980569044
BC24044,BC24044_E1,ENSG00000167468,0.1050189719771388,0.10936082870248874
BC24044,BC24044_E1,ENSG00000160862,0.02268314347834293,-0.009325251082263288
BC24044,BC24044_E1,ENSG00000142937,0.1695984439444024,0.16861708698166844
BC24044,BC24044_E1,ENSG00000108679,0.0729156446861377,0.09123378955952148
BC24044,BC24044_E1,ENSG00000106211,0.11088813179948674,0.14793452367857637
BC24044,BC24044_E1,ENSG00000083845,0.07380410047249396,0.08110592557168225
BC24044,BC24044_E1,ENSG00000166710,0.4681221114331578,0.46153315676804857
BC24044,BC24044_E1,ENSG00000131469,0.09423388471327586,0.08173221095689558
BC24044,BC24044_E1,ENSG00000197958,0.05796956840275719,0.0675642292423472
BC24044,BC24044_E1,ENSG00000143947,0.22511685780910787,0.2442724515421037
BC24044,BC24044_E1,ENSG00000174748,0.1875367811868557,0.19894063789080393
BC24044,BC24044_E1,ENSG00000198242,-0.009712972354744139,-0.04574781990956053
BC24044,BC24044_E1,ENSG00000167658,0.0590396245682414,0.09544431918746188
BC24044,BC24044_E1,__ambiguous[ENSG00000254772+ENSG00000255508],0.002744455962570337,-0.02471068562591825
BC24044,BC24044_E1,ENSG00000107223,0.08757964829187889,0.10888671222595293
BC24044,BC24044_E1,__ambiguous[ENSG00000243678+ENSG00000011052],0.14921590502927826,0.16646161669707563
BC24044,BC24044_E1,ENSG00000162244,-0.006612748979622205,-0.00656847882899744
BC24044,BC24044_E1,ENSG00000158710,0.0026327713273250394,0.005720499785451677
BC24044,BC24044_E1,ENSG00000185825,0.012254748964893314,0.025865875470299945
BC24044,BC24044_E1,ENSG00000145592,0.20955247700333524,0.22203154233829814
BC24044,BC24044_E1,ENSG00000172531,0.1095986424953461,0.1481914928599487
BC24044,BC24044_E1,ENSG00000130208,0.11597753788153588,0.16905541551047198
BC24044,BC24044_E1,ENSG00000246705,-0.04849955604610342,-0.08099758173612612
BC24044,BC24044_E1,ENSG00000144713,0.025369977520372032,0.04944856913428968
BC24044,BC24044_E1,__ambiguous[ENSG00000185885+ENSG00000185201],-0.07005529110674905,-0.09618956575933243
BC24044,BC24044_E1,ENSG00000115884,0.1416888290166117,0.21006756685262054
BC24044,BC24044_E1,ENSG00000152082,-0.025649556229134163,-0.015815353204285298
BC24044,BC24044_E1,ENSG00000104904,0.082104131478621,0.1327858441924473
BC24044,BC24044_E1,ENSG00000130303,0.08164509397338722,0.07091132667353055
BC24044,BC24044_E1,ENSG00000115457,0.07303813003444498,0.12348396871497119
BC24044,BC24044_E1,ENSG00000148303,0.002432392770384442,0.025920633639292423
BC24044,BC24044_E1,ENSG00000141741,0.1377107975781722,0.16657816345835316
BC24044,BC24044_E1,ENSG00000133112,0.4459785798624852,0.4360873806593028
BC24044,BC24044_E1,ENSG00000118181,0.25512641840226113,0.2752358053764578
BC24044,BC24044_E1,ENSG00000030582,0.015086864022468775,0.018769282342535856
BC24044,BC24044_E1,__ambiguous[ENSG00000257341+ENSG00000213145],0.0555590269199762,0.05503064447297948
BC24044,BC24044_E1,ENSG00000110651,0.021310405381924125,0.02079590057708056
BC24044,BC24044_E1,ENSG00000071553,0.1354719015617675,0.17331633735201013
BC24044,BC24044_E1,ENSG00000115414,0.409419052983116,0.44968417508275615
BC24044,BC24044_E1,ENSG00000178719,0.0703179239568197,0.09116667680866532
BC24044,BC24044_E1,ENSG00000277972,0.07745932140752594,0.09552402996963989
BC24044,BC24044_E1,ENSG00000111057,-0.008289671787355242,0.02327754182017121
BC24044,BC24044_E1,ENSG00000117410,0.18436151562684014,0.23374015288208452
BC24044,BC24044_E1,ENSG00000173372,0.058953002475532555,0.04567483935698346
BC24044,BC24044_E1,ENSG00000126267,0.05190910295654407,0.06815470907742058
BC24044,BC24044_E1,ENSG00000279483,0.26382268199853304,0.29135070181107925
BC24044,BC24044_E1,ENSG00000150991,0.24056083712070345,0.2811916310414856
BC24044,BC24044_E1,ENSG00000071082,0.2121201811341053,0.24295248147335874
BC24044,BC24044_E1,ENSG00000074800,0.0347351680618153,0.02726854542096486
BC24044,BC24044_E1,ENSG00000205542,0.3684808287072055,0.3886124234870546
BC24044,BC24044_E1,ENSG00000105223,0.09268838492506849,0.12008375222439602
BC24044,BC24044_E1,ENSG00000143774,0.10700196003495234,0.10489604154627534
BC24044,BC24044_E1,ENSG00000092841,0.043595924859552965,0.03949968164650737
BC24044,BC24044_E1,ENSG00000117450,0.2858310044398503,0.38837397594608886
BC24044,BC24044_E1,ENSG00000160789,0.06659315226033356,0.06908844866792573
BC24044,BC24044_E1,ENSG00000164733,0.06076666054829506,0.07255401481376267
BC24044,BC24044_E1,ENSG00000142669,0.07625509009719324,0.0958797936624759
BC24044,BC24044_E1,ENSG00000169100,0.08594917478803044,0.09138150682855124
BC24044,BC24044_E1,ENSG00000165215,0.12152035777493259,0.16691745692882248
BC24044,BC24044_E1,ENSG00000070756,0.37365916736196214,0.4394209120530049
BC24044,BC24044_E1,ENSG00000124664,0.14409828362176444,0.16928903357554725
BC24044,BC24044_E1,ENSG00000102265,0.11498917316365008,0.11959434110749174
BC24044,BC24044_E1,ENSG00000164692,0.10205944387884512,0.1379451815497031
BC24044,BC24044_E1,ENSG00000277791,0.2139936465796992,0.28443287175090914
BC24044,BC24044_E1,ENSG00000272196,0.12169394664621153,0.15322232739682742
BC24044,BC24044_E1,ENSG00000163682,0.35072581838435285,0.3914808506517946
BC24044,BC24044_E1,ENSG00000182492,0.1269727154925578,0.11909363296404889
BC24044,BC24044_E1,ENSG00000162511,0.16907198389094108,0.1636319349513389
BC24044,BC24044_E1,ENSG00000164919,-0.010015794792017786,-0.04345304649127502
BC24044,BC24044_E1,ENSG00000251562,0.017123739453831596,0.034039746757940796
BC24044,BC24044_E1,ENSG00000204287,0.435719507042254,0.45411718361924647
BC24044,BC24044_E1,ENSG00000138326,0.2350563146586107,0.23180576380416695
BC24044,BC24044_E1,ENSG00000145425,0.15776698976346631,0.1820219639826984
BC24044,BC24044_E1,ENSG00000255823,0.47416936324233766,0.49738090920244526
BC24044,BC24044_E1,ENSG00000149591,0.12469449501352192,0.12764132280657683
BC24044,BC24044_E1,ENSG00000182809,0.12239156495120823,0.16197763475933535
BC24044,BC24044_E1,__ambiguous[ENSG00000124614+ENSG00000270800],0.08335534326403381,0.08001999169336568
BC24044,BC24044_E1,ENSG00000142089,0.06108480756975759,0.0389790194925023
BC24044,BC24044_E1,ENSG00000100219,0.16933854073646606,0.17707888460403315
BC24044,BC24044_E1,__ambiguous[ENSG00000273259+ENSG00000196136],-0.026724413287427116,-0.03483557999178366
BC24044,BC24044_E1,ENSG00000125534,0.05560789514190871,0.03614763333976427
BC24044,BC24044_E1,ENSG00000176340,0.057516795762706414,0.045212119987639104
BC24044,BC24044_E1,ENSG00000187514,0.5250392872804824,0.5567388677307357
BC24044,BC24044_E1,__ambiguous[ENSG00000277957+ENSG00000161960],0.21672562342694687,0.251624237052188
BC24044,BC24044_E1,ENSG00000127540,-0.04061758804661302,-0.03785873226454545
BC24044,BC24044_E1,ENSG00000141522,0.019452669631482254,0.05475938303519256
BC24044,BC24044_E1,ENSG00000087460,0.41170715080871884,0.4200807600229443
BC24044,BC24044_E1,ENSG00000178980,0.08654695893535139,0.10316633226490925
BC24044,BC24044_E1,ENSG00000058262,0.12272107186468212,0.1658424926151118
BC24044,BC24044_E1,ENSG00000170315,0.20289449538964305,0.2184789977248482
BC24044,BC24044_E1,ENSG00000269028,0.54299806076716,0.5643292235530954
BC24044,BC24044_E1,ENSG00000052344,0.11035689300282438,0.1634181538247717
BC24044,BC24044_E1,ENSG00000026025,0.11880175324445813,0.10083429687549861
BC24044,BC24044_E1,ENSG00000169223,0.13327939931896934,0.1843430089585209
BC24044,BC24044_E1,ENSG00000114867,0.14075136547253794,0.14845589802357087
BC24044,BC24044_E1,ENSG00000103363,0.04872663003088078,0.05946598983193223
BC24044,BC24044_E1,ENSG00000114353,0.08924158121705922,0.09769679635348151
BC24044,BC24044_E1,ENSG00000144426,0.08162592288648783,0.10507557013009104
BC24044,BC24044_E1,ENSG00000184897,0.12334354714734083,0.12992168624308947
BC24044,BC24044_E1,ENSG00000196924,0.1021425034926059,0.11011941829194224
BC24044,BC24044_E1,ENSG00000131748,0.09662084311171036,0.12637992682146196
BC24044,BC24044_E1,ENSG00000104529,0.06666974574117035,0.06707153343557543
BC24044,BC24044_E1,ENSG00000172354,0.005727871120452078,0.02523500681000068
BC24044,BC24044_E1,ENSG00000008988,0.15591261553393146,0.18133349936521054
BC24044,BC24044_E1,ENSG00000214530,-0.05609183357663409,-0.047582180837270206
BC24044,BC24044_E1,ENSG00000182899,0.19403812032149803,0.19147090386595825
BC24044,BC24044_E1,ENSG00000124614,0.054931710993166225,0.08347747931211905
BC24044,BC24044_E1,ENSG00000178952,0.03144343091843837,0.07785802097393865
BC24044,BC24044_E1,ENSG00000100300,0.04804050655290313,0.10904125117651929
BC24044,BC24044_E1,ENSG00000167815,0.1273146374813656,0.15825572173642177
BC24044,BC24044_E1,ENSG00000163479,-0.007100456811168451,0.005204151528188353
BC24044,BC24044_E1,ENSG00000160180,0.00835481038541679,-0.010346363761156302
BC24044,BC24044_E1,ENSG00000124172,0.2632493345243989,0.28797623673239636
BC24044,BC24044_E1,ENSG00000163220,-0.019484971899394667,-0.02763493213071155
BC24044,BC24044_E1,ENSG00000163399,0.34439841821237804,0.34642061309851463
BC24044,BC24044_E1,__ambiguous[ENSG00000219200+ENSG00000161939],0.06090411035845959,0.03447016985873714
BC24044,BC24044_E1,ENSG00000104964,0.06015402048082203,0.06382167136160671
BC24044,BC24044_E1,ENSG00000173801,0.017210732815116397,0.03381974785945395
BC24044,BC24044_E1,ENSG00000123349,0.013643025548172845,0.020053263193090462
BC24044,BC24044_E1,ENSG00000135480,0.138472549666447,0.14991644186767547
BC24044,BC24044_E1,ENSG00000168528,0.05478957470715596,0.07739207441759546
BC24044,BC24044_E1,ENSG00000187608,-0.058707408918380506,-0.05808144762997041
BC24044,BC24044_E1,ENSG00000155366,0.06799975782057271,0.09825130679514961
BC24044,BC24044_E1,ENSG00000142173,0.13215793159625971,0.13022527645599719
BC24044,BC24044_E1,ENSG00000114391,0.0890804011067128,0.09310490514781493
BC24044,BC24044_E1,ENSG00000131143,0.08283106807706875,0.0991067857335824
BC24044,BC24044_E1,__ambiguous[ENSG00000241343+ENSG00000257529],0.2820233828639457,0.2944258323701261
BC24044,BC24044_E1,ENSG00000173272,0.018625317326915965,0.024788375860864586
BC24044,BC24044_E1,ENSG00000143420,0.12183093042535194,0.12882028511935711
BC24044,BC24044_E1,ENSG00000142949,0.28428419663689863,0.346259434418828
BC24044,BC24044_E1,ENSG00000160932,-0.0997431332292626,-0.11156542472220207
BC24044,BC24044_E1,ENSG00000161960,0.3068760695473933,0.3158467410367193
BC24044,BC24044_E1,ENSG00000197956,0.06618361426278463,0.06492614614147983
BC24044,BC24044_E1,ENSG00000051523,0.09775252122599358,0.08999257244409188
BC24044,BC24044_E1,__ambiguous[ENSG00000262526+ENSG00000170296],0.038972555014194235,0.05288728414720065
BC24044,BC24044_E1,ENSG00000147684,0.03116684002566211,0.020430462935549763
BC24044,BC24044_E1,ENSG00000170421,0.18316963899416083,0.21791738675675967
BC24044,BC24044_E1,ENSG00000113140,-0.01038819864866169,-0.02263802216163296
BC24044,BC24044_E1,ENSG00000126247,0.06954433993182556,0.10015650842785677
BC24044,BC24044_E1,ENSG00000177700,0.04191749391951122,0.0592748587375711
BC24044,BC24044_E1,ENSG00000188846,0.029370953489546034,0.025654571715232243
BC24044,BC24044_E1,ENSG00000174444,0.18758539355745885,0.21893569417213318
BC24044,BC24044_E1,ENSG00000186468,0.26151698617198316,0.28738611959744087
BC24044,BC24044_E1,ENSG00000196576,0.24809859129685896,0.2828100648912532
BC24044,BC24044_E1,ENSG00000171222,0.06987077204754176,0.09761011873475961
BC24044,BC24044_E1,ENSG00000132475,0.32327143353772547,0.3206492869221981
BC24044,BC24044_E1,ENSG00000106153,0.08802132220721462,0.14608002570033915
BC24044,BC24044_E1,ENSG00000168542,0.20538712212435767,0.25287889999517144
BC24044,BC24044_E1,ENSG00000111669,0.07489945299492373,0.10683832460620914
BC24044,BC24044_E1,ENSG00000173369,0.09577745895057349,0.08757019340965408
BC24044,BC24044_E1,ENSG00000174886,0.01271587232802271,0.024810184973733534
BC24044,BC24044_E1,ENSG00000125970,0.12820071697696686,0.17515902025293248
BC24044,BC24044_E1,ENSG00000147604,0.057007282281959885,0.059534568533619436
BC24044,BC24044_E1,ENSG00000096384,0.2990430237041568,0.33646578552322
BC24044,BC24044_E1,ENSG00000171863,0.275365550948975,0.3171450762355994
BC24044,BC24044_E1,ENSG00000135390,0.06109082903007428,0.08791159853459753
BC24044,BC24044_E1,ENSG00000130725,0.1147626624713846,0.1312138821776039
BC24044,BC24044_E1,ENSG00000176046,0.04383146197118147,0.0635943713938666
BC24044,BC24044_E1,ENSG00000132507,0.06513383688396987,0.058584257590674774
BC24044,BC24044_E1,ENSG00000123416,0.2866382601471498,0.33755200278625447
BC24044,BC24044_E1,ENSG00000186010,-0.07927702487000107,-0.06707609108257379
BC24044,BC24044_E1,ENSG00000213988,0.12068695262266856,0.13561241782650635
BC24044,BC24044_E1,ENSG00000145494,-0.0348203715066735,-0.049476810414805825
BC24044,BC24044_E1,ENSG00000125730,0.1596837056381367,0.14730561768613076
BC24044,BC24044_E1,ENSG00000172270,0.060602918651088376,0.10482861561225074
BC24044,BC24044_E1,ENSG00000184840,-0.12010172542251589,-0.12032797317512556
BC24044,BC24044_E1,ENSG00000134419,0.180234597368621,0.2036778635825833
BC24044,BC24044_E1,ENSG00000109475,0.3227514580885137,0.3242482736575508
BC24044,BC24044_E1,ENSG00000135940,0.07871888101293978,0.10582133878732701
BC24044,BC24044_E2,ENSG00000034510,0.1442317257647289,0.16281036942471516
BC24044,BC24044_E2,ENSG00000171345,0.18630567814472113,0.21191814048280305
BC24044,BC24044_E2,ENSG00000137818,0.20359470748661232,0.2241709960904215
BC24044,BC24044_E2,ENSG00000111640,0.12102225362185844,0.1453032785185817
BC24044,BC24044_E2,ENSG00000177600,0.16737426763138982,0.13665897385309592
BC24044,BC24044_E2,ENSG00000231500,0.12674145915336102,0.11070607625261511
BC24044,BC24044_E2,ENSG00000254709,0.17650982285746802,0.16569122675003747
BC24044,BC24044_E2,ENSG00000164587,0.09278937835434349,0.10065476096700307
BC24044,BC24044_E2,ENSG00000075624,0.19180109030457884,0.21610301272707386
BC24044,BC24044_E2,ENSG00000108107,0.13905840811522732,0.11265142748772278
BC24044,BC24044_E2,ENSG00000197756,0.031689185150988765,-0.00809485780820623
BC24044,BC24044_E2,ENSG00000161016,-0.029324392156336823,-0.06403041911899504
BC24044,BC24044_E2,ENSG00000087086,0.08808450576337515,0.07221687638791902
BC24044,BC24044_E2,ENSG00000108298,-0.19419320205671267,-0.2058439084755293
BC24044,BC24044_E2,ENSG00000105372,-0.05066769224532214,-0.10220150079198391
BC24044,BC24044_E2,ENSG00000141736,0.3480478158539648,0.36448066343553354
BC24044,BC24044_E2,ENSG00000108518,0.10170071069700733,0.11002219012975745
BC24044,BC24044_E2,ENSG00000117984,-0.049769768608422464,-0.043052675927079245
BC24044,BC24044_E2,ENSG00000197746,0.17755849248486524,0.18143760024357916
BC24044,BC24044_E2,__ambiguous[ENSG00000251357+ENSG00000240972],0.03580178955076765,0.015836010344916347
BC24044,BC24044_E2,ENSG00000167526,0.07590133911474627,0.061684006501123136
BC24044,BC24044_E2,ENSG00000130255,0.057610017034954754,0.06284723119133388
BC24044,BC24044_E2,ENSG00000130203,0.15606909005457104,0.1576736545959073
BC24044,BC24044_E2,ENSG00000140264,-0.012382639232375306,-0.008232197550725767
BC24044,BC24044_E2,ENSG00000179218,0.07165519486148515,0.0681519650090855
BC24044,BC24044_E2,ENSG00000109062,0.09071555558508254,0.11468787828212139
BC24044,BC24044_E2,ENSG00000063177,-0.012478600923903873,-0.012805128984131744
BC24044,BC24044_E2,ENSG00000136942,-0.25036070120233356,-0.2983320953860622
BC24044,BC24044_E2,ENSG00000185624,0.18666228208494462,0.19439926595400517
BC24044,BC24044_E2,ENSG00000180879,0.0690148505855251,0.07881489584130313
BC24044,BC24044_E2,ENSG00000149273,0.009118916879902489,0.021541669390303615
BC24044,BC24044_E2,ENSG00000105193,0.1609323373082543,0.1588506276878043
BC24044,BC24044_E2,ENSG00000234745,0.2288426322825037,0.21035487175091627
BC24044,BC24044_E2,ENSG00000221983,0.165778119078454,0.1884840026631492
BC24044,BC24044_E2,ENSG00000167996,0.08407130220449995,0.10317094874931078
BC24044,BC24044_E2,ENSG00000204628,-0.028053723859839348,-0.007589762151790422
BC24044,BC24044_E2,ENSG00000147403,0.16713484782898383,0.1508694652425933
BC24044,BC24044_E2,ENSG00000142541,0.16281507376797405,0.16666927646271212
BC24044,BC24044_E2,ENSG00000166441,0.05700390990130913,0.03612942292816302
BC24044,BC24044_E2,ENSG00000089157,-0.06552210841586964,-0.10035289395242505
BC24044,BC24044_E2,ENSG00000140988,0.025075903099841694,0.02569310666148435
BC24044,BC24044_E2,ENSG00000171858,0.013785281262207807,0.034795200485570776
BC24044,BC24044_E2,ENSG00000142534,0.09270400934191571,0.07650860787891373
BC24044,BC24044_E2,ENSG00000112306,0.11537034727950764,0.1204564359332421
BC24044,BC24044_E2,ENSG00000115268,0.11598955717617783,0.093527893595467
BC24044,BC24044_E2,ENSG00000182774,0.018750235298077362,-0.0017061419666667885
BC24044,BC24044_E2,ENSG00000125691,-0.1349798751932068,-0.17053466382229748
BC24044,BC24044_E2,ENSG00000198034,0.1848633372284193,0.1776768922638153
BC24044,BC24044_E2,ENSG00000184009,0.37738194104585443,0.42671754304281856
BC24044,BC24044_E2,ENSG00000213741,0.1128419761529942,0.07436311043814234
BC24044,BC24044_E2,ENSG00000111341,-0.19237254078939942,-0.2456393531382515
BC24044,BC24044_E2,ENSG00000233927,0.08922955191136135,0.07035893699918142
BC24044,BC24044_E2,ENSG00000204525,0.2384885700760584,0.2331191322510769
BC24044,BC24044_E2,ENSG00000108821,0.20283205329754905,0.24236781209002695
BC24044,BC24044_E2,ENSG00000169710,0.2970833000039701,0.29677778767585034
BC24044,BC24044_E2,ENSG00000105640,0.10189192439961618,0.0997932154272218
BC24044,BC24044_E2,ENSG00000101439,0.2143752897415571,0.26147488502561217
BC24044,BC24044_E2,ENSG00000172809,0.1202775349860569,0.11118823930324688
BC24044,BC24044_E2,ENSG00000149806,0.11998206725569016,0.13853226992230422
BC24044,BC24044_E2,ENSG00000142676,0.056774999939831775,0.06689102676460768
BC24044,BC24044_E2,ENSG00000137154,0.23506773480130583,0.22524270927102488
BC24044,BC24044_E2,ENSG00000019582,0.10697920543769977,0.10855472048810744
BC24044,BC24044_E2,ENSG00000177954,0.09091013205223374,0.07041372192352013
BC24044,BC24044_E2,ENSG00000167995,-0.1216095658263437,-0.14283483883020218
BC24044,BC24044_E2,ENSG00000185499,-0.044974641713141604,-0.03701040003298556
BC24044,BC24044_E2,ENSG00000224389,0.040180827420846575,0.0740740432912956
BC24044,BC24044_E2,ENSG00000170889,0.010704166040016174,0.011346758622844868
BC24044,BC24044_E2,ENSG00000100316,0.11435584575555316,0.11071868062061242
BC24044,BC24044_E2,__ambiguous[ENSG00000185883+ENSG00000260272],0.10434161731720902,0.10836789965331363
BC24044,BC24044_E2,ENSG00000204592,0.04712813930612143,0.019430509141607145
BC24044,BC24044_E2,ENSG00000172757,0.06019057303313383,0.04100739785481069
BC24044,BC24044_E2,ENSG00000108344,0.16349571136888652,0.18058901460572058
BC24044,BC24044_E2,ENSG00000135404,0.01893832112003483,0.05027485261875279
BC24044,BC24044_E2,ENSG00000156482,0.1036592358361085,0.15197130194149386
BC24044,BC24044_E2,ENSG00000149925,-0.028159865887950587,-0.004717394963589599
BC24044,BC24044_E2,ENSG00000231925,0.1628225797853463,0.16834620189723132
BC24044,BC24044_E2,ENSG00000206503,0.13505273020724812,0.13827789171646007
BC24044,BC24044_E2,ENSG00000163191,0.1115648044217914,0.1310089610625149
BC24044,BC24044_E2,ENSG00000165949,-0.008502756939247449,0.0014562342141724767
BC24044,BC24044_E2,ENSG00000106624,0.02829856084962992,0.06366861453640756
BC24044,BC24044_E2,ENSG00000108639,0.14062832021184113,0.14655485464898674
BC24044,BC24044_E2,ENSG00000167468,-0.014426641744163764,-0.023597823383998025
BC24044,BC24044_E2,ENSG00000160862,-0.03885892008480505,-0.08420677124134526
BC24044,BC24044_E2,ENSG00000142937,0.19985583271724383,0.21353854716378834
BC24044,BC24044_E2,ENSG00000108679,0.03396564633887635,0.02075290935901229
BC24044,BC24044_E2,ENSG00000106211,0.08192996748213138,0.12224323401689126
BC24044,BC24044_E2,ENSG00000083845,0.09892529295823012,0.09528672689078328
BC24044,BC24044_E2,ENSG00000166710,0.4455919453544494,0.4305318366956617
BC24044,BC24044_E2,ENSG00000131469,0.07329243040839171,0.055719212349945715
BC24044,BC24044_E2,ENSG00000197958,0.16987027079208225,0.17161061014163131
BC24044,BC24044_E2,ENSG00000143947,0.22020029601337254,0.22013765947086267
BC24044,BC24044_E2,ENSG00000174748,0.17509001260645332,0.18476252528698792
BC24044,BC24044_E2,ENSG00000198242,-0.01655450287931811,-0.0162756848959787
BC24044,BC24044_E2,ENSG00000167658,0.063118660754373,0.05564971135524589
BC24044,BC24044_E2,__ambiguous[ENSG00000254772+ENSG00000255508],-0.04138535675218803,-0.010522000248559484
BC24044,BC24044_E2,ENSG00000107223,0.12445820551666632,0.146571295242402
BC24044,BC24044_E2,__ambiguous[ENSG00000243678+ENSG00000011052],0.10121638111254734,0.12068690982856724
BC24044,BC24044_E2,ENSG00000162244,0.04764632674299448,0.04916642340386609
BC24044,BC24044_E2,ENSG00000158710,0.055106112093494274,0.031957931539937506
BC24044,BC24044_E2,ENSG00000185825,-0.034898112085153345,-0.02603746523585372
BC24044,BC24044_E2,ENSG00000145592,0.19673162038524064,0.19093148342865832
BC24044,BC24044_E2,ENSG00000172531,0.08942468779283429,0.12300337226768
BC24044,BC24044_E2,ENSG00000130208,0.042946357266447396,0.0519128981765391
BC24044,BC24044_E2,ENSG00000246705,-0.06680728595463303,-0.054790562473599806
BC24044,BC24044_E2,ENSG00000144713,0.0069788333006851645,0.011224095540610607
BC24044,BC24044_E2,__ambiguous[ENSG00000185885+ENSG00000185201],-0.09617575773045214,-0.12393846501347504
BC24044,BC24044_E2,ENSG00000115884,0.07278145557982797,0.10290961747750382
BC24044,BC24044_E2,ENSG00000152082,0.008291233202550487,0.017699965061217276
BC24044,BC24044_E2,ENSG00000104904,0.05097213029026759,0.0829261420701672
BC24044,BC24044_E2,ENSG00000130303,0.036825950486087625,0.07387954958211937
BC24044,BC24044_E2,ENSG00000115457,0.07173950589118938,0.10892038223273234
BC24044,BC24044_E2,ENSG00000148303,0.0480610014585173,0.022291552606466744
BC24044,BC24044_E2,ENSG00000141741,0.07064822574656744,0.0960947236049719
BC24044,BC24044_E2,ENSG00000133112,0.33425158925565196,0.3521967245563373
BC24044,BC24044_E2,ENSG00000118181,0.24501799591421441,0.23309017090231776
BC24044,BC24044_E2,ENSG00000030582,0.07348348439901717,0.09415212532418733
BC24044,BC24044_E2,__ambiguous[ENSG00000257341+ENSG00000213145],0.052158026894021464,0.06078698264286315
BC24044,BC24044_E2,ENSG00000110651,0.08326916451238349,0.0826000785331635
BC24044,BC24044_E2,ENSG00000071553,0.07436007284571094,0.10103658330916566
BC24044,BC24044_E2,ENSG00000115414,0.30784409959830755,0.35454034668571077
BC24044,BC24044_E2,ENSG00000178719,0.006784955589256984,-0.0010089278830346673
BC24044,BC24044_E2,ENSG00000277972,0.12985470993870843,0.13774036924842537
BC24044,BC24044_E2,ENSG00000111057,0.06408394975638634,0.05567768854410887
BC24044,BC24044_E2,ENSG00000117410,0.20747595957577075,0.25729105718937606
BC24044,BC24044_E2,ENSG00000173372,0.03285189166576825,0.029836162542145404
BC24044,BC24044_E2,ENSG00000126267,0.10265916096687486,0.11564569736045764
BC24044,BC24044_E2,ENSG00000279483,0.24480567637966286,0.26701420039693186
BC24044,BC24044_E2,ENSG00000150991,0.1377328618711611,0.15265433078409976
BC24044,BC24044_E2,ENSG00000071082,0.3030948575925686,0.29380111014079346
BC24044,BC24044_E2,ENSG00000074800,0.00315462566201194,0.015286578793528868
BC24044,BC24044_E2,ENSG00000205542,0.3621372021290504,0.4119630603502564
BC24044,BC24044_E2,ENSG00000105223,0.016581883759902945,0.03540662616978732
BC24044,BC24044_E2,ENSG00000143774,0.05550522460824437,0.05345879490233854
BC24044,BC24044_E2,ENSG00000092841,0.058660579085792745,0.07673543897026293
BC24044,BC24044_E2,ENSG00000117450,0.1637297998378109,0.2325329078364987
BC24044,BC24044_E2,ENSG00000160789,0.012741622533183814,0.040753197446458
BC24044,BC24044_E2,ENSG00000164733,0.0564016308178171,0.06079832523501207
BC24044,BC24044_E2,ENSG00000142669,0.17677140402531416,0.18295309369995655
BC24044,BC24044_E2,ENSG00000169100,0.07364599490613152,0.06369170364330434
BC24044,BC24044_E2,ENSG00000165215,0.13818736554579797,0.18114920403099538
BC24044,BC24044_E2,ENSG00000070756,0.27163297535175684,0.31039694633643783
BC24044,BC24044_E2,ENSG00000124664,0.1099675853519611,0.12711698175451003
BC24044,BC24044_E2,ENSG00000102265,0.10972898742893807,0.11005444976085864
BC24044,BC24044_E2,ENSG00000164692,0.18697901634953687,0.20339128502574594
BC24044,BC24044_E2,ENSG00000277791,0.11252744359401391,0.14167598943869594
BC24044,BC24044_E2,ENSG00000272196,0.025283182322031163,0.06095256965886094
BC24044,BC24044_E2,ENSG00000163682,0.32168530665771056,0.3364366695394184
BC24044,BC24044_E2,ENSG00000182492,0.1403209470903651,0.13406756144752247
BC24044,BC24044_E2,ENSG00000162511,0.18102606835758778,0.15925619742107053
BC24044,BC24044_E2,ENSG00000164919,0.02887489349443905,0.03879629406611707
BC24044,BC24044_E2,ENSG00000251562,0.08531945293365895,0.06811461417560621
BC24044,BC24044_E2,ENSG00000204287,0.4570159648760953,0.47984191420451927
BC24044,BC24044_E2,ENSG00000138326,0.2784229336384874,0.28393576387888786
BC24044,BC24044_E2,ENSG00000145425,0.1861194688846952,0.17764615995395447
BC24044,BC24044_E2,ENSG00000255823,0.5224584377432037,0.5456319630762598
BC24044,BC24044_E2,ENSG00000149591,0.11519770566577438,0.1429581138572349
BC24044,BC24044_E2,ENSG00000182809,0.023029972321052646,0.060048925545876916
BC24044,BC24044_E2,__ambiguous[ENSG00000124614+ENSG00000270800],0.02509597723596489,0.030683098588505445
BC24044,BC24044_E2,ENSG00000142089,-0.03283720391951524,-0.018745955285551206
BC24044,BC24044_E2,ENSG00000100219,0.3155444688584596,0.34381695411019153
BC24044,BC24044_E2,__ambiguous[ENSG00000273259+ENSG00000196136],0.04280153553891635,0.030985793948957955
BC24044,BC24044_E2,ENSG00000125534,0.0021990269951908514,0.007267923248611386
BC24044,BC24044_E2,ENSG00000176340,0.03460063835710157,0.009931111407749023
BC24044,BC24044_E2,ENSG00000187514,0.4160615145905812,0.4373125086094077
BC24044,BC24044_E2,__ambiguous[ENSG00000277957+ENSG00000161960],0.2340870384969911,0.22888217099745287
BC24044,BC24044_E2,ENSG00000127540,-0.0031967582839725886,0.004586798650088497
BC24044,BC24044_E2,ENSG00000141522,0.004055420058406025,0.007271806085239746
BC24044,BC24044_E2,ENSG00000087460,0.34994914862326143,0.38038620445909166
BC24044,BC24044_E2,ENSG00000178980,0.10456543951808439,0.12990136968533733
BC24044,BC24044_E2,ENSG00000058262,0.11725330245226585,0.12843993594839492
BC24044,BC24044_E2,ENSG00000170315,0.14093119719132058,0.17231387567848386
BC24044,BC24044_E2,ENSG00000269028,0.5780684945667287,0.5936996202212794
BC24044,BC24044_E2,ENSG00000052344,0.08827191651111105,0.11773572062552616
BC24044,BC24044_E2,ENSG00000026025,0.12156571473214738,0.12185632769752541
BC24044,BC24044_E2,ENSG00000169223,0.09649303794557239,0.12232736765208028
BC24044,BC24044_E2,ENSG00000114867,0.08732791686542403,0.09828274356685782
BC24044,BC24044_E2,ENSG00000103363,-0.06873723981008509,-0.057104407414003744
BC24044,BC24044_E2,ENSG00000114353,0.12010971625351237,0.14374985734368848
BC24044,BC24044_E2,ENSG00000144426,0.04828662107813289,0.022670890459384346
BC24044,BC24044_E2,ENSG00000184897,0.12370363882200139,0.1446502810065047
BC24044,BC24044_E2,ENSG00000196924,0.0502363414933206,0.04380265985857837
BC24044,BC24044_E2,ENSG00000131748,0.07994003618226335,0.10103020225780061
BC24044,BC24044_E2,ENSG00000104529,0.048747069223815845,0.05210325585447097
BC24044,BC24044_E2,ENSG00000172354,0.09341617671912021,0.1329561831383661
BC24044,BC24044_E2,ENSG00000008988,0.23000606660597803,0.2714335322999138
BC24044,BC24044_E2,ENSG00000214530,-0.01480146813163443,-0.002583606149889945
BC24044,BC24044_E2,ENSG00000182899,0.14465212437841074,0.12095796698656794
BC24044,BC24044_E2,ENSG00000124614,0.019384301421316277,0.008153945376269052
BC24044,BC24044_E2,ENSG00000178952,0.015268256733517789,0.02621512962358762
BC24044,BC24044_E2,ENSG00000100300,0.056846549081837554,0.05956395512151272
BC24044,BC24044_E2,ENSG00000167815,0.12524872920004937,0.14457646064720617
BC24044,BC24044_E2,ENSG00000163479,0.046310422990758104,0.052837670437064166
BC24044,BC24044_E2,ENSG00000160180,-0.07725174340936874,-0.07923186694977548
BC24044,BC24044_E2,ENSG00000124172,0.17885470776871326,0.19330524712399474
BC24044,BC24044_E2,ENSG00000163220,0.001466225055160164,0.0010784185436959822
BC24044,BC24044_E2,ENSG00000163399,0.31640593918715576,0.3220341769293535
BC24044,BC24044_E2,__ambiguous[ENSG00000219200+ENSG00000161939],0.002103656790537813,-0.005664050996657456
BC24044,BC24044_E2,ENSG00000104964,0.03854035618492262,0.03024077207826844
BC24044,BC24044_E2,ENSG00000173801,0.054622253794902,0.041953413793370566
BC24044,BC24044_E2,ENSG00000123349,0.0041082323179601555,0.007608859744444373
BC24044,BC24044_E2,ENSG00000135480,0.06442898293696195,0.09415358072100687
BC24044,BC24044_E2,ENSG00000168528,0.05809527443903072,0.08113480648205859
BC24044,BC24044_E2,ENSG00000187608,0.006757159309261321,-0.005848863515759294
BC24044,BC24044_E2,ENSG00000155366,0.0502224085746367,0.07233199605418633
BC24044,BC24044_E2,ENSG00000142173,0.06924037274517351,0.08197476966868421
BC24044,BC24044_E2,ENSG00000114391,0.043841209904311694,0.05148492319264707
BC24044,BC24044_E2,ENSG00000131143,0.08369609142921713,0.11183228619885427
BC24044,BC24044_E2,__ambiguous[ENSG00000241343+ENSG00000257529],0.15818050019115287,0.17449855082722063
BC24044,BC24044_E2,ENSG00000173272,0.05121125782582841,0.05890978585130049
BC24044,BC24044_E2,ENSG00000143420,0.093166103510543,0.111430954786382
BC24044,BC24044_E2,ENSG00000142949,0.14330917976974628,0.20386722137965496
BC24044,BC24044_E2,ENSG00000160932,-0.0009859316379757725,0.019115925824483255
BC24044,BC24044_E2,ENSG00000161960,0.1846284509422206,0.1850435105171263
BC24044,BC24044_E2,ENSG00000197956,-0.05192025062754561,-0.058461758895828844
BC24044,BC24044_E2,ENSG00000051523,-0.05702082934941275,-0.037919150029612464
BC24044,BC24044_E2,__ambiguous[ENSG00000262526+ENSG00000170296],0.143008255021562,0.1477961620485505
BC24044,BC24044_E2,ENSG00000147684,0.008098164144527516,-0.024721677560903384
BC24044,BC24044_E2,ENSG00000170421,0.16643502024986562,0.20419824460166808
BC24044,BC24044_E2,ENSG00000113140,0.11343758654832851,0.11169518147735127
BC24044,BC24044_E2,ENSG00000126247,-0.0012371021281529265,0.0002327282033967068
BC24044,BC24044_E2,ENSG00000177700,0.07025044742395517,0.06619461055626628
BC24044,BC24044_E2,ENSG00000188846,0.03380244799116366,0.031151607167817893
BC24044,BC24044_E2,ENSG00000174444,0.18758130827335093,0.18635702392799836
BC24044,BC24044_E2,ENSG00000186468,0.2877692156589037,0.32483521913745933
BC24044,BC24044_E2,ENSG00000196576,0.2655735655284607,0.3116872533343381
BC24044,BC24044_E2,ENSG00000171222,0.0952237429004274,0.10852350734963868
BC24044,BC24044_E2,ENSG00000132475,0.34542051496269577,0.35837645700715587
BC24044,BC24044_E2,ENSG00000106153,-0.047067389230429586,-0.06615201656576977
BC24044,BC24044_E2,ENSG00000168542,0.2470005721303,0.28760060366922574
BC24044,BC24044_E2,ENSG00000111669,0.04641311550559915,0.05685737388234983
BC24044,BC24044_E2,ENSG00000173369,0.08088583895173118,0.06245349224114763
BC24044,BC24044_E2,ENSG00000174886,0.10444296958157884,0.10015945260305888
BC24044,BC24044_E2,ENSG00000125970,0.08811182915900612,0.12772509438773222
BC24044,BC24044_E2,ENSG00000147604,0.14621619886655798,0.14212569930619362
BC24044,BC24044_E2,ENSG00000096384,0.32833660051454017,0.34457930592216296
BC24044,BC24044_E2,ENSG00000171863,0.15396684826074444,0.1640808809322425
BC24044,BC24044_E2,ENSG00000135390,0.07840915281729526,0.07658429293471125
BC24044,BC24044_E2,ENSG00000130725,0.13146065973801185,0.13837208018959146
BC24044,BC24044_E2,ENSG00000176046,-0.018869071476064987,-0.01606251605642515
BC24044,BC24044_E2,ENSG00000132507,0.03552649817335096,0.056729447778066766
BC24044,BC24044_E2,ENSG00000123416,0.1515359928744709,0.17774089442557298
BC24044,BC24044_E2,ENSG00000186010,-0.05552516942469757,-0.05571900392998519
BC24044,BC24044_E2,ENSG00000213988,0.11990845836887397,0.13149238520725476
BC24044,BC24044_E2,ENSG00000145494,-0.007837407749918254,-0.0064775857138187004
BC24044,BC24044_E2,ENSG00000125730,0.15338234669897702,0.1451018967474766
BC24044,BC24044_E2,ENSG00000172270,-0.00811819203089025,0.020730684450072975
BC24044,BC24044_E2,ENSG00000184840,-0.05226507331968759,-0.08524278014446672
BC24044,BC24044_E2,ENSG00000134419,0.1607378318749127,0.15230019395149863
BC24044,BC24044_E2,ENSG00000109475,0.30305660278745233,0.28693412184224915
BC24044,BC24044_E2,ENSG00000135940,-0.013679037215543557,-0.01574414909168919
BC24105,BC24105_C1,ENSG00000034510,-0.09047889885225374,-0.07342485542985198
BC24105,BC24105_C1,ENSG00000171345,0.18478915508875507,0.1146356800554396
BC24105,BC24105_C1,ENSG00000137818,0.11667562286142845,0.13796569137990952
BC24105,BC24105_C1,ENSG00000111640,-0.0026068514109658845,-0.05969299535107646
BC24105,BC24105_C1,ENSG00000177600,-0.039010930746171665,-0.05328584843084365
BC24105,BC24105_C1,ENSG00000231500,0.11310268043642421,0.12485876023522384
BC24105,BC24105_C1,ENSG00000164587,0.06692906591962652,0.0746775254350634
BC24105,BC24105_C1,ENSG00000254709,0.5091887223788283,0.5389973807700363
BC24105,BC24105_C1,ENSG00000108107,0.07591911998295395,0.0958769701631294
BC24105,BC24105_C1,ENSG00000075624,0.10983418274257138,0.17742101974374846
BC24105,BC24105_C1,ENSG00000197756,0.09594917058158743,0.13082453201969857
BC24105,BC24105_C1,ENSG00000105372,-0.1188701262944823,-0.1517254850190976
BC24105,BC24105_C1,ENSG00000108298,-0.09222412507374267,-0.06702302692007213
BC24105,BC24105_C1,ENSG00000161016,-0.017356339146496116,0.02459606906554129
BC24105,BC24105_C1,ENSG00000141736,0.10119617665246958,0.13665583598329484
BC24105,BC24105_C1,ENSG00000167526,-0.013301311417552824,0.01591584801873414
BC24105,BC24105_C1,ENSG00000087086,0.09870107214714678,0.13271202853827296
BC24105,BC24105_C1,__ambiguous[ENSG00000251357+ENSG00000240972],-0.002065847601491136,0.016167484350356885
BC24105,BC24105_C1,ENSG00000108518,0.014246250165741423,0.026473898114248957
BC24105,BC24105_C1,ENSG00000130255,0.057075086953376854,0.0679692394342428
BC24105,BC24105_C1,ENSG00000136942,0.07516256236245793,0.05645761445123036
BC24105,BC24105_C1,ENSG00000063177,0.0568360400781415,0.07815952624861108
BC24105,BC24105_C1,ENSG00000117984,0.11034907064078875,0.16766668278747401
BC24105,BC24105_C1,ENSG00000149273,-0.009252109896255762,-0.024557023552726168
BC24105,BC24105_C1,ENSG00000197746,0.04341231957642003,-0.008853137416680085
BC24105,BC24105_C1,ENSG00000140264,-0.03165021783936363,-0.028361273027945746
BC24105,BC24105_C1,ENSG00000221983,0.0841868926771694,0.06362688615803438
BC24105,BC24105_C1,ENSG00000109062,0.026611950464308545,0.03767454426436853
BC24105,BC24105_C1,ENSG00000179218,-0.014047850479161376,0.001700102452011271
BC24105,BC24105_C1,ENSG00000180879,0.2782182819220031,0.2857597900945119
BC24105,BC24105_C1,ENSG00000105193,0.12275249606204877,0.12127435460887113
BC24105,BC24105_C1,ENSG00000204628,-0.010966170640637101,-0.02464764125308715
BC24105,BC24105_C1,ENSG00000142534,0.06228416761504881,0.07402794466483513
BC24105,BC24105_C1,ENSG00000142541,-0.07430672793945688,-0.06034478612020522
BC24105,BC24105_C1,ENSG00000130203,0.36020414750605123,0.4569173637759067
BC24105,BC24105_C1,ENSG00000166441,0.010187989637526705,0.0014336885308978452
BC24105,BC24105_C1,ENSG00000185624,0.18884650069139575,0.23246033043104528
BC24105,BC24105_C1,ENSG00000167996,0.21812480376161286,0.27981430739919244
BC24105,BC24105_C1,ENSG00000147403,-0.021438739475314973,-0.02905226750286205
BC24105,BC24105_C1,ENSG00000089157,0.10489909184423526,0.10687852519109114
BC24105,BC24105_C1,ENSG00000234745,0.2221498632925788,0.20389366949906262
BC24105,BC24105_C1,ENSG00000140988,0.004488109239994466,0.0031789440356230214
BC24105,BC24105_C1,ENSG00000111341,0.19895051560495314,0.260792561207188
BC24105,BC24105_C1,ENSG00000105640,0.05090255242298512,0.040045926922901966
BC24105,BC24105_C1,ENSG00000171858,0.06377891842887927,0.08242274524667703
BC24105,BC24105_C1,ENSG00000115268,-0.028423392985810803,-0.042610677051359194
BC24105,BC24105_C1,ENSG00000233927,-0.042269177824583726,-0.04631947558747964
BC24105,BC24105_C1,ENSG00000101439,0.16301814913704685,0.21151169257848837
BC24105,BC24105_C1,ENSG00000112306,0.02317760128836961,0.03771197637129203
BC24105,BC24105_C1,ENSG00000213741,0.0875667689005834,0.11831167151484925
BC24105,BC24105_C1,ENSG00000125691,0.009953233612293904,0.047044197422220435
BC24105,BC24105_C1,ENSG00000149806,-0.03856899740308988,-0.045202367092971915
BC24105,BC24105_C1,ENSG00000182774,0.026634014258564286,0.05964208865294184
BC24105,BC24105_C1,ENSG00000142676,-0.004198216148563706,-0.022811459280233353
BC24105,BC24105_C1,ENSG00000198034,-0.0002862803570213746,-0.026492076142200723
BC24105,BC24105_C1,ENSG00000170889,0.079887918630981,0.1029155719761677
BC24105,BC24105_C1,ENSG00000172809,0.07462348946421776,0.09168267847498607
BC24105,BC24105_C1,ENSG00000177954,0.06453788581233551,0.06336974336018572
BC24105,BC24105_C1,ENSG00000100316,0.025524974041152546,0.037927297205301656
BC24105,BC24105_C1,ENSG00000184009,0.0008445366590392758,0.03871018458016002
BC24105,BC24105_C1,ENSG00000172757,0.04605697928347058,0.03948764060589588
BC24105,BC24105_C1,ENSG00000204525,0.13467364911995344,0.13630617843266432
BC24105,BC24105_C1,ENSG00000019582,0.16519555102412592,0.16805657081359934
BC24105,BC24105_C1,ENSG00000137154,-0.006227652629782605,-0.011875406907798031
BC24105,BC24105_C1,ENSG00000083845,0.0871808644587016,0.06976685677333741
BC24105,BC24105_C1,ENSG00000204592,0.12081565242482177,0.08421824600240567
BC24105,BC24105_C1,__ambiguous[ENSG00000185883+ENSG00000260272],0.021524160125714467,0.027541026133135547
BC24105,BC24105_C1,ENSG00000108821,0.2714054093161882,0.28462687650290786
BC24105,BC24105_C1,__ambiguous[ENSG00000254772+ENSG00000255508],0.07785946643293616,0.09391378019706789
BC24105,BC24105_C1,ENSG00000142937,-0.0290670852589189,-0.036917871562687735
BC24105,BC24105_C1,ENSG00000206503,0.164837590530722,0.19276946756485258
BC24105,BC24105_C1,ENSG00000135404,0.07353391787818095,0.06497217880503602
BC24105,BC24105_C1,ENSG00000167468,-0.022599282212658837,-0.013710434742327356
BC24105,BC24105_C1,ENSG00000169710,0.30589382196727416,0.32131158790770653
BC24105,BC24105_C1,ENSG00000231925,0.014213648651236473,0.024663476057479726
BC24105,BC24105_C1,ENSG00000163191,0.12025350581594915,0.11385848909479362
BC24105,BC24105_C1,ENSG00000107223,0.09695016107101313,0.12909716126902562
BC24105,BC24105_C1,ENSG00000165949,0.15811417819920887,0.17745055882050445
BC24105,BC24105_C1,ENSG00000115457,-0.02981733262503168,-0.028240302259761863
BC24105,BC24105_C1,ENSG00000149925,0.05727897416193799,0.03061113169127472
BC24105,BC24105_C1,ENSG00000156482,0.04611685969642337,0.046908691076026986
BC24105,BC24105_C1,ENSG00000108639,0.12417662784188471,0.15295779064662685
BC24105,BC24105_C1,ENSG00000167995,0.02246901673320587,0.013335897758184528
BC24105,BC24105_C1,ENSG00000106624,0.23099934929237334,0.2817072033049257
BC24105,BC24105_C1,ENSG00000185499,0.058998903913997904,0.018934506226505228
BC24105,BC24105_C1,ENSG00000144713,0.04063933768319332,0.025589881489572266
BC24105,BC24105_C1,ENSG00000197958,0.11771113730842654,0.11967589863055841
BC24105,BC24105_C1,ENSG00000162244,0.012373542645937926,0.00559603134873518
BC24105,BC24105_C1,ENSG00000167658,-0.04116369970132802,-0.04987940049336102
BC24105,BC24105_C1,ENSG00000224389,0.09627939011258656,0.13209455885804022
BC24105,BC24105_C1,ENSG00000108344,0.007133620777449007,-0.004429097739423199
BC24105,BC24105_C1,ENSG00000108679,0.1863611482819868,0.21745895461848627
BC24105,BC24105_C1,ENSG00000148303,-0.01014723112522404,-0.016259906490217038
BC24105,BC24105_C1,ENSG00000172531,-0.04290865372480119,-0.048651536815576914
BC24105,BC24105_C1,ENSG00000131469,-0.03123134652042467,-0.028112243576441993
BC24105,BC24105_C1,ENSG00000246705,0.09056824845956295,0.1284992663415628
BC24105,BC24105_C1,ENSG00000185825,-0.004209512561827859,0.03515771330426723
BC24105,BC24105_C1,ENSG00000174748,-0.03794070883460148,-0.02786824265222675
BC24105,BC24105_C1,ENSG00000198242,0.0594527449746839,0.051208953488907805
BC24105,BC24105_C1,ENSG00000143947,0.06956801729444473,0.11469392078348244
BC24105,BC24105_C1,ENSG00000145592,0.18292870333892752,0.21669829501322624
BC24105,BC24105_C1,ENSG00000279483,-6.781462511336703e-05,0.01220484019672732
BC24105,BC24105_C1,ENSG00000117410,0.02592234890531857,0.03639398067033462
BC24105,BC24105_C1,ENSG00000115884,0.06975154542387216,0.05016210484709366
BC24105,BC24105_C1,ENSG00000158710,-0.053758855182446975,-0.07674538119720237
BC24105,BC24105_C1,ENSG00000106211,0.19677547108301757,0.2695077588663664
BC24105,BC24105_C1,ENSG00000152082,0.07880699108201925,0.10856657404403114
BC24105,BC24105_C1,ENSG00000130303,0.0152088528969286,0.05265144000433017
BC24105,BC24105_C1,ENSG00000104904,-0.03517607900996736,-0.027002716279171623
BC24105,BC24105_C1,__ambiguous[ENSG00000185885+ENSG00000185201],0.07334698837698592,0.07167435515734165
BC24105,BC24105_C1,__ambiguous[ENSG00000243678+ENSG00000011052],-0.023323083172583303,-0.012435386214749244
BC24105,BC24105_C1,ENSG00000160862,0.08915968546583411,0.10083445689476102
BC24105,BC24105_C1,ENSG00000111057,0.05364996464632279,0.060096935465805926
BC24105,BC24105_C1,__ambiguous[ENSG00000257341+ENSG00000213145],0.00537917776218075,0.0112788271793848
BC24105,BC24105_C1,ENSG00000092841,0.05718973961440873,0.08656860456444596
BC24105,BC24105_C1,ENSG00000141741,0.12508805965538272,0.12185092200970744
BC24105,BC24105_C1,ENSG00000110651,-0.0010190842227537516,0.0063423712033437215
BC24105,BC24105_C1,ENSG00000277972,-0.02874020548221724,-0.023551188089240158
BC24105,BC24105_C1,ENSG00000030582,0.1627384525272686,0.17039689264114172
BC24105,BC24105_C1,ENSG00000071553,0.02338821072188723,0.009719878748123752
BC24105,BC24105_C1,ENSG00000118181,0.016220506063101263,0.00697891353532178
BC24105,BC24105_C1,ENSG00000074800,0.03625703178394373,0.0696231595560033
BC24105,BC24105_C1,ENSG00000126267,-0.005790665704088561,-0.05522539590237378
BC24105,BC24105_C1,ENSG00000130208,0.21379622050146296,0.27515396056952707
BC24105,BC24105_C1,ENSG00000173372,0.18190148784579468,0.21494220456298957
BC24105,BC24105_C1,ENSG00000142669,-0.009668116121406077,0.01124103497117871
BC24105,BC24105_C1,__ambiguous[ENSG00000124614+ENSG00000270800],-0.050630728631870604,-0.04887273193333042
BC24105,BC24105_C1,ENSG00000166710,0.07580550941141366,0.08954879310100895
BC24105,BC24105_C1,ENSG00000124664,0.0156529041800459,0.034378895579165236
BC24105,BC24105_C1,ENSG00000178719,-0.006099844812399572,-0.004431606307687503
BC24105,BC24105_C1,ENSG00000169100,-0.02162694871745004,-0.017856599936073796
BC24105,BC24105_C1,ENSG00000150991,-0.01838722406379345,-0.012897911393151414
BC24105,BC24105_C1,ENSG00000102265,0.03202068899224915,0.057920603596635145
BC24105,BC24105_C1,ENSG00000071082,0.06330922406499835,0.06489145750990126
BC24105,BC24105_C1,ENSG00000117450,-0.0010266595364383793,-0.010236007220300306
BC24105,BC24105_C1,ENSG00000133112,-0.020626245675641017,-0.015371451597323458
BC24105,BC24105_C1,ENSG00000160789,0.10461336508264296,0.11675333904817933
BC24105,BC24105_C1,ENSG00000149591,0.2737103878669401,0.3106752368447013
BC24105,BC24105_C1,ENSG00000277791,0.018242212175483795,0.02821227058678113
BC24105,BC24105_C1,ENSG00000125534,-0.05507438462420278,-0.04964763058280403
BC24105,BC24105_C1,ENSG00000141522,0.027344947326703468,0.03369347410554676
BC24105,BC24105_C1,ENSG00000182492,0.265712540532824,0.3245885707021044
BC24105,BC24105_C1,ENSG00000165215,-0.19894632975621476,-0.16502108205054175
BC24105,BC24105_C1,ENSG00000182809,0.070897062357636,0.09597845598711623
BC24105,BC24105_C1,ENSG00000143774,0.020946220894186917,0.028429143464818847
BC24105,BC24105_C1,ENSG00000070756,0.09988353667626873,0.12306939089165435
BC24105,BC24105_C1,ENSG00000205542,0.02142289754485826,0.043376672149750835
BC24105,BC24105_C1,ENSG00000163220,-0.019397435918061846,0.01745041294203831
BC24105,BC24105_C1,ENSG00000162511,0.13322844160400285,0.15590265856842125
BC24105,BC24105_C1,ENSG00000105223,0.22945571578173057,0.25425313127987886
BC24105,BC24105_C1,ENSG00000124614,-0.05901725065533115,-0.04263135870882148
BC24105,BC24105_C1,ENSG00000176340,0.007882666525717431,0.008338603144949082
BC24105,BC24105_C1,ENSG00000255823,0.4535326480021118,0.5612117325740799
BC24105,BC24105_C1,ENSG00000187514,0.07763767739496562,0.1037007415419349
BC24105,BC24105_C1,ENSG00000052344,-0.040310106176388395,-0.06831783075679279
BC24105,BC24105_C1,ENSG00000196924,0.16557726527232489,0.13081487246999624
BC24105,BC24105_C1,ENSG00000142089,-0.11410985994601829,-0.11578718312372394
BC24105,BC24105_C1,ENSG00000184897,0.013319892728841471,0.02522493392358297
BC24105,BC24105_C1,ENSG00000178980,0.037300305354782584,0.049704731931487806
BC24105,BC24105_C1,ENSG00000103363,0.03200856603894085,0.0649141911469318
BC24105,BC24105_C1,ENSG00000123349,-0.008310916662047106,-0.008772133577273604
BC24105,BC24105_C1,ENSG00000164733,0.18393936820922147,0.22103572148056708
BC24105,BC24105_C1,ENSG00000127540,0.04613644685790801,0.06121668073136496
BC24105,BC24105_C1,ENSG00000163682,-0.03156114342736613,-0.03784305853059783
BC24105,BC24105_C1,ENSG00000145425,0.11755449754472545,0.097819620375492
BC24105,BC24105_C1,ENSG00000138326,-0.009046119157973,-0.008270062169640675
BC24105,BC24105_C1,ENSG00000114353,0.22881549329250989,0.2445503920423106
BC24105,BC24105_C1,ENSG00000058262,-0.025603790089525135,-0.025750462089171734
BC24105,BC24105_C1,__ambiguous[ENSG00000277957+ENSG00000161960],0.06450778331197579,0.09279633542856987
BC24105,BC24105_C1,ENSG00000051523,0.09388487018274491,0.09450866719516021
BC24105,BC24105_C1,ENSG00000178952,0.04110450537105967,0.07522331920221643
BC24105,BC24105_C1,__ambiguous[ENSG00000219200+ENSG00000161939],0.04346010961782599,0.0829075437924238
BC24105,BC24105_C1,ENSG00000269028,0.5181741157504586,0.6245481705120622
BC24105,BC24105_C1,ENSG00000131748,0.11037381098097475,0.11860519616519646
BC24105,BC24105_C1,ENSG00000272196,0.026108482148544457,-0.0013507149556735239
BC24105,BC24105_C1,__ambiguous[ENSG00000262526+ENSG00000170296],0.10401722998677156,0.09266719439629777
BC24105,BC24105_C1,ENSG00000111669,0.0795065627886556,0.09107769111401978
BC24105,BC24105_C1,ENSG00000104529,-0.04846843553435786,-0.055130327550784466
BC24105,BC24105_C1,ENSG00000251562,0.46121308223378094,0.5382419337226876
BC24105,BC24105_C1,ENSG00000170315,0.005587693353834874,-0.008692971363051114
BC24105,BC24105_C1,ENSG00000114867,0.04286564582061885,0.07889193372638453
BC24105,BC24105_C1,ENSG00000169223,-0.0371612645799795,-0.02129679775272362
BC24105,BC24105_C1,ENSG00000144426,0.010823687955075092,0.005555280924240844
BC24105,BC24105_C1,ENSG00000115414,0.15211294648147733,0.18822719934119903
BC24105,BC24105_C1,ENSG00000125730,0.22956507423932498,0.2646984254795395
BC24105,BC24105_C1,ENSG00000182899,-0.02912324179788233,-0.02386072960146258
BC24105,BC24105_C1,ENSG00000164919,0.005372433242833599,0.0035134601776326906
BC24105,BC24105_C1,ENSG00000100219,-0.010229941968065516,-0.04986659942905299
BC24105,BC24105_C1,ENSG00000008988,0.102342510191778,0.13496542324181138
BC24105,BC24105_C1,ENSG00000142949,-0.005409062050542123,-0.023730383651402464
BC24105,BC24105_C1,__ambiguous[ENSG00000273259+ENSG00000196136],-0.1875609735135211,-0.2801636300481377
BC24105,BC24105_C1,ENSG00000155366,0.03656447407512364,0.04280764646992803
BC24105,BC24105_C1,ENSG00000204287,0.10127679587726988,0.09278901689633356
BC24105,BC24105_C1,ENSG00000026025,0.2635175094641857,0.28908134270795655
BC24105,BC24105_C1,ENSG00000126247,-0.043608606784338415,-0.06375915665130344
BC24105,BC24105_C1,ENSG00000188846,0.10370161018438175,0.0997643181979181
BC24105,BC24105_C1,ENSG00000142173,0.2004040819256355,0.24109977954666284
BC24105,BC24105_C1,ENSG00000172354,-0.11435073602874318,-0.09726487568653716
BC24105,BC24105_C1,ENSG00000164692,0.22452810747249985,0.2339452730476655
BC24105,BC24105_C1,ENSG00000131143,-0.05217111032884757,-0.03130876030682546
BC24105,BC24105_C1,ENSG00000214530,-0.04695384526993499,-0.039524018884059375
BC24105,BC24105_C1,ENSG00000167815,0.08089208419218341,0.09667054770281021
BC24105,BC24105_C1,ENSG00000104964,0.042166569696379365,0.03430533868165894
BC24105,BC24105_C1,ENSG00000087460,0.22928834072429566,0.2795480928339556
BC24105,BC24105_C1,ENSG00000163479,0.04163422986081881,0.04510653699528553
BC24105,BC24105_C1,ENSG00000145494,0.05968888511135603,0.0866828756945904
BC24105,BC24105_C1,ENSG00000197956,0.023812239904741128,0.012513837868156453
BC24105,BC24105_C1,ENSG00000160180,0.027594225614031992,0.012977828166066987
BC24105,BC24105_C1,ENSG00000135480,-0.04812418080180342,-0.11717238818353348
BC24105,BC24105_C1,ENSG00000174886,0.00012794248609738077,0.03129820693134625
BC24105,BC24105_C1,ENSG00000114391,-0.034957650830884236,-0.043059243809307576
BC24105,BC24105_C1,ENSG00000100300,0.022187069411488698,0.04558799781034785
BC24105,BC24105_C1,ENSG00000171222,0.08287637793207073,0.1039658184315354
BC24105,BC24105_C1,ENSG00000135390,0.03167357991120305,0.05370285150414277
BC24105,BC24105_C1,ENSG00000187608,0.1170425342894126,0.1144745877963846
BC24105,BC24105_C1,ENSG00000177700,0.03942016800338259,0.00023665208173637536
BC24105,BC24105_C1,ENSG00000170421,0.0296298350997204,0.04488089106471117
BC24105,BC24105_C1,ENSG00000173801,0.028602845453381973,0.012968683638260176
BC24105,BC24105_C1,ENSG00000173272,-0.011971112207360742,0.011296200074672655
BC24105,BC24105_C1,ENSG00000130725,-0.027743586487822398,-0.0016192568225662696
BC24105,BC24105_C1,ENSG00000125970,-0.02654261249777618,-0.005193279164837322
BC24105,BC24105_C1,ENSG00000186010,-0.051282986854201656,-0.06421217008025955
BC24105,BC24105_C1,ENSG00000141753,0.015402887459120097,0.0730577682309426
BC24105,BC24105_C1,ENSG00000101335,0.26960503534285135,0.3204402123461159
BC24105,BC24105_C1,ENSG00000160932,0.07491241720447667,0.10602626484404606
BC24105,BC24105_C1,ENSG00000186468,0.03846661325752114,0.03165387211922583
BC24105,BC24105_C1,ENSG00000011304,0.03285779554831808,0.03677538569764464
BC24105,BC24105_C1,ENSG00000174444,0.03378553260822576,0.03394175844476106
BC24105,BC24105_C1,ENSG00000196576,-0.05734094953953531,-0.08267157873637465
BC24105,BC24105_C1,__ambiguous[ENSG00000241343+ENSG00000257529],0.14394513253305982,0.14091817064792328
BC24105,BC24105_C1,ENSG00000173369,0.1091134197293568,0.07682309763903124
BC24105,BC24105_C1,ENSG00000172270,0.03559133790791496,0.049109846490632436
BC24105,BC24105_C1,ENSG00000124172,0.09592644602010025,0.0922835035821068
BC24105,BC24105_C1,ENSG00000213988,0.0375052737529468,0.04212873691332345
BC24105,BC24105_C1,ENSG00000130520,0.029002186727606665,0.023828296466867953
BC24105,BC24105_C1,ENSG00000147684,0.09686988629405344,0.08787095625144012
BC24105,BC24105_C1,ENSG00000168528,-0.014456597911883747,-0.01678991443690919
BC24105,BC24105_C1,ENSG00000161960,-0.05932694252008981,-0.058349356811597274
BC24105,BC24105_C1,ENSG00000147604,0.10055559647590406,0.09090601190963349
BC24105,BC24105_C1,ENSG00000176046,0.00981104102971407,0.02771025004096064
BC24105,BC24105_C1,ENSG00000143420,0.07266756002596592,0.05590446377208995
BC24105,BC24105_C1,ENSG00000279274,0.03005395424619158,0.06131330855315066
BC24105,BC24105_C1,ENSG00000140990,0.02416261873507791,0.03442040318283745
BC24105,BC24105_C1,ENSG00000110492,0.016667568107214373,-0.020874562160864214
BC24105,BC24105_C1,ENSG00000096384,0.13550744835629777,0.15621706439069888
BC24105,BC24105_C1,ENSG00000233276,0.03834384551880549,0.09198717721464335
BC24105,BC24105_C1,ENSG00000132507,0.038139705409714106,0.04777759356395409
BC24105,BC24105_C1,ENSG00000135940,0.05807657995233498,0.05987431730700195
BC24105,BC24105_C1,ENSG00000025708,0.1543191556065623,0.2097716138349024
BC24105,BC24105_C1,ENSG00000163399,0.011603587163636955,-0.032648025807330436
BC24105,BC24105_C2,ENSG00000034510,-0.05103126054175635,-0.06229082815331615
BC24105,BC24105_C2,ENSG00000171345,0.19311941358050405,0.2209665939640074
BC24105,BC24105_C2,ENSG00000137818,0.09419642944386068,0.17767538613755654
BC24105,BC24105_C2,ENSG00000111640,-0.18036758746414272,-0.28944220566426476
BC24105,BC24105_C2,ENSG00000177600,-0.016938754112306716,0.015327275746513953
BC24105,BC24105_C2,ENSG00000231500,0.04571107986039889,0.059130338804130086
BC24105,BC24105_C2,ENSG00000164587,0.06057637905099353,0.09951883787880834
BC24105,BC24105_C2,ENSG00000254709,0.49867571422117335,0.516588725586017
BC24105,BC24105_C2,ENSG00000108107,0.05207817338324784,0.05314772244074628
BC24105,BC24105_C2,ENSG00000075624,0.10828708852125121,0.138811665541736
BC24105,BC24105_C2,ENSG00000197756,0.11115930244553897,0.1256464871409503
BC24105,BC24105_C2,ENSG00000105372,0.11701423151874955,0.14295553145870285
BC24105,BC24105_C2,ENSG00000108298,-0.17946426878118873,-0.16404447666692956
BC24105,BC24105_C2,ENSG00000161016,-0.017607008340411876,-0.0030422816368582033
BC24105,BC24105_C2,ENSG00000141736,0.09846553364305838,0.09447837492303705
BC24105,BC24105_C2,ENSG00000167526,0.05641399158428282,0.052501258038129356
BC24105,BC24105_C2,ENSG00000087086,0.20941565389060024,0.26671500939640075
BC24105,BC24105_C2,__ambiguous[ENSG00000251357+ENSG00000240972],0.10153559001993238,0.12373090528597996
BC24105,BC24105_C2,ENSG00000108518,0.03169307749917779,0.045375390530058825
BC24105,BC24105_C2,ENSG00000130255,-0.05493899363499762,-0.055534375400361345
BC24105,BC24105_C2,ENSG00000136942,-0.004047601621613197,-0.01634745351031239
BC24105,BC24105_C2,ENSG00000063177,-0.02686190279618358,-0.010368793546074445
BC24105,BC24105_C2,ENSG00000117984,0.1766392932996047,0.2128226505525714
BC24105,BC24105_C2,ENSG00000149273,-0.06295793290032582,-0.03890464667298593
BC24105,BC24105_C2,ENSG00000197746,0.09870777824205647,0.11737331290287834
BC24105,BC24105_C2,ENSG00000140264,0.05079906277094177,0.06155977373423969
BC24105,BC24105_C2,ENSG00000221983,0.1022292731511959,0.1009162983566886
BC24105,BC24105_C2,ENSG00000109062,0.02528079946010248,0.013548381437688316
BC24105,BC24105_C2,ENSG00000179218,0.11488491486043612,0.0883159825541085
BC24105,BC24105_C2,ENSG00000180879,0.1761778338752144,0.19364547270533652
BC24105,BC24105_C2,ENSG00000105193,0.007270229365547944,0.01740770683247465
BC24105,BC24105_C2,ENSG00000204628,-0.06323849500467857,-0.10725362144763134
BC24105,BC24105_C2,ENSG00000142534,0.012136929424941087,0.019714705788391042
BC24105,BC24105_C2,ENSG00000142541,-0.05355952675924684,-0.06727137570874883
BC24105,BC24105_C2,ENSG00000130203,0.43312287309301034,0.4747395250961009
BC24105,BC24105_C2,ENSG00000166441,-0.001185243202166918,0.028054152869177396
BC24105,BC24105_C2,ENSG00000185624,0.019362596607050718,0.05237995929119901
BC24105,BC24105_C2,ENSG00000167996,0.09557344769307909,0.0751623536009403
BC24105,BC24105_C2,ENSG00000147403,-0.04640201047713833,-0.08190884826239422
BC24105,BC24105_C2,ENSG00000089157,0.10212441465686307,0.1713533309673717
BC24105,BC24105_C2,ENSG00000234745,0.23694494631229857,0.21679316471251225
BC24105,BC24105_C2,ENSG00000140988,-0.002158502853983892,0.029685610718513143
BC24105,BC24105_C2,ENSG00000111341,0.1380984164331764,0.19426651853644422
BC24105,BC24105_C2,ENSG00000105640,-0.011062200688663086,0.03122720365863882
BC24105,BC24105_C2,ENSG00000171858,-0.11821850654306952,-0.1197135308284436
BC24105,BC24105_C2,ENSG00000115268,0.016175399722376367,0.04546176967093535
BC24105,BC24105_C2,ENSG00000233927,-0.015592057599994045,-0.0008473542891532139
BC24105,BC24105_C2,ENSG00000101439,0.11114971157753557,0.1606473214956489
BC24105,BC24105_C2,ENSG00000112306,0.00020719656964565767,0.0022352707058482194
BC24105,BC24105_C2,ENSG00000213741,0.033615989843343935,0.0527704664575202
BC24105,BC24105_C2,ENSG00000125691,-0.0783054801488149,-0.06607545326806329
BC24105,BC24105_C2,ENSG00000149806,0.06143953466108891,0.06266296029960366
BC24105,BC24105_C2,ENSG00000182774,0.0995143971917171,0.15425691701120206
BC24105,BC24105_C2,ENSG00000142676,0.0034746850764535383,-0.011244251766609346
BC24105,BC24105_C2,ENSG00000198034,-0.10407339589405563,-0.10054180249572837
BC24105,BC24105_C2,ENSG00000170889,0.10624713258266825,0.12063325362651536
BC24105,BC24105_C2,ENSG00000172809,-0.009939888754717033,-0.006411115604022322
BC24105,BC24105_C2,ENSG00000177954,0.07973461491109718,0.09161944587285617
BC24105,BC24105_C2,ENSG00000100316,-0.11444024125329913,-0.10809382534436686
BC24105,BC24105_C2,ENSG00000184009,0.0311531994717287,0.03697421906568664
BC24105,BC24105_C2,ENSG00000172757,0.012866339834045368,0.008154655822643625
BC24105,BC24105_C2,ENSG00000204525,0.23098980127684668,0.23546419822365405
BC24105,BC24105_C2,ENSG00000019582,0.10435003400833168,0.09524700600911502
BC24105,BC24105_C2,ENSG00000137154,-0.00412838161920141,-0.023926399200679925
BC24105,BC24105_C2,ENSG00000083845,0.07063810859542777,0.06947832684300703
BC24105,BC24105_C2,ENSG00000204592,-0.0013174704724140496,-0.013221532295928658
BC24105,BC24105_C2,__ambiguous[ENSG00000185883+ENSG00000260272],-0.026104576329251013,-0.022888674415525168
BC24105,BC24105_C2,ENSG00000108821,0.3743294205907502,0.3633180887448343
BC24105,BC24105_C2,__ambiguous[ENSG00000254772+ENSG00000255508],-0.03099713990176891,-0.009022839560749238
BC24105,BC24105_C2,ENSG00000142937,-0.08584688074173269,-0.09212070900087171
BC24105,BC24105_C2,ENSG00000206503,0.18772872387779405,0.15431275274044612
BC24105,BC24105_C2,ENSG00000135404,0.017868744647998994,0.05110612779889656
BC24105,BC24105_C2,ENSG00000167468,0.03431644513438679,0.048105028279477234
BC24105,BC24105_C2,ENSG00000169710,0.26141064859176494,0.29145108481680354
BC24105,BC24105_C2,ENSG00000231925,0.1774238503570761,0.17431837783960635
BC24105,BC24105_C2,ENSG00000163191,-0.12462888222701608,-0.12661089977980783
BC24105,BC24105_C2,ENSG00000107223,0.10727652188256435,0.11928949019670508
BC24105,BC24105_C2,ENSG00000165949,0.004477837975172974,0.0033420069711620755
BC24105,BC24105_C2,ENSG00000115457,-0.04454687631500443,-0.0764671394920873
BC24105,BC24105_C2,ENSG00000149925,0.08913580277519934,0.08814691627340236
BC24105,BC24105_C2,ENSG00000156482,0.1545505335745122,0.18788710845891224
BC24105,BC24105_C2,ENSG00000108639,0.08478616722115705,0.09054594949546074
BC24105,BC24105_C2,ENSG00000167995,-0.07206417112411448,-0.07887830593730401
BC24105,BC24105_C2,ENSG00000106624,0.33264573211153803,0.36075264497292286
BC24105,BC24105_C2,ENSG00000185499,-0.09687022832433831,-0.1168671377784569
BC24105,BC24105_C2,ENSG00000144713,-0.09283605065889294,-0.11065324033267636
BC24105,BC24105_C2,ENSG00000197958,-0.0066572092664650626,-0.012569652824202573
BC24105,BC24105_C2,ENSG00000162244,-0.029796804816351663,-0.02419690208143363
BC24105,BC24105_C2,ENSG00000167658,0.04038912330776578,-0.000723559176932483
BC24105,BC24105_C2,ENSG00000224389,-6.636716754359286e-05,-0.05507001602992639
BC24105,BC24105_C2,ENSG00000108344,-0.018689312040447693,-0.01827841715347606
BC24105,BC24105_C2,ENSG00000108679,0.1531880177834317,0.2014850432391248
BC24105,BC24105_C2,ENSG00000148303,0.1600130437233001,0.14286867547554832
BC24105,BC24105_C2,ENSG00000172531,-0.028400936144473293,-0.06209490469774808
BC24105,BC24105_C2,ENSG00000131469,0.10307237217876868,0.12419887445941466
BC24105,BC24105_C2,ENSG00000246705,-0.11511587627565616,-0.12241551342035423
BC24105,BC24105_C2,ENSG00000185825,0.035860200818821485,0.008614944457533302
BC24105,BC24105_C2,ENSG00000174748,0.05217455195692702,0.07554351970339046
BC24105,BC24105_C2,ENSG00000198242,0.10859389166968471,0.16999172649667382
BC24105,BC24105_C2,ENSG00000143947,0.08189507287348907,0.0856303648431462
BC24105,BC24105_C2,ENSG00000145592,0.1891075430635229,0.19946626092692435
BC24105,BC24105_C2,ENSG00000279483,0.04352979547984975,0.07644888070624617
BC24105,BC24105_C2,ENSG00000117410,0.06551180852375392,0.06574920653687481
BC24105,BC24105_C2,ENSG00000115884,0.013277611006697373,-0.004679852616479462
BC24105,BC24105_C2,ENSG00000158710,0.027070545890465342,0.042818539351164614
BC24105,BC24105_C2,ENSG00000106211,0.10675521524454387,0.13492706373980703
BC24105,BC24105_C2,ENSG00000152082,0.034117989194420564,0.0471172402631416
BC24105,BC24105_C2,ENSG00000130303,0.0761543049176797,0.05464514386622797
BC24105,BC24105_C2,ENSG00000104904,0.048068078100469425,0.04453617174518829
BC24105,BC24105_C2,__ambiguous[ENSG00000185885+ENSG00000185201],-0.01833200177239708,-0.028753757252090714
BC24105,BC24105_C2,__ambiguous[ENSG00000243678+ENSG00000011052],0.0333260766935872,0.011959456518441356
BC24105,BC24105_C2,ENSG00000160862,-0.031550001333498265,-0.03622185288527878
BC24105,BC24105_C2,ENSG00000111057,0.05468611416374658,0.04227816399078043
BC24105,BC24105_C2,__ambiguous[ENSG00000257341+ENSG00000213145],-0.0224846764143342,-0.013954722029854552
BC24105,BC24105_C2,ENSG00000092841,0.11348485906440449,0.15223425752805428
BC24105,BC24105_C2,ENSG00000141741,0.09755331018262753,0.08368652556026147
BC24105,BC24105_C2,ENSG00000110651,0.023703660833372203,0.03518989882265655
BC24105,BC24105_C2,ENSG00000277972,-0.011637600153784025,-0.013102966778404624
BC24105,BC24105_C2,ENSG00000030582,0.07221326422123166,0.10832882113459892
BC24105,BC24105_C2,ENSG00000071553,-0.006810462615430168,-0.019008715247194732
BC24105,BC24105_C2,ENSG00000118181,0.025103993585308144,0.07554307176851538
BC24105,BC24105_C2,ENSG00000074800,-0.06167079637231835,-0.08953218609127711
BC24105,BC24105_C2,ENSG00000126267,0.010200352664024526,0.015043031499216888
BC24105,BC24105_C2,ENSG00000130208,0.2505326978563439,0.29802328940286693
BC24105,BC24105_C2,ENSG00000173372,0.018823068726754953,0.0243604743206068
BC24105,BC24105_C2,ENSG00000142669,-0.03998420586170272,-0.020562852808616056
BC24105,BC24105_C2,__ambiguous[ENSG00000124614+ENSG00000270800],-0.04780683623688296,-0.06995588215512413
BC24105,BC24105_C2,ENSG00000166710,0.11462372273227901,0.11469655693317637
BC24105,BC24105_C2,ENSG00000124664,0.047258481287569515,0.08890667420470036
BC24105,BC24105_C2,ENSG00000178719,-0.03651677795304951,-0.041171584354044576
BC24105,BC24105_C2,ENSG00000169100,-0.022947332543760534,0.0021903342271204287
BC24105,BC24105_C2,ENSG00000150991,-0.03434378347964333,-0.017679615512119506
BC24105,BC24105_C2,ENSG00000102265,0.07945733540173507,0.07174279601303606
BC24105,BC24105_C2,ENSG00000071082,0.06933888775599187,0.07641564310090028
BC24105,BC24105_C2,ENSG00000117450,0.07817250684509952,0.10411150164581402
BC24105,BC24105_C2,ENSG00000133112,-0.12968012431661502,-0.13249941822782818
BC24105,BC24105_C2,ENSG00000160789,0.09683234021915309,0.11795942266381154
BC24105,BC24105_C2,ENSG00000149591,0.34762063339759697,0.36859181249086176
BC24105,BC24105_C2,ENSG00000277791,-0.05554631498090714,-0.013709520057891226
BC24105,BC24105_C2,ENSG00000125534,-0.09786157451610951,-0.12795037148286828
BC24105,BC24105_C2,ENSG00000141522,-0.07088417858564634,-0.06383525512873267
BC24105,BC24105_C2,ENSG00000182492,0.19200450540163874,0.2599172162950126
BC24105,BC24105_C2,ENSG00000165215,-0.08770938624479943,-0.07307868382289792
BC24105,BC24105_C2,ENSG00000182809,0.03053757789690637,0.005712773654880167
BC24105,BC24105_C2,ENSG00000143774,-0.019303895501051264,-0.0026580337503665924
BC24105,BC24105_C2,ENSG00000070756,0.1624264182466696,0.1720446004920001
BC24105,BC24105_C2,ENSG00000205542,0.00672289905529033,0.050764337743579024
BC24105,BC24105_C2,ENSG00000163220,-0.07857568891121074,-0.09349268954100856
BC24105,BC24105_C2,ENSG00000162511,0.1849814243233552,0.18795682998951346
BC24105,BC24105_C2,ENSG00000105223,0.1930222660722244,0.21457973373336867
BC24105,BC24105_C2,ENSG00000124614,-0.07301516320051478,-0.012639521675782014
BC24105,BC24105_C2,ENSG00000176340,0.021423492071930374,0.028740702181351444
BC24105,BC24105_C2,ENSG00000255823,0.3747114741612041,0.3990444655673178
BC24105,BC24105_C2,ENSG00000187514,0.047950100877712364,0.036476400403898386
BC24105,BC24105_C2,ENSG00000052344,-0.024862534393999762,-0.011805310946101419
BC24105,BC24105_C2,ENSG00000196924,0.08412948154473375,0.0656633735736733
BC24105,BC24105_C2,ENSG00000142089,-0.02137499455167343,-0.04081960639813697
BC24105,BC24105_C2,ENSG00000184897,0.08001905219480157,0.07847866744232064
BC24105,BC24105_C2,ENSG00000178980,-0.024224384842282173,-0.039902945100918075
BC24105,BC24105_C2,ENSG00000103363,-0.014644773940563963,-0.009040879910779252
BC24105,BC24105_C2,ENSG00000123349,-0.01955412749760186,-0.029891617729674507
BC24105,BC24105_C2,ENSG00000164733,0.12288574571100007,0.19747472118870402
BC24105,BC24105_C2,ENSG00000127540,0.09071103308796132,0.1041641468207925
BC24105,BC24105_C2,ENSG00000163682,0.015969106517383175,0.02935987179530283
BC24105,BC24105_C2,ENSG00000145425,0.04357477143435146,0.05275236752884203
BC24105,BC24105_C2,ENSG00000138326,0.05145123912575703,0.09476330158982926
BC24105,BC24105_C2,ENSG00000114353,0.08639089192002676,0.10553165160633006
BC24105,BC24105_C2,ENSG00000058262,0.0029449762783032027,0.012903057520542948
BC24105,BC24105_C2,__ambiguous[ENSG00000277957+ENSG00000161960],0.06817872291178882,0.055647066823253086
BC24105,BC24105_C2,ENSG00000051523,-0.020082093084607552,-0.04812028590600995
BC24105,BC24105_C2,ENSG00000178952,-0.10363323292455609,-0.09398323496888501
BC24105,BC24105_C2,__ambiguous[ENSG00000219200+ENSG00000161939],0.08782827148822268,0.09436269532654748
BC24105,BC24105_C2,ENSG00000269028,0.4993060125114413,0.5314272082250697
BC24105,BC24105_C2,ENSG00000131748,-0.025367881075785283,-0.036641744294004304
BC24105,BC24105_C2,ENSG00000272196,0.07871767864011765,0.05975562221501527
BC24105,BC24105_C2,__ambiguous[ENSG00000262526+ENSG00000170296],0.0006908215036694125,0.005027337842182623
BC24105,BC24105_C2,ENSG00000111669,0.032621244232432234,0.03533971254326786
BC24105,BC24105_C2,ENSG00000104529,-0.02321310374529714,-0.03745858836126538
BC24105,BC24105_C2,ENSG00000251562,0.292705825921686,0.33541957119279736
BC24105,BC24105_C2,ENSG00000170315,0.10923004884423373,0.06692301547685385
BC24105,BC24105_C2,ENSG00000114867,0.08721145011666138,0.09155511971199956
BC24105,BC24105_C2,ENSG00000169223,0.022113055001877286,0.016563855993671762
BC24105,BC24105_C2,ENSG00000144426,-0.057876016571745584,-0.029326647348743837
BC24105,BC24105_C2,ENSG00000115414,0.2580760485188935,0.3174357192133067
BC24105,BC24105_C2,ENSG00000125730,0.19374290455914767,0.22935183445256177
BC24105,BC24105_C2,ENSG00000182899,0.06782979593163242,0.10902198189517849
BC24105,BC24105_C2,ENSG00000164919,0.021150325321177933,0.03962790321828065
BC24105,BC24105_C2,ENSG00000100219,-0.10810658808480504,-0.13133139806037603
BC24105,BC24105_C2,ENSG00000008988,0.04269937619599476,0.06822589375090014
BC24105,BC24105_C2,ENSG00000142949,0.08351735006308224,0.10101744054086524
BC24105,BC24105_C2,__ambiguous[ENSG00000273259+ENSG00000196136],-0.16173167214316758,-0.2540650634942764
BC24105,BC24105_C2,ENSG00000155366,0.05623969645509255,0.09223418563914657
BC24105,BC24105_C2,ENSG00000204287,0.08502536280032229,0.11138361704772674
BC24105,BC24105_C2,ENSG00000026025,0.16463563773894122,0.22001275654930277
BC24105,BC24105_C2,ENSG00000126247,-0.027817481448386822,-0.026890123364446815
BC24105,BC24105_C2,ENSG00000188846,0.034308470175817035,0.021281910838680626
BC24105,BC24105_C2,ENSG00000142173,0.19462529300168968,0.20194437234588314
BC24105,BC24105_C2,ENSG00000172354,-0.030090063554532562,-0.01786158202859811
BC24105,BC24105_C2,ENSG00000164692,0.1929855829874982,0.21765720232190586
BC24105,BC24105_C2,ENSG00000131143,0.003952202635378816,0.006600677604053603
BC24105,BC24105_C2,ENSG00000214530,0.005869820644958781,-0.017798562231514034
BC24105,BC24105_C2,ENSG00000167815,0.026664857038388366,0.044811513618933305
BC24105,BC24105_C2,ENSG00000104964,-0.015495607005360595,-0.03117860316005812
BC24105,BC24105_C2,ENSG00000087460,0.17004388166079537,0.18198321626469055
BC24105,BC24105_C2,ENSG00000163479,-0.07352805339843477,-0.06975613265616795
BC24105,BC24105_C2,ENSG00000145494,-0.05763712272652117,-0.022677915080879685
BC24105,BC24105_C2,ENSG00000197956,-0.07105420383954873,-0.07486277899540922
BC24105,BC24105_C2,ENSG00000160180,0.01348522153872857,0.0005172030294246574
BC24105,BC24105_C2,ENSG00000135480,0.12840928666693047,0.10291598595970784
BC24105,BC24105_C2,ENSG00000174886,-0.04321935202340054,-0.06289710519463473
BC24105,BC24105_C2,ENSG00000114391,0.026627781355527666,0.04112477350695579
BC24105,BC24105_C2,ENSG00000100300,0.10326662834727295,0.11029801032337427
BC24105,BC24105_C2,ENSG00000171222,0.016765557130419138,0.015423487201737578
BC24105,BC24105_C2,ENSG00000135390,-0.12700426330973388,-0.11257366814475234
BC24105,BC24105_C2,ENSG00000187608,0.051974890824696536,0.07050834168958857
BC24105,BC24105_C2,ENSG00000177700,-0.010619139839640085,0.011125683802584586
BC24105,BC24105_C2,ENSG00000170421,0.04211489651898083,0.06284847601739396
BC24105,BC24105_C2,ENSG00000173801,0.03951133647335168,0.00681882968736854
BC24105,BC24105_C2,ENSG00000173272,0.05057775314891378,0.0547326651236173
BC24105,BC24105_C2,ENSG00000130725,-0.016771083333599956,-0.0267357068124825
BC24105,BC24105_C2,ENSG00000125970,-0.04120910042991879,-0.05047972401020618
BC24105,BC24105_C2,ENSG00000186010,-0.025218509412164095,-0.05007473099826833
BC24105,BC24105_C2,ENSG00000141753,-0.06189407688383503,-0.01009450734176932
BC24105,BC24105_C2,ENSG00000101335,0.17681112758912562,0.2353372224118371
BC24105,BC24105_C2,ENSG00000160932,0.03573777956309869,0.03165908430118521
BC24105,BC24105_C2,ENSG00000186468,0.02528114996432255,0.030922642298078992
BC24105,BC24105_C2,ENSG00000011304,-0.028852098230016946,-0.026733121964348662
BC24105,BC24105_C2,ENSG00000174444,0.04997678983511622,0.04208697436687638
BC24105,BC24105_C2,ENSG00000196576,-0.036137802721516094,-0.04167960814812866
BC24105,BC24105_C2,__ambiguous[ENSG00000241343+ENSG00000257529],0.07477086676996618,0.08516577712143081
BC24105,BC24105_C2,ENSG00000173369,0.11476470011335438,0.135440428978845
BC24105,BC24105_C2,ENSG00000172270,0.03198463295552601,0.04717461640001665
BC24105,BC24105_C2,ENSG00000124172,-0.08368051226301938,-0.06466855900644274
BC24105,BC24105_C2,ENSG00000213988,0.08157832489900801,0.1217030666249496
BC24105,BC24105_C2,ENSG00000130520,0.013531615353444293,0.0264740616572622
BC24105,BC24105_C2,ENSG00000147684,0.08816433029992897,0.09163991688396166
BC24105,BC24105_C2,ENSG00000168528,-0.0009933310344129181,0.01398627906391363
BC24105,BC24105_C2,ENSG00000161960,-0.0859094778301903,-0.10582824624431279
BC24105,BC24105_C2,ENSG00000147604,0.009052760639615852,0.016814236683033074
BC24105,BC24105_C2,ENSG00000176046,-0.0076705803305636,0.010187850950668372
BC24105,BC24105_C2,ENSG00000143420,0.0385519333328049,0.0647325100781424
BC24105,BC24105_C2,ENSG00000279274,0.009600807162520939,0.029440918185363624
BC24105,BC24105_C2,ENSG00000140990,0.014905789848028062,0.008521574731539888
BC24105,BC24105_C2,ENSG00000110492,-0.15519831304575257,-0.1434477422401526
BC24105,BC24105_C2,ENSG00000096384,0.06438491042057212,0.07102956344766478
BC24105,BC24105_C2,ENSG00000233276,0.04945192573129214,0.02160097732818281
BC24105,BC24105_C2,ENSG00000132507,-0.00121570481048203,-0.0004240877219835448
BC24105,BC24105_C2,ENSG00000135940,-0.02043944883456508,-0.024667422984266107
BC24105,BC24105_C2,ENSG00000025708,0.0384659843515597,0.05982408417290529
BC24105,BC24105_C2,ENSG00000163399,-0.022891741665231155,-0.012917633794504859
BC24105,BC24105_D1,ENSG00000034510,-0.04657630223675229,-0.06713598013854759
BC24105,BC24105_D1,ENSG00000171345,0.10347427474559061,0.07848791599759711
BC24105,BC24105_D1,ENSG00000137818,0.17754946878738445,0.238767899023497
BC24105,BC24105_D1,ENSG00000111640,-0.053202945607005656,-0.10867965984213038
BC24105,BC24105_D1,ENSG00000177600,0.08688485857492846,0.1031921670318219
BC24105,BC24105_D1,ENSG00000231500,0.09375942469715748,0.1147821071376233
BC24105,BC24105_D1,ENSG00000164587,0.07956007694746507,0.10525184529920538
BC24105,BC24105_D1,ENSG00000254709,0.4453931249600354,0.4980684489434224
BC24105,BC24105_D1,ENSG00000108107,0.05364558058776062,0.03386707440440617
BC24105,BC24105_D1,ENSG00000075624,0.013510202476051843,0.06628845582333709
BC24105,BC24105_D1,ENSG00000197756,0.05416182231923192,0.08604852181933148
BC24105,BC24105_D1,ENSG00000105372,-0.038412611424948444,-0.05908015927261891
BC24105,BC24105_D1,ENSG00000108298,0.016884895492987783,0.03056545386354487
BC24105,BC24105_D1,ENSG00000161016,-0.004959669579591228,-0.018922066388623947
BC24105,BC24105_D1,ENSG00000141736,0.35468556219603653,0.3919084495271641
BC24105,BC24105_D1,ENSG00000167526,0.07700424958304741,0.07668137625175307
BC24105,BC24105_D1,ENSG00000087086,0.0921413974877736,0.12467171111575343
BC24105,BC24105_D1,__ambiguous[ENSG00000251357+ENSG00000240972],-0.011129739097024263,0.011201910433332803
BC24105,BC24105_D1,ENSG00000108518,0.08317134053954994,0.10370221335618536
BC24105,BC24105_D1,ENSG00000130255,-0.11445408146186165,-0.14547745970474163
BC24105,BC24105_D1,ENSG00000136942,-0.031015077849628925,-0.034766256118666274
BC24105,BC24105_D1,ENSG00000063177,0.04168887527982424,0.03738831143978998
BC24105,BC24105_D1,ENSG00000117984,-0.011809755575901209,-0.07396522998924689
BC24105,BC24105_D1,ENSG00000149273,-0.025461722025511654,-0.025612040266593427
BC24105,BC24105_D1,ENSG00000197746,0.028152860531461165,-0.004142623769397443
BC24105,BC24105_D1,ENSG00000140264,-0.03621316812492168,-0.05036237200508924
BC24105,BC24105_D1,ENSG00000221983,-0.004048080634018909,0.02025469314172376
BC24105,BC24105_D1,ENSG00000109062,0.030264918083188704,0.05573920382872524
BC24105,BC24105_D1,ENSG00000179218,0.06324474555480963,0.06576046242531541
BC24105,BC24105_D1,ENSG00000180879,0.15731315611868318,0.13599699024099232
BC24105,BC24105_D1,ENSG00000105193,0.05096763629331434,0.03232438564992846
BC24105,BC24105_D1,ENSG00000204628,-0.013299342403995905,-0.01887243152275312
BC24105,BC24105_D1,ENSG00000142534,0.1715767717160781,0.20741829238684653
BC24105,BC24105_D1,ENSG00000142541,-0.10731784824360315,-0.13552217735831393
BC24105,BC24105_D1,ENSG00000130203,0.3107716822429942,0.39604559991384675
BC24105,BC24105_D1,ENSG00000166441,0.1058963699518985,0.1479504230295211
BC24105,BC24105_D1,ENSG00000185624,0.043839946157407196,0.04726429532172696
BC24105,BC24105_D1,ENSG00000167996,0.1362897424212601,0.18686784496982584
BC24105,BC24105_D1,ENSG00000147403,-0.020522691197728187,-0.014077461638022733
BC24105,BC24105_D1,ENSG00000089157,0.05548757362980234,0.09244777822376139
BC24105,BC24105_D1,ENSG00000234745,0.15407376475257561,0.17964455735454088
BC24105,BC24105_D1,ENSG00000140988,0.0034675693176781154,0.02169724524346714
BC24105,BC24105_D1,ENSG00000111341,0.07137974887915292,0.14791706183253886
BC24105,BC24105_D1,ENSG00000105640,-0.03229126139627831,-0.04907381863364315
BC24105,BC24105_D1,ENSG00000171858,-0.027816877931071553,-0.021050664027167248
BC24105,BC24105_D1,ENSG00000115268,-0.057744641005973124,-0.05814673191680161
BC24105,BC24105_D1,ENSG00000233927,0.09306570568197466,0.10232648635956687
BC24105,BC24105_D1,ENSG00000101439,0.11048846318455716,0.1792762764165517
BC24105,BC24105_D1,ENSG00000112306,-0.037846722193667866,-0.028542036952173166
BC24105,BC24105_D1,ENSG00000213741,0.1036309559179061,0.14232516788658872
BC24105,BC24105_D1,ENSG00000125691,-0.053047931305918686,-0.04171236212153132
BC24105,BC24105_D1,ENSG00000149806,0.03933498588919753,0.046748850058526394
BC24105,BC24105_D1,ENSG00000182774,-0.021850489274069535,0.000832162371759231
BC24105,BC24105_D1,ENSG00000142676,-0.06890175353133227,-0.10538878074025868
BC24105,BC24105_D1,ENSG00000198034,-0.026001351801299623,-0.047959970060783445
BC24105,BC24105_D1,ENSG00000170889,-0.03979305871485281,-0.03159016564087083
BC24105,BC24105_D1,ENSG00000172809,-0.006297479751593787,-0.004463076419936541
BC24105,BC24105_D1,ENSG00000177954,0.047696372849888126,0.016052763411618744
BC24105,BC24105_D1,ENSG00000100316,0.004272204188259395,0.004222675185123385
BC24105,BC24105_D1,ENSG00000184009,-0.03953788875569971,-0.04933983615887702
BC24105,BC24105_D1,ENSG00000172757,0.009526780569218433,0.000999438017534918
BC24105,BC24105_D1,ENSG00000204525,0.17629775772393436,0.190419590056894
BC24105,BC24105_D1,ENSG00000019582,0.10757052025312396,0.1383831642777092
BC24105,BC24105_D1,ENSG00000137154,0.02762229686015237,0.0599291277646457
BC24105,BC24105_D1,ENSG00000083845,-0.010997526873379742,-0.006630524278608055
BC24105,BC24105_D1,ENSG00000204592,0.005332535217032684,0.005906561230920541
BC24105,BC24105_D1,__ambiguous[ENSG00000185883+ENSG00000260272],0.04574163520442854,0.039789564932384246
BC24105,BC24105_D1,ENSG00000108821,0.03500821524372411,0.034464503062228424
BC24105,BC24105_D1,__ambiguous[ENSG00000254772+ENSG00000255508],0.041664106876490595,0.07435387585820175
BC24105,BC24105_D1,ENSG00000142937,-0.04975440565977444,-0.03717857899382519
BC24105,BC24105_D1,ENSG00000206503,0.11098914343389721,0.13580320204127033
BC24105,BC24105_D1,ENSG00000135404,-0.017817909491867068,-0.046578558084975887
BC24105,BC24105_D1,ENSG00000167468,0.008968896452036018,0.049677888700697004
BC24105,BC24105_D1,ENSG00000169710,0.33350476187044764,0.41456647754428844
BC24105,BC24105_D1,ENSG00000231925,0.03744596132959892,0.003421296290833251
BC24105,BC24105_D1,ENSG00000163191,-0.017108078575064408,-0.004426068958271605
BC24105,BC24105_D1,ENSG00000107223,-0.007479596012235549,-0.03376792945512929
BC24105,BC24105_D1,ENSG00000165949,0.18784725434960065,0.28012852869909116
BC24105,BC24105_D1,ENSG00000115457,0.06736316075814411,0.07492931532725161
BC24105,BC24105_D1,ENSG00000149925,0.02488772336637406,0.030275751831128683
BC24105,BC24105_D1,ENSG00000156482,0.010170493480396711,0.03534318879539548
BC24105,BC24105_D1,ENSG00000108639,0.05123779730070652,0.07584114718303012
BC24105,BC24105_D1,ENSG00000167995,0.02722726297410208,0.052160412403072606
BC24105,BC24105_D1,ENSG00000106624,0.16327295086329402,0.18162038715851525
BC24105,BC24105_D1,ENSG00000185499,0.04907245320019821,-0.015546987024204468
BC24105,BC24105_D1,ENSG00000144713,-0.017949518420751542,0.022886231119331874
BC24105,BC24105_D1,ENSG00000197958,0.047940183692406095,0.07170804590471397
BC24105,BC24105_D1,ENSG00000162244,0.010013549528993504,0.05009173113319922
BC24105,BC24105_D1,ENSG00000167658,0.027054922250427764,0.037606275122352165
BC24105,BC24105_D1,ENSG00000224389,0.03346231114698691,0.03133355137618683
BC24105,BC24105_D1,ENSG00000108344,0.0729873381860088,0.052156083260045324
BC24105,BC24105_D1,ENSG00000108679,0.027464579084780033,0.031741541969674415
BC24105,BC24105_D1,ENSG00000148303,0.06217149000656489,0.059551511137952366
BC24105,BC24105_D1,ENSG00000172531,-0.0015226104880287014,-0.010029875979720292
BC24105,BC24105_D1,ENSG00000131469,0.07483124464442843,0.08297689274746481
BC24105,BC24105_D1,ENSG00000246705,-0.07492443802798131,-0.051363785325646595
BC24105,BC24105_D1,ENSG00000185825,0.036328922542407514,0.004557709689354836
BC24105,BC24105_D1,ENSG00000174748,-0.01843028004820342,-0.03416460134234676
BC24105,BC24105_D1,ENSG00000198242,0.1300493508253538,0.12859073217640443
BC24105,BC24105_D1,ENSG00000143947,0.03043066316531094,0.054501805751639855
BC24105,BC24105_D1,ENSG00000145592,-0.0035817807750846893,0.010520860862885832
BC24105,BC24105_D1,ENSG00000279483,0.08277557159590468,0.10707519535365068
BC24105,BC24105_D1,ENSG00000117410,0.060955860480842304,0.07818617973037346
BC24105,BC24105_D1,ENSG00000115884,-0.029710100710838513,-0.03720824066036287
BC24105,BC24105_D1,ENSG00000158710,0.02770691054374446,0.021893787589330766
BC24105,BC24105_D1,ENSG00000106211,0.04803090399008152,0.09420264230118588
BC24105,BC24105_D1,ENSG00000152082,0.012131489429950714,0.026057026465376065
BC24105,BC24105_D1,ENSG00000130303,-0.0472863040464782,-0.046306196891722724
BC24105,BC24105_D1,ENSG00000104904,-0.04007962297627513,-0.04382854794809573
BC24105,BC24105_D1,__ambiguous[ENSG00000185885+ENSG00000185201],0.0029258879722349864,0.015253573849474268
BC24105,BC24105_D1,__ambiguous[ENSG00000243678+ENSG00000011052],-0.0005790602059569954,0.019342815602318212
BC24105,BC24105_D1,ENSG00000160862,-0.08351971144720555,-0.07152030114078183
BC24105,BC24105_D1,ENSG00000111057,0.005877254658840333,0.012655388969260745
BC24105,BC24105_D1,__ambiguous[ENSG00000257341+ENSG00000213145],0.07593783964872577,0.1058291672708512
BC24105,BC24105_D1,ENSG00000092841,0.02920692144942171,0.04244055478593373
BC24105,BC24105_D1,ENSG00000141741,0.11398431895391649,0.11848533301763246
BC24105,BC24105_D1,ENSG00000110651,0.024556221554781696,0.040079345447381134
BC24105,BC24105_D1,ENSG00000277972,0.0930877680081011,0.10806119163101932
BC24105,BC24105_D1,ENSG00000030582,-0.00158843928488091,0.0009227862482473783
BC24105,BC24105_D1,ENSG00000071553,0.01780991312290303,0.03982610141702892
BC24105,BC24105_D1,ENSG00000118181,0.0733298324459199,0.1017251380612762
BC24105,BC24105_D1,ENSG00000074800,-0.003533593246541389,0.01376010257245351
BC24105,BC24105_D1,ENSG00000126267,-0.03791381484427416,-0.05525249345576322
BC24105,BC24105_D1,ENSG00000130208,0.04474390243898073,0.08009684422194577
BC24105,BC24105_D1,ENSG00000173372,0.16849754748394075,0.17787901228648875
BC24105,BC24105_D1,ENSG00000142669,0.07153814201229866,0.07464072304839864
BC24105,BC24105_D1,__ambiguous[ENSG00000124614+ENSG00000270800],-0.004947335904551588,-0.019014057139521583
BC24105,BC24105_D1,ENSG00000166710,0.06433942625323098,0.10881494419311069
BC24105,BC24105_D1,ENSG00000124664,-0.04451758257831104,-0.033527464223710036
BC24105,BC24105_D1,ENSG00000178719,-0.012536953307802424,0.010084436980571158
BC24105,BC24105_D1,ENSG00000169100,-0.109089621380916,-0.09407428905903073
BC24105,BC24105_D1,ENSG00000150991,0.024234064119441096,0.02092030916997842
BC24105,BC24105_D1,ENSG00000102265,-0.03073796567951783,-0.018031888943734985
BC24105,BC24105_D1,ENSG00000071082,0.031227981944761115,0.04423661245736995
BC24105,BC24105_D1,ENSG00000117450,0.08854835036915833,0.07027104021973725
BC24105,BC24105_D1,ENSG00000133112,-0.016703857181489288,-0.0025149942635533497
BC24105,BC24105_D1,ENSG00000160789,0.15833476417144404,0.15577735408649504
BC24105,BC24105_D1,ENSG00000149591,0.1854559025817908,0.23199877850558703
BC24105,BC24105_D1,ENSG00000277791,-0.02276789303055934,-0.020284301988041535
BC24105,BC24105_D1,ENSG00000125534,-0.03479594844096226,-0.040487572991538455
BC24105,BC24105_D1,ENSG00000141522,0.02954148367222248,-0.004730975130507053
BC24105,BC24105_D1,ENSG00000182492,0.28407089162977056,0.32879759560674093
BC24105,BC24105_D1,ENSG00000165215,-0.07710403976225978,-0.08135944739924314
BC24105,BC24105_D1,ENSG00000182809,0.004546727467949937,-0.017900356455942523
BC24105,BC24105_D1,ENSG00000143774,-0.018226678298642482,-0.04126200354562927
BC24105,BC24105_D1,ENSG00000070756,0.010775797502224852,0.01577969530286395
BC24105,BC24105_D1,ENSG00000205542,0.03104844320124707,0.07610692720015788
BC24105,BC24105_D1,ENSG00000163220,0.07446427815888029,0.09891460695690127
BC24105,BC24105_D1,ENSG00000162511,-0.09140648031321896,-0.12448195339737075
BC24105,BC24105_D1,ENSG00000105223,0.1194753940634426,0.10531956423170538
BC24105,BC24105_D1,ENSG00000124614,-0.012357927602601486,-0.009883791373027643
BC24105,BC24105_D1,ENSG00000176340,0.02011364252826629,0.01913046512419272
BC24105,BC24105_D1,ENSG00000255823,0.29496367843271964,0.3361661276948337
BC24105,BC24105_D1,ENSG00000187514,-0.020992852592058565,-0.02872318150096399
BC24105,BC24105_D1,ENSG00000052344,-0.04834373717025929,-0.09136398351744578
BC24105,BC24105_D1,ENSG00000196924,0.0587942876837942,0.03215750947420135
BC24105,BC24105_D1,ENSG00000142089,-0.058800259135211336,-0.04650230370653068
BC24105,BC24105_D1,ENSG00000184897,0.09892737067926866,0.10814842122739517
BC24105,BC24105_D1,ENSG00000178980,0.0001538038630426864,-0.01395488541174336
BC24105,BC24105_D1,ENSG00000103363,-0.051041192501161604,-0.045944887079786986
BC24105,BC24105_D1,ENSG00000123349,0.0365421795018983,0.05803981423089852
BC24105,BC24105_D1,ENSG00000164733,0.07108735319995632,0.16395785113408753
BC24105,BC24105_D1,ENSG00000127540,0.131357956460436,0.1341315486054923
BC24105,BC24105_D1,ENSG00000163682,0.037167406764888604,0.0652497219475326
BC24105,BC24105_D1,ENSG00000145425,-0.01828702304116804,-0.03888983605201552
BC24105,BC24105_D1,ENSG00000138326,0.07485158957883645,0.06855778471507616
BC24105,BC24105_D1,ENSG00000114353,0.07884882113665037,0.09637812871124864
BC24105,BC24105_D1,ENSG00000058262,-0.01616823777917103,-0.04105252697433629
BC24105,BC24105_D1,__ambiguous[ENSG00000277957+ENSG00000161960],0.054983928611506964,0.05586232866306336
BC24105,BC24105_D1,ENSG00000051523,0.06739408251210993,0.060292381511009734
BC24105,BC24105_D1,ENSG00000178952,0.07077779805483427,0.06778888525959617
BC24105,BC24105_D1,__ambiguous[ENSG00000219200+ENSG00000161939],0.1311491378336197,0.1357193104059681
BC24105,BC24105_D1,ENSG00000269028,0.2952197897837554,0.3270163793285157
BC24105,BC24105_D1,ENSG00000131748,-0.021881874368511293,0.005552511654798343
BC24105,BC24105_D1,ENSG00000272196,0.054243448783050326,0.07764462026648661
BC24105,BC24105_D1,__ambiguous[ENSG00000262526+ENSG00000170296],-0.022583291036115803,-0.03819237163981852
BC24105,BC24105_D1,ENSG00000111669,0.06358673661994753,0.0765568002982144
BC24105,BC24105_D1,ENSG00000104529,-0.07965051520606907,-0.07480412605461083
BC24105,BC24105_D1,ENSG00000251562,0.2415967022134585,0.24666554892299145
BC24105,BC24105_D1,ENSG00000170315,-0.02154344897982181,0.005590919633915273
BC24105,BC24105_D1,ENSG00000114867,0.15157426530848866,0.1162102987176513
BC24105,BC24105_D1,ENSG00000169223,0.039866813748315605,0.0301990671622675
BC24105,BC24105_D1,ENSG00000144426,-0.03964945234176427,-0.04050387262579406
BC24105,BC24105_D1,ENSG00000115414,-0.049368507025109566,-0.03469796534572836
BC24105,BC24105_D1,ENSG00000125730,0.26740696539651565,0.34884717673678406
BC24105,BC24105_D1,ENSG00000182899,0.14618014520557407,0.1935455941892267
BC24105,BC24105_D1,ENSG00000164919,-0.06279635171387832,-0.0376475989692753
BC24105,BC24105_D1,ENSG00000100219,0.031027931827274206,-0.03845225230645804
BC24105,BC24105_D1,ENSG00000008988,-0.002535260775008041,0.04664508715180239
BC24105,BC24105_D1,ENSG00000142949,0.14861230885936294,0.16721279941470357
BC24105,BC24105_D1,__ambiguous[ENSG00000273259+ENSG00000196136],-0.14491192288381619,-0.23687958519193764
BC24105,BC24105_D1,ENSG00000155366,0.04497497879756063,0.033456835380533054
BC24105,BC24105_D1,ENSG00000204287,-0.020839620800436606,-0.020808876013096594
BC24105,BC24105_D1,ENSG00000026025,0.05408798357326258,0.09397198412879382
BC24105,BC24105_D1,ENSG00000126247,-0.006995274840849888,-0.033528816650192146
BC24105,BC24105_D1,ENSG00000188846,0.1216471114495706,0.11880446259951379
BC24105,BC24105_D1,ENSG00000142173,0.21939581536628552,0.25821678333059744
BC24105,BC24105_D1,ENSG00000172354,-0.02165492993192261,0.03102311390594397
BC24105,BC24105_D1,ENSG00000164692,-0.0016238177981149598,-0.02137647297406147
BC24105,BC24105_D1,ENSG00000131143,-0.09000530593201306,-0.05255610154707313
BC24105,BC24105_D1,ENSG00000214530,-0.056197326552693584,-0.05639925479472486
BC24105,BC24105_D1,ENSG00000167815,-0.03748703923644761,-0.03632518456331198
BC24105,BC24105_D1,ENSG00000104964,-0.10378293700233401,-0.13874670056665656
BC24105,BC24105_D1,ENSG00000087460,0.291819546555325,0.33503481791074025
BC24105,BC24105_D1,ENSG00000163479,0.042562287792797346,0.03409694465748883
BC24105,BC24105_D1,ENSG00000145494,-0.002772331317738284,-0.003134763035681286
BC24105,BC24105_D1,ENSG00000197956,0.04781756940692896,0.05688021146397467
BC24105,BC24105_D1,ENSG00000160180,0.01888402617969202,0.06476949945147874
BC24105,BC24105_D1,ENSG00000135480,0.12939610847782415,0.11194557274063395
BC24105,BC24105_D1,ENSG00000174886,0.04705252399898448,0.02115797491885002
BC24105,BC24105_D1,ENSG00000114391,0.04349356427668676,0.029184609025832947
BC24105,BC24105_D1,ENSG00000100300,0.06371128206629721,0.11926056358462678
BC24105,BC24105_D1,ENSG00000171222,-0.06977374083917436,-0.07887312407367933
BC24105,BC24105_D1,ENSG00000135390,-0.022384918199635145,0.021702854760252303
BC24105,BC24105_D1,ENSG00000187608,0.04752648721452501,0.08952760447132337
BC24105,BC24105_D1,ENSG00000177700,-0.09519073461282876,-0.10572728560226724
BC24105,BC24105_D1,ENSG00000170421,0.06260969902074248,0.06205076055634747
BC24105,BC24105_D1,ENSG00000173801,0.018362222023873567,-0.0022751784599180495
BC24105,BC24105_D1,ENSG00000173272,0.11219333825458506,0.12385568529495161
BC24105,BC24105_D1,ENSG00000130725,0.0967411196285256,0.09431112246091024
BC24105,BC24105_D1,ENSG00000125970,-0.009103284495604913,-0.03126112776059673
BC24105,BC24105_D1,ENSG00000186010,0.03568149467061642,0.04243273168092979
BC24105,BC24105_D1,ENSG00000141753,-0.06553461115994735,-0.03836645253979912
BC24105,BC24105_D1,ENSG00000101335,0.1116964603614388,0.1593698669298793
BC24105,BC24105_D1,ENSG00000160932,0.059859470149725175,0.0478292371585452
BC24105,BC24105_D1,ENSG00000186468,0.05999652828008798,0.07399134182792262
BC24105,BC24105_D1,ENSG00000011304,0.020171606736933106,0.005930577041184516
BC24105,BC24105_D1,ENSG00000174444,0.08678580884901836,0.05671870000041686
BC24105,BC24105_D1,ENSG00000196576,-0.06506101592458978,-0.05107225102413431
BC24105,BC24105_D1,__ambiguous[ENSG00000241343+ENSG00000257529],0.014941687765698097,0.020532310932057186
BC24105,BC24105_D1,ENSG00000173369,0.006666889032466213,0.006279157665724456
BC24105,BC24105_D1,ENSG00000172270,-0.08883381518373448,-0.08537417263934509
BC24105,BC24105_D1,ENSG00000124172,0.08857985950413558,0.1068419823818892
BC24105,BC24105_D1,ENSG00000213988,-0.08119031030549025,-0.06831242895934422
BC24105,BC24105_D1,ENSG00000130520,0.021061662345550458,0.023489234213348344
BC24105,BC24105_D1,ENSG00000147684,-0.03680028038461616,-0.07249645388634875
BC24105,BC24105_D1,ENSG00000168528,0.03705955045924032,0.045948982653339576
BC24105,BC24105_D1,ENSG00000161960,0.11516427280348135,0.11674492641265966
BC24105,BC24105_D1,ENSG00000147604,0.011111042375069078,-0.008645062995417393
BC24105,BC24105_D1,ENSG00000176046,0.03840479229295974,0.04150393556995938
BC24105,BC24105_D1,ENSG00000143420,0.00934860122067458,0.020833812750030337
BC24105,BC24105_D1,ENSG00000279274,-0.022174565968682395,-0.013264533726354678
BC24105,BC24105_D1,ENSG00000140990,-0.05307233729647216,-0.05210036508239689
BC24105,BC24105_D1,ENSG00000110492,-0.008873613785896791,0.0027298994328178077
BC24105,BC24105_D1,ENSG00000096384,0.1697969966512383,0.22869108766820187
BC24105,BC24105_D1,ENSG00000233276,-0.05772305932417188,-0.06703644509913995
BC24105,BC24105_D1,ENSG00000132507,0.03692384381531206,0.05276248350398734
BC24105,BC24105_D1,ENSG00000135940,-0.06785079477753404,-0.07050609433818479
BC24105,BC24105_D1,ENSG00000025708,0.053340769467745734,0.09118538981499111
BC24105,BC24105_D1,ENSG00000163399,0.04562092627705617,0.04739058931528611
BC24220,BC24220_D2,ENSG00000034510,0.04989069127955907,0.04349421897456386
BC24220,BC24220_D2,ENSG00000254709,0.0863742291010536,0.10382514021769133
BC24220,BC24220_D2,ENSG00000137818,0.26709476783482117,0.38025035732081336
BC24220,BC24220_D2,ENSG00000111640,0.3090656798422957,0.4326296478968956
BC24220,BC24220_D2,ENSG00000231500,0.22698664943069768,0.27808481478863756
BC24220,BC24220_D2,ENSG00000177600,0.2520773204448482,0.30092380030078086
BC24220,BC24220_D2,ENSG00000171345,-0.1419808697189296,-0.24498726001114113
BC24220,BC24220_D2,ENSG00000164587,0.17166136808573534,0.22630050983076613
BC24220,BC24220_D2,ENSG00000108107,0.14326339885466008,0.15678248987201784
BC24220,BC24220_D2,ENSG00000075624,0.16621477525698405,0.2043640286288491
BC24220,BC24220_D2,ENSG00000105372,0.17004765845769856,0.20168894053777126
BC24220,BC24220_D2,ENSG00000108298,0.06459627219389898,0.07576306738935241
BC24220,BC24220_D2,ENSG00000197756,0.1725412345272186,0.2078092833368929
BC24220,BC24220_D2,ENSG00000161016,0.12465097632030972,0.16739429721024862
BC24220,BC24220_D2,ENSG00000167526,0.13867368588589002,0.1510321782848673
BC24220,BC24220_D2,ENSG00000130255,0.11674580390956382,0.1602729829315653
BC24220,BC24220_D2,ENSG00000108518,0.10034282620965551,0.08993052915500747
BC24220,BC24220_D2,ENSG00000087086,0.04743340796195413,0.06481627822532733
BC24220,BC24220_D2,__ambiguous[ENSG00000251357+ENSG00000240972],0.3331468990940975,0.3949710697935831
BC24220,BC24220_D2,ENSG00000136942,0.2719691840225141,0.29795905232031594
BC24220,BC24220_D2,ENSG00000063177,0.09321696323470338,0.08122595248300253
BC24220,BC24220_D2,ENSG00000141736,0.27365422136071205,0.30971540713524437
BC24220,BC24220_D2,ENSG00000149273,0.044608375650047424,0.0522192129340713
BC24220,BC24220_D2,ENSG00000197746,0.014786581135458523,0.04553497709361977
BC24220,BC24220_D2,ENSG00000140264,0.16234313085106977,0.16910963271529142
BC24220,BC24220_D2,ENSG00000180879,0.1188938656024898,0.15978597008719903
BC24220,BC24220_D2,ENSG00000105193,-0.021805645274426255,-0.04261997082288983
BC24220,BC24220_D2,ENSG00000221983,0.09402638295495272,0.09942328934922476
BC24220,BC24220_D2,ENSG00000130203,0.1425506248092131,0.1671124705355997
BC24220,BC24220_D2,ENSG00000117984,0.3122343552379039,0.3711284921838632
BC24220,BC24220_D2,ENSG00000142541,0.015630112243199126,0.06370066534078042
BC24220,BC24220_D2,ENSG00000142534,0.10323905973582956,0.10798343794908831
BC24220,BC24220_D2,ENSG00000204628,0.05537291156035699,0.06636232180955468
BC24220,BC24220_D2,ENSG00000179218,0.14604021402074865,0.16455745336095856
BC24220,BC24220_D2,ENSG00000109062,0.11401036791216447,0.11651197335383817
BC24220,BC24220_D2,ENSG00000185624,0.034157466722777745,0.0429324009085541
BC24220,BC24220_D2,ENSG00000234745,0.14037563325372324,0.1907924486303839
BC24220,BC24220_D2,ENSG00000147403,0.10158825402890553,0.10800470567327747
BC24220,BC24220_D2,ENSG00000166441,0.16136149033829777,0.20515752382450442
BC24220,BC24220_D2,ENSG00000115268,0.06297717484022813,0.06121303561081671
BC24220,BC24220_D2,ENSG00000167996,-0.08088052518300898,-0.11603054440874325
BC24220,BC24220_D2,ENSG00000105640,0.24081104078956075,0.28245310019341896
BC24220,BC24220_D2,ENSG00000089157,0.29786924541707643,0.3692275575341822
BC24220,BC24220_D2,ENSG00000140988,0.047302455535393535,0.05013612507607697
BC24220,BC24220_D2,ENSG00000233927,0.046904570368672564,0.05931859649002705
BC24220,BC24220_D2,ENSG00000171858,-0.01560832461374338,-0.030720989596344644
BC24220,BC24220_D2,ENSG00000213741,0.05245032117498601,0.04309951351850804
BC24220,BC24220_D2,ENSG00000112306,0.07300099121196267,0.09003506029565372
BC24220,BC24220_D2,ENSG00000101439,0.07754737207626165,0.1030001854093093
BC24220,BC24220_D2,ENSG00000170889,0.07929647931074699,0.08206120087010549
BC24220,BC24220_D2,ENSG00000198034,0.06581550006166391,0.06695174433687945
BC24220,BC24220_D2,ENSG00000125691,-0.07236748493223351,-0.09607183113218266
BC24220,BC24220_D2,ENSG00000182774,0.00188033498763994,-0.016256804640677233
BC24220,BC24220_D2,ENSG00000149806,0.12323771019833878,0.14983320591578064
BC24220,BC24220_D2,ENSG00000019582,0.02417467714719573,0.09124860565103295
BC24220,BC24220_D2,ENSG00000142676,0.05434804015541657,0.053668201555102435
BC24220,BC24220_D2,ENSG00000111341,-0.12742639735503378,-0.18504616321768638
BC24220,BC24220_D2,ENSG00000204592,-0.004345774959929613,0.009980947049806633
BC24220,BC24220_D2,ENSG00000204525,0.10830489118006872,0.1314931570833378
BC24220,BC24220_D2,ENSG00000100316,0.09191817516180019,0.11043542817568279
BC24220,BC24220_D2,ENSG00000172809,0.007393679165914779,0.018329079144818558
BC24220,BC24220_D2,ENSG00000137154,0.10153080623614175,0.12260644181681614
BC24220,BC24220_D2,ENSG00000206503,0.0666231814336618,0.06888747085970715
BC24220,BC24220_D2,ENSG00000167468,0.05474691958577876,0.06868620794513369
BC24220,BC24220_D2,ENSG00000142937,-0.0028102806434070686,0.006404117887373614
BC24220,BC24220_D2,ENSG00000083845,0.05394126311637274,0.1267944219237354
BC24220,BC24220_D2,ENSG00000184009,0.3859134222868536,0.42900503681645646
BC24220,BC24220_D2,ENSG00000177954,0.36181287740779305,0.45938903626107114
BC24220,BC24220_D2,__ambiguous[ENSG00000185883+ENSG00000260272],-0.022623845758001124,-0.030708789250238597
BC24220,BC24220_D2,ENSG00000172757,0.014953915327355299,-0.0010744502513172873
BC24220,BC24220_D2,ENSG00000162244,-0.06362475537192967,-0.052856339586926204
BC24220,BC24220_D2,__ambiguous[ENSG00000254772+ENSG00000255508],0.2511455901851245,0.28137329661290644
BC24220,BC24220_D2,ENSG00000165949,0.02314499504286815,-0.002058423642628136
BC24220,BC24220_D2,ENSG00000231925,0.011356429406932747,0.054402992343459855
BC24220,BC24220_D2,ENSG00000108821,0.3701086338879703,0.3812866134135869
BC24220,BC24220_D2,ENSG00000107223,0.09298299192653037,0.08230462192327363
BC24220,BC24220_D2,ENSG00000108639,0.04869931566514928,0.07374477404744621
BC24220,BC24220_D2,ENSG00000135404,-0.038743995798867996,-0.10341625895479689
BC24220,BC24220_D2,ENSG00000167658,-0.0524150091389794,-0.04384821367772161
BC24220,BC24220_D2,ENSG00000156482,-0.03315980738195812,-0.04052777000499754
BC24220,BC24220_D2,ENSG00000149925,-0.016820629239815293,-0.007985786729444872
BC24220,BC24220_D2,ENSG00000246705,-0.03690708976447574,-0.024247085560987633
BC24220,BC24220_D2,ENSG00000197958,0.03910106084935607,0.03603264378809437
BC24220,BC24220_D2,ENSG00000167995,0.1645652213541992,0.22744739400935535
BC24220,BC24220_D2,ENSG00000169710,0.26438537886928937,0.341691036581338
BC24220,BC24220_D2,ENSG00000108679,0.10195339136885567,0.10611269359658491
BC24220,BC24220_D2,ENSG00000106624,0.16645609209904214,0.1631116565131561
BC24220,BC24220_D2,ENSG00000172531,0.0991554609386955,0.10539410928542751
BC24220,BC24220_D2,ENSG00000163191,0.1171020577970147,0.15314782333230542
BC24220,BC24220_D2,ENSG00000144713,0.014680016689731923,0.04068051527974567
BC24220,BC24220_D2,ENSG00000185825,0.08810520178473785,0.12211889904547295
BC24220,BC24220_D2,ENSG00000148303,-0.007188586472025063,-0.009570633542265896
BC24220,BC24220_D2,ENSG00000163220,0.030105373373641133,0.050084447436819834
BC24220,BC24220_D2,ENSG00000174748,0.18519409278677262,0.21423504281155234
BC24220,BC24220_D2,ENSG00000115884,0.14139856630026582,0.1481050535267449
BC24220,BC24220_D2,ENSG00000143947,0.10173248336372473,0.1473701419996026
BC24220,BC24220_D2,ENSG00000104904,-0.02223551692715816,-0.006995897947207643
BC24220,BC24220_D2,ENSG00000198242,-0.04612019959099182,-0.029869425232610852
BC24220,BC24220_D2,ENSG00000166710,0.3714609935409861,0.42790215597503034
BC24220,BC24220_D2,ENSG00000173372,0.06512402601499577,0.04227094654069595
BC24220,BC24220_D2,ENSG00000224389,0.11256331470908475,0.1353311001473821
BC24220,BC24220_D2,ENSG00000130303,0.05300561251277164,0.04869889707539797
BC24220,BC24220_D2,ENSG00000145592,0.12193746804396435,0.12370540965512003
BC24220,BC24220_D2,ENSG00000117410,0.045679747671652254,0.030213657538739804
BC24220,BC24220_D2,ENSG00000160862,-0.014646442383846185,0.0033971570527887153
BC24220,BC24220_D2,ENSG00000131469,-0.13826358036118425,-0.18815754910936158
BC24220,BC24220_D2,ENSG00000152082,-0.013288381042370343,-0.0170247055091995
BC24220,BC24220_D2,ENSG00000279483,0.11347637352632857,0.17012613428677284
BC24220,BC24220_D2,ENSG00000165215,-0.07212397498346268,-0.08689648066577607
BC24220,BC24220_D2,__ambiguous[ENSG00000243678+ENSG00000011052],-0.017083425897071316,-0.014050030297506136
BC24220,BC24220_D2,ENSG00000130208,0.040861662322121704,0.04923568089691811
BC24220,BC24220_D2,ENSG00000106211,0.28659362957711365,0.2858420639032368
BC24220,BC24220_D2,ENSG00000118181,0.13730382404402033,0.1553336470718946
BC24220,BC24220_D2,ENSG00000115457,-0.051492750870500946,-0.05398936899978217
BC24220,BC24220_D2,ENSG00000071553,0.019850644294827025,0.039119029435180995
BC24220,BC24220_D2,ENSG00000126267,0.08124049735053106,0.093586975883301
BC24220,BC24220_D2,__ambiguous[ENSG00000185885+ENSG00000185201],0.00893806345474511,0.015268802804449606
BC24220,BC24220_D2,ENSG00000277972,0.050862953956252885,0.04347772627295708
BC24220,BC24220_D2,__ambiguous[ENSG00000124614+ENSG00000270800],-0.051863949461221595,-0.03193627007996845
BC24220,BC24220_D2,ENSG00000110651,0.04156153832517741,0.017294661132929556
BC24220,BC24220_D2,ENSG00000092841,-0.0394649118133614,-0.016570070720234368
BC24220,BC24220_D2,ENSG00000142669,-0.01032538679456651,-0.00857916686266011
BC24220,BC24220_D2,ENSG00000111057,-0.010662286088009034,-0.006117256694731512
BC24220,BC24220_D2,ENSG00000133112,0.30212471050277767,0.32989711519974935
BC24220,BC24220_D2,ENSG00000185499,-0.2684872054346268,-0.33480073946859856
BC24220,BC24220_D2,ENSG00000169100,0.0007227060160822142,0.020646507713307213
BC24220,BC24220_D2,ENSG00000158710,-0.0020933054205253972,0.0023181911576587366
BC24220,BC24220_D2,ENSG00000074800,0.16421172138631593,0.229964057972113
BC24220,BC24220_D2,ENSG00000108344,0.3002955773158536,0.3652397685544768
BC24220,BC24220_D2,ENSG00000030582,-0.009530095031645739,0.01490835076112811
BC24220,BC24220_D2,ENSG00000124664,-0.036164223112260696,-0.048025521026158556
BC24220,BC24220_D2,ENSG00000162511,0.082943984886946,0.08217209947405854
BC24220,BC24220_D2,ENSG00000178719,0.10909892982143542,0.07336065855739252
BC24220,BC24220_D2,ENSG00000070756,0.12747451312709457,0.14846358094998902
BC24220,BC24220_D2,ENSG00000205542,0.4188575764597327,0.45814173064837665
BC24220,BC24220_D2,ENSG00000277791,-0.07929506364198173,-0.07298821905829568
BC24220,BC24220_D2,ENSG00000117450,0.10148160223770819,0.12672786497317906
BC24220,BC24220_D2,ENSG00000071082,0.14538730221866492,0.19250052293560674
BC24220,BC24220_D2,ENSG00000105223,0.09682220114766978,0.08084521501696303
BC24220,BC24220_D2,ENSG00000143774,0.045375279645909435,0.057054884040207775
BC24220,BC24220_D2,ENSG00000196924,0.08312976987982854,0.09538250501436749
BC24220,BC24220_D2,ENSG00000102265,0.07611038580317857,0.1422214323708538
BC24220,BC24220_D2,ENSG00000150991,0.06485902472393786,0.06493331832759502
BC24220,BC24220_D2,ENSG00000125534,-0.08974918903436688,-0.10961485014909216
BC24220,BC24220_D2,ENSG00000149591,0.13129350560519526,0.1364809398011519
BC24220,BC24220_D2,ENSG00000182492,0.11219925946812037,0.07913565464540187
BC24220,BC24220_D2,__ambiguous[ENSG00000257341+ENSG00000213145],0.04399481337802818,0.03806570351496611
BC24220,BC24220_D2,ENSG00000141522,0.0608991441903566,0.0916298167371232
BC24220,BC24220_D2,ENSG00000051523,0.06662047921659593,0.07813481902523949
BC24220,BC24220_D2,ENSG00000160789,0.039409866146856515,0.06383019776326693
BC24220,BC24220_D2,ENSG00000184897,0.05456122523751965,0.027129957972120984
BC24220,BC24220_D2,ENSG00000141741,0.023851856958562498,0.024546840338784622
BC24220,BC24220_D2,__ambiguous[ENSG00000277957+ENSG00000161960],0.11936526445001448,0.1441252572953818
BC24220,BC24220_D2,ENSG00000163682,0.28437605145832234,0.32196758667844466
BC24220,BC24220_D2,ENSG00000145425,0.04906916529056496,0.06330631167270698
BC24220,BC24220_D2,ENSG00000182809,0.005109934880292933,0.020282702728594684
BC24220,BC24220_D2,ENSG00000124614,0.10310852350960938,0.12170624067915316
BC24220,BC24220_D2,ENSG00000187514,0.3211430050390501,0.3724768944853159
BC24220,BC24220_D2,__ambiguous[ENSG00000219200+ENSG00000161939],0.011873920458791418,0.006998698058095091
BC24220,BC24220_D2,ENSG00000204287,0.2944931981443892,0.3512744175646936
BC24220,BC24220_D2,ENSG00000127540,0.038865802796772625,0.0420430058783763
BC24220,BC24220_D2,ENSG00000138326,0.19029016718747202,0.20889375451544948
BC24220,BC24220_D2,ENSG00000176340,0.04288882649965936,0.0407543224848926
BC24220,BC24220_D2,ENSG00000058262,0.02052094921809206,0.03490138334513678
BC24220,BC24220_D2,ENSG00000125730,0.07542227271331835,0.06983904881527331
BC24220,BC24220_D2,ENSG00000123349,0.01900210727524338,0.028323856080970922
BC24220,BC24220_D2,ENSG00000164733,0.006443734067166581,-0.01226657513909768
BC24220,BC24220_D2,ENSG00000103363,-0.02221414398953128,0.005414452630998571
BC24220,BC24220_D2,ENSG00000114353,0.055485635880255756,0.07218603784211379
BC24220,BC24220_D2,ENSG00000104529,-0.016517127825892042,-0.006863181690778139
BC24220,BC24220_D2,ENSG00000178980,0.032429094197078005,0.02340669401680555
BC24220,BC24220_D2,ENSG00000114867,0.09201388563858565,0.07023203859313741
BC24220,BC24220_D2,ENSG00000169223,0.08187617591402077,0.1176274136814511
BC24220,BC24220_D2,ENSG00000178952,-0.031228340728202627,-0.04359800792799922
BC24220,BC24220_D2,ENSG00000052344,0.018157716547572745,0.00636606602038788
BC24220,BC24220_D2,ENSG00000255823,0.39942847220634753,0.4080590483475987
BC24220,BC24220_D2,ENSG00000144426,-0.015635159731555028,-0.007485953161111567
BC24220,BC24220_D2,__ambiguous[ENSG00000262526+ENSG00000170296],0.009082577714279715,0.006608149350946337
BC24220,BC24220_D2,ENSG00000272196,0.04794691691758778,0.05110275811409792
BC24220,BC24220_D2,ENSG00000104964,0.005563526581742711,0.0053144223405579595
BC24220,BC24220_D2,ENSG00000026025,0.18664949018875007,0.23654775773323689
BC24220,BC24220_D2,ENSG00000135480,0.03148463260743677,0.040251662078911066
BC24220,BC24220_D2,ENSG00000170315,0.11481073630038434,0.15537855307309714
BC24220,BC24220_D2,ENSG00000251562,-0.05693691891908893,-0.12018864484720314
BC24220,BC24220_D2,ENSG00000008988,0.06388598910141544,0.04533927006467463
BC24220,BC24220_D2,ENSG00000115414,0.3822458804273416,0.46773322334202005
BC24220,BC24220_D2,ENSG00000182899,0.030318796090175865,0.03288172368156765
BC24220,BC24220_D2,ENSG00000126247,0.035599890127235405,0.042430187053630754
BC24220,BC24220_D2,ENSG00000172354,0.09082304723626863,0.08079742418153772
BC24220,BC24220_D2,ENSG00000167815,-0.007858197795148725,0.007021379614692818
BC24220,BC24220_D2,ENSG00000142089,0.024710618844525134,0.05291352435349611
BC24220,BC24220_D2,ENSG00000100219,0.15803058591861585,0.2545342269378026
BC24220,BC24220_D2,ENSG00000111669,0.10230133020720945,0.14456052531724287
BC24220,BC24220_D2,ENSG00000131143,0.04150041720014537,0.052811989773304674
BC24220,BC24220_D2,ENSG00000100300,0.0137557898721744,0.06574036738650929
BC24220,BC24220_D2,ENSG00000188846,-0.03776158343236022,-0.02155805459409106
BC24220,BC24220_D2,ENSG00000171222,0.013733782031726122,0.021985675462460105
BC24220,BC24220_D2,ENSG00000269028,0.43173523679643233,0.4548886305524863
BC24220,BC24220_D2,ENSG00000214530,0.05389300801669941,0.07563976867053983
BC24220,BC24220_D2,ENSG00000174886,-0.007359694009747435,0.015207083778666053
BC24220,BC24220_D2,ENSG00000197956,0.0023279596106293436,0.009887702553607405
BC24220,BC24220_D2,ENSG00000173369,0.08654705552033175,0.09086796702918211
BC24220,BC24220_D2,ENSG00000142173,0.06223641908155602,0.041351435927900256
BC24220,BC24220_D2,ENSG00000142949,0.10524897826456617,0.12842691530914038
BC24220,BC24220_D2,ENSG00000145494,-0.015932244772208504,-0.00814658598688009
BC24220,BC24220_D2,ENSG00000164692,0.3016018212286283,0.34266574135639016
BC24220,BC24220_D2,ENSG00000130725,0.026900923242542965,0.02305288470643554
BC24220,BC24220_D2,ENSG00000172270,0.002632123812311244,0.028268244769319873
BC24220,BC24220_D2,ENSG00000131748,0.018548951221113417,0.023192509153753895
BC24220,BC24220_D2,ENSG00000213988,-0.04288551979965428,-0.04582359093536727
BC24220,BC24220_D2,ENSG00000164919,0.2412758914354294,0.29551523346413117
BC24220,BC24220_D2,ENSG00000155366,0.04707539294623228,0.04327518464441379
BC24220,BC24220_D2,ENSG00000087460,0.5273967305637418,0.5669913394621313
BC24220,BC24220_D2,ENSG00000186010,0.023848028996522948,0.03290168706206996
BC24220,BC24220_D2,ENSG00000168528,0.02014038399901337,0.049164974830750434
BC24220,BC24220_D2,ENSG00000174444,0.06061651174481827,0.09021209544523316
BC24220,BC24220_D2,ENSG00000196576,0.16125966379636195,0.21957008929254088
BC24220,BC24220_D2,ENSG00000143546,-0.04059932307086887,-0.060089795735814126
BC24220,BC24220_D2,ENSG00000187608,0.009472920011380403,0.0005530196850772023
BC24220,BC24220_D2,ENSG00000114391,0.06070343061804852,0.06133170121080906
BC24220,BC24220_D2,ENSG00000011304,0.14898183889597094,0.18202533555587402
BC24220,BC24220_D2,ENSG00000161960,0.14852849342355462,0.2233175041056032
BC24220,BC24220_D2,ENSG00000173272,-0.036894889242677434,-0.012549014359761761
BC24220,BC24220_D2,ENSG00000125970,0.06757400302847211,0.0796125803255877
BC24220,BC24220_D2,ENSG00000170421,0.027622808084755368,0.03879312610095981
BC24220,BC24220_D2,ENSG00000101335,0.04889331150658594,0.09083937925175697
BC24220,BC24220_D2,__ambiguous[ENSG00000241343+ENSG00000257529],0.1169225765381624,0.11689708475678785
BC24220,BC24220_D2,ENSG00000135390,0.0817366819156687,0.08833991076834725
BC24220,BC24220_D2,ENSG00000163399,0.24937973947785433,0.3054005584113539
BC24220,BC24220_D2,__ambiguous[ENSG00000273259+ENSG00000196136],-0.012511031334086802,-0.009170865220054057
BC24220,BC24220_D2,ENSG00000025708,0.07135651516140033,0.061730997634836804
BC24220,BC24220_D2,ENSG00000132507,-0.04155684208038548,-0.04387688329922821
BC24220,BC24220_D2,ENSG00000110492,-0.131915736477863,-0.13774441418945013
BC24220,BC24220_D2,ENSG00000176046,-0.029309710602520106,-0.00953593273608954
BC24220,BC24220_D2,ENSG00000177700,-0.09046751047855614,-0.05932404880674471
BC24220,BC24220_D2,ENSG00000171863,0.1369788974365876,0.13907788757476924
BC24220,BC24220_D2,ENSG00000160932,0.03712243523320205,0.03246056509736841
BC24220,BC24220_D2,ENSG00000130520,0.05832058065101608,0.060953085279482705
BC24220,BC24220_D2,ENSG00000135940,-0.031472462606639086,-0.022123708818526294
BC24220,BC24220_D2,ENSG00000124172,0.2649059532636896,0.35084691165830445
BC24220,BC24220_D2,ENSG00000130402,0.03521186524278191,0.0774708481051081
BC24220,BC24220_D2,ENSG00000163479,-0.0021334061799251148,-0.008078816735312392
BC24220,BC24220_D2,ENSG00000279274,-0.03148476967535557,0.0007213019728616857
BC24220,BC24220_D2,ENSG00000129226,0.0550988983068677,0.060662404190139275
BC24220,BC24220_D2,ENSG00000140990,0.005820853575305891,-0.004251982898427486
BC24220,BC24220_D2,ENSG00000147684,0.030516773562713824,0.05012137067536359
BC24220,BC24220_D2,ENSG00000186468,0.06227132927510595,0.12235072427092027
BC24220,BC24220_D2,ENSG00000159335,0.039282289725531945,0.009674163723357327
BC24220,BC24220_D2,ENSG00000143420,0.1269556178503784,0.1701872899877735
BC24220,BC24220_D2,ENSG00000105404,0.014351726882397818,0.01649910777931823
BC24220,BC24220_E1,ENSG00000034510,0.04465145725974406,0.07598107386587315
BC24220,BC24220_E1,ENSG00000254709,-0.030151137076580493,-0.018543287256360345
BC24220,BC24220_E1,ENSG00000137818,0.40608802800287896,0.46865637394491877
BC24220,BC24220_E1,ENSG00000111640,0.48638599001708444,0.5920027488365704
BC24220,BC24220_E1,ENSG00000231500,0.25951597517132097,0.2882874809073569
BC24220,BC24220_E1,ENSG00000177600,0.26413779169503077,0.34356102733878174
BC24220,BC24220_E1,ENSG00000171345,-0.13610118587169495,-0.22437514637783684
BC24220,BC24220_E1,ENSG00000164587,0.24038652285752163,0.29559435698741027
BC24220,BC24220_E1,ENSG00000108107,0.1676076770487188,0.17839764325376278
BC24220,BC24220_E1,ENSG00000075624,0.052483003919749076,0.02427175369136519
BC24220,BC24220_E1,ENSG00000105372,0.16438933229506245,0.17287389290801303
BC24220,BC24220_E1,ENSG00000108298,0.1465507644627257,0.20392326942205224
BC24220,BC24220_E1,ENSG00000197756,0.1420165334107463,0.21274838644830393
BC24220,BC24220_E1,ENSG00000161016,0.3071675867954947,0.3672370528795667
BC24220,BC24220_E1,ENSG00000167526,0.14607405046361546,0.1791396903733391
BC24220,BC24220_E1,ENSG00000130255,0.2538901076780805,0.29605116063493725
BC24220,BC24220_E1,ENSG00000108518,0.12625771151579038,0.13214919320059357
BC24220,BC24220_E1,ENSG00000087086,-0.041019059415420646,-0.06395531545217312
BC24220,BC24220_E1,__ambiguous[ENSG00000251357+ENSG00000240972],0.17854834978172024,0.221391738924517
BC24220,BC24220_E1,ENSG00000136942,0.2379467801626375,0.2610525883544061
BC24220,BC24220_E1,ENSG00000063177,-0.015915567501527113,0.0024436352284123862
BC24220,BC24220_E1,ENSG00000141736,0.019965196827591455,-0.0038850892281706052
BC24220,BC24220_E1,ENSG00000149273,0.20193762843901972,0.2213687647248777
BC24220,BC24220_E1,ENSG00000197746,-0.09433385719323913,-0.1001714709548765
BC24220,BC24220_E1,ENSG00000140264,-0.10846985152252014,-0.1445030042748227
BC24220,BC24220_E1,ENSG00000180879,0.17253735881720939,0.21281980647863336
BC24220,BC24220_E1,ENSG00000105193,0.09720151695675279,0.10720278634524723
BC24220,BC24220_E1,ENSG00000221983,0.01596956069355786,0.018480584499564048
BC24220,BC24220_E1,ENSG00000130203,-0.008643541046247887,-0.044775501876218336
BC24220,BC24220_E1,ENSG00000117984,0.4716860123590488,0.5348166896571607
BC24220,BC24220_E1,ENSG00000142541,0.24104604646174121,0.24048682118401568
BC24220,BC24220_E1,ENSG00000142534,0.24091518912166923,0.2698889676912829
BC24220,BC24220_E1,ENSG00000204628,0.11056255597509783,0.1452270694036946
BC24220,BC24220_E1,ENSG00000179218,0.04390120344870139,0.09146376146634862
BC24220,BC24220_E1,ENSG00000109062,-0.003472878855008203,-0.00036915650941442095
BC24220,BC24220_E1,ENSG00000185624,0.0512494410046291,0.03577761789999588
BC24220,BC24220_E1,ENSG00000234745,0.019448611015731393,0.036964091746626085
BC24220,BC24220_E1,ENSG00000147403,0.021580553271119178,0.03379696556874585
BC24220,BC24220_E1,ENSG00000166441,0.3459817251402474,0.37137734981901416
BC24220,BC24220_E1,ENSG00000115268,-0.011258548801952442,-0.0058299251639298815
BC24220,BC24220_E1,ENSG00000167996,-0.08263859140333735,-0.09852665037292659
BC24220,BC24220_E1,ENSG00000105640,0.2285168901006323,0.26541168270224436
BC24220,BC24220_E1,ENSG00000089157,0.30239084870979693,0.36113526467883145
BC24220,BC24220_E1,ENSG00000140988,0.14226411260025468,0.20889975526552934
BC24220,BC24220_E1,ENSG00000233927,0.002308656045633357,0.017400644053613558
BC24220,BC24220_E1,ENSG00000171858,0.033470545288558085,-0.005716387685533658
BC24220,BC24220_E1,ENSG00000213741,0.03849707826744505,0.051777010113743194
BC24220,BC24220_E1,ENSG00000112306,0.04253265726027209,0.015230347516869755
BC24220,BC24220_E1,ENSG00000101439,0.21116478469258965,0.26470585416343484
BC24220,BC24220_E1,ENSG00000170889,0.06191848352669772,0.08323089621576117
BC24220,BC24220_E1,ENSG00000198034,0.038231080897561956,0.06646995014824
BC24220,BC24220_E1,ENSG00000125691,-0.0628880156593105,-0.12426075663237653
BC24220,BC24220_E1,ENSG00000182774,0.06494725702648822,0.07849280738862255
BC24220,BC24220_E1,ENSG00000149806,0.1550499777292372,0.17763186200116068
BC24220,BC24220_E1,ENSG00000019582,-0.06722178115833238,-0.1273039688078059
BC24220,BC24220_E1,ENSG00000142676,0.007499981964238369,0.03242247929258983
BC24220,BC24220_E1,ENSG00000111341,-0.25596511176656217,-0.31806643674836715
BC24220,BC24220_E1,ENSG00000204592,-0.043337526378913103,-0.06524358439576675
BC24220,BC24220_E1,ENSG00000204525,-0.000663093139846471,-0.004815613229618881
BC24220,BC24220_E1,ENSG00000100316,0.18600928990265286,0.21466592849467878
BC24220,BC24220_E1,ENSG00000172809,0.025929104402938292,0.030093501726764824
BC24220,BC24220_E1,ENSG00000137154,0.030199180377564062,0.027374064785131776
BC24220,BC24220_E1,ENSG00000206503,-0.06436153277792792,-0.09179689502819198
BC24220,BC24220_E1,ENSG00000167468,0.0032815718922244923,0.0051785548990729985
BC24220,BC24220_E1,ENSG00000142937,0.05473063401492095,0.07077805057578884
BC24220,BC24220_E1,ENSG00000083845,0.18697341993455924,0.2148707229142785
BC24220,BC24220_E1,ENSG00000184009,0.49824253537774144,0.5139292012505865
BC24220,BC24220_E1,ENSG00000177954,0.4361185780184032,0.5240953789916598
BC24220,BC24220_E1,__ambiguous[ENSG00000185883+ENSG00000260272],0.007940759970282197,0.04794766871707979
BC24220,BC24220_E1,ENSG00000172757,0.045480464889390775,0.11697977851446055
BC24220,BC24220_E1,ENSG00000162244,0.07826433432420103,0.1476317600029692
BC24220,BC24220_E1,__ambiguous[ENSG00000254772+ENSG00000255508],0.20260603285434395,0.22609458619034078
BC24220,BC24220_E1,ENSG00000165949,-0.004292751951014934,-0.026366496667669704
BC24220,BC24220_E1,ENSG00000231925,0.07529818740394124,0.08285869650375458
BC24220,BC24220_E1,ENSG00000108821,0.49887269894209496,0.5458425393101366
BC24220,BC24220_E1,ENSG00000107223,0.15458665210061473,0.1373389601424012
BC24220,BC24220_E1,ENSG00000108639,-0.009351728432990836,-0.013159377963350882
BC24220,BC24220_E1,ENSG00000135404,-0.07035606375226408,-0.05153953358161209
BC24220,BC24220_E1,ENSG00000167658,0.037976778668060915,0.08266368719330426
BC24220,BC24220_E1,ENSG00000156482,-0.04230666609359088,-0.04534680904041787
BC24220,BC24220_E1,ENSG00000149925,-0.066459148948282,-0.1102965221287852
BC24220,BC24220_E1,ENSG00000246705,0.09577507602006732,0.09967043418515455
BC24220,BC24220_E1,ENSG00000197958,-0.023576427512977137,-0.013696845770453745
BC24220,BC24220_E1,ENSG00000167995,0.13520485997273932,0.17951610378463093
BC24220,BC24220_E1,ENSG00000169710,0.16908703921751725,0.23026681067583374
BC24220,BC24220_E1,ENSG00000108679,-0.04054630681342836,-0.02767392863090772
BC24220,BC24220_E1,ENSG00000106624,0.09374535419490986,0.0958382290369826
BC24220,BC24220_E1,ENSG00000172531,0.0355841466417585,0.0013965439383478667
BC24220,BC24220_E1,ENSG00000163191,0.12218398850153041,0.11008773072869792
BC24220,BC24220_E1,ENSG00000144713,0.1304887226210639,0.19435861896918594
BC24220,BC24220_E1,ENSG00000185825,0.21069860498457138,0.24419894711981635
BC24220,BC24220_E1,ENSG00000148303,0.04978443384610485,0.05577518390196144
BC24220,BC24220_E1,ENSG00000163220,-0.03043112730454318,-0.02668644499046496
BC24220,BC24220_E1,ENSG00000174748,0.06894976355872875,0.07145509849716562
BC24220,BC24220_E1,ENSG00000115884,0.059009091649372084,0.05005439307994209
BC24220,BC24220_E1,ENSG00000143947,0.043666318978036786,0.06312627983412693
BC24220,BC24220_E1,ENSG00000104904,-0.05514210849892358,-0.06711435035139608
BC24220,BC24220_E1,ENSG00000198242,-0.08729836109251861,-0.13459987927372424
BC24220,BC24220_E1,ENSG00000166710,0.433690121995666,0.5027157296378238
BC24220,BC24220_E1,ENSG00000173372,-0.01213783840152707,-0.06469281480475389
BC24220,BC24220_E1,ENSG00000224389,0.04924065779335677,0.07751411123984597
BC24220,BC24220_E1,ENSG00000130303,0.1269399620296413,0.12124973661628304
BC24220,BC24220_E1,ENSG00000145592,0.08837784094916762,0.06661826377660955
BC24220,BC24220_E1,ENSG00000117410,-0.032464064940114765,-0.015064535949623304
BC24220,BC24220_E1,ENSG00000160862,0.03557284431056123,0.00348129111329771
BC24220,BC24220_E1,ENSG00000131469,-0.12957822041198683,-0.2030168533161726
BC24220,BC24220_E1,ENSG00000152082,-0.014235678798709985,-0.005973198841801057
BC24220,BC24220_E1,ENSG00000279483,0.11717889168895947,0.16441269169415496
BC24220,BC24220_E1,ENSG00000165215,-0.1184327793261036,-0.14518090410245726
BC24220,BC24220_E1,__ambiguous[ENSG00000243678+ENSG00000011052],0.08380554037683494,0.07887597373156077
BC24220,BC24220_E1,ENSG00000130208,-0.07268652831236636,-0.08947810302650111
BC24220,BC24220_E1,ENSG00000106211,0.093396815313905,0.1102988387891546
BC24220,BC24220_E1,ENSG00000118181,0.12209260754290714,0.1366640749709873
BC24220,BC24220_E1,ENSG00000115457,0.05388607164015643,0.037276657038873846
BC24220,BC24220_E1,ENSG00000071553,-0.00925893422753629,-0.03804414698170387
BC24220,BC24220_E1,ENSG00000126267,-0.009538668366440042,0.007247385826679916
BC24220,BC24220_E1,__ambiguous[ENSG00000185885+ENSG00000185201],0.1262457089624163,0.15806993389191923
BC24220,BC24220_E1,ENSG00000277972,-0.006635742423983768,-0.022157336442358153
BC24220,BC24220_E1,__ambiguous[ENSG00000124614+ENSG00000270800],0.1478132375539508,0.14351768753614186
BC24220,BC24220_E1,ENSG00000110651,0.03331033018349629,0.024492904320559016
BC24220,BC24220_E1,ENSG00000092841,0.05792493072049657,0.0510408371987738
BC24220,BC24220_E1,ENSG00000142669,-0.027187430948715254,-0.030394534791422373
BC24220,BC24220_E1,ENSG00000111057,0.031524710174012004,0.032555752851068945
BC24220,BC24220_E1,ENSG00000133112,0.2948139862861611,0.33135717564810346
BC24220,BC24220_E1,ENSG00000185499,-0.44025621457282316,-0.5239464455190719
BC24220,BC24220_E1,ENSG00000169100,-0.019516041057402636,-0.004753924594495595
BC24220,BC24220_E1,ENSG00000158710,0.06985970982484871,0.0934091547994434
BC24220,BC24220_E1,ENSG00000074800,0.22800704602957478,0.30001294149272223
BC24220,BC24220_E1,ENSG00000108344,0.17308158039194704,0.20867936239397844
BC24220,BC24220_E1,ENSG00000030582,-0.06656417390575277,-0.08876441823836365
BC24220,BC24220_E1,ENSG00000124664,-0.06401145156345928,-0.10165246438927866
BC24220,BC24220_E1,ENSG00000162511,-0.07298225248548004,-0.11194287229201996
BC24220,BC24220_E1,ENSG00000178719,0.1538927834681625,0.1546692360096788
BC24220,BC24220_E1,ENSG00000070756,0.09981272451015624,0.12123401226333626
BC24220,BC24220_E1,ENSG00000205542,0.2704978038326115,0.29937803187865064
BC24220,BC24220_E1,ENSG00000277791,-0.09024093611582792,-0.1209166410006339
BC24220,BC24220_E1,ENSG00000117450,0.10412525654106294,0.11304671695530819
BC24220,BC24220_E1,ENSG00000071082,0.11961465250906185,0.16858332865178624
BC24220,BC24220_E1,ENSG00000105223,0.07608071895236919,0.023143121319909272
BC24220,BC24220_E1,ENSG00000143774,0.05810051388274405,0.061631450821734705
BC24220,BC24220_E1,ENSG00000196924,-0.05178863580068814,-0.06516845782808418
BC24220,BC24220_E1,ENSG00000102265,0.034607787441496125,0.06772406567687389
BC24220,BC24220_E1,ENSG00000150991,0.0441114017549331,0.027824300511814514
BC24220,BC24220_E1,ENSG00000125534,-0.0034596806923151866,0.056635417802025155
BC24220,BC24220_E1,ENSG00000149591,0.07233529300392372,0.06463107100288894
BC24220,BC24220_E1,ENSG00000182492,0.0670145233606997,0.07093980706666952
BC24220,BC24220_E1,__ambiguous[ENSG00000257341+ENSG00000213145],0.02971576118609366,0.026902469132638947
BC24220,BC24220_E1,ENSG00000141522,-0.02673219110576031,0.008495181359436051
BC24220,BC24220_E1,ENSG00000051523,0.025871485680598046,0.0226245875966518
BC24220,BC24220_E1,ENSG00000160789,-0.04703389380984004,-0.09460920604661477
BC24220,BC24220_E1,ENSG00000184897,0.008817622421038304,0.006754756681712112
BC24220,BC24220_E1,ENSG00000141741,-0.1264312791862999,-0.11088855505870449
BC24220,BC24220_E1,__ambiguous[ENSG00000277957+ENSG00000161960],0.02279025442273916,0.025788346579373813
BC24220,BC24220_E1,ENSG00000163682,0.217053669233322,0.2528762340294017
BC24220,BC24220_E1,ENSG00000145425,0.08628091302879497,0.06811041840143094
BC24220,BC24220_E1,ENSG00000182809,0.11128413312400182,0.12325811719475716
BC24220,BC24220_E1,ENSG00000124614,0.1172975447284134,0.13850756026499975
BC24220,BC24220_E1,ENSG00000187514,0.3683961580558835,0.4041357072384861
BC24220,BC24220_E1,__ambiguous[ENSG00000219200+ENSG00000161939],0.05269731691150045,0.05559741382085882
BC24220,BC24220_E1,ENSG00000204287,0.30709094056065483,0.37376876716123547
BC24220,BC24220_E1,ENSG00000127540,-0.09076762237933846,-0.08982459055496649
BC24220,BC24220_E1,ENSG00000138326,0.1471254669868864,0.15478372148666658
BC24220,BC24220_E1,ENSG00000176340,0.19734182730306424,0.2232890674027388
BC24220,BC24220_E1,ENSG00000058262,-0.03524100786876356,-0.055166365925753504
BC24220,BC24220_E1,ENSG00000125730,0.015094819762858338,0.009213458100803597
BC24220,BC24220_E1,ENSG00000123349,0.10448188826502393,0.09671368984405299
BC24220,BC24220_E1,ENSG00000164733,0.08964130812265891,0.11378856000816366
BC24220,BC24220_E1,ENSG00000103363,0.05320490475411391,0.06884705101891354
BC24220,BC24220_E1,ENSG00000114353,-0.055971303094491866,-0.08182635903838598
BC24220,BC24220_E1,ENSG00000104529,0.11309192725414086,0.11008090361708825
BC24220,BC24220_E1,ENSG00000178980,0.10008560547405554,0.11036472704327491
BC24220,BC24220_E1,ENSG00000114867,-0.11261309429410642,-0.11697987981158854
BC24220,BC24220_E1,ENSG00000169223,0.11037447194948928,0.1204977774192243
BC24220,BC24220_E1,ENSG00000178952,-0.03048623082221037,-0.01864580743784976
BC24220,BC24220_E1,ENSG00000052344,-0.042947556735725465,-0.056307265671748055
BC24220,BC24220_E1,ENSG00000255823,0.1750181974564162,0.20270641038194115
BC24220,BC24220_E1,ENSG00000144426,-0.03902068925304966,0.007309680479429846
BC24220,BC24220_E1,__ambiguous[ENSG00000262526+ENSG00000170296],0.018696439470861116,0.038326344185459826
BC24220,BC24220_E1,ENSG00000272196,-0.09950478626599493,-0.10238491083386711
BC24220,BC24220_E1,ENSG00000104964,0.06886880401995794,0.05237703558692829
BC24220,BC24220_E1,ENSG00000026025,0.21809133702192346,0.26453143989535616
BC24220,BC24220_E1,ENSG00000135480,-0.03398814439434633,-0.010990014294766705
BC24220,BC24220_E1,ENSG00000170315,0.11843193616489316,0.12872525821779587
BC24220,BC24220_E1,ENSG00000251562,0.13167880969172385,0.11196635014721484
BC24220,BC24220_E1,ENSG00000008988,0.05238646801361011,0.06345689364726707
BC24220,BC24220_E1,ENSG00000115414,0.4690949520685087,0.5301169117857544
BC24220,BC24220_E1,ENSG00000182899,0.14392557233778952,0.15862153122450068
BC24220,BC24220_E1,ENSG00000126247,-0.014224372460447006,0.01360903891486102
BC24220,BC24220_E1,ENSG00000172354,-0.050115533695850305,-0.06245617903639649
BC24220,BC24220_E1,ENSG00000167815,0.021735226293761376,0.02693153276685229
BC24220,BC24220_E1,ENSG00000142089,0.0714365073381662,0.06525143145348855
BC24220,BC24220_E1,ENSG00000100219,0.3330246415521769,0.38092206347331997
BC24220,BC24220_E1,ENSG00000111669,0.18004838960730016,0.2503612445930214
BC24220,BC24220_E1,ENSG00000131143,-0.08819601026041643,-0.08888595851708352
BC24220,BC24220_E1,ENSG00000100300,-0.03354664450964996,-0.037175596028811875
BC24220,BC24220_E1,ENSG00000188846,-0.0024010071164648756,-0.0023034875029018047
BC24220,BC24220_E1,ENSG00000171222,0.03382687975976032,0.00422484742105512
BC24220,BC24220_E1,ENSG00000269028,0.17057765122514298,0.19536295024445263
BC24220,BC24220_E1,ENSG00000214530,0.09492881693192089,0.08491986674170737
BC24220,BC24220_E1,ENSG00000174886,0.05431538131627088,0.05382349099859239
BC24220,BC24220_E1,ENSG00000197956,-0.0290938460077318,-0.0384795969549686
BC24220,BC24220_E1,ENSG00000173369,-0.10720932994592476,-0.12402683776679928
BC24220,BC24220_E1,ENSG00000142173,0.1360283613167844,0.1561331109776091
BC24220,BC24220_E1,ENSG00000142949,0.13215921964591248,0.12355929125909462
BC24220,BC24220_E1,ENSG00000145494,0.06875479415286806,0.06681974201138084
BC24220,BC24220_E1,ENSG00000164692,0.4445220227553836,0.5057535994099602
BC24220,BC24220_E1,ENSG00000130725,0.018377573027402783,0.012755629920067565
BC24220,BC24220_E1,ENSG00000172270,0.05057066642504898,0.04930882129102405
BC24220,BC24220_E1,ENSG00000131748,-0.052892839910484775,-0.0614718608049943
BC24220,BC24220_E1,ENSG00000213988,-0.052925033017055416,-0.029363083165410916
BC24220,BC24220_E1,ENSG00000164919,0.3564325158436176,0.37345803618969875
BC24220,BC24220_E1,ENSG00000155366,-0.03494723875241876,-0.03065559254147527
BC24220,BC24220_E1,ENSG00000087460,0.42126096376955025,0.4825091524213494
BC24220,BC24220_E1,ENSG00000186010,-0.04089845325088038,-0.020505091104165388
BC24220,BC24220_E1,ENSG00000168528,0.06036929851888331,0.06110023301330982
BC24220,BC24220_E1,ENSG00000174444,-0.032765977050734994,-0.039503798086015604
BC24220,BC24220_E1,ENSG00000196576,0.17390564843037037,0.1931106183616042
BC24220,BC24220_E1,ENSG00000143546,0.02392581048804774,0.007121291794264032
BC24220,BC24220_E1,ENSG00000187608,0.14578976360258897,0.12213303179960561
BC24220,BC24220_E1,ENSG00000114391,0.010033170964940689,-0.008205279415553868
BC24220,BC24220_E1,ENSG00000011304,0.11561881310015261,0.1092522203393011
BC24220,BC24220_E1,ENSG00000161960,0.24266949796468576,0.2847108851175911
BC24220,BC24220_E1,ENSG00000173272,0.04515647061712245,0.07780463182537053
BC24220,BC24220_E1,ENSG00000125970,-0.006743986621479223,-0.013352086164770615
BC24220,BC24220_E1,ENSG00000170421,-0.003182377554343922,-0.023797511727821956
BC24220,BC24220_E1,ENSG00000101335,0.08684171397457525,0.05213020510894299
BC24220,BC24220_E1,__ambiguous[ENSG00000241343+ENSG00000257529],0.10852711413966201,0.09450574132127723
BC24220,BC24220_E1,ENSG00000135390,-0.06965739809071206,-0.0760880601372318
BC24220,BC24220_E1,ENSG00000163399,0.05465605772253567,0.09467798430693021
BC24220,BC24220_E1,__ambiguous[ENSG00000273259+ENSG00000196136],0.013558997521745681,0.010033654137504762
BC24220,BC24220_E1,ENSG00000025708,0.006863878165204027,0.01534893053362502
BC24220,BC24220_E1,ENSG00000132507,-0.04917994378924939,-0.04327194760104328
BC24220,BC24220_E1,ENSG00000110492,-0.07103470974568996,-0.10725024647666061
BC24220,BC24220_E1,ENSG00000176046,-0.015469220216845428,-0.007658204407583363
BC24220,BC24220_E1,ENSG00000177700,-0.0555296815956136,-0.024712332198676537
BC24220,BC24220_E1,ENSG00000171863,0.11884758040506004,0.12506223954265072
BC24220,BC24220_E1,ENSG00000160932,0.048819339048535554,0.025457637714875053
BC24220,BC24220_E1,ENSG00000130520,0.09853143422437799,0.0880423424679298
BC24220,BC24220_E1,ENSG00000135940,0.026989566812641044,0.008512609534399652
BC24220,BC24220_E1,ENSG00000124172,0.23431119044869894,0.29388427158967245
BC24220,BC24220_E1,ENSG00000130402,0.0479204752780984,0.061651838831555394
BC24220,BC24220_E1,ENSG00000163479,-0.07792196271413743,-0.07315666153537162
BC24220,BC24220_E1,ENSG00000279274,-0.021511327930826492,0.0043780618596116466
BC24220,BC24220_E1,ENSG00000129226,-0.07427524511219422,-0.060580806537688506
BC24220,BC24220_E1,ENSG00000140990,0.07019430152056637,0.05738235937581506
BC24220,BC24220_E1,ENSG00000147684,-0.0015317347344656037,0.012749412150774188
BC24220,BC24220_E1,ENSG00000186468,0.10413132777947469,0.12766545158329573
BC24220,BC24220_E1,ENSG00000159335,-0.012566145810943959,-0.024350558580861555
BC24220,BC24220_E1,ENSG00000143420,0.13156347297830906,0.15693777190001112
BC24220,BC24220_E1,ENSG00000105404,-0.007108341908742296,0.014096350354887524
BC24220,BC24220_E2,ENSG00000034510,0.1754460549235409,0.26126831648556714
BC24220,BC24220_E2,ENSG00000254709,0.0489805447703256,0.043260852165482644
BC24220,BC24220_E2,ENSG00000137818,0.3101054617974167,0.3585113893007671
BC24220,BC24220_E2,ENSG00000111640,0.5551908729321084,0.6498088279994576
BC24220,BC24220_E2,ENSG00000231500,0.2385388579664912,0.28234496011633126
BC24220,BC24220_E2,ENSG00000177600,0.32928783112273147,0.4263530797537081
BC24220,BC24220_E2,ENSG00000171345,-0.18341514302370893,-0.26165919813100585
BC24220,BC24220_E2,ENSG00000164587,0.14916677781419896,0.17613667472050828
BC24220,BC24220_E2,ENSG00000108107,0.2981121898128579,0.34736786988454105
BC24220,BC24220_E2,ENSG00000075624,-0.044711262943997035,-0.05863927599326982
BC24220,BC24220_E2,ENSG00000105372,0.2458673139417681,0.25702543289216667
BC24220,BC24220_E2,ENSG00000108298,0.1225286038607381,0.15996772704267243
BC24220,BC24220_E2,ENSG00000197756,0.025651226939807353,0.034490255709215996
BC24220,BC24220_E2,ENSG00000161016,0.3005639142491997,0.3265829911566683
BC24220,BC24220_E2,ENSG00000167526,0.13394340871542823,0.20289360889445335
BC24220,BC24220_E2,ENSG00000130255,0.3520218977353701,0.39722694564154193
BC24220,BC24220_E2,ENSG00000108518,-0.17780601840215798,-0.19679948145369006
BC24220,BC24220_E2,ENSG00000087086,-0.008388848330933948,0.0005088703957824602
BC24220,BC24220_E2,__ambiguous[ENSG00000251357+ENSG00000240972],0.4661098993761602,0.5355063026429273
BC24220,BC24220_E2,ENSG00000136942,0.3964788005037724,0.42495101847159156
BC24220,BC24220_E2,ENSG00000063177,0.14739702790156567,0.18267412972131336
BC24220,BC24220_E2,ENSG00000141736,0.03714325254871719,0.005824356403656423
BC24220,BC24220_E2,ENSG00000149273,0.1362546234717116,0.1892738714341276
BC24220,BC24220_E2,ENSG00000197746,-0.002783765836108059,0.0014952785117451739
BC24220,BC24220_E2,ENSG00000140264,-0.019532701199174652,-0.0011746335529592815
BC24220,BC24220_E2,ENSG00000180879,0.23601270858010143,0.30946418283447036
BC24220,BC24220_E2,ENSG00000105193,0.048092770817764016,0.0387777328316919
BC24220,BC24220_E2,ENSG00000221983,0.11694433477154667,0.16147388324360518
BC24220,BC24220_E2,ENSG00000130203,-0.09102067482049753,-0.17398119421057784
BC24220,BC24220_E2,ENSG00000117984,0.4135291485124385,0.5176294217389793
BC24220,BC24220_E2,ENSG00000142541,0.13860199969777287,0.18462598125593022
BC24220,BC24220_E2,ENSG00000142534,0.14224998864510416,0.16904632874830058
BC24220,BC24220_E2,ENSG00000204628,0.04202343509340591,0.033125796157064076
BC24220,BC24220_E2,ENSG00000179218,0.10821393332804924,0.14166164075756768
BC24220,BC24220_E2,ENSG00000109062,-0.16434720717955664,-0.21748827726076894
BC24220,BC24220_E2,ENSG00000185624,0.017677767824602092,0.05791991417702768
BC24220,BC24220_E2,ENSG00000234745,0.06890462123723554,0.0533369608413898
BC24220,BC24220_E2,ENSG00000147403,-0.04172071365133406,-0.041977221285993904
BC24220,BC24220_E2,ENSG00000166441,0.20352459668515388,0.28571417393348936
BC24220,BC24220_E2,ENSG00000115268,0.1260886287057516,0.15874832365243846
BC24220,BC24220_E2,ENSG00000167996,-0.23178432141032815,-0.28061465247577133
BC24220,BC24220_E2,ENSG00000105640,0.36236177762351324,0.4023899845816275
BC24220,BC24220_E2,ENSG00000089157,0.29525604219225077,0.3683585563082357
BC24220,BC24220_E2,ENSG00000140988,0.030633890562118918,0.019635663077209254
BC24220,BC24220_E2,ENSG00000233927,0.11045337839344607,0.11426692774129206
BC24220,BC24220_E2,ENSG00000171858,-0.032159137054954934,-0.000556792149133505
BC24220,BC24220_E2,ENSG00000213741,-0.028119088604124327,-0.037770707979276424
BC24220,BC24220_E2,ENSG00000112306,-0.03846738961098716,-0.04600139684632764
BC24220,BC24220_E2,ENSG00000101439,0.10565138135813978,0.13754473892621094
BC24220,BC24220_E2,ENSG00000170889,0.21866167247415869,0.2399872684451451
BC24220,BC24220_E2,ENSG00000198034,-0.1361994764621953,-0.17764363986651782
BC24220,BC24220_E2,ENSG00000125691,0.04895582911092635,0.01892484324879554
BC24220,BC24220_E2,ENSG00000182774,-0.12229077556919483,-0.17107817407012174
BC24220,BC24220_E2,ENSG00000149806,0.009549032159345815,0.07817096814866671
BC24220,BC24220_E2,ENSG00000019582,0.02957128551712876,0.011072077332700134
BC24220,BC24220_E2,ENSG00000142676,-0.04682213871106943,-0.036180047409199355
BC24220,BC24220_E2,ENSG00000111341,-0.225257068311668,-0.2704245655049124
BC24220,BC24220_E2,ENSG00000204592,0.076743322254007,0.05411847095785877
BC24220,BC24220_E2,ENSG00000204525,-0.026787955043682695,-0.037913521477185616
BC24220,BC24220_E2,ENSG00000100316,0.07995756603107484,0.10194878054730232
BC24220,BC24220_E2,ENSG00000172809,-0.03976982316740939,-0.04227849988172797
BC24220,BC24220_E2,ENSG00000137154,0.05875659425005254,0.005454962315780957
BC24220,BC24220_E2,ENSG00000206503,0.016046692478655537,0.006145704795918299
BC24220,BC24220_E2,ENSG00000167468,0.22975892541551998,0.27487657674425836
BC24220,BC24220_E2,ENSG00000142937,0.05377820893960472,0.0894155923114651
BC24220,BC24220_E2,ENSG00000083845,0.24478106388515988,0.28471564700741014
BC24220,BC24220_E2,ENSG00000184009,0.48429411936210764,0.5281714102905993
BC24220,BC24220_E2,ENSG00000177954,0.24177352945805075,0.27572759549706244
BC24220,BC24220_E2,__ambiguous[ENSG00000185883+ENSG00000260272],0.1527889373734885,0.15749383600299127
BC24220,BC24220_E2,ENSG00000172757,-0.06446950025288878,-0.058741620871240165
BC24220,BC24220_E2,ENSG00000162244,0.09343938111138474,0.09166645082201211
BC24220,BC24220_E2,__ambiguous[ENSG00000254772+ENSG00000255508],0.23060726344963256,0.30276800382127833
BC24220,BC24220_E2,ENSG00000165949,-0.007872388858990281,-0.0247925499501032
BC24220,BC24220_E2,ENSG00000231925,-0.00874240140218856,0.005415173297147194
BC24220,BC24220_E2,ENSG00000108821,0.3552486862199123,0.451879852931808
BC24220,BC24220_E2,ENSG00000107223,0.14226163840119221,0.180012496398893
BC24220,BC24220_E2,ENSG00000108639,0.01971281802292783,0.03834639405910018
BC24220,BC24220_E2,ENSG00000135404,-0.051110482149880065,-0.08444708038194909
BC24220,BC24220_E2,ENSG00000167658,-0.049779281088405965,-0.053877029538569404
BC24220,BC24220_E2,ENSG00000156482,-0.10255097071000463,-0.091562587021802
BC24220,BC24220_E2,ENSG00000149925,-0.01813613879365236,-0.033384970189843904
BC24220,BC24220_E2,ENSG00000246705,0.05963157329487284,0.07309736050926156
BC24220,BC24220_E2,ENSG00000197958,0.0402131804791403,0.010342571003269041
BC24220,BC24220_E2,ENSG00000167995,0.07709063784610908,0.09620236301419252
BC24220,BC24220_E2,ENSG00000169710,0.10948334966342767,0.09236497835450636
BC24220,BC24220_E2,ENSG00000108679,0.06559350637249653,0.06352539717043411
BC24220,BC24220_E2,ENSG00000106624,0.1706801798456703,0.21627507312520564
BC24220,BC24220_E2,ENSG00000172531,0.05032826908998029,0.06841622579304409
BC24220,BC24220_E2,ENSG00000163191,0.026840907755642733,0.05666440068978872
BC24220,BC24220_E2,ENSG00000144713,0.08475457210713132,0.09452275796957557
BC24220,BC24220_E2,ENSG00000185825,0.11011382694585707,0.1522086677783735
BC24220,BC24220_E2,ENSG00000148303,0.03520720957952365,0.025044117292309757
BC24220,BC24220_E2,ENSG00000163220,0.1166749254269023,0.12067352509619997
BC24220,BC24220_E2,ENSG00000174748,0.16242486822212052,0.19320270174642035
BC24220,BC24220_E2,ENSG00000115884,0.06900663222543839,0.10523028142975056
BC24220,BC24220_E2,ENSG00000143947,0.050395063340429806,0.07787036993375786
BC24220,BC24220_E2,ENSG00000104904,-0.06088421199748339,-0.07627520993770502
BC24220,BC24220_E2,ENSG00000198242,-0.1384920403587912,-0.17241994288571755
BC24220,BC24220_E2,ENSG00000166710,0.3351196911261611,0.44807052587484103
BC24220,BC24220_E2,ENSG00000173372,0.025976406731400635,-0.02402402094405431
BC24220,BC24220_E2,ENSG00000224389,0.27854752056151777,0.31677361213147837
BC24220,BC24220_E2,ENSG00000130303,0.18035531834149632,0.19259593226323563
BC24220,BC24220_E2,ENSG00000145592,0.16575586597787978,0.19765206938133342
BC24220,BC24220_E2,ENSG00000117410,-0.009205648192001814,0.013866444537523115
BC24220,BC24220_E2,ENSG00000160862,-0.1645692263605484,-0.2055132353255444
BC24220,BC24220_E2,ENSG00000131469,-0.1491580211708569,-0.1623557523550102
BC24220,BC24220_E2,ENSG00000152082,-0.12594046555741448,-0.12190565950062734
BC24220,BC24220_E2,ENSG00000279483,0.07219688266601858,0.08682277859251653
BC24220,BC24220_E2,ENSG00000165215,0.02511496399050194,0.021048765273103433
BC24220,BC24220_E2,__ambiguous[ENSG00000243678+ENSG00000011052],-0.029469951686271246,-0.04714652282409235
BC24220,BC24220_E2,ENSG00000130208,-0.0305058554297724,-0.05433500371481904
BC24220,BC24220_E2,ENSG00000106211,0.04750682829563958,0.04608749689660464
BC24220,BC24220_E2,ENSG00000118181,-0.06036790194440783,-0.0713358023314402
BC24220,BC24220_E2,ENSG00000115457,0.16345254528619627,0.15736211401525432
BC24220,BC24220_E2,ENSG00000071553,0.02031124942999769,0.022009627345413375
BC24220,BC24220_E2,ENSG00000126267,0.05830737349509754,0.04347617605936222
BC24220,BC24220_E2,__ambiguous[ENSG00000185885+ENSG00000185201],0.10230138111765531,0.10299152205491312
BC24220,BC24220_E2,ENSG00000277972,0.01840382775645615,0.007733977618861637
BC24220,BC24220_E2,__ambiguous[ENSG00000124614+ENSG00000270800],0.0354222328788231,0.041061668640108046
BC24220,BC24220_E2,ENSG00000110651,-0.125179118788321,-0.14800560648114547
BC24220,BC24220_E2,ENSG00000092841,0.015270664057752908,0.013932226553836162
BC24220,BC24220_E2,ENSG00000142669,0.0010748224439885397,0.020228745751477213
BC24220,BC24220_E2,ENSG00000111057,-0.07496579391240671,-0.10352016392496824
BC24220,BC24220_E2,ENSG00000133112,0.3845511047089018,0.43354525115688813
BC24220,BC24220_E2,ENSG00000185499,-0.4072124305862495,-0.5402253706251875
BC24220,BC24220_E2,ENSG00000169100,-0.058839692582281194,-0.07268664264061611
BC24220,BC24220_E2,ENSG00000158710,-0.000646696439334691,0.014782723914783979
BC24220,BC24220_E2,ENSG00000074800,0.19280096511691566,0.26812702639521396
BC24220,BC24220_E2,ENSG00000108344,0.24847439648353425,0.32595675095198884
BC24220,BC24220_E2,ENSG00000030582,0.06470686505313734,0.09335387059550164
BC24220,BC24220_E2,ENSG00000124664,0.0066756412875399705,0.006192036199173007
BC24220,BC24220_E2,ENSG00000162511,0.07226363602240447,0.03485219729673749
BC24220,BC24220_E2,ENSG00000178719,-0.052385587656541444,-0.0593580303827303
BC24220,BC24220_E2,ENSG00000070756,0.04251372767585786,0.08448617480672753
BC24220,BC24220_E2,ENSG00000205542,0.3204482493032675,0.41747954384267705
BC24220,BC24220_E2,ENSG00000277791,-0.06365816966565949,-0.06780514553552248
BC24220,BC24220_E2,ENSG00000117450,0.07001544481512892,0.13114680714966304
BC24220,BC24220_E2,ENSG00000071082,0.07827837697118037,0.11645985032990161
BC24220,BC24220_E2,ENSG00000105223,0.06912660106304254,0.08589941487362229
BC24220,BC24220_E2,ENSG00000143774,0.04324576232656102,0.0952361064169923
BC24220,BC24220_E2,ENSG00000196924,0.03737621050133388,0.04182644410750148
BC24220,BC24220_E2,ENSG00000102265,-0.051541058781370774,-0.057780928026916464
BC24220,BC24220_E2,ENSG00000150991,0.00404882083832242,-0.001669159636362175
BC24220,BC24220_E2,ENSG00000125534,0.010487324355647093,0.02646007690440374
BC24220,BC24220_E2,ENSG00000149591,0.01879479079160683,0.00976683627051083
BC24220,BC24220_E2,ENSG00000182492,-0.03774573774339205,-0.05080456575819182
BC24220,BC24220_E2,__ambiguous[ENSG00000257341+ENSG00000213145],-0.05961534154831164,-0.04057813909698142
BC24220,BC24220_E2,ENSG00000141522,0.04988665247910264,0.054441660380480254
BC24220,BC24220_E2,ENSG00000051523,0.12223528270669562,0.12833779656402608
BC24220,BC24220_E2,ENSG00000160789,0.023430504590742758,0.022564064943166318
BC24220,BC24220_E2,ENSG00000184897,0.0761233383172019,0.08537367377312591
BC24220,BC24220_E2,ENSG00000141741,0.0802286359279566,0.0906761879673961
BC24220,BC24220_E2,__ambiguous[ENSG00000277957+ENSG00000161960],0.04589601053053872,0.028563566016771978
BC24220,BC24220_E2,ENSG00000163682,0.2373705838353928,0.27368449841071224
BC24220,BC24220_E2,ENSG00000145425,-0.05629414641964312,-0.054047240047193024
BC24220,BC24220_E2,ENSG00000182809,0.0315793755877191,0.017613164141290237
BC24220,BC24220_E2,ENSG00000124614,0.024856563363341338,0.05971956832823353
BC24220,BC24220_E2,ENSG00000187514,0.3196778771862251,0.38700097148320173
BC24220,BC24220_E2,__ambiguous[ENSG00000219200+ENSG00000161939],0.09356383448291614,0.10091783810963992
BC24220,BC24220_E2,ENSG00000204287,0.16033724088099044,0.19449453979582698
BC24220,BC24220_E2,ENSG00000127540,0.041663710575261345,0.03294003188486032
BC24220,BC24220_E2,ENSG00000138326,0.14101107601707866,0.181939714547772
BC24220,BC24220_E2,ENSG00000176340,0.17013854675070306,0.20600701123503407
BC24220,BC24220_E2,ENSG00000058262,0.0395657770880956,0.04908503706215661
BC24220,BC24220_E2,ENSG00000125730,0.09035117890346589,0.10895364196113148
BC24220,BC24220_E2,ENSG00000123349,0.1708477751124867,0.2161605479987406
BC24220,BC24220_E2,ENSG00000164733,-0.04111645909531544,0.007939770669428935
BC24220,BC24220_E2,ENSG00000103363,0.04979160722505896,0.0810188019194544
BC24220,BC24220_E2,ENSG00000114353,0.10320773374877759,0.10798472652992258
BC24220,BC24220_E2,ENSG00000104529,0.0657042256539673,0.08973559792233564
BC24220,BC24220_E2,ENSG00000178980,0.037653426643623124,0.044615903295845465
BC24220,BC24220_E2,ENSG00000114867,0.06719874262356387,0.07778432588256637
BC24220,BC24220_E2,ENSG00000169223,-0.017480146442443053,0.004907695450894826
BC24220,BC24220_E2,ENSG00000178952,0.06235164823777598,0.0808954986157093
BC24220,BC24220_E2,ENSG00000052344,-0.06388052647203618,-0.023240009275588634
BC24220,BC24220_E2,ENSG00000255823,0.2660372935913447,0.3335839351386323
BC24220,BC24220_E2,ENSG00000144426,-0.033828418729799255,-0.048507712587335265
BC24220,BC24220_E2,__ambiguous[ENSG00000262526+ENSG00000170296],-0.011312604652534183,-0.019148000005883663
BC24220,BC24220_E2,ENSG00000272196,-0.11055675136809036,-0.1686605661864957
BC24220,BC24220_E2,ENSG00000104964,0.08494948544304022,0.08700985903765023
BC24220,BC24220_E2,ENSG00000026025,0.28310880976774083,0.3370068060867532
BC24220,BC24220_E2,ENSG00000135480,-0.007110875675488169,0.021117410435996298
BC24220,BC24220_E2,ENSG00000170315,0.07340077158728285,0.12810323143696525
BC24220,BC24220_E2,ENSG00000251562,-0.1579127823591377,-0.17781988724333145
BC24220,BC24220_E2,ENSG00000008988,0.034636347443004895,0.041421173886812226
BC24220,BC24220_E2,ENSG00000115414,0.3965013150093159,0.48817406476344305
BC24220,BC24220_E2,ENSG00000182899,0.006408110440658846,0.030477751904571977
BC24220,BC24220_E2,ENSG00000126247,0.1200215212995827,0.12384946686863979
BC24220,BC24220_E2,ENSG00000172354,0.004613900449152053,0.03191441407353279
BC24220,BC24220_E2,ENSG00000167815,-0.061293699152814594,-0.053173929769409704
BC24220,BC24220_E2,ENSG00000142089,0.03081393926443997,0.0017487400591746631
BC24220,BC24220_E2,ENSG00000100219,0.3269664444219374,0.37768238869821585
BC24220,BC24220_E2,ENSG00000111669,0.18690902011734792,0.2293399395684633
BC24220,BC24220_E2,ENSG00000131143,0.011716839894035741,0.011794133166764805
BC24220,BC24220_E2,ENSG00000100300,-0.024958763452097764,-0.011226493191450184
BC24220,BC24220_E2,ENSG00000188846,0.09356761159336002,0.09064483523538258
BC24220,BC24220_E2,ENSG00000171222,-0.002037030826150941,-0.006113368974972138
BC24220,BC24220_E2,ENSG00000269028,0.2238882416076588,0.28486440456715006
BC24220,BC24220_E2,ENSG00000214530,-0.12390677125288027,-0.1575866937269434
BC24220,BC24220_E2,ENSG00000174886,0.03390089866285426,0.040201806034772344
BC24220,BC24220_E2,ENSG00000197956,0.04595279734243269,0.06330035465826195
BC24220,BC24220_E2,ENSG00000173369,0.018543064773379074,0.004870541772449272
BC24220,BC24220_E2,ENSG00000142173,0.07397388083375006,0.08063396589776287
BC24220,BC24220_E2,ENSG00000142949,0.1840451221142007,0.2098725101007962
BC24220,BC24220_E2,ENSG00000145494,0.13693507546340516,0.1487072549267725
BC24220,BC24220_E2,ENSG00000164692,0.46997635351319694,0.5405656245028007
BC24220,BC24220_E2,ENSG00000130725,0.06409457345809744,0.06703967119562391
BC24220,BC24220_E2,ENSG00000172270,-0.008810004714331078,-0.0031231247634441396
BC24220,BC24220_E2,ENSG00000131748,0.04850443348203936,0.0707441388212444
BC24220,BC24220_E2,ENSG00000213988,0.008157237956585482,0.028534857187892133
BC24220,BC24220_E2,ENSG00000164919,0.284412700353522,0.3286474124773351
BC24220,BC24220_E2,ENSG00000155366,0.10766775449303827,0.1381620925235627
BC24220,BC24220_E2,ENSG00000087460,0.45058614928988344,0.5380748786933893
BC24220,BC24220_E2,ENSG00000186010,0.09797471476045205,0.11077167218586612
BC24220,BC24220_E2,ENSG00000168528,-0.07684359614229495,-0.10979595252828792
BC24220,BC24220_E2,ENSG00000174444,0.007609448562980944,0.04668541968375287
BC24220,BC24220_E2,ENSG00000196576,0.10191181903398065,0.11311410037614644
BC24220,BC24220_E2,ENSG00000143546,0.07952071453165381,0.08975818902934765
BC24220,BC24220_E2,ENSG00000187608,0.06718373515603562,0.06819492305256085
BC24220,BC24220_E2,ENSG00000114391,0.06029154289422968,0.04955716738526807
BC24220,BC24220_E2,ENSG00000011304,0.021330714784032326,0.04879208010588792
BC24220,BC24220_E2,ENSG00000161960,0.26826565971524824,0.32948294916409987
BC24220,BC24220_E2,ENSG00000173272,-0.04303289629294983,-0.04162890235730321
BC24220,BC24220_E2,ENSG00000125970,-0.062014901832017945,-0.054818139498277095
BC24220,BC24220_E2,ENSG00000170421,-0.0212737988808513,-0.023630818830034792
BC24220,BC24220_E2,ENSG00000101335,0.19045752648177877,0.21782284921434972
BC24220,BC24220_E2,__ambiguous[ENSG00000241343+ENSG00000257529],0.017741575554167645,0.04129629905268053
BC24220,BC24220_E2,ENSG00000135390,-0.018611434256537766,-0.0359389785218572
BC24220,BC24220_E2,ENSG00000163399,0.07802555080286903,0.06927076668367191
BC24220,BC24220_E2,__ambiguous[ENSG00000273259+ENSG00000196136],-0.2531088015423154,-0.2970611809776862
BC24220,BC24220_E2,ENSG00000025708,0.10733548877164259,0.13597470128576655
BC24220,BC24220_E2,ENSG00000132507,-0.10396219523365463,-0.11700023554448333
BC24220,BC24220_E2,ENSG00000110492,-0.06126838567031992,-0.07152678015374446
BC24220,BC24220_E2,ENSG00000176046,-0.011444089086610449,0.002958702550050392
BC24220,BC24220_E2,ENSG00000177700,-0.12555783930677283,-0.1798630969236987
BC24220,BC24220_E2,ENSG00000171863,0.08516002158012492,0.13203733774676327
BC24220,BC24220_E2,ENSG00000160932,0.1728293747596224,0.22076629918766705
BC24220,BC24220_E2,ENSG00000130520,-0.08123077981452927,-0.09824568720198658
BC24220,BC24220_E2,ENSG00000135940,-0.011822634323025523,-0.001193319080613945
BC24220,BC24220_E2,ENSG00000124172,0.24581639936347313,0.3418483207934991
BC24220,BC24220_E2,ENSG00000130402,0.12272661877050733,0.16263804381808605
BC24220,BC24220_E2,ENSG00000163479,-0.0360509213779368,-0.02805157352267732
BC24220,BC24220_E2,ENSG00000279274,-0.06376861719556634,-0.06036550116779554
BC24220,BC24220_E2,ENSG00000129226,-0.022110860331133613,-0.046595873556357505
BC24220,BC24220_E2,ENSG00000140990,0.036485579494012495,0.026570574690659
BC24220,BC24220_E2,ENSG00000147684,0.06764011069758459,0.08205793717220329
BC24220,BC24220_E2,ENSG00000186468,-0.04098667829227154,-0.010196135908923917
BC24220,BC24220_E2,ENSG00000159335,0.006957638762558741,-0.03559507540070764
BC24220,BC24220_E2,ENSG00000143420,0.09722878137049015,0.13847216634599158
BC24220,BC24220_E2,ENSG00000105404,0.06091301141558596,0.08514814567832357
