patient,section,gene,r_m1,r_m2
BC23287,BC23287_C1,ENSG00000034510,-0.0928911942263176,-0.0981726547813659
BC23287,BC23287_C1,ENSG00000254709,-0.2994640888826612,-0.3604374421100311
BC23287,BC23287_C1,ENSG00000111640,-0.0271812230883218,0.0255582839576435
BC23287,BC23287_C1,ENSG00000137818,-0.6035465388385894,-0.5911159113666064
BC23287,BC23287_C1,ENSG00000177600,0.1541863508387485,0.1697415763573926
BC23287,BC23287_C1,ENSG00000171345,-0.2297809688954277,-0.2172810034717335
BC23287,BC23287_C1,ENSG00000231500,0.0174960948629724,-0.0646006769458106
BC23287,BC23287_C1,ENSG00000075624,0.3338225377941553,0.2811495342683962
BC23287,BC23287_C1,ENSG00000164587,0.2302440151036669,0.2078955615187485
BC23287,BC23287_C1,ENSG00000108107,0.0757903668355871,0.0952011250773001
BC23287,BC23287_C1,ENSG00000105372,-0.0133999062241618,-0.0073570959144329
BC23287,BC23287_C1,ENSG00000197756,-0.093670707670867,-0.1486155349692577
BC23287,BC23287_C1,ENSG00000108298,0.0888397435490356,0.0292803006032771
BC23287,BC23287_C1,ENSG00000141736,0.0417602100684682,-0.0888926282467263
BC23287,BC23287_C1,ENSG00000161016,-0.2694409025967194,-0.2165872210885713
BC23287,BC23287_C1,ENSG00000167526,-0.0503939294314622,-0.0918701146530276
BC23287,BC23287_C1,ENSG00000087086,0.2774999808876975,0.2721756003753421
BC23287,BC23287_C1,ENSG00000108518,-0.2701220368711557,-0.3431693442510916
BC23287,BC23287_C1,ENSG00000130255,0.0536216635760804,0.1382251903195601
BC23287,BC23287_C1,ENSG00000136942,0.0042080734702871,0.0085274797679345
BC23287,BC23287_C1,ENSG00000117984,0.0087809463810138,-0.0412472535157918
BC23287,BC23287_C1,__ambiguous[ENSG00000251357+ENSG00000240972],0.1566408561044799,0.1917638541213453
BC23287,BC23287_C1,ENSG00000149273,-0.1167732800725722,-0.0401344345083566
BC23287,BC23287_C1,ENSG00000197746,0.0486614817006367,-0.0324810969629424
BC23287,BC23287_C1,ENSG00000063177,0.1437326986023552,0.2007446687586295
BC23287,BC23287_C1,ENSG00000140264,0.4243217489637718,0.3571374347520307
BC23287,BC23287_C1,ENSG00000180879,-0.0372830215066031,0.0450622325793068
BC23287,BC23287_C1,ENSG00000179218,-0.3641277092555866,-0.3834110306772062
BC23287,BC23287_C1,ENSG00000105193,0.0026082320795412,-0.0275851626291769
BC23287,BC23287_C1,ENSG00000221983,-0.0639444706342215,-0.0665982661905503
BC23287,BC23287_C1,ENSG00000130203,-0.2992451093248968,-0.3695143798606471
BC23287,BC23287_C1,ENSG00000142534,-0.0674476618650894,-0.0730485518380439
BC23287,BC23287_C1,ENSG00000185624,-0.1666367229527139,-0.1815447597933247
BC23287,BC23287_C1,ENSG00000204628,-0.0729073401522854,-0.026569250434125
BC23287,BC23287_C1,ENSG00000166441,-0.007828662374772,-0.0129813228553877
BC23287,BC23287_C1,ENSG00000167996,-0.3635966686886645,-0.326722466644425
BC23287,BC23287_C1,ENSG00000142541,0.031050987958141,-0.0052629336650296
BC23287,BC23287_C1,ENSG00000234745,-0.0583546881444937,-0.0765521959594251
BC23287,BC23287_C1,ENSG00000147403,-0.0904181784561932,-0.140517510635237
BC23287,BC23287_C1,ENSG00000140988,-0.0384698292266025,-0.0672500301923895
BC23287,BC23287_C1,ENSG00000089157,0.2260636599056348,0.2029624053471089
BC23287,BC23287_C1,ENSG00000109062,0.0740471751137614,0.125460870681227
BC23287,BC23287_C1,ENSG00000105640,-0.2366021392239924,-0.1415062398518253
BC23287,BC23287_C1,ENSG00000171858,0.2849408278861376,0.2932747927660602
BC23287,BC23287_C1,ENSG00000115268,0.0739527958478743,0.1937801751708721
BC23287,BC23287_C1,ENSG00000233927,-0.0430520737697747,-0.0839346135497519
BC23287,BC23287_C1,ENSG00000198034,0.2420815773665316,0.19562607699761
BC23287,BC23287_C1,ENSG00000112306,-0.034199874784813,0.0092513326821704
BC23287,BC23287_C1,ENSG00000213741,-0.0941991342828405,-0.1192708480377718
BC23287,BC23287_C1,ENSG00000182774,-0.0334821797846163,0.0117364254300928
BC23287,BC23287_C1,ENSG00000149806,0.1493604878755102,0.1286613015560627
BC23287,BC23287_C1,ENSG00000125691,-0.053951054584143,-0.1044866397347842
BC23287,BC23287_C1,ENSG00000142676,0.297683202107276,0.2151019629417639
BC23287,BC23287_C1,ENSG00000204525,0.1963305202299005,0.1862723079713071
BC23287,BC23287_C1,ENSG00000019582,-0.0228497602617881,-0.0640932235373478
BC23287,BC23287_C1,ENSG00000170889,-0.0210797016053505,0.0037008765013111
BC23287,BC23287_C1,ENSG00000111341,-0.1964677197849211,-0.1936803947556151
BC23287,BC23287_C1,ENSG00000172809,-0.1546602784963224,-0.1405438278194131
BC23287,BC23287_C1,ENSG00000204592,0.3497668966819061,0.3571301866273272
BC23287,BC23287_C1,ENSG00000172757,0.0972411956255715,0.1119628881140954
BC23287,BC23287_C1,ENSG00000177954,-0.1934404730911925,-0.2923813671440198
BC23287,BC23287_C1,ENSG00000100316,0.0584062733819518,0.0896850224998227
BC23287,BC23287_C1,ENSG00000137154,0.3212589682450655,0.2339781661561589
BC23287,BC23287_C1,ENSG00000101439,-0.2848063786942918,-0.2579488948859246
BC23287,BC23287_C1,ENSG00000184009,-0.3501338092569898,-0.4435623677169658
BC23287,BC23287_C1,ENSG00000108821,-0.0637990358159112,-0.0967721168949561
BC23287,BC23287_C1,__ambiguous[ENSG00000254772+ENSG00000255508],-0.2175434484328642,-0.2695550761881898
BC23287,BC23287_C1,ENSG00000165949,-0.2615097758226856,-0.1716905776929446
BC23287,BC23287_C1,ENSG00000206503,-0.1370262389748682,-0.1635286810365595
BC23287,BC23287_C1,ENSG00000231925,-0.2705707283397527,-0.1448092240379227
BC23287,BC23287_C1,ENSG00000083845,-0.0351089831918787,0.010720403793473
BC23287,BC23287_C1,ENSG00000169710,-0.3396682555688146,-0.3243266512056953
BC23287,BC23287_C1,ENSG00000163191,-0.0685104975185445,-0.1287179447094234
BC23287,BC23287_C1,__ambiguous[ENSG00000185883+ENSG00000260272],-0.1792452225758529,-0.2738569574912272
BC23287,BC23287_C1,ENSG00000142937,0.0509766812402831,0.1108209559307097
BC23287,BC23287_C1,ENSG00000224389,-0.1941640890246784,-0.0974146725294912
BC23287,BC23287_C1,ENSG00000167995,-0.0662433092569718,-0.0096049280597859
BC23287,BC23287_C1,ENSG00000135404,-0.0022485170335253,-0.0207497832440282
BC23287,BC23287_C1,ENSG00000107223,0.2595433165638759,0.2073671490913042
BC23287,BC23287_C1,ENSG00000108639,0.0731366839156362,0.0579355661609225
BC23287,BC23287_C1,ENSG00000106624,-0.0524770141071778,-0.0865651976162307
BC23287,BC23287_C1,ENSG00000167468,0.2148081327661195,0.1951674117532439
BC23287,BC23287_C1,ENSG00000197958,0.010512967996912,0.0935477897903962
BC23287,BC23287_C1,ENSG00000167658,0.0709891199595122,0.0692695856222484
BC23287,BC23287_C1,ENSG00000162244,0.0007476430108051,0.0083398846659458
BC23287,BC23287_C1,ENSG00000172531,-0.0502036827890496,-0.067828326121939
BC23287,BC23287_C1,ENSG00000108679,-0.0063960970094139,0.0049388794826027
BC23287,BC23287_C1,ENSG00000156482,0.0375239940674894,0.0730177214682478
BC23287,BC23287_C1,ENSG00000144713,0.1129161715330709,0.1807090195434814
BC23287,BC23287_C1,ENSG00000148303,0.0124858939206306,-0.0756699036739383
BC23287,BC23287_C1,ENSG00000115884,-0.1605925983807462,-0.2501964425683876
BC23287,BC23287_C1,ENSG00000149925,-0.0241945511614836,-0.0929619480906613
BC23287,BC23287_C1,ENSG00000143947,0.1169198509134121,0.1851096507529179
BC23287,BC23287_C1,ENSG00000174748,-0.3196631438694991,-0.3073004764058709
BC23287,BC23287_C1,ENSG00000185825,-0.4186573591562786,-0.376592879325269
BC23287,BC23287_C1,ENSG00000130303,0.4701422429457604,0.4737916499900755
BC23287,BC23287_C1,ENSG00000115457,-0.2292551719860497,-0.237848342149353
BC23287,BC23287_C1,ENSG00000185499,0.0979414037638544,-0.0135558356677659
BC23287,BC23287_C1,ENSG00000108344,-0.1660162125903397,-0.1796194415013941
BC23287,BC23287_C1,ENSG00000131469,0.0617679329031802,0.006277726513383
BC23287,BC23287_C1,__ambiguous[ENSG00000185885+ENSG00000185201],0.0723817709320343,0.1210499851033793
BC23287,BC23287_C1,ENSG00000166710,-0.2073813860986771,-0.2299869631310281
BC23287,BC23287_C1,ENSG00000163220,-0.0142864676958221,-0.0396571442332642
BC23287,BC23287_C1,ENSG00000145592,0.2989007202886557,0.2704761104913501
BC23287,BC23287_C1,ENSG00000198242,-0.1960250854630426,-0.2169858349537142
BC23287,BC23287_C1,ENSG00000104904,-0.1735949588356597,-0.309208400872353
BC23287,BC23287_C1,ENSG00000246705,-0.2129818562352209,-0.1018373119530889
BC23287,BC23287_C1,ENSG00000152082,0.1891285715084216,0.0664916910378842
BC23287,BC23287_C1,ENSG00000158710,-0.1898603039289595,-0.2378306579139788
BC23287,BC23287_C1,ENSG00000141741,0.1118902403673362,0.0057275269748346
BC23287,BC23287_C1,ENSG00000106211,-0.3076132590884289,-0.3734999415950708
BC23287,BC23287_C1,ENSG00000117410,-0.1688036508304605,-0.1983362838046721
BC23287,BC23287_C1,ENSG00000074800,-0.1316721419042374,-0.0759542877723296
BC23287,BC23287_C1,__ambiguous[ENSG00000243678+ENSG00000011052],0.244194393730929,0.122326968953575
BC23287,BC23287_C1,ENSG00000173372,0.1218099760333347,0.1409076046480684
BC23287,BC23287_C1,ENSG00000118181,-0.0526511191803291,-0.0422875739016354
BC23287,BC23287_C1,ENSG00000130208,-0.206759184616307,-0.2350103865575577
BC23287,BC23287_C1,ENSG00000110651,0.0316427459897318,0.0358429068111205
BC23287,BC23287_C1,ENSG00000279483,0.0796470665721613,0.0985303663546915
BC23287,BC23287_C1,ENSG00000030582,-0.2524295606653566,-0.3445877907146942
BC23287,BC23287_C1,ENSG00000142669,0.075751201153735,0.0844188202667103
BC23287,BC23287_C1,__ambiguous[ENSG00000257341+ENSG00000213145],0.1191247156850778,0.1021560586944706
BC23287,BC23287_C1,__ambiguous[ENSG00000124614+ENSG00000270800],-0.2345596444494936,-0.1476929160148046
BC23287,BC23287_C1,ENSG00000092841,0.1137372360142616,0.2334380060199933
BC23287,BC23287_C1,ENSG00000126267,-0.2566355511149714,-0.3079121783594641
BC23287,BC23287_C1,ENSG00000160862,-0.0660546954717567,-0.0205386669759669
BC23287,BC23287_C1,ENSG00000277972,0.0258759527866121,-0.1030731709479111
BC23287,BC23287_C1,ENSG00000111057,0.0485610069001014,0.0288908893726725
BC23287,BC23287_C1,ENSG00000165215,-0.1549385835865422,-0.2121268081391602
BC23287,BC23287_C1,ENSG00000169100,-0.3748574312597268,-0.3484994223037393
BC23287,BC23287_C1,ENSG00000205542,-0.0360415017202972,-0.0124256864820308
BC23287,BC23287_C1,ENSG00000150991,0.0889753225362947,0.0946129636465544
BC23287,BC23287_C1,ENSG00000133112,0.1323683836880523,0.15116562508825
BC23287,BC23287_C1,ENSG00000071553,-0.0802041414314885,-0.1781461995825664
BC23287,BC23287_C1,ENSG00000071082,-0.0349698752537907,-0.1028883889051896
BC23287,BC23287_C1,ENSG00000070756,0.0377262010082153,0.0396731911808709
BC23287,BC23287_C1,ENSG00000178719,-0.0110339559384019,-0.1076477420805472
BC23287,BC23287_C1,ENSG00000117450,-0.2967665436012127,-0.3660363632775218
BC23287,BC23287_C1,ENSG00000124664,-0.0478735444820395,-0.1458089694354871
BC23287,BC23287_C1,ENSG00000277791,-0.0813541588682351,-0.0691654393599486
BC23287,BC23287_C1,ENSG00000162511,-0.0990343481287971,-0.0698642770110887
BC23287,BC23287_C1,ENSG00000143774,-0.0904189207599023,-0.1005729039504366
BC23287,BC23287_C1,ENSG00000102265,0.1604180157404987,0.1591189184438719
BC23287,BC23287_C1,ENSG00000149591,-0.3484528010838589,-0.3716359301147262
BC23287,BC23287_C1,ENSG00000105223,-0.4817427128636151,-0.4239739912891357
BC23287,BC23287_C1,ENSG00000182492,-0.1490953227498864,-0.1828006844040226
BC23287,BC23287_C1,ENSG00000141522,-0.1810540807538903,-0.1051007753981845
BC23287,BC23287_C1,ENSG00000182809,0.0656628334493814,0.1118950052213693
BC23287,BC23287_C1,ENSG00000160789,-0.1069372644881414,-0.1667148161882711
BC23287,BC23287_C1,ENSG00000115414,-0.2724728501226147,-0.2900768907811727
BC23287,BC23287_C1,ENSG00000196924,0.3855086223748505,0.3643866187176281
BC23287,BC23287_C1,ENSG00000051523,-0.072569619618083,-0.1193619251930631
BC23287,BC23287_C1,ENSG00000176340,0.1374449366482928,0.163826405511272
BC23287,BC23287_C1,ENSG00000142089,0.1741887267136787,0.2208507536607521
BC23287,BC23287_C1,ENSG00000124614,-0.30892437746099,-0.2448744216011117
BC23287,BC23287_C1,ENSG00000187514,-0.1916972890534043,-0.2275995314827801
BC23287,BC23287_C1,ENSG00000145425,-0.0637316852691594,-0.1042816214811104
BC23287,BC23287_C1,ENSG00000125534,-0.1061756213734538,-0.1011752746366047
BC23287,BC23287_C1,ENSG00000163682,0.146788428328113,0.1759052691365082
BC23287,BC23287_C1,ENSG00000204287,-0.0820824893732605,-0.0480721957973426
BC23287,BC23287_C1,ENSG00000272196,-0.0563619434649226,-0.0941863167591974
BC23287,BC23287_C1,__ambiguous[ENSG00000277957+ENSG00000161960],-0.1521057229035476,-0.24108381828523
BC23287,BC23287_C1,ENSG00000164733,0.02128402608543,-0.0462419685440881
BC23287,BC23287_C1,ENSG00000058262,-0.4192359781175843,-0.432491067777719
BC23287,BC23287_C1,ENSG00000052344,-0.2483451357722752,-0.2423787099900064
BC23287,BC23287_C1,ENSG00000131748,0.053109494287088,0.159050458294041
BC23287,BC23287_C1,ENSG00000135480,0.1684232057021293,0.2414256248218262
BC23287,BC23287_C1,ENSG00000138326,-0.2268170496537558,-0.2451152640696213
BC23287,BC23287_C1,ENSG00000169223,0.0237348265587766,-0.091285387566347
BC23287,BC23287_C1,ENSG00000114353,-0.0873017787460081,-0.1906210519105381
BC23287,BC23287_C1,ENSG00000184897,-0.1264923705301173,-0.1919265092958067
BC23287,BC23287_C1,ENSG00000111669,0.1437127630144236,0.0543680783496934
BC23287,BC23287_C1,ENSG00000123349,-0.0827838642811685,-0.0718891004441028
BC23287,BC23287_C1,ENSG00000103363,-0.1151141474793535,-0.107004363400086
BC23287,BC23287_C1,ENSG00000127540,0.2819125428774974,0.2741713815464998
BC23287,BC23287_C1,ENSG00000144426,-0.0695634279614442,-0.0079329189663393
BC23287,BC23287_C1,ENSG00000104529,-0.1957846216584418,-0.2203846417587704
BC23287,BC23287_C1,ENSG00000114867,0.1328333916493583,0.1436786731671231
BC23287,BC23287_C1,ENSG00000255823,-0.3931073751574219,-0.5355810969657655
BC23287,BC23287_C1,ENSG00000164692,0.0453157460646461,0.0295971677005593
BC23287,BC23287_C1,ENSG00000172354,-0.1505046842363771,-0.1148076915237807
BC23287,BC23287_C1,ENSG00000125730,0.0386649857256013,-0.0351340141117144
BC23287,BC23287_C1,ENSG00000178952,0.0562404347425537,-0.0095992579278762
BC23287,BC23287_C1,ENSG00000178980,-0.210358745383372,-0.2051963849424704
BC23287,BC23287_C1,ENSG00000251562,0.0236996439373401,0.0080313354263659
BC23287,BC23287_C1,ENSG00000182899,0.177997748583683,0.3039961763967694
BC23287,BC23287_C1,__ambiguous[ENSG00000262526+ENSG00000170296],0.0143116106479609,0.1041390142740161
BC23287,BC23287_C1,ENSG00000142949,0.1057654341425335,0.1327633988314761
BC23287,BC23287_C1,ENSG00000026025,0.1220851335745499,0.2175648340123398
BC23287,BC23287_C1,ENSG00000104964,0.0050831086216709,-0.1381127642726676
BC23287,BC23287_C1,ENSG00000008988,0.2552184856081982,0.2236477200391761
BC23287,BC23287_C1,ENSG00000167815,-0.0078518867705971,-0.0923701278658175
BC23287,BC23287_C1,ENSG00000155366,-0.0320219043361416,-0.0457455610421878
BC23287,BC23287_C1,ENSG00000142173,-0.0070438220734584,0.0065295715065775
BC23287,BC23287_C1,ENSG00000131143,-0.0318895946770743,-0.0578497772881834
BC23287,BC23287_C1,ENSG00000269028,-0.2574312669315858,-0.4161700359221245
BC23287,BC23287_C1,ENSG00000170315,0.1215202283812926,0.0563620546653775
BC23287,BC23287_C1,ENSG00000100300,-0.2060480806837102,-0.1861247318493436
BC23287,BC23287_C1,__ambiguous[ENSG00000273259+ENSG00000196136],0.2195597134243899,0.2122957243113669
BC23287,BC23287_C1,ENSG00000126247,-0.170533685411766,-0.1138907281217413
BC23287,BC23287_C1,__ambiguous[ENSG00000219200+ENSG00000161939],-0.2239461482788141,-0.1713623317389759
BC23287,BC23287_C1,ENSG00000160932,-0.0914911250944095,-0.0836977260045799
BC23287,BC23287_C1,ENSG00000187608,-0.3701141684065551,-0.2989372732210359
BC23287,BC23287_C1,ENSG00000087460,-0.0871040456278292,-0.1863833894089918
BC23287,BC23287_C1,ENSG00000163479,-0.1306929892823854,-0.0942234037948007
BC23287,BC23287_C1,ENSG00000188846,0.2271008739118095,0.2463208113595735
BC23287,BC23287_C1,ENSG00000100219,-0.3612821872744036,-0.4319993829091375
BC23287,BC23287_C1,ENSG00000174886,-0.1968526591896781,-0.2263155385514606
BC23287,BC23287_C1,ENSG00000171222,-0.2538935136276481,-0.2880511447975172
BC23287,BC23287_C1,ENSG00000173369,0.1590319835139039,0.1540889096017661
BC23287,BC23287_C1,ENSG00000197956,0.1977607720978426,0.1986374065869261
BC23287,BC23287_C1,ENSG00000163399,0.0980859884579867,0.0530716328998555
BC23287,BC23287_C1,ENSG00000214530,0.0739137291646832,0.0103103649329744
BC23287,BC23287_C1,ENSG00000173272,0.0358826770681952,-0.0927526508249918
BC23287,BC23287_C1,ENSG00000145494,0.1026598176233776,0.0593098137713024
BC23287,BC23287_C1,ENSG00000174444,0.2248419352206177,0.2238309113897337
BC23287,BC23287_C1,ENSG00000114391,-0.2626035601819939,-0.2966868311843381
BC23287,BC23287_C1,ENSG00000125970,-0.1934074725780056,-0.2509904806012139
BC23287,BC23287_C1,__ambiguous[ENSG00000241343+ENSG00000257529],-0.1326399750500836,-0.1739875501745686
BC23287,BC23287_C1,ENSG00000196576,-0.4046248343586944,-0.5717757137419165
BC23287,BC23287_C1,ENSG00000213988,0.0801591606124824,0.1510031411042376
BC23287,BC23287_C1,ENSG00000130725,0.0174773189174632,0.0132690171535374
BC23287,BC23287_C1,ENSG00000172270,-0.2847394372030584,-0.3882801197640655
BC23287,BC23287_C1,ENSG00000135390,0.1938397875574813,0.2433648904353409
BC23287,BC23287_C1,ENSG00000011304,-0.2844370573467235,-0.3259388253416035
BC23287,BC23287_C1,ENSG00000025708,-0.2102765598650705,-0.1563551073355727
BC23287,BC23287_C1,ENSG00000177700,0.0285343192697362,-0.0047111717750987
BC23287,BC23287_C1,ENSG00000143546,,
BC23287,BC23287_C1,ENSG00000171863,0.0078320743759459,0.0200743323144013
BC23287,BC23287_C1,ENSG00000143420,0.3045987552643575,0.2692075557700822
BC23287,BC23287_C1,ENSG00000170421,-0.1540165440080954,-0.232004666505093
BC23287,BC23287_C1,ENSG00000110492,0.3820800527498583,0.2835484428000817
BC23287,BC23287_C1,ENSG00000124172,-0.1623056615913804,-0.2083403291981425
BC23287,BC23287_C1,ENSG00000101335,-0.1841926742212466,-0.2319051721360335
BC23287,BC23287_C1,ENSG00000186010,-0.0236761646159474,-0.0001794600420712
BC23287,BC23287_C1,ENSG00000186468,-0.1898745557461264,-0.2273086591927073
BC23287,BC23287_C1,ENSG00000168528,-0.0774281458215895,-0.2990944342541066
BC23287,BC23287_C1,ENSG00000123989,-0.2800966789409991,-0.3037228359851647
BC23287,BC23287_C1,ENSG00000130520,0.0017335133363216,-0.0350243775355829
BC23287,BC23287_C1,ENSG00000161960,-0.438045271082859,-0.4588382086541441
BC23287,BC23287_C1,ENSG00000159840,-0.3865334285480381,-0.3933472155137979
BC23287,BC23287_C1,ENSG00000147684,-0.395485711073449,-0.4539603787460507
BC23287,BC23287_C1,ENSG00000106153,-0.3713910947580399,-0.3532779258980669
BC23287,BC23287_C1,ENSG00000134419,0.1970967317019774,0.2355578400463406
BC23287,BC23287_C1,ENSG00000132507,0.2633995018612278,0.1603827779540865
BC23287,BC23287_C1,ENSG00000135940,0.1508368762391182,0.1420178772130382
BC23287,BC23287_C1,ENSG00000279274,-0.055038950639681,0.0538396692020967
BC23287,BC23287_C1,ENSG00000173801,-0.0905474664120035,-0.1829351833895522
BC23287,BC23287_C1,ENSG00000140990,0.1668609418571471,0.0526014920218308
BC23287,BC23287_C1,ENSG00000109475,-0.1136040208316502,-0.1647852232629652
BC23287,BC23287_C2,ENSG00000034510,-0.0470206000820217,-0.0068561581617756
BC23287,BC23287_C2,ENSG00000254709,-0.1186555833689792,-0.1192134657955569
BC23287,BC23287_C2,ENSG00000111640,-0.0027607651605804,-0.0404412978940833
BC23287,BC23287_C2,ENSG00000137818,-0.0054840492914661,-0.0323922889213583
BC23287,BC23287_C2,ENSG00000177600,-0.0548760339538301,-0.061615993929087
BC23287,BC23287_C2,ENSG00000171345,0.0212803680168673,-0.0252812264321161
BC23287,BC23287_C2,ENSG00000231500,0.0339759383730132,0.0540290549366766
BC23287,BC23287_C2,ENSG00000075624,0.0948969012532793,0.1218612725979374
BC23287,BC23287_C2,ENSG00000164587,0.0397249913803213,0.0353159491126751
BC23287,BC23287_C2,ENSG00000108107,-0.0704099704561948,-0.0764233436586734
BC23287,BC23287_C2,ENSG00000105372,-0.0981233059858363,-0.1092142483712425
BC23287,BC23287_C2,ENSG00000197756,-0.1106101221285019,-0.1106153951513399
BC23287,BC23287_C2,ENSG00000108298,-0.1188884162434932,-0.1066518586103516
BC23287,BC23287_C2,ENSG00000141736,0.0040985761152208,-0.0003906152031876
BC23287,BC23287_C2,ENSG00000161016,-0.1300391272216907,-0.1068189318011828
BC23287,BC23287_C2,ENSG00000167526,-0.0727278716950323,-0.0496672562900199
BC23287,BC23287_C2,ENSG00000087086,0.0593451244139789,0.0565390466227815
BC23287,BC23287_C2,ENSG00000108518,0.1431641269448753,0.1605619001456611
BC23287,BC23287_C2,ENSG00000130255,0.0468509372804143,0.072524226345442
BC23287,BC23287_C2,ENSG00000136942,-0.0310788162243096,-0.046707819970559
BC23287,BC23287_C2,ENSG00000117984,-0.0180010267168316,-0.0405388464759341
BC23287,BC23287_C2,__ambiguous[ENSG00000251357+ENSG00000240972],-1.1980906910505551e-05,-0.0074376928056571
BC23287,BC23287_C2,ENSG00000149273,0.0056516152394965,0.0112525979592616
BC23287,BC23287_C2,ENSG00000197746,0.0683126109253913,0.0765444090960133
BC23287,BC23287_C2,ENSG00000063177,-0.0465046887615777,-0.0426483870997357
BC23287,BC23287_C2,ENSG00000140264,0.0228616932238391,0.0672246393708426
BC23287,BC23287_C2,ENSG00000180879,-0.0975376381134981,-0.1055661836936049
BC23287,BC23287_C2,ENSG00000179218,0.1345660190705954,0.1314363335982944
BC23287,BC23287_C2,ENSG00000105193,-0.0629221803806341,-0.0699052981844707
BC23287,BC23287_C2,ENSG00000221983,-0.0151811942348249,-0.0269382693595844
BC23287,BC23287_C2,ENSG00000130203,-0.0262507903708955,0.004011773972827
BC23287,BC23287_C2,ENSG00000142534,-0.1236656399724117,-0.1559435250068807
BC23287,BC23287_C2,ENSG00000185624,0.0224742445742819,0.0129362251522977
BC23287,BC23287_C2,ENSG00000204628,-0.0204896434356356,-0.0486630883410934
BC23287,BC23287_C2,ENSG00000166441,-0.1280408658545933,-0.1368163077217885
BC23287,BC23287_C2,ENSG00000167996,-0.0227115638774116,-0.040932653068485
BC23287,BC23287_C2,ENSG00000142541,-0.0688623719947333,-0.0558110960053622
BC23287,BC23287_C2,ENSG00000234745,0.1241125230184217,0.1510840580271481
BC23287,BC23287_C2,ENSG00000147403,-0.1720697398085836,-0.1564189295796796
BC23287,BC23287_C2,ENSG00000140988,-0.0672811553479662,-0.0346893593864083
BC23287,BC23287_C2,ENSG00000089157,-0.0352950190715874,-0.0328789599807027
BC23287,BC23287_C2,ENSG00000109062,0.0106333187859931,0.0125925711486823
BC23287,BC23287_C2,ENSG00000105640,-0.0172308984269398,-0.0716181012325398
BC23287,BC23287_C2,ENSG00000171858,-0.217283057490733,-0.1979657228841702
BC23287,BC23287_C2,ENSG00000115268,-0.0573667742887548,-0.0291760908820928
BC23287,BC23287_C2,ENSG00000233927,-0.0174014318880415,-0.0282469420230542
BC23287,BC23287_C2,ENSG00000198034,0.0451342316507758,0.0243631642284153
BC23287,BC23287_C2,ENSG00000112306,-0.0189737301102507,-0.0440699851867241
BC23287,BC23287_C2,ENSG00000213741,-0.0901576303660345,-0.0896050171622822
BC23287,BC23287_C2,ENSG00000182774,-0.1147585126493245,-0.1715817100805828
BC23287,BC23287_C2,ENSG00000149806,-0.068094516564572,-0.0892571561266895
BC23287,BC23287_C2,ENSG00000125691,0.2403037661489757,0.2488749375095348
BC23287,BC23287_C2,ENSG00000142676,-0.1072490334813544,-0.1102742699042667
BC23287,BC23287_C2,ENSG00000204525,0.0828128403510725,0.0913154094810804
BC23287,BC23287_C2,ENSG00000019582,0.0434246818068467,0.027950607580859
BC23287,BC23287_C2,ENSG00000170889,-0.2249408533624489,-0.2045175069262751
BC23287,BC23287_C2,ENSG00000111341,-0.0642401390955448,-0.0690424928500105
BC23287,BC23287_C2,ENSG00000172809,-0.0085561734434384,-0.0284068865628643
BC23287,BC23287_C2,ENSG00000204592,-0.1122762245370789,-0.137556505245444
BC23287,BC23287_C2,ENSG00000172757,-0.0073180684019149,-0.0329572074094749
BC23287,BC23287_C2,ENSG00000177954,-0.237533549541225,-0.3110608230867213
BC23287,BC23287_C2,ENSG00000100316,-0.1471534364192616,-0.1693504816906261
BC23287,BC23287_C2,ENSG00000137154,0.0147875792959045,0.0341452772803489
BC23287,BC23287_C2,ENSG00000101439,-0.2277021781300018,-0.2261077326676892
BC23287,BC23287_C2,ENSG00000184009,0.1966463364197544,0.2031940252465905
BC23287,BC23287_C2,ENSG00000108821,0.0669736852544006,0.0622130731450583
BC23287,BC23287_C2,__ambiguous[ENSG00000254772+ENSG00000255508],0.0179119112238475,0.0254232918472539
BC23287,BC23287_C2,ENSG00000165949,-0.0359371222978573,-0.01505317403573
BC23287,BC23287_C2,ENSG00000206503,0.0249343566915527,0.0543376606529136
BC23287,BC23287_C2,ENSG00000231925,0.0672435979555168,0.0892045743581797
BC23287,BC23287_C2,ENSG00000083845,-0.0366837429125779,-0.034977816944788
BC23287,BC23287_C2,ENSG00000169710,0.0259530605878305,0.0271496504458813
BC23287,BC23287_C2,ENSG00000163191,0.1838056282206522,0.1744111782178586
BC23287,BC23287_C2,__ambiguous[ENSG00000185883+ENSG00000260272],0.0192976044640883,0.0770311732969787
BC23287,BC23287_C2,ENSG00000142937,0.011113628730621,-0.0216643912393826
BC23287,BC23287_C2,ENSG00000224389,0.068212981650949,0.065034683557528
BC23287,BC23287_C2,ENSG00000167995,0.1164138167480261,0.1135880867178863
BC23287,BC23287_C2,ENSG00000135404,0.1400181330678228,0.1510182764884127
BC23287,BC23287_C2,ENSG00000107223,0.0558673974453181,0.0288737467580398
BC23287,BC23287_C2,ENSG00000108639,0.1744567706380925,0.1828470267074367
BC23287,BC23287_C2,ENSG00000106624,0.0927620814826237,0.1038781853376455
BC23287,BC23287_C2,ENSG00000167468,-0.0758812648754718,-0.1275162250997651
BC23287,BC23287_C2,ENSG00000197958,0.0120588502692611,-0.0451872244799424
BC23287,BC23287_C2,ENSG00000167658,-0.018837532808118,-0.0142113257019431
BC23287,BC23287_C2,ENSG00000162244,0.0414442972260655,0.0012528202177362
BC23287,BC23287_C2,ENSG00000172531,-0.0807299332211372,-0.0576241681966176
BC23287,BC23287_C2,ENSG00000108679,-0.0609991670248147,-0.0581690323256241
BC23287,BC23287_C2,ENSG00000156482,0.0001759346962505,-0.0031632220889009
BC23287,BC23287_C2,ENSG00000144713,-0.1728328777665465,-0.1776020090857091
BC23287,BC23287_C2,ENSG00000148303,-0.0868361382934717,-0.1188581057048962
BC23287,BC23287_C2,ENSG00000115884,0.0437457559881426,0.0532931950647639
BC23287,BC23287_C2,ENSG00000149925,0.071877170339572,0.0577362471000009
BC23287,BC23287_C2,ENSG00000143947,0.086223901743985,0.0959792743031668
BC23287,BC23287_C2,ENSG00000174748,-0.0191186904588106,0.012734273430869
BC23287,BC23287_C2,ENSG00000185825,0.0011523660549841,-0.0122840541856642
BC23287,BC23287_C2,ENSG00000130303,-0.0331002475353776,0.0079504537708048
BC23287,BC23287_C2,ENSG00000115457,-0.021100948841305,-0.0205837268660613
BC23287,BC23287_C2,ENSG00000185499,-0.0628463548861494,-0.031882043762501
BC23287,BC23287_C2,ENSG00000108344,0.0629616685028789,0.0875743760966869
BC23287,BC23287_C2,ENSG00000131469,-0.1644376135915571,-0.1703038790551699
BC23287,BC23287_C2,__ambiguous[ENSG00000185885+ENSG00000185201],-0.030864175147494,-0.0198117629204782
BC23287,BC23287_C2,ENSG00000166710,0.1881980589450231,0.2252539578505237
BC23287,BC23287_C2,ENSG00000163220,0.0219889207612566,0.0530895512929762
BC23287,BC23287_C2,ENSG00000145592,-0.0360125075889853,-0.0367097553230511
BC23287,BC23287_C2,ENSG00000198242,0.0321831826063053,0.0145930122605358
BC23287,BC23287_C2,ENSG00000104904,-0.112925320587868,-0.1051726944091321
BC23287,BC23287_C2,ENSG00000246705,-0.0107380706722514,-0.0033889068373698
BC23287,BC23287_C2,ENSG00000152082,0.2002458467970708,0.1769513914241221
BC23287,BC23287_C2,ENSG00000158710,0.1192811431755116,0.1201302463369409
BC23287,BC23287_C2,ENSG00000141741,0.0530872679376726,0.0872614184124067
BC23287,BC23287_C2,ENSG00000106211,0.1035445488840409,0.1004062869483914
BC23287,BC23287_C2,ENSG00000117410,-0.0735111376723631,-0.081770264944144
BC23287,BC23287_C2,ENSG00000074800,0.0641259853767625,0.0543263049124083
BC23287,BC23287_C2,__ambiguous[ENSG00000243678+ENSG00000011052],0.0199825967937632,0.0418823557031398
BC23287,BC23287_C2,ENSG00000173372,0.0773646981614448,0.0807789774380114
BC23287,BC23287_C2,ENSG00000118181,0.0438655760360325,0.084419129949424
BC23287,BC23287_C2,ENSG00000130208,0.1157126157794676,0.078080949427344
BC23287,BC23287_C2,ENSG00000110651,0.0202877208417825,-0.0298022989202556
BC23287,BC23287_C2,ENSG00000279483,-0.1326202024240647,-0.146712906137551
BC23287,BC23287_C2,ENSG00000030582,-0.0926732932112134,-0.0720865286086288
BC23287,BC23287_C2,ENSG00000142669,-0.1580721849025026,-0.1739426847366353
BC23287,BC23287_C2,__ambiguous[ENSG00000257341+ENSG00000213145],0.0183497910583491,-0.0337835120969719
BC23287,BC23287_C2,__ambiguous[ENSG00000124614+ENSG00000270800],-0.0260428575891656,-0.0276346466427381
BC23287,BC23287_C2,ENSG00000092841,-0.0633713214654437,-0.0587508948367426
BC23287,BC23287_C2,ENSG00000126267,0.046934720395255,0.0696591849008045
BC23287,BC23287_C2,ENSG00000160862,-0.0276610935722351,0.0016579169212957
BC23287,BC23287_C2,ENSG00000277972,0.1676956750698152,0.1783815620310728
BC23287,BC23287_C2,ENSG00000111057,-0.1044018609392271,-0.1108289518072645
BC23287,BC23287_C2,ENSG00000165215,-0.0356318350330245,-4.800650303218039e-05
BC23287,BC23287_C2,ENSG00000169100,0.0045867324474531,0.0393728793711028
BC23287,BC23287_C2,ENSG00000205542,0.0644600349939303,0.1509271882335356
BC23287,BC23287_C2,ENSG00000150991,0.0083983730261459,0.0265335995547428
BC23287,BC23287_C2,ENSG00000133112,0.0770114578916433,0.0847615286433666
BC23287,BC23287_C2,ENSG00000071553,0.1901017887629664,0.2012142660525167
BC23287,BC23287_C2,ENSG00000071082,0.0135096368249528,0.0568190103452043
BC23287,BC23287_C2,ENSG00000070756,-0.0224831698768485,-0.0344500985026936
BC23287,BC23287_C2,ENSG00000178719,0.0704387735634444,0.0779837544296746
BC23287,BC23287_C2,ENSG00000117450,0.0259537713175321,0.0714932753778747
BC23287,BC23287_C2,ENSG00000124664,-0.1411253599129253,-0.125683046642602
BC23287,BC23287_C2,ENSG00000277791,0.0219308971075898,0.0302094977056397
BC23287,BC23287_C2,ENSG00000162511,0.0081809272507443,0.0306713497161336
BC23287,BC23287_C2,ENSG00000143774,0.0366875555014261,0.0811712937016316
BC23287,BC23287_C2,ENSG00000102265,-0.1316276073618645,-0.1567199065993891
BC23287,BC23287_C2,ENSG00000149591,-0.1587757131409591,-0.2132961900101198
BC23287,BC23287_C2,ENSG00000105223,0.0993043410267962,0.1003265524227829
BC23287,BC23287_C2,ENSG00000182492,-0.0110376634016253,-0.0222188567379379
BC23287,BC23287_C2,ENSG00000141522,0.0341266513149956,0.0247806385648899
BC23287,BC23287_C2,ENSG00000182809,-0.0256985504654481,-0.0234549017802696
BC23287,BC23287_C2,ENSG00000160789,0.0643609857367378,0.1017829916861887
BC23287,BC23287_C2,ENSG00000115414,0.1258500062290026,0.1451512251494844
BC23287,BC23287_C2,ENSG00000196924,-0.1192778411473441,-0.1752983434324834
BC23287,BC23287_C2,ENSG00000051523,0.0683074235908561,0.0069154170410352
BC23287,BC23287_C2,ENSG00000176340,0.0152349051381329,0.0084048931793012
BC23287,BC23287_C2,ENSG00000142089,0.0889581180127541,0.0754336755763772
BC23287,BC23287_C2,ENSG00000124614,-0.0722359421945721,-0.0856686265949336
BC23287,BC23287_C2,ENSG00000187514,0.0195111772848038,0.0718418771259422
BC23287,BC23287_C2,ENSG00000145425,0.0390742819503012,0.0547443975360093
BC23287,BC23287_C2,ENSG00000125534,-0.1725301872143089,-0.1694202659144045
BC23287,BC23287_C2,ENSG00000163682,-0.0748294128798528,-0.0476982711427066
BC23287,BC23287_C2,ENSG00000204287,0.2287403321839602,0.2398486729805235
BC23287,BC23287_C2,ENSG00000272196,0.1499556552865432,0.2086307677321104
BC23287,BC23287_C2,__ambiguous[ENSG00000277957+ENSG00000161960],0.0679372292177769,0.0913491479817763
BC23287,BC23287_C2,ENSG00000164733,0.0471345611394701,0.0655465741356424
BC23287,BC23287_C2,ENSG00000058262,0.1362822633787099,0.1501086101853791
BC23287,BC23287_C2,ENSG00000052344,0.0048360094276814,0.0331632351306127
BC23287,BC23287_C2,ENSG00000131748,-0.0326196822882604,-0.0425576225957124
BC23287,BC23287_C2,ENSG00000135480,-0.0272628543556271,-0.0484832576359532
BC23287,BC23287_C2,ENSG00000138326,0.1194263990350326,0.1132931278820384
BC23287,BC23287_C2,ENSG00000169223,0.1307572759410323,0.1431310053204597
BC23287,BC23287_C2,ENSG00000114353,-0.0130116032986767,-0.0630889076067762
BC23287,BC23287_C2,ENSG00000184897,0.0773058709868481,0.0805840068416846
BC23287,BC23287_C2,ENSG00000111669,-0.0722995999809861,-0.0449304083603913
BC23287,BC23287_C2,ENSG00000123349,-0.2200992263881463,-0.2301418249865907
BC23287,BC23287_C2,ENSG00000103363,-0.0643596147473398,-0.1075529962407762
BC23287,BC23287_C2,ENSG00000127540,-0.0753096271673917,-0.0908158398357794
BC23287,BC23287_C2,ENSG00000144426,0.0503189636919593,0.0273002599687329
BC23287,BC23287_C2,ENSG00000104529,-0.0325515544421761,0.0001614074145407
BC23287,BC23287_C2,ENSG00000114867,0.0848240139038467,0.0998489896263792
BC23287,BC23287_C2,ENSG00000255823,-0.1546700859071972,-0.1797438434688749
BC23287,BC23287_C2,ENSG00000164692,0.2613109489286397,0.28936056946998
BC23287,BC23287_C2,ENSG00000172354,-0.0041670930351061,-0.0233268054678968
BC23287,BC23287_C2,ENSG00000125730,0.0021755266456436,-0.0050874981282307
BC23287,BC23287_C2,ENSG00000178952,0.0160541435885506,0.0198413030244535
BC23287,BC23287_C2,ENSG00000178980,-0.0274746399045179,-0.0190536326654071
BC23287,BC23287_C2,ENSG00000251562,-0.0164748731017929,-0.0282539935532547
BC23287,BC23287_C2,ENSG00000182899,-0.2313621659160341,-0.2315129188183793
BC23287,BC23287_C2,__ambiguous[ENSG00000262526+ENSG00000170296],-0.1077698595582345,-0.0860274930445728
BC23287,BC23287_C2,ENSG00000142949,0.0494112881724951,0.049703833716392
BC23287,BC23287_C2,ENSG00000026025,0.1849888057615507,0.2166136602518605
BC23287,BC23287_C2,ENSG00000104964,-0.0793002587720592,-0.0684105438471447
BC23287,BC23287_C2,ENSG00000008988,0.023787407713917,0.0371776337325733
BC23287,BC23287_C2,ENSG00000167815,0.1576390854135819,0.174128864376248
BC23287,BC23287_C2,ENSG00000155366,-0.1856703595183985,-0.2147307205941916
BC23287,BC23287_C2,ENSG00000142173,0.1544538878584912,0.1335204033002995
BC23287,BC23287_C2,ENSG00000131143,-0.0948669513503398,-0.1090840556094768
BC23287,BC23287_C2,ENSG00000269028,-0.1277435471381448,-0.1196127169894686
BC23287,BC23287_C2,ENSG00000170315,-0.070617941388277,-0.0325469471677338
BC23287,BC23287_C2,ENSG00000100300,0.0967830420473684,0.0913735287740269
BC23287,BC23287_C2,__ambiguous[ENSG00000273259+ENSG00000196136],-0.0674500503740449,-0.0800829997794295
BC23287,BC23287_C2,ENSG00000126247,-0.1209861317107568,-0.1035563105425795
BC23287,BC23287_C2,__ambiguous[ENSG00000219200+ENSG00000161939],0.1583892426003225,0.1518577955659314
BC23287,BC23287_C2,ENSG00000160932,0.031329849548575,0.065902609131788
BC23287,BC23287_C2,ENSG00000187608,-0.0104460183567927,0.01688442484663
BC23287,BC23287_C2,ENSG00000087460,0.0862110859134,0.1288901909746512
BC23287,BC23287_C2,ENSG00000163479,-0.0251820690218718,-0.0219901190025588
BC23287,BC23287_C2,ENSG00000188846,-0.0165096461827762,-0.0027368482220112
BC23287,BC23287_C2,ENSG00000100219,0.0844362456821986,0.1128684834933672
BC23287,BC23287_C2,ENSG00000174886,-0.0368684088110409,-0.0378478516839274
BC23287,BC23287_C2,ENSG00000171222,-0.0451198829711263,-0.0489625137512224
BC23287,BC23287_C2,ENSG00000173369,0.0232237993138969,0.0287925190198904
BC23287,BC23287_C2,ENSG00000197956,0.0017671945281667,0.0080321601032867
BC23287,BC23287_C2,ENSG00000163399,0.0170285770783307,0.0609258014166868
BC23287,BC23287_C2,ENSG00000214530,-0.0050456083325496,-0.0096497542866116
BC23287,BC23287_C2,ENSG00000173272,0.0816361603947316,0.0687412173606918
BC23287,BC23287_C2,ENSG00000145494,-0.1196038415051639,-0.0797592513296704
BC23287,BC23287_C2,ENSG00000174444,0.0349084530638573,0.025903851009585
BC23287,BC23287_C2,ENSG00000114391,-0.0678170911047561,-0.0513501837223823
BC23287,BC23287_C2,ENSG00000125970,-0.0194648496124362,-0.0252162968836017
BC23287,BC23287_C2,__ambiguous[ENSG00000241343+ENSG00000257529],0.0254814901910667,0.0337678302283415
BC23287,BC23287_C2,ENSG00000196576,0.1486830090467075,0.133937829339602
BC23287,BC23287_C2,ENSG00000213988,0.0029025587422468,-0.0055977343114836
BC23287,BC23287_C2,ENSG00000130725,0.0601939031047315,0.0790549827060003
BC23287,BC23287_C2,ENSG00000172270,-0.092546205360583,-0.0969846870614728
BC23287,BC23287_C2,ENSG00000135390,-0.0176279414387577,-0.0292855435342431
BC23287,BC23287_C2,ENSG00000011304,-0.0243513692332442,0.0151476328419389
BC23287,BC23287_C2,ENSG00000025708,0.0359109052174139,0.0497366009966887
BC23287,BC23287_C2,ENSG00000177700,-0.0272932002291786,-0.0429009521051004
BC23287,BC23287_C2,ENSG00000143546,0.1329096960198591,0.1692297031623312
BC23287,BC23287_C2,ENSG00000171863,0.0982590899385828,0.1342469204387653
BC23287,BC23287_C2,ENSG00000143420,-0.0594673518309415,-0.0607678871518492
BC23287,BC23287_C2,ENSG00000170421,0.0794501524731657,0.0887978625500547
BC23287,BC23287_C2,ENSG00000110492,-0.0081763592879479,-0.0174358130034743
BC23287,BC23287_C2,ENSG00000124172,0.1024921718658649,0.1299016709270079
BC23287,BC23287_C2,ENSG00000101335,-0.127803513319429,-0.1469057933144297
BC23287,BC23287_C2,ENSG00000186010,0.0805145574309674,0.1128146951477765
BC23287,BC23287_C2,ENSG00000186468,0.0875214521293084,0.0990310829602129
BC23287,BC23287_C2,ENSG00000168528,0.1032527572121035,0.1446805539671049
BC23287,BC23287_C2,ENSG00000123989,-0.0071506617801602,8.547574090339884e-05
BC23287,BC23287_C2,ENSG00000130520,-0.0455015261252892,-0.0602114404996692
BC23287,BC23287_C2,ENSG00000161960,0.0269626577966349,0.0527217897970339
BC23287,BC23287_C2,ENSG00000159840,0.0435065175150407,-0.0061137432339338
BC23287,BC23287_C2,ENSG00000147684,0.0918653886132974,0.1194272266854894
BC23287,BC23287_C2,ENSG00000106153,0.0348507477357838,0.0713695026672276
BC23287,BC23287_C2,ENSG00000134419,0.0811694560127471,0.1179247742039004
BC23287,BC23287_C2,ENSG00000132507,0.0942564773448175,0.1063843666902006
BC23287,BC23287_C2,ENSG00000135940,-0.0253593607280509,-0.0177560200177576
BC23287,BC23287_C2,ENSG00000279274,-0.1641245840435213,-0.1554217724419804
BC23287,BC23287_C2,ENSG00000173801,0.0433578659106914,0.0974392905940217
BC23287,BC23287_C2,ENSG00000140990,0.0150527174620487,0.0428869009736219
BC23287,BC23287_C2,ENSG00000109475,0.1109879161823901,0.142961396176032
BC23287,BC23287_D1,ENSG00000034510,-0.0859699482900792,-0.0915773005005586
BC23287,BC23287_D1,ENSG00000254709,0.0377307598590403,0.0417964819996471
BC23287,BC23287_D1,ENSG00000111640,0.0380025611735815,-0.0005773423442302
BC23287,BC23287_D1,ENSG00000137818,0.084956492782235,0.0633402376745276
BC23287,BC23287_D1,ENSG00000177600,0.0407885421021352,0.0386315267084118
BC23287,BC23287_D1,ENSG00000171345,-0.0879680790454402,-0.0378339736996046
BC23287,BC23287_D1,ENSG00000231500,-0.0104341014057879,0.0263742189095865
BC23287,BC23287_D1,ENSG00000075624,0.137291579293962,0.1273234574374398
BC23287,BC23287_D1,ENSG00000164587,0.0396321272379923,0.0346979370530237
BC23287,BC23287_D1,ENSG00000108107,-0.1050656546225923,-0.1349218577474152
BC23287,BC23287_D1,ENSG00000105372,-0.1174419459170326,-0.1190736840708331
BC23287,BC23287_D1,ENSG00000197756,-0.0920056416563536,-0.0893174057907374
BC23287,BC23287_D1,ENSG00000108298,-0.0291917746187683,-0.0291758048992487
BC23287,BC23287_D1,ENSG00000141736,0.0260386245644681,0.0385214682972061
BC23287,BC23287_D1,ENSG00000161016,0.0005288232257311,-0.0380736811026767
BC23287,BC23287_D1,ENSG00000167526,0.0631902232320305,0.0473739246471391
BC23287,BC23287_D1,ENSG00000087086,0.2045761465281808,0.2101046493374336
BC23287,BC23287_D1,ENSG00000108518,-0.1771790012137993,-0.1788456898663993
BC23287,BC23287_D1,ENSG00000130255,-0.0417803752748098,-0.023129078993287
BC23287,BC23287_D1,ENSG00000136942,-0.0229582968019561,-0.0247251386734514
BC23287,BC23287_D1,ENSG00000117984,-0.0117839928639248,0.0345706685561419
BC23287,BC23287_D1,__ambiguous[ENSG00000251357+ENSG00000240972],-0.0219996324232374,-0.0548389296696251
BC23287,BC23287_D1,ENSG00000149273,0.058010311623015,0.0233016535362284
BC23287,BC23287_D1,ENSG00000197746,0.052783371918506,0.0664169040278655
BC23287,BC23287_D1,ENSG00000063177,-0.0761397668282176,-0.0845042541606954
BC23287,BC23287_D1,ENSG00000140264,0.0255417876907664,0.0556387821518028
BC23287,BC23287_D1,ENSG00000180879,0.0054090663112553,-0.0242182565795786
BC23287,BC23287_D1,ENSG00000179218,0.0939766382173525,0.1204416546082792
BC23287,BC23287_D1,ENSG00000105193,-0.0602238053024957,-0.0686136888930344
BC23287,BC23287_D1,ENSG00000221983,0.0679348584418553,0.0109030952943339
BC23287,BC23287_D1,ENSG00000130203,0.0585159660581836,0.0385050702434046
BC23287,BC23287_D1,ENSG00000142534,-0.0576124163940794,-0.0885765782523536
BC23287,BC23287_D1,ENSG00000185624,0.0731331180969174,0.0686473800623319
BC23287,BC23287_D1,ENSG00000204628,-0.0606435809518391,-0.0681112168340634
BC23287,BC23287_D1,ENSG00000166441,-0.1625457261372385,-0.166803441773192
BC23287,BC23287_D1,ENSG00000167996,0.0502146107805831,0.0493953088955167
BC23287,BC23287_D1,ENSG00000142541,-0.1121626743935883,-0.1064185393173405
BC23287,BC23287_D1,ENSG00000234745,0.1149311922942148,0.0994773679806906
BC23287,BC23287_D1,ENSG00000147403,-0.1870600314238068,-0.2073946384226655
BC23287,BC23287_D1,ENSG00000140988,-0.1605753746769495,-0.1922577589549358
BC23287,BC23287_D1,ENSG00000089157,0.0609474246289699,0.0583952625955857
BC23287,BC23287_D1,ENSG00000109062,0.0310291506291844,0.0799988521738043
BC23287,BC23287_D1,ENSG00000105640,0.0671740167695952,0.0565733542440534
BC23287,BC23287_D1,ENSG00000171858,0.0454410492737411,0.0736073465249373
BC23287,BC23287_D1,ENSG00000115268,-0.1309094601619375,-0.1696046095255434
BC23287,BC23287_D1,ENSG00000233927,-0.0715366861787263,-0.1093393060820672
BC23287,BC23287_D1,ENSG00000198034,-0.0237322574607672,-0.0163049904523758
BC23287,BC23287_D1,ENSG00000112306,0.033684177400811,0.0101829416270046
BC23287,BC23287_D1,ENSG00000213741,-0.0023712358745302,0.0120833170500412
BC23287,BC23287_D1,ENSG00000182774,0.0884850906668482,0.0956065620049295
BC23287,BC23287_D1,ENSG00000149806,-0.0069918826243756,-0.0143460913744332
BC23287,BC23287_D1,ENSG00000125691,-0.0355952663444523,0.0223109191117107
BC23287,BC23287_D1,ENSG00000142676,-0.0304658281038528,-0.0457714607015345
BC23287,BC23287_D1,ENSG00000204525,-0.0894044873603379,-0.075176871619824
BC23287,BC23287_D1,ENSG00000019582,0.092932049182644,0.0466540691636324
BC23287,BC23287_D1,ENSG00000170889,-0.0722302720597764,-0.1210432964703079
BC23287,BC23287_D1,ENSG00000111341,-0.0181641037577427,0.0116241053695961
BC23287,BC23287_D1,ENSG00000172809,-0.1075416613262049,-0.095341153548454
BC23287,BC23287_D1,ENSG00000204592,-0.1119091165026882,-0.1122785136334541
BC23287,BC23287_D1,ENSG00000172757,-0.1078376481081421,-0.09289494923357
BC23287,BC23287_D1,ENSG00000177954,0.1084762448425632,0.1289327171726478
BC23287,BC23287_D1,ENSG00000100316,-0.1825305280533606,-0.1871539697381121
BC23287,BC23287_D1,ENSG00000137154,0.0080381240290091,0.0154277387644071
BC23287,BC23287_D1,ENSG00000101439,-0.0848394928763533,-0.089033068747711
BC23287,BC23287_D1,ENSG00000184009,0.1219930227113299,0.1566205779761389
BC23287,BC23287_D1,ENSG00000108821,0.2414490624953732,0.2531715258638783
BC23287,BC23287_D1,__ambiguous[ENSG00000254772+ENSG00000255508],-0.0523167067706804,-0.0311960264514683
BC23287,BC23287_D1,ENSG00000165949,-0.0495472131144127,-0.077194300563186
BC23287,BC23287_D1,ENSG00000206503,-0.0346478162473656,-0.0418352702235647
BC23287,BC23287_D1,ENSG00000231925,-0.0037194384218056,0.0072868247118984
BC23287,BC23287_D1,ENSG00000083845,-0.0931616646526001,-0.1182286955727171
BC23287,BC23287_D1,ENSG00000169710,0.0931838790164115,0.1073995610400164
BC23287,BC23287_D1,ENSG00000163191,0.0335566432903522,0.0099628457084462
BC23287,BC23287_D1,__ambiguous[ENSG00000185883+ENSG00000260272],0.0104094423774405,0.0166815030457603
BC23287,BC23287_D1,ENSG00000142937,-0.0592391011098689,-0.1028191732709493
BC23287,BC23287_D1,ENSG00000224389,0.1586172529004548,0.184786193305876
BC23287,BC23287_D1,ENSG00000167995,0.0527821499235415,0.062500671509935
BC23287,BC23287_D1,ENSG00000135404,0.0857539358637613,0.1318247453838144
BC23287,BC23287_D1,ENSG00000107223,-0.1024080926488342,-0.124526098109628
BC23287,BC23287_D1,ENSG00000108639,0.0477203868215034,0.0303689488199859
BC23287,BC23287_D1,ENSG00000106624,-0.0695062594697991,-0.0428827847894143
BC23287,BC23287_D1,ENSG00000167468,-0.1177909120135294,-0.1406512527015131
BC23287,BC23287_D1,ENSG00000197958,-0.0532402226828444,-0.0191965872212556
BC23287,BC23287_D1,ENSG00000167658,-0.0680046902657946,-0.1090260641673384
BC23287,BC23287_D1,ENSG00000162244,-0.0154247385066615,-0.0226033005182846
BC23287,BC23287_D1,ENSG00000172531,0.0830466053170909,0.0962409931367609
BC23287,BC23287_D1,ENSG00000108679,-0.1191148135484214,-0.1014241159518403
BC23287,BC23287_D1,ENSG00000156482,-0.1339000270301065,-0.1554582665950919
BC23287,BC23287_D1,ENSG00000144713,-0.2105018459744327,-0.2540327965727468
BC23287,BC23287_D1,ENSG00000148303,-0.1496525031660081,-0.1702496503791141
BC23287,BC23287_D1,ENSG00000115884,0.0194078689502716,0.0312716639403903
BC23287,BC23287_D1,ENSG00000149925,-0.0011749795514319,0.0566896493004628
BC23287,BC23287_D1,ENSG00000143947,0.0434915848280751,0.0713748913159692
BC23287,BC23287_D1,ENSG00000174748,0.0044269281962306,0.0483307424767298
BC23287,BC23287_D1,ENSG00000185825,0.0239361862487688,0.0319370937650473
BC23287,BC23287_D1,ENSG00000130303,0.0566806506161439,0.0561312552909367
BC23287,BC23287_D1,ENSG00000115457,-0.073317690452418,-0.0413877551835187
BC23287,BC23287_D1,ENSG00000185499,0.0658554026607036,0.0946716892825231
BC23287,BC23287_D1,ENSG00000108344,0.0167455300114812,0.0742821687580464
BC23287,BC23287_D1,ENSG00000131469,0.0424002751051169,0.076581074896844
BC23287,BC23287_D1,__ambiguous[ENSG00000185885+ENSG00000185201],0.0929048547168382,0.0970386785265077
BC23287,BC23287_D1,ENSG00000166710,0.1843902349043655,0.2116375730821326
BC23287,BC23287_D1,ENSG00000163220,0.0023555275555496,0.0117404158827262
BC23287,BC23287_D1,ENSG00000145592,0.1560505402971138,0.1489959908439313
BC23287,BC23287_D1,ENSG00000198242,0.0018952814518542,-0.0098249551110767
BC23287,BC23287_D1,ENSG00000104904,-0.0005894514024041,-0.0084378571603852
BC23287,BC23287_D1,ENSG00000246705,-0.0973311316013154,-0.1201693404296217
BC23287,BC23287_D1,ENSG00000152082,0.1162552211145308,0.120500477982196
BC23287,BC23287_D1,ENSG00000158710,0.0851086239779179,0.0952878294816715
BC23287,BC23287_D1,ENSG00000141741,0.0218830734842494,0.0252152507039632
BC23287,BC23287_D1,ENSG00000106211,0.0714672005088131,0.1340106025393128
BC23287,BC23287_D1,ENSG00000117410,-0.1045331345484658,-0.1388233759279978
BC23287,BC23287_D1,ENSG00000074800,0.0749350930659728,0.0605879972990402
BC23287,BC23287_D1,__ambiguous[ENSG00000243678+ENSG00000011052],0.090805498026146,0.1180890475506202
BC23287,BC23287_D1,ENSG00000173372,-0.0451348516279056,-0.0336272545313274
BC23287,BC23287_D1,ENSG00000118181,0.1546705126088509,0.1898640851177305
BC23287,BC23287_D1,ENSG00000130208,-0.0025488806169485,0.0272104309383584
BC23287,BC23287_D1,ENSG00000110651,-0.0346962816177226,-0.0291851289569366
BC23287,BC23287_D1,ENSG00000279483,0.0190776960625577,-0.0136969858239762
BC23287,BC23287_D1,ENSG00000030582,-0.0290166067675951,-0.0209936803955433
BC23287,BC23287_D1,ENSG00000142669,-0.2030011345811112,-0.2478176400835241
BC23287,BC23287_D1,__ambiguous[ENSG00000257341+ENSG00000213145],-0.0050872149809208,0.0359841842991747
BC23287,BC23287_D1,__ambiguous[ENSG00000124614+ENSG00000270800],-0.0706692099073924,-0.0926847825555439
BC23287,BC23287_D1,ENSG00000092841,0.0903552189119629,0.0568001749824822
BC23287,BC23287_D1,ENSG00000126267,-0.1186936060747422,-0.1423138315855675
BC23287,BC23287_D1,ENSG00000160862,0.0572304423341502,0.0578582346430873
BC23287,BC23287_D1,ENSG00000277972,-0.0337967116109965,-0.0418596519866453
BC23287,BC23287_D1,ENSG00000111057,-0.0727817249159697,-0.0822375950945539
BC23287,BC23287_D1,ENSG00000165215,-0.0042779149173641,0.0050663600786096
BC23287,BC23287_D1,ENSG00000169100,0.0311881738620285,-0.0100888553456952
BC23287,BC23287_D1,ENSG00000205542,0.0870158638729047,0.11952322966575
BC23287,BC23287_D1,ENSG00000150991,0.1252924437997203,0.1249344871343907
BC23287,BC23287_D1,ENSG00000133112,0.0285536710811382,0.0368998774883835
BC23287,BC23287_D1,ENSG00000071553,-0.1982760099678691,-0.223896747847857
BC23287,BC23287_D1,ENSG00000071082,0.1246035173628297,0.1183887411264615
BC23287,BC23287_D1,ENSG00000070756,-0.0625219740907419,-0.0542827767699461
BC23287,BC23287_D1,ENSG00000178719,0.0674192318123088,0.0631599262092915
BC23287,BC23287_D1,ENSG00000117450,-0.0390097177166079,-0.0193147025961859
BC23287,BC23287_D1,ENSG00000124664,-0.0679510943827252,-0.0563431838955312
BC23287,BC23287_D1,ENSG00000277791,-0.1465835041538862,-0.1391548433867135
BC23287,BC23287_D1,ENSG00000162511,-0.0589262772775758,-0.0950468154818957
BC23287,BC23287_D1,ENSG00000143774,0.01803658495872,0.0225730583875753
BC23287,BC23287_D1,ENSG00000102265,-0.1542722138560413,-0.1861655050036627
BC23287,BC23287_D1,ENSG00000149591,0.0010538578817392,0.0085742490913489
BC23287,BC23287_D1,ENSG00000105223,0.0145273728905755,0.0453976830979323
BC23287,BC23287_D1,ENSG00000182492,0.0898793249090165,0.0829217336566801
BC23287,BC23287_D1,ENSG00000141522,-0.0622513007777158,-0.0680188872900959
BC23287,BC23287_D1,ENSG00000182809,0.0400126114071681,0.0613770221020743
BC23287,BC23287_D1,ENSG00000160789,0.1016954413062465,0.1089623847966777
BC23287,BC23287_D1,ENSG00000115414,0.239403596001278,0.2959287471992413
BC23287,BC23287_D1,ENSG00000196924,-0.1219021917065667,-0.1090970586751223
BC23287,BC23287_D1,ENSG00000051523,-0.018443252733907,-0.0440497101579589
BC23287,BC23287_D1,ENSG00000176340,-0.0639887676696525,-0.0307753282310159
BC23287,BC23287_D1,ENSG00000142089,-0.0172262629203789,0.0273349665382057
BC23287,BC23287_D1,ENSG00000124614,0.004894278201972,-0.0048946492501554
BC23287,BC23287_D1,ENSG00000187514,0.0665068654510797,0.1082005611560269
BC23287,BC23287_D1,ENSG00000145425,0.0844909643346925,0.0892065060949239
BC23287,BC23287_D1,ENSG00000125534,-0.0526012317801969,-0.0686187710458428
BC23287,BC23287_D1,ENSG00000163682,0.0318451407745551,0.0758412306962853
BC23287,BC23287_D1,ENSG00000204287,0.05250112785309,0.0424149380910147
BC23287,BC23287_D1,ENSG00000272196,0.082036638593785,0.1074292134839535
BC23287,BC23287_D1,__ambiguous[ENSG00000277957+ENSG00000161960],0.0659756815061758,0.0743756888565712
BC23287,BC23287_D1,ENSG00000164733,0.1484307463838158,0.199593469039445
BC23287,BC23287_D1,ENSG00000058262,0.003503497056293,-0.0041523679677753
BC23287,BC23287_D1,ENSG00000052344,0.0191538785139847,0.0774559188563894
BC23287,BC23287_D1,ENSG00000131748,-0.1060013290893215,-0.1294729750942989
BC23287,BC23287_D1,ENSG00000135480,-0.0420399051651446,-0.0417393302489476
BC23287,BC23287_D1,ENSG00000138326,0.1027055579578214,0.1316715551270144
BC23287,BC23287_D1,ENSG00000169223,-0.032969465975465,-0.0403034933445994
BC23287,BC23287_D1,ENSG00000114353,0.0181906036462847,0.0164911636840647
BC23287,BC23287_D1,ENSG00000184897,-0.0006203825938347,0.0096181523285228
BC23287,BC23287_D1,ENSG00000111669,-0.0400110368603069,-0.0493767856186753
BC23287,BC23287_D1,ENSG00000123349,-0.1285024062169436,-0.1429176040125479
BC23287,BC23287_D1,ENSG00000103363,-0.1434032747872847,-0.167303158564858
BC23287,BC23287_D1,ENSG00000127540,-0.1224374656497803,-0.1008955059144644
BC23287,BC23287_D1,ENSG00000144426,-0.0588141038900277,-0.0336393871053489
BC23287,BC23287_D1,ENSG00000104529,0.0430457472672967,0.0357166279416093
BC23287,BC23287_D1,ENSG00000114867,0.1012197426275253,0.0996750504742086
BC23287,BC23287_D1,ENSG00000255823,-0.1260265737709415,-0.1587820195771427
BC23287,BC23287_D1,ENSG00000164692,0.2242186395605336,0.2350567855483182
BC23287,BC23287_D1,ENSG00000172354,0.1205904943983338,0.154698736403291
BC23287,BC23287_D1,ENSG00000125730,-0.168338751150604,-0.1851269624497207
BC23287,BC23287_D1,ENSG00000178952,-0.0639822338046776,-0.0501432530585119
BC23287,BC23287_D1,ENSG00000178980,-0.1016312471232378,-0.1059467831945244
BC23287,BC23287_D1,ENSG00000251562,-0.0832509553787968,-0.1116056925767416
BC23287,BC23287_D1,ENSG00000182899,0.0500292935608397,0.0667976208410197
BC23287,BC23287_D1,__ambiguous[ENSG00000262526+ENSG00000170296],-0.0374155937344888,-0.0560595298564941
BC23287,BC23287_D1,ENSG00000142949,-0.0616765323849694,-0.1250804341465831
BC23287,BC23287_D1,ENSG00000026025,0.0517064818529812,0.0748624403708488
BC23287,BC23287_D1,ENSG00000104964,-0.0461611584210793,-0.0349157435239594
BC23287,BC23287_D1,ENSG00000008988,-0.0284868027685674,-0.0208842639297041
BC23287,BC23287_D1,ENSG00000167815,0.0099937236786285,0.0137871731082407
BC23287,BC23287_D1,ENSG00000155366,0.0037883596458964,-0.0071434489604471
BC23287,BC23287_D1,ENSG00000142173,0.1462811304019516,0.1602072367643011
BC23287,BC23287_D1,ENSG00000131143,-0.0728638538076602,-0.0938585948423432
BC23287,BC23287_D1,ENSG00000269028,-0.1190501292304666,-0.1350999155479071
BC23287,BC23287_D1,ENSG00000170315,0.0895084312641546,0.1230632833317285
BC23287,BC23287_D1,ENSG00000100300,-0.0028905227606763,0.0011587012174597
BC23287,BC23287_D1,__ambiguous[ENSG00000273259+ENSG00000196136],-0.071155595713026,-0.0584569987415318
BC23287,BC23287_D1,ENSG00000126247,-0.1538340223372209,-0.1567305396909741
BC23287,BC23287_D1,__ambiguous[ENSG00000219200+ENSG00000161939],-0.0978721169063192,-0.1168322078923978
BC23287,BC23287_D1,ENSG00000160932,-0.0065686536142351,-0.0394209285624038
BC23287,BC23287_D1,ENSG00000187608,0.0391580832363375,0.024850870152849
BC23287,BC23287_D1,ENSG00000087460,0.1869554868293013,0.1927831595976572
BC23287,BC23287_D1,ENSG00000163479,0.0790994862797898,0.1160417589176879
BC23287,BC23287_D1,ENSG00000188846,-0.0468395862653393,-0.0823786714694008
BC23287,BC23287_D1,ENSG00000100219,0.0912475597531984,0.0935187857218574
BC23287,BC23287_D1,ENSG00000174886,-0.0923384908576631,-0.1129966367376727
BC23287,BC23287_D1,ENSG00000171222,-0.0292463468464249,-0.0177637526705378
BC23287,BC23287_D1,ENSG00000173369,-0.1310832346013931,-0.1221832111830837
BC23287,BC23287_D1,ENSG00000197956,0.0019110966822854,-0.0039217392757952
BC23287,BC23287_D1,ENSG00000163399,0.0344167857221318,0.0879630843366308
BC23287,BC23287_D1,ENSG00000214530,0.0928132897740818,0.060248207798549
BC23287,BC23287_D1,ENSG00000173272,0.1061302851920093,0.1452475806271394
BC23287,BC23287_D1,ENSG00000145494,-0.1054531397029373,-0.1030931674179373
BC23287,BC23287_D1,ENSG00000174444,0.0139046255699642,0.053454709841223
BC23287,BC23287_D1,ENSG00000114391,0.0881846539385857,0.1055309742532896
BC23287,BC23287_D1,ENSG00000125970,0.0398457832142272,0.0473248633570845
BC23287,BC23287_D1,__ambiguous[ENSG00000241343+ENSG00000257529],0.1345325388424504,0.1314472098004412
BC23287,BC23287_D1,ENSG00000196576,0.0360737638665966,0.0572090712900496
BC23287,BC23287_D1,ENSG00000213988,-0.0471607642788487,-0.0521885739183994
BC23287,BC23287_D1,ENSG00000130725,0.0529435460788538,0.047279384493397
BC23287,BC23287_D1,ENSG00000172270,-0.0725689889421783,-0.0849724201215357
BC23287,BC23287_D1,ENSG00000135390,-0.1180247777026933,-0.1346236532433384
BC23287,BC23287_D1,ENSG00000011304,0.0432235830113789,0.0586074648025442
BC23287,BC23287_D1,ENSG00000025708,-0.1068499103163684,-0.1057901734049107
BC23287,BC23287_D1,ENSG00000177700,-0.0633382698586503,-0.0515060876451479
BC23287,BC23287_D1,ENSG00000143546,-0.0189771762906035,-0.056980226541657
BC23287,BC23287_D1,ENSG00000171863,-0.0641806509439045,-0.0606605994434829
BC23287,BC23287_D1,ENSG00000143420,0.0967746597808721,0.0687173921256228
BC23287,BC23287_D1,ENSG00000170421,-0.0140946669477008,0.0268057021197528
BC23287,BC23287_D1,ENSG00000110492,-0.1236915120941759,-0.1391605283326529
BC23287,BC23287_D1,ENSG00000124172,0.0210945142070742,0.0303420877493173
BC23287,BC23287_D1,ENSG00000101335,0.0132652246166099,0.0549892336471486
BC23287,BC23287_D1,ENSG00000186010,-0.0364700304611128,-0.0305983593434314
BC23287,BC23287_D1,ENSG00000186468,0.0975180873800632,0.1435635056707774
BC23287,BC23287_D1,ENSG00000168528,0.0742251479730977,0.0829732853418267
BC23287,BC23287_D1,ENSG00000123989,-0.060870596209611,-0.0427725788317404
BC23287,BC23287_D1,ENSG00000130520,0.0264898665042992,-0.0003424102434314
BC23287,BC23287_D1,ENSG00000161960,0.1537186303228866,0.204805683702183
BC23287,BC23287_D1,ENSG00000159840,-0.0620969188713657,-0.0503112813930255
BC23287,BC23287_D1,ENSG00000147684,0.0518857191455012,0.027281291893546
BC23287,BC23287_D1,ENSG00000106153,0.100962212250293,0.1445871276028062
BC23287,BC23287_D1,ENSG00000134419,0.1065047284434297,0.1123683324351744
BC23287,BC23287_D1,ENSG00000132507,0.01619538582713,0.036807916148937
BC23287,BC23287_D1,ENSG00000135940,-0.0209604383590263,-0.0242861443361847
BC23287,BC23287_D1,ENSG00000279274,-0.1181701119076792,-0.1421254085928792
BC23287,BC23287_D1,ENSG00000173801,0.1788937550417767,0.1391208341490322
BC23287,BC23287_D1,ENSG00000140990,-0.0664468658486956,-0.083373804856773
BC23287,BC23287_D1,ENSG00000109475,0.020179624399697,0.0213742114530519
BC23450,BC23450_D2,ENSG00000034510,0.0244823167843193,0.0138184800783393
BC23450,BC23450_D2,ENSG00000254709,0.1959011207033226,0.1880719230871139
BC23450,BC23450_D2,ENSG00000111640,0.028879349256409,-0.0167165454656051
BC23450,BC23450_D2,ENSG00000171345,0.124672224984278,0.146424759897958
BC23450,BC23450_D2,ENSG00000137818,0.0510022735413898,0.0929481909269276
BC23450,BC23450_D2,ENSG00000177600,0.167857390829853,0.1635208373943616
BC23450,BC23450_D2,ENSG00000231500,-0.0308157384586513,-0.0574821379117216
BC23450,BC23450_D2,ENSG00000075624,-0.0739226671106713,-0.0851226528679014
BC23450,BC23450_D2,ENSG00000164587,0.0215239076381628,0.0109435391740033
BC23450,BC23450_D2,ENSG00000108107,-0.1377931233261375,-0.1364220823234818
BC23450,BC23450_D2,ENSG00000105372,-0.0372167982775544,-0.0345748192895414
BC23450,BC23450_D2,ENSG00000197756,-0.0524610304880553,-0.0464814038789024
BC23450,BC23450_D2,ENSG00000161016,0.0130802232799418,0.0433225380298686
BC23450,BC23450_D2,ENSG00000167526,0.0486251708292933,0.0453828910093167
BC23450,BC23450_D2,ENSG00000141736,-0.2211659421138302,-0.2452669429471977
BC23450,BC23450_D2,ENSG00000108298,0.1321247067458903,0.1283396009704587
BC23450,BC23450_D2,ENSG00000130255,0.0650914066880587,0.0377605467241481
BC23450,BC23450_D2,ENSG00000108518,0.108750475973791,0.1492156090745503
BC23450,BC23450_D2,ENSG00000087086,0.200785118329417,0.2368611051141096
BC23450,BC23450_D2,ENSG00000136942,0.0659492231897966,0.0723419236517799
BC23450,BC23450_D2,__ambiguous[ENSG00000251357+ENSG00000240972],0.0831384794056892,0.0843607258560789
BC23450,BC23450_D2,ENSG00000117984,0.067571970229635,0.075278258372025
BC23450,BC23450_D2,ENSG00000063177,-0.0963971142917777,-0.0979126055937758
BC23450,BC23450_D2,ENSG00000197746,-0.1068553634568376,-0.1199263686034914
BC23450,BC23450_D2,ENSG00000140264,0.0044268717505751,0.0203068904407093
BC23450,BC23450_D2,ENSG00000180879,-0.0536979005915041,-0.0645148050486174
BC23450,BC23450_D2,ENSG00000105193,0.0875208087671846,0.0957845122706329
BC23450,BC23450_D2,ENSG00000149273,-0.1575212336949131,-0.1741994742221539
BC23450,BC23450_D2,ENSG00000179218,-0.0158409591515725,-0.0262960795335996
BC23450,BC23450_D2,ENSG00000221983,-0.1218590299112111,-0.1279107364968467
BC23450,BC23450_D2,ENSG00000142534,-0.1422284635737243,-0.1545900738406019
BC23450,BC23450_D2,ENSG00000204628,0.0193198827188888,0.0070707420446543
BC23450,BC23450_D2,ENSG00000185624,-0.1016263739402043,-0.0911883187114977
BC23450,BC23450_D2,ENSG00000142541,-0.070283696059331,-0.0995419300990256
BC23450,BC23450_D2,ENSG00000130203,0.180822860300537,0.2602062719241192
BC23450,BC23450_D2,ENSG00000166441,0.0156530697086933,0.0367964773549197
BC23450,BC23450_D2,ENSG00000234745,-0.0101838535674333,-0.0124532590991387
BC23450,BC23450_D2,ENSG00000167996,0.0921506883721943,0.0895262468484131
BC23450,BC23450_D2,ENSG00000147403,0.03317391872754,0.0385460198650868
BC23450,BC23450_D2,ENSG00000089157,0.056032024090142,0.0782861318367431
BC23450,BC23450_D2,ENSG00000109062,-0.0209737369256221,0.0128224613656346
BC23450,BC23450_D2,ENSG00000140988,0.0206669945256808,0.0206373904026876
BC23450,BC23450_D2,ENSG00000105640,-0.0365571860815924,-0.024423357842821
BC23450,BC23450_D2,ENSG00000115268,0.0607501060952772,0.0709086534615762
BC23450,BC23450_D2,ENSG00000171858,-0.1341049805769674,-0.1502842833012293
BC23450,BC23450_D2,ENSG00000233927,-0.0529308266244449,-0.0476663516530537
BC23450,BC23450_D2,ENSG00000112306,0.0007828648000106,0.0070115243313434
BC23450,BC23450_D2,ENSG00000182774,0.0041156152575419,0.0040547403015031
BC23450,BC23450_D2,ENSG00000198034,0.0963086906099607,0.1147593601078014
BC23450,BC23450_D2,ENSG00000149806,-0.0428383900651972,-0.039789159017092
BC23450,BC23450_D2,ENSG00000142676,0.0650885351156318,0.0624798883302866
BC23450,BC23450_D2,ENSG00000213741,-0.006024636603064,-0.0226873064005504
BC23450,BC23450_D2,ENSG00000204525,-0.0880662182823436,-0.0833613842989447
BC23450,BC23450_D2,ENSG00000019582,0.0514501622185478,0.0125987707858032
BC23450,BC23450_D2,ENSG00000170889,0.076570778319386,0.0837508099948509
BC23450,BC23450_D2,ENSG00000125691,0.2343111793460151,0.2455725782660665
BC23450,BC23450_D2,ENSG00000172809,0.0731902196658483,0.0783922209351014
BC23450,BC23450_D2,ENSG00000111341,-0.1176460557211603,-0.139849429299703
BC23450,BC23450_D2,ENSG00000100316,0.0643885451074429,0.0578463915147417
BC23450,BC23450_D2,ENSG00000204592,-0.007643569139324,-0.0328295544042703
BC23450,BC23450_D2,ENSG00000172757,-0.0262949379447266,0.0068512147179099
BC23450,BC23450_D2,ENSG00000177954,-0.0435949616232295,-0.0528832976843397
BC23450,BC23450_D2,ENSG00000101439,0.0003536787367948,0.0283544389559133
BC23450,BC23450_D2,ENSG00000137154,0.0156720605803209,0.0222713841702293
BC23450,BC23450_D2,ENSG00000184009,-0.0192599344749325,-0.0179157974353868
BC23450,BC23450_D2,ENSG00000169710,-0.0006912233005735,0.0095338012770311
BC23450,BC23450_D2,__ambiguous[ENSG00000254772+ENSG00000255508],0.0152316800231423,0.0118771238090193
BC23450,BC23450_D2,ENSG00000083845,0.1021055062054903,0.0738444676210195
BC23450,BC23450_D2,ENSG00000108821,-0.0340293429833823,-0.0139569567405965
BC23450,BC23450_D2,ENSG00000142937,0.0508009803391828,0.0423674245948264
BC23450,BC23450_D2,__ambiguous[ENSG00000185883+ENSG00000260272],0.0497415275844207,0.0664332084786191
BC23450,BC23450_D2,ENSG00000206503,-0.0094091694770877,-0.0070641653147612
BC23450,BC23450_D2,ENSG00000231925,0.0283418139948479,0.0111077760123901
BC23450,BC23450_D2,ENSG00000163191,0.0203960240778121,0.0013997425190006
BC23450,BC23450_D2,ENSG00000224389,0.1036234558130105,0.0862153538632692
BC23450,BC23450_D2,ENSG00000135404,0.0700689160759914,0.0718241672648005
BC23450,BC23450_D2,ENSG00000107223,-0.0519913416009926,-0.0532524318874645
BC23450,BC23450_D2,ENSG00000167995,-0.0542330356588238,-0.0535333140055443
BC23450,BC23450_D2,ENSG00000167468,-0.0307824615335032,-0.0250503655640759
BC23450,BC23450_D2,ENSG00000167658,-0.0433265136043662,-0.0222950211956422
BC23450,BC23450_D2,ENSG00000197958,0.0847081431059738,0.0879924236279719
BC23450,BC23450_D2,ENSG00000106624,-0.0679223754824523,-0.0721326472329146
BC23450,BC23450_D2,ENSG00000162244,0.0057441017971403,0.0099562031942046
BC23450,BC23450_D2,ENSG00000165949,0.0209547419204541,-0.0029432138080837
BC23450,BC23450_D2,ENSG00000156482,-0.062094222268873,-0.0752723099203818
BC23450,BC23450_D2,ENSG00000149925,-0.0198779417815532,-0.0248837106014213
BC23450,BC23450_D2,ENSG00000148303,0.0432952612947638,0.0227534681421048
BC23450,BC23450_D2,ENSG00000108639,0.0940827735348168,0.0917372356917892
BC23450,BC23450_D2,ENSG00000144713,-0.2066629672960789,-0.2194277419476834
BC23450,BC23450_D2,ENSG00000108679,-0.0449588761342923,-0.0530848214330846
BC23450,BC23450_D2,ENSG00000115884,-0.1117727915592207,-0.1063067742670236
BC23450,BC23450_D2,ENSG00000143947,-0.0659098834350141,-0.0583465886553454
BC23450,BC23450_D2,ENSG00000163220,0.2056418618760631,0.2090477175672441
BC23450,BC23450_D2,ENSG00000130303,-0.0313542550218414,-0.022141354805128
BC23450,BC23450_D2,ENSG00000174748,0.0695679053864052,0.0833244167372276
BC23450,BC23450_D2,ENSG00000185825,-0.1314103435127747,-0.1803868033937242
BC23450,BC23450_D2,ENSG00000185499,-0.0382431555417723,-0.0373325750807109
BC23450,BC23450_D2,ENSG00000198242,0.0139063742551865,0.0239282501814805
BC23450,BC23450_D2,__ambiguous[ENSG00000185885+ENSG00000185201],0.0775050465272924,0.0674535229660772
BC23450,BC23450_D2,ENSG00000115457,-0.0854260250220687,-0.0871686666977005
BC23450,BC23450_D2,ENSG00000166710,0.0001410948608298,-0.0475881693923554
BC23450,BC23450_D2,ENSG00000131469,-0.105725750288036,-0.1306484165017664
BC23450,BC23450_D2,ENSG00000145592,0.0147708982799714,0.0244615508754523
BC23450,BC23450_D2,ENSG00000104904,0.0697858108083786,0.0634767566519217
BC23450,BC23450_D2,ENSG00000172531,-0.0320977297915734,-0.0306616668723211
BC23450,BC23450_D2,ENSG00000108344,0.0899181038771062,0.090669450472164
BC23450,BC23450_D2,ENSG00000074800,-0.144348132471831,-0.149295734213682
BC23450,BC23450_D2,ENSG00000117410,0.0560070881949593,0.0678052232647998
BC23450,BC23450_D2,ENSG00000173372,0.1293971759048182,0.1151721178487817
BC23450,BC23450_D2,ENSG00000160862,0.0059270288191338,0.0208707115741257
BC23450,BC23450_D2,ENSG00000152082,0.0199715538919764,0.0317180111514548
BC23450,BC23450_D2,ENSG00000158710,-0.0533817919980742,-0.0672832304075601
BC23450,BC23450_D2,ENSG00000246705,0.0069666275641043,0.0503977743839601
BC23450,BC23450_D2,ENSG00000118181,0.02916524873857,0.0221476025993316
BC23450,BC23450_D2,__ambiguous[ENSG00000243678+ENSG00000011052],0.2321611008947771,0.2571551213766648
BC23450,BC23450_D2,ENSG00000279483,0.0345543028764056,0.0523784736347362
BC23450,BC23450_D2,ENSG00000141741,0.0433053628266932,0.0536775292504254
BC23450,BC23450_D2,ENSG00000142669,-0.0782309740281421,-0.0882773782804337
BC23450,BC23450_D2,ENSG00000130208,-0.0978189903357053,-0.1062731409585718
BC23450,BC23450_D2,__ambiguous[ENSG00000124614+ENSG00000270800],-0.0944203423168653,-0.0715607302457544
BC23450,BC23450_D2,ENSG00000030582,0.011643452729623,-0.0047633875875883
BC23450,BC23450_D2,ENSG00000126267,-0.0077077676882302,-0.002133070852469
BC23450,BC23450_D2,ENSG00000110651,0.0049240871193975,-0.0172471664059669
BC23450,BC23450_D2,ENSG00000106211,-0.0677738464749701,-0.0677805750871282
BC23450,BC23450_D2,ENSG00000169100,-0.0150684018171452,-0.0027854233702801
BC23450,BC23450_D2,ENSG00000092841,-0.0119586340728468,-0.024583530109256
BC23450,BC23450_D2,ENSG00000277972,0.0275544876366314,0.0241725837313425
BC23450,BC23450_D2,ENSG00000111057,-0.0223925618146273,0.0018249103680183
BC23450,BC23450_D2,ENSG00000117450,0.1411452935536234,0.1718590845264241
BC23450,BC23450_D2,ENSG00000205542,0.0021597418233175,-0.0001820375205046
BC23450,BC23450_D2,ENSG00000165215,0.0163367744510866,0.0415221837120934
BC23450,BC23450_D2,ENSG00000178719,-0.0476804505954121,-0.0429236495103774
BC23450,BC23450_D2,ENSG00000071553,-0.0388085237842453,-0.0494695152497323
BC23450,BC23450_D2,ENSG00000133112,-0.0278387024127292,-0.0522432615269869
BC23450,BC23450_D2,ENSG00000150991,-0.007037825384985,0.0063780325304151
BC23450,BC23450_D2,ENSG00000071082,0.0551844868857165,0.0547450267832692
BC23450,BC23450_D2,ENSG00000102265,-0.0899003616179986,-0.1207312327525914
BC23450,BC23450_D2,ENSG00000124664,-0.0031187163989467,-0.0036530974447964
BC23450,BC23450_D2,ENSG00000143774,-0.0006754149108287,-0.0101029596383143
BC23450,BC23450_D2,ENSG00000277791,0.146984504763556,0.1711281347822462
BC23450,BC23450_D2,ENSG00000162511,0.0257034593018207,0.0380961629362445
BC23450,BC23450_D2,ENSG00000105223,0.0912224604335928,0.1107740884385685
BC23450,BC23450_D2,ENSG00000141522,0.0341300155766475,0.0457708079561901
BC23450,BC23450_D2,ENSG00000070756,0.0466941072049646,0.0527607843757126
BC23450,BC23450_D2,ENSG00000149591,-0.0193425904161917,-0.0252781477011493
BC23450,BC23450_D2,ENSG00000125534,0.059634176740002,0.0653788871845242
BC23450,BC23450_D2,ENSG00000163682,0.1124179802039964,0.1387710680635274
BC23450,BC23450_D2,ENSG00000135480,-0.067419080986471,-0.0661173079299466
BC23450,BC23450_D2,ENSG00000182492,-0.0615899789437738,-0.0754467533235992
BC23450,BC23450_D2,ENSG00000145425,0.0692689627068703,0.0683378539091333
BC23450,BC23450_D2,ENSG00000160789,-0.0135685423372096,-0.0087101712819948
BC23450,BC23450_D2,ENSG00000176340,0.0275483943745759,0.0118708543817198
BC23450,BC23450_D2,ENSG00000124614,-0.0403902762013802,-0.0310300117962228
BC23450,BC23450_D2,ENSG00000204287,0.0198776746212324,0.0601429705844406
BC23450,BC23450_D2,ENSG00000142089,0.0016367868260059,0.0008021727108585
BC23450,BC23450_D2,ENSG00000196924,-0.0644705527471552,-0.0694081320807573
BC23450,BC23450_D2,ENSG00000051523,0.0367971416234242,0.0413250827249495
BC23450,BC23450_D2,__ambiguous[ENSG00000257341+ENSG00000213145],0.0501219822254059,0.0722919867625106
BC23450,BC23450_D2,__ambiguous[ENSG00000277957+ENSG00000161960],0.0445766719517049,0.0749695131554738
BC23450,BC23450_D2,ENSG00000164733,0.0798089956285923,0.0975080322998936
BC23450,BC23450_D2,ENSG00000115414,0.0462606793683872,0.0507970639147183
BC23450,BC23450_D2,ENSG00000187514,0.0481785871824592,0.0556300647392371
BC23450,BC23450_D2,ENSG00000127540,-0.0225016767668728,-0.0198346499391247
BC23450,BC23450_D2,ENSG00000058262,0.0942325204031415,0.1206696346149344
BC23450,BC23450_D2,ENSG00000182809,-0.0312862535765335,-0.0131865484042942
BC23450,BC23450_D2,ENSG00000123349,0.0777846263020775,0.0847034301873596
BC23450,BC23450_D2,ENSG00000255823,0.1843072016698199,0.2410468494445535
BC23450,BC23450_D2,ENSG00000103363,-0.0653000655940683,-0.0645719820478741
BC23450,BC23450_D2,ENSG00000111669,-0.0465929849701046,-0.0305648363159669
BC23450,BC23450_D2,ENSG00000178980,0.0147566914954401,0.0139055913715543
BC23450,BC23450_D2,ENSG00000169223,-0.0084711224930834,-0.0149033667980144
BC23450,BC23450_D2,ENSG00000138326,-0.0074013202793581,0.0088548723819867
BC23450,BC23450_D2,ENSG00000104529,-0.028078352050546,-0.0147651864666726
BC23450,BC23450_D2,ENSG00000125730,-0.0696962399854708,-0.1089015343525585
BC23450,BC23450_D2,__ambiguous[ENSG00000262526+ENSG00000170296],0.0452310927000246,0.030281981290396
BC23450,BC23450_D2,ENSG00000114867,-0.0339777969180569,-0.0409853564008789
BC23450,BC23450_D2,ENSG00000114353,0.0093749844092018,0.0041747328468183
BC23450,BC23450_D2,ENSG00000144426,0.0488670700913253,0.0546733652448508
BC23450,BC23450_D2,ENSG00000272196,0.0161992404750475,0.0168986852053075
BC23450,BC23450_D2,ENSG00000008988,-0.0324115570113297,-0.0189070151862257
BC23450,BC23450_D2,ENSG00000251562,0.1200057266851241,0.1527050453009333
BC23450,BC23450_D2,ENSG00000167815,-0.0150157722249368,-0.0210809351377162
BC23450,BC23450_D2,ENSG00000131748,0.1512725134705067,0.1693662082724794
BC23450,BC23450_D2,ENSG00000182899,-0.0638244123850191,-0.057355579563646
BC23450,BC23450_D2,ENSG00000142949,-0.0308072125197107,-0.0238687840564653
BC23450,BC23450_D2,ENSG00000104964,0.1560984271033943,0.1764042835471423
BC23450,BC23450_D2,ENSG00000164692,0.0301346231210155,0.0381917186455744
BC23450,BC23450_D2,ENSG00000026025,-0.050377253665645,-0.058266250510322
BC23450,BC23450_D2,ENSG00000269028,0.1750943847553125,0.2340718169780178
BC23450,BC23450_D2,ENSG00000184897,-0.0479516618179756,-0.0469944125706873
BC23450,BC23450_D2,ENSG00000131143,0.1076084684473017,0.1113524105244114
BC23450,BC23450_D2,ENSG00000100300,0.0095397050033629,0.0135569637199134
BC23450,BC23450_D2,ENSG00000172354,-0.0035903018648132,-0.0018900603182505
BC23450,BC23450_D2,ENSG00000170315,0.0640037936056039,0.0654487661577539
BC23450,BC23450_D2,__ambiguous[ENSG00000219200+ENSG00000161939],0.106018194076309,0.0991114490735785
BC23450,BC23450_D2,ENSG00000160932,-0.021218069227841,-0.0165610353669468
BC23450,BC23450_D2,ENSG00000126247,-0.1097245653315779,-0.1185574861365865
BC23450,BC23450_D2,ENSG00000052344,0.029825202417225,0.0392904897124593
BC23450,BC23450_D2,ENSG00000155366,-0.0124633605046051,-0.0287044483926973
BC23450,BC23450_D2,ENSG00000087460,0.0079494396220366,-0.0158593131034096
BC23450,BC23450_D2,ENSG00000142173,-0.0927344389962157,-0.1152286137278871
BC23450,BC23450_D2,ENSG00000178952,0.0004577211916658,0.0191839268251377
BC23450,BC23450_D2,ENSG00000188846,-0.0573654615072397,-0.0684150182628192
BC23450,BC23450_D2,ENSG00000145494,-0.0276367712137717,-0.0325894892801338
BC23450,BC23450_D2,ENSG00000174886,-0.0062523949745568,0.0002459101502193
BC23450,BC23450_D2,ENSG00000163479,0.0090157571854373,0.0021981887957242
BC23450,BC23450_D2,ENSG00000100219,0.0324346432964413,0.0227892302965303
BC23450,BC23450_D2,ENSG00000173369,0.0555417433880775,0.044337864244408
BC23450,BC23450_D2,ENSG00000143546,0.0259185797752503,0.0367627029631762
BC23450,BC23450_D2,ENSG00000171222,0.0504068482125995,0.0766840684935315
BC23450,BC23450_D2,ENSG00000213988,0.0058530500250225,0.0181282702917702
BC23450,BC23450_D2,ENSG00000114391,-0.0114717848366317,-0.0309589680713477
BC23450,BC23450_D2,ENSG00000163399,0.0660392558006831,0.0775879436712733
BC23450,BC23450_D2,ENSG00000174444,0.066596312915312,0.0715100918689354
BC23450,BC23450_D2,ENSG00000130725,0.0481970753716195,0.0907297708806829
BC23450,BC23450_D2,__ambiguous[ENSG00000241343+ENSG00000257529],0.1206838785515324,0.1495252721978478
BC23450,BC23450_D2,ENSG00000135390,-0.0776777132172045,-0.085621713331394
BC23450,BC23450_D2,ENSG00000187608,0.0334708492761753,0.0426186058557503
BC23450,BC23450_D2,ENSG00000197956,0.1253031437223254,0.1354274412658173
BC23450,BC23450_D2,ENSG00000110492,-0.0285058432775614,-0.0351657546042272
BC23450,BC23450_D2,ENSG00000214530,0.1223025326130541,0.1337823146721178
BC23450,BC23450_D2,ENSG00000196576,0.1145112165364532,0.12658684315935
BC23450,BC23450_D2,ENSG00000125970,0.0831036604402066,0.0992903582396597
BC23450,BC23450_D2,ENSG00000177700,-0.026076455222807,-0.013882676268681
BC23450,BC23450_D2,ENSG00000173272,0.0541443873225883,0.0799294885887562
BC23450,BC23450_D2,ENSG00000172270,0.0061146390230514,0.0262523560492841
BC23450,BC23450_D2,__ambiguous[ENSG00000273259+ENSG00000196136],0.1090600451449339,0.1182099767291969
BC23450,BC23450_D2,ENSG00000011304,-0.0232874819012313,-0.0065150387462143
BC23450,BC23450_D2,ENSG00000143420,-0.0030952627952919,0.0040660714806114
BC23450,BC23450_D2,ENSG00000147684,-0.0443850588306758,-0.0269251308319633
BC23450,BC23450_D2,ENSG00000025708,0.0799310084347869,0.0870555304069728
BC23450,BC23450_D2,ENSG00000168528,0.0798971270990636,0.0933547594704756
BC23450,BC23450_D2,ENSG00000171863,0.1254131414830753,0.1242467080774159
BC23450,BC23450_D2,ENSG00000130520,0.0205295028240556,0.0306740553329142
BC23450,BC23450_D2,ENSG00000147604,0.0336929821795587,0.0386573154148942
BC23450,BC23450_D2,ENSG00000124172,-0.1448072148096149,-0.1646068455585291
BC23450,BC23450_D2,ENSG00000123989,0.0853128545847358,0.0942624717636829
BC23450,BC23450_D2,ENSG00000161960,0.0695154536275399,0.1257349603505399
BC23450,BC23450_D2,ENSG00000164919,-0.0134732768554425,-0.0075812186503549
BC23450,BC23450_D2,ENSG00000101335,-0.2201864217006285,-0.231224282399196
BC23450,BC23450_D2,ENSG00000141753,0.0053463697843808,-0.0013032820948648
BC23450,BC23450_D2,ENSG00000132507,0.0631182258387424,0.089795559940233
BC23450,BC23450_D2,ENSG00000176046,-0.040387397708105,-0.0414251367697617
BC23450,BC23450_D2,ENSG00000170421,0.0537572511657412,0.0647195943029268
BC23450,BC23450_D2,ENSG00000173801,-0.0164233274939987,-0.0233349453378362
BC23450,BC23450_D2,ENSG00000186468,0.0177559656672318,0.0179743822827241
BC23450,BC23450_D2,ENSG00000279274,0.0485280796816266,0.0694409078932066
BC23450,BC23450_D2,ENSG00000135940,-0.0489906694481803,-0.0538758094703926
BC23450,BC23450_D2,ENSG00000109475,-0.0457360526649834,-0.0294957277096671
BC23450,BC23450_D2,ENSG00000140990,-0.0195202744976261,-0.0176804193773233
BC23450,BC23450_E1,ENSG00000034510,0.1442324182653271,0.1438174174042849
BC23450,BC23450_E1,ENSG00000254709,-0.0022542319167698,-0.0290974517345392
BC23450,BC23450_E1,ENSG00000111640,0.0135009753910233,0.0325043330544267
BC23450,BC23450_E1,ENSG00000171345,0.0199917961858194,0.0550706855264594
BC23450,BC23450_E1,ENSG00000137818,-0.1628727915944322,-0.2132734816776305
BC23450,BC23450_E1,ENSG00000177600,0.030377916348589,-0.0109864269818347
BC23450,BC23450_E1,ENSG00000231500,0.0494244750847105,0.0402403703670727
BC23450,BC23450_E1,ENSG00000075624,0.1283286242306493,0.1459562635439208
BC23450,BC23450_E1,ENSG00000164587,-0.0143470670858787,-0.0688119188754036
BC23450,BC23450_E1,ENSG00000108107,0.0634036275124587,0.0560524327023657
BC23450,BC23450_E1,ENSG00000105372,0.0561170642165191,0.0289369595765318
BC23450,BC23450_E1,ENSG00000197756,-0.0006306116712506,-0.0078237619298318
BC23450,BC23450_E1,ENSG00000161016,-0.0199288714881418,-0.0044889207634133
BC23450,BC23450_E1,ENSG00000167526,0.110002728219187,0.1152555317319848
BC23450,BC23450_E1,ENSG00000141736,0.0973974454634231,0.1278649070062449
BC23450,BC23450_E1,ENSG00000108298,-0.0698257996112128,-0.0921690237359999
BC23450,BC23450_E1,ENSG00000130255,-0.0004164542650211,0.0241773344543208
BC23450,BC23450_E1,ENSG00000108518,0.1168770619379374,0.1359970570833488
BC23450,BC23450_E1,ENSG00000087086,0.1137487550081601,0.1268133187275028
BC23450,BC23450_E1,ENSG00000136942,-0.0137174789957703,-0.0245440740722531
BC23450,BC23450_E1,__ambiguous[ENSG00000251357+ENSG00000240972],0.0071488077762324,0.00069090101401
BC23450,BC23450_E1,ENSG00000117984,-0.0324413502096546,-0.0312177664608147
BC23450,BC23450_E1,ENSG00000063177,0.0039703589311468,-0.0019923892922981
BC23450,BC23450_E1,ENSG00000197746,0.0490651864794632,0.0821435848787845
BC23450,BC23450_E1,ENSG00000140264,0.0044116268074491,0.0220213111984078
BC23450,BC23450_E1,ENSG00000180879,-0.0193832397023236,-0.0249267412203133
BC23450,BC23450_E1,ENSG00000105193,0.0525631783669464,0.047425415128826
BC23450,BC23450_E1,ENSG00000149273,0.1230408032922328,0.1597218051674209
BC23450,BC23450_E1,ENSG00000179218,0.0887546353018936,0.1180994804579253
BC23450,BC23450_E1,ENSG00000221983,0.1763592122098042,0.1606407569666002
BC23450,BC23450_E1,ENSG00000142534,-0.1035128714014241,-0.0834271927895063
BC23450,BC23450_E1,ENSG00000204628,-0.0112215226682518,-0.009677216780224
BC23450,BC23450_E1,ENSG00000185624,-0.0017669207759335,0.0099545351375106
BC23450,BC23450_E1,ENSG00000142541,0.033605226406005,0.057978203650167
BC23450,BC23450_E1,ENSG00000130203,0.0859665383301089,0.1030150370662943
BC23450,BC23450_E1,ENSG00000166441,0.0153349455347991,-0.0251340309418163
BC23450,BC23450_E1,ENSG00000234745,-0.0221714558899714,-0.0364599161779871
BC23450,BC23450_E1,ENSG00000167996,-0.0901785704402525,-0.1041215140865414
BC23450,BC23450_E1,ENSG00000147403,-0.0592687776262298,-0.0604237054179145
BC23450,BC23450_E1,ENSG00000089157,-0.1469533303836532,-0.181228990721806
BC23450,BC23450_E1,ENSG00000109062,0.1210521219370802,0.1105205481449325
BC23450,BC23450_E1,ENSG00000140988,-0.0331576428137484,-0.0439827367210443
BC23450,BC23450_E1,ENSG00000105640,-0.0177322076496162,-0.0106684002965565
BC23450,BC23450_E1,ENSG00000115268,0.0171818055770157,0.0175355686069696
BC23450,BC23450_E1,ENSG00000171858,-0.0844980470964623,-0.1080086631871174
BC23450,BC23450_E1,ENSG00000233927,0.0376329785857307,0.0545969156924864
BC23450,BC23450_E1,ENSG00000112306,-0.1094040205496698,-0.0945439177687663
BC23450,BC23450_E1,ENSG00000182774,-0.0219131920787716,-0.0199590427981253
BC23450,BC23450_E1,ENSG00000198034,-0.085763664698678,-0.0825666845405429
BC23450,BC23450_E1,ENSG00000149806,-0.0374595484480676,-0.0665319065335664
BC23450,BC23450_E1,ENSG00000142676,-0.0647368067087098,-0.0799403775620785
BC23450,BC23450_E1,ENSG00000213741,0.0483508975038052,0.0658023249532739
BC23450,BC23450_E1,ENSG00000204525,0.0658365151069764,0.0649190297803247
BC23450,BC23450_E1,ENSG00000019582,0.0302458091809742,0.0306308494168038
BC23450,BC23450_E1,ENSG00000170889,0.0622500728990731,0.0857789912836913
BC23450,BC23450_E1,ENSG00000125691,0.0110333255065217,0.0142020211679664
BC23450,BC23450_E1,ENSG00000172809,0.0283793951960412,0.0112748464348689
BC23450,BC23450_E1,ENSG00000111341,0.0804629633165384,0.0995659387875246
BC23450,BC23450_E1,ENSG00000100316,0.0240994994565879,0.0230909217535161
BC23450,BC23450_E1,ENSG00000204592,-0.0631926349281402,-0.076373212711148
BC23450,BC23450_E1,ENSG00000172757,-0.03291534530257,-0.0355835693373849
BC23450,BC23450_E1,ENSG00000177954,-0.1041652324327774,-0.1085337371672344
BC23450,BC23450_E1,ENSG00000101439,-0.1313575944675239,-0.1493989428568369
BC23450,BC23450_E1,ENSG00000137154,-0.0162313463613962,-0.0083860949782837
BC23450,BC23450_E1,ENSG00000184009,0.059726124229909,0.0720883677927993
BC23450,BC23450_E1,ENSG00000169710,0.0182533834629377,0.031729751458268
BC23450,BC23450_E1,__ambiguous[ENSG00000254772+ENSG00000255508],0.100884435965138,0.0783450872024137
BC23450,BC23450_E1,ENSG00000083845,0.0050665195890104,0.0155043168168331
BC23450,BC23450_E1,ENSG00000108821,-0.0982213573819831,-0.1254251707533323
BC23450,BC23450_E1,ENSG00000142937,0.0044177674675053,-0.0010256523975207
BC23450,BC23450_E1,__ambiguous[ENSG00000185883+ENSG00000260272],0.1749380636404169,0.1876158233128997
BC23450,BC23450_E1,ENSG00000206503,0.0300220552364552,0.0195942398166773
BC23450,BC23450_E1,ENSG00000231925,0.0334994424087026,0.053242254877063
BC23450,BC23450_E1,ENSG00000163191,0.0973603419656991,0.1037926535219737
BC23450,BC23450_E1,ENSG00000224389,0.0841870320129131,0.0710751290886222
BC23450,BC23450_E1,ENSG00000135404,-0.0533005617132505,-0.0625294236429846
BC23450,BC23450_E1,ENSG00000107223,-0.0591206237870295,-0.0593053590534629
BC23450,BC23450_E1,ENSG00000167995,0.11388534435906,0.1260989982930368
BC23450,BC23450_E1,ENSG00000167468,0.0918953642822449,0.0785301903673646
BC23450,BC23450_E1,ENSG00000167658,-0.0566802470910742,-0.0631018432208652
BC23450,BC23450_E1,ENSG00000197958,-0.1199728635687744,-0.1175875464082294
BC23450,BC23450_E1,ENSG00000106624,0.0499962398512183,0.0780001484975424
BC23450,BC23450_E1,ENSG00000162244,0.008028408014561,0.0172534756564434
BC23450,BC23450_E1,ENSG00000165949,0.1399279045855307,0.1369141773670786
BC23450,BC23450_E1,ENSG00000156482,-0.0453369076084956,-0.0741803047575053
BC23450,BC23450_E1,ENSG00000149925,-0.0865977290416981,-0.1182278886106139
BC23450,BC23450_E1,ENSG00000148303,0.0484282223942132,0.0108121281977059
BC23450,BC23450_E1,ENSG00000108639,0.078222693074187,0.0911644268117295
BC23450,BC23450_E1,ENSG00000144713,-0.0112614000323895,-0.0192813659311115
BC23450,BC23450_E1,ENSG00000108679,0.013270723514015,0.0253643791700644
BC23450,BC23450_E1,ENSG00000115884,-0.0346538604954837,-0.027837069797556
BC23450,BC23450_E1,ENSG00000143947,0.0200095229867646,-0.0038043295406157
BC23450,BC23450_E1,ENSG00000163220,0.0183260011464096,0.0289754464633931
BC23450,BC23450_E1,ENSG00000130303,-0.0196673764909595,-0.0125625822299693
BC23450,BC23450_E1,ENSG00000174748,0.0787269611051213,0.0733713212741452
BC23450,BC23450_E1,ENSG00000185825,0.1097051202940911,0.1168473098397356
BC23450,BC23450_E1,ENSG00000185499,-0.1262457051909198,-0.137207223809397
BC23450,BC23450_E1,ENSG00000198242,-0.1304856815736594,-0.1370638728603116
BC23450,BC23450_E1,__ambiguous[ENSG00000185885+ENSG00000185201],-0.0013549231974459,-0.0093037206939139
BC23450,BC23450_E1,ENSG00000115457,0.0202355915377339,-0.0097071504428283
BC23450,BC23450_E1,ENSG00000166710,-0.0125198700942043,-0.0226708453047928
BC23450,BC23450_E1,ENSG00000131469,-0.0313936624688284,-0.0706785925522776
BC23450,BC23450_E1,ENSG00000145592,0.007139205239084,0.0021049520321701
BC23450,BC23450_E1,ENSG00000104904,0.0311724866686998,0.0262931038797449
BC23450,BC23450_E1,ENSG00000172531,0.1346002529428744,0.1424996250102463
BC23450,BC23450_E1,ENSG00000108344,0.1408545843210727,0.1688223508427695
BC23450,BC23450_E1,ENSG00000074800,0.1651106558026417,0.1562284075669425
BC23450,BC23450_E1,ENSG00000117410,-0.0382046873672173,-0.024615542911913
BC23450,BC23450_E1,ENSG00000173372,0.0137374324275558,-0.0213128352973067
BC23450,BC23450_E1,ENSG00000160862,0.0065345346760292,0.0273040098165688
BC23450,BC23450_E1,ENSG00000152082,0.0691002048724163,0.0865927343009671
BC23450,BC23450_E1,ENSG00000158710,-0.0195145793925317,-0.032271796741022
BC23450,BC23450_E1,ENSG00000246705,0.0574996371359897,0.0927534009824561
BC23450,BC23450_E1,ENSG00000118181,-0.0505106481835959,-0.0776914627774552
BC23450,BC23450_E1,__ambiguous[ENSG00000243678+ENSG00000011052],-0.0107221349435736,-0.0148937861368482
BC23450,BC23450_E1,ENSG00000279483,-0.0378096800885766,-0.041075793076647
BC23450,BC23450_E1,ENSG00000141741,0.0240564352577733,0.0505452979400522
BC23450,BC23450_E1,ENSG00000142669,-0.0226120319703407,-0.0300967492647662
BC23450,BC23450_E1,ENSG00000130208,-0.0066217525585775,0.0068138107234564
BC23450,BC23450_E1,__ambiguous[ENSG00000124614+ENSG00000270800],0.0440295031408216,0.0338911140927115
BC23450,BC23450_E1,ENSG00000030582,-0.0295435582170828,-0.0163078224047931
BC23450,BC23450_E1,ENSG00000126267,0.0739355421807599,0.0695608141152072
BC23450,BC23450_E1,ENSG00000110651,0.0168980548908956,0.0288251803536662
BC23450,BC23450_E1,ENSG00000106211,0.1185649299192739,0.1139687935120983
BC23450,BC23450_E1,ENSG00000169100,-0.0056305822289983,-0.0180121313712315
BC23450,BC23450_E1,ENSG00000092841,0.0383490312676731,0.0301581918942024
BC23450,BC23450_E1,ENSG00000277972,-0.0028328799259426,0.0157997877386935
BC23450,BC23450_E1,ENSG00000111057,0.1090514950761974,0.1217127613510189
BC23450,BC23450_E1,ENSG00000117450,-0.0644400169482512,-0.0671525261693226
BC23450,BC23450_E1,ENSG00000205542,-0.0555784203849222,-0.0788733392869314
BC23450,BC23450_E1,ENSG00000165215,0.0095280695328296,0.0150334071500978
BC23450,BC23450_E1,ENSG00000178719,0.0519031544622288,0.0506014329599909
BC23450,BC23450_E1,ENSG00000071553,0.0517823564517908,0.0572065450123696
BC23450,BC23450_E1,ENSG00000133112,-0.0827012914131709,-0.0893549116324977
BC23450,BC23450_E1,ENSG00000150991,-0.0705528264932481,-0.0589155288768286
BC23450,BC23450_E1,ENSG00000071082,0.0143746841462609,0.013664021978392
BC23450,BC23450_E1,ENSG00000102265,0.0630233848511641,0.0399839641565443
BC23450,BC23450_E1,ENSG00000124664,0.0126672688396847,0.0161721545688614
BC23450,BC23450_E1,ENSG00000143774,-0.018389127677501,-0.0152991058044377
BC23450,BC23450_E1,ENSG00000277791,-0.027971090913248,-0.0171275065276295
BC23450,BC23450_E1,ENSG00000162511,-0.0139233026806831,-0.0211049152935385
BC23450,BC23450_E1,ENSG00000105223,0.0754123266673226,0.0920360165946257
BC23450,BC23450_E1,ENSG00000141522,0.0734862509570638,0.0838164134043393
BC23450,BC23450_E1,ENSG00000070756,0.0712745190740742,0.0691696081556993
BC23450,BC23450_E1,ENSG00000149591,-0.0549941136586915,-0.0741973308862313
BC23450,BC23450_E1,ENSG00000125534,-0.0384606463379968,-0.0278708791814235
BC23450,BC23450_E1,ENSG00000163682,0.0302568674714686,0.0149492000247028
BC23450,BC23450_E1,ENSG00000135480,0.0927467728014035,0.099326853277996
BC23450,BC23450_E1,ENSG00000182492,-3.781155392367133e-05,0.0229877983490573
BC23450,BC23450_E1,ENSG00000145425,-0.0434290187326193,-0.0581939569043025
BC23450,BC23450_E1,ENSG00000160789,-0.0604057350994658,-0.0586882805085869
BC23450,BC23450_E1,ENSG00000176340,0.0858158513016762,0.0780061193933465
BC23450,BC23450_E1,ENSG00000124614,-0.0621886408670671,-0.0672235947456719
BC23450,BC23450_E1,ENSG00000204287,0.0613940362192972,0.0719039021578003
BC23450,BC23450_E1,ENSG00000142089,-0.0417991768450316,-0.0542993755407921
BC23450,BC23450_E1,ENSG00000196924,0.0846318585749003,0.0954085187927358
BC23450,BC23450_E1,ENSG00000051523,0.1075751891205607,0.1169282937720186
BC23450,BC23450_E1,__ambiguous[ENSG00000257341+ENSG00000213145],-0.0306761579039705,-0.044039844733479
BC23450,BC23450_E1,__ambiguous[ENSG00000277957+ENSG00000161960],0.0147426662452577,0.0295418648718028
BC23450,BC23450_E1,ENSG00000164733,-0.0181044672342924,-0.0153180913826967
BC23450,BC23450_E1,ENSG00000115414,-0.0968717168924889,-0.1126889668211825
BC23450,BC23450_E1,ENSG00000187514,0.0226846041193033,0.0329868638238905
BC23450,BC23450_E1,ENSG00000127540,0.0103417890996193,0.0165087310016803
BC23450,BC23450_E1,ENSG00000058262,0.0779003440020224,0.0819680893842152
BC23450,BC23450_E1,ENSG00000182809,-0.0151285755330196,-0.0060962093812896
BC23450,BC23450_E1,ENSG00000123349,-0.0302576043630559,-0.0089683687864319
BC23450,BC23450_E1,ENSG00000255823,0.0306423096463253,0.0161384515109724
BC23450,BC23450_E1,ENSG00000103363,-0.0318711619216881,-0.0237515544604611
BC23450,BC23450_E1,ENSG00000111669,0.0428937942571701,0.044219162857888
BC23450,BC23450_E1,ENSG00000178980,-0.0230017637339297,-0.0565463380608351
BC23450,BC23450_E1,ENSG00000169223,0.0574902163622521,0.0408994608803576
BC23450,BC23450_E1,ENSG00000138326,-0.1059933606844668,-0.1073876038438493
BC23450,BC23450_E1,ENSG00000104529,0.0585653757946714,0.0553039394484253
BC23450,BC23450_E1,ENSG00000125730,-0.05048725211116,-0.0547123842988994
BC23450,BC23450_E1,__ambiguous[ENSG00000262526+ENSG00000170296],-0.0433353413083201,-0.0449774558802614
BC23450,BC23450_E1,ENSG00000114867,0.0557116810737161,0.0635472528300066
BC23450,BC23450_E1,ENSG00000114353,0.1115510843593602,0.1188130702564904
BC23450,BC23450_E1,ENSG00000144426,-0.0728487431276652,-0.0560947469691716
BC23450,BC23450_E1,ENSG00000272196,0.1119782577943499,0.1483545251410931
BC23450,BC23450_E1,ENSG00000008988,-0.0714084480311487,-0.0838662054206923
BC23450,BC23450_E1,ENSG00000251562,0.0333655380573477,0.0477898289379452
BC23450,BC23450_E1,ENSG00000167815,0.0281861777503049,0.0333308481108933
BC23450,BC23450_E1,ENSG00000131748,0.0866070942041069,0.1105473901314886
BC23450,BC23450_E1,ENSG00000182899,0.0320328968652085,-0.0118487098410031
BC23450,BC23450_E1,ENSG00000142949,0.0833554569626087,0.1066878400395818
BC23450,BC23450_E1,ENSG00000104964,0.0697749452631502,0.0807491591955997
BC23450,BC23450_E1,ENSG00000164692,0.0174618763417675,0.001643431143582
BC23450,BC23450_E1,ENSG00000026025,0.0462917283166665,0.0658087624717714
BC23450,BC23450_E1,ENSG00000269028,0.0087512444032575,-0.0032305376056623
BC23450,BC23450_E1,ENSG00000184897,0.0436621622876163,0.055532588407131
BC23450,BC23450_E1,ENSG00000131143,-0.0542085257391867,-0.0686392035965448
BC23450,BC23450_E1,ENSG00000100300,0.0712239475414909,0.0740023597531007
BC23450,BC23450_E1,ENSG00000172354,-0.0245531669510798,-0.0238501869669084
BC23450,BC23450_E1,ENSG00000170315,0.0709022084845896,0.0665016218214804
BC23450,BC23450_E1,__ambiguous[ENSG00000219200+ENSG00000161939],0.0896772884147727,0.1007333349391296
BC23450,BC23450_E1,ENSG00000160932,0.049856991974333,0.0486645764154887
BC23450,BC23450_E1,ENSG00000126247,-0.0363991677291046,-0.0078881961191783
BC23450,BC23450_E1,ENSG00000052344,0.1858504026898363,0.2240320750005592
BC23450,BC23450_E1,ENSG00000155366,0.0345564223890662,0.0267947767248902
BC23450,BC23450_E1,ENSG00000087460,-0.0163151053449486,-0.0274973345850358
BC23450,BC23450_E1,ENSG00000142173,-0.0390269013622104,-0.0353569474235782
BC23450,BC23450_E1,ENSG00000178952,0.1561920306711329,0.1555074410537935
BC23450,BC23450_E1,ENSG00000188846,-0.04902807479541,-0.040975773842874
BC23450,BC23450_E1,ENSG00000145494,0.0286270772389153,0.0252001289904025
BC23450,BC23450_E1,ENSG00000174886,0.0797271540108211,0.0921763373944191
BC23450,BC23450_E1,ENSG00000163479,-0.0127206426132287,-0.0222434774537961
BC23450,BC23450_E1,ENSG00000100219,0.0908852319982166,0.0872780416025491
BC23450,BC23450_E1,ENSG00000173369,0.0682945144806053,0.0811158480598879
BC23450,BC23450_E1,ENSG00000143546,0.1611353061511703,0.1673427397927626
BC23450,BC23450_E1,ENSG00000171222,0.0248367847838779,0.0331687367362154
BC23450,BC23450_E1,ENSG00000213988,0.0925554072033783,0.0917907968920803
BC23450,BC23450_E1,ENSG00000114391,-0.0303249494477226,-0.042703975202626
BC23450,BC23450_E1,ENSG00000163399,0.0346899825568807,0.0438242850688729
BC23450,BC23450_E1,ENSG00000174444,0.0425917154928673,0.0172744604010168
BC23450,BC23450_E1,ENSG00000130725,-0.026417359373656,-0.0240659531852683
BC23450,BC23450_E1,__ambiguous[ENSG00000241343+ENSG00000257529],0.0643615227132891,0.0594993032203768
BC23450,BC23450_E1,ENSG00000135390,-0.0567052660817654,-0.0779698571432174
BC23450,BC23450_E1,ENSG00000187608,0.0274266324823603,0.0441685312958792
BC23450,BC23450_E1,ENSG00000197956,-0.0387776955696557,-0.0316030270371957
BC23450,BC23450_E1,ENSG00000110492,-0.0693239772234524,-0.0815080216682212
BC23450,BC23450_E1,ENSG00000214530,0.0460578591391525,0.0432746918718833
BC23450,BC23450_E1,ENSG00000196576,-0.0508351203313514,-0.0445284199885655
BC23450,BC23450_E1,ENSG00000125970,-0.0061205865065317,0.003381309260573
BC23450,BC23450_E1,ENSG00000177700,-0.0470947965043457,-0.0530932519634798
BC23450,BC23450_E1,ENSG00000173272,0.0696704061538792,0.0620430817648985
BC23450,BC23450_E1,ENSG00000172270,0.0462438490524259,0.0657765057083077
BC23450,BC23450_E1,__ambiguous[ENSG00000273259+ENSG00000196136],0.0800555123267569,0.059781896013787
BC23450,BC23450_E1,ENSG00000011304,-0.0778331917165931,-0.0633874548965018
BC23450,BC23450_E1,ENSG00000143420,0.0462837071295917,0.0580999603499094
BC23450,BC23450_E1,ENSG00000147684,0.0410514081236288,0.0525331897349912
BC23450,BC23450_E1,ENSG00000025708,-0.0179347292365915,-0.0153747503732971
BC23450,BC23450_E1,ENSG00000168528,0.0509748650984567,0.0659331702106539
BC23450,BC23450_E1,ENSG00000171863,0.0501098939940848,0.0622157846587975
BC23450,BC23450_E1,ENSG00000130520,-0.0528467279301902,-0.0466231606397611
BC23450,BC23450_E1,ENSG00000147604,0.0095687299807652,0.0045598799814088
BC23450,BC23450_E1,ENSG00000124172,-0.0790436575698312,-0.1077495507892284
BC23450,BC23450_E1,ENSG00000123989,0.0241632948572306,0.0290937871719402
BC23450,BC23450_E1,ENSG00000161960,0.0704100339454095,0.0775382174425108
BC23450,BC23450_E1,ENSG00000164919,0.0301299701526968,0.0025002108790818
BC23450,BC23450_E1,ENSG00000101335,-0.1133394726693978,-0.1329106255126756
BC23450,BC23450_E1,ENSG00000141753,-0.0460501882563673,-0.0487558443216057
BC23450,BC23450_E1,ENSG00000132507,0.0813982200210279,0.0868755985660121
BC23450,BC23450_E1,ENSG00000176046,-0.0288271118642305,-0.0227044684503693
BC23450,BC23450_E1,ENSG00000170421,0.1062944981545712,0.0982122272657307
BC23450,BC23450_E1,ENSG00000173801,-0.0591592365112152,-0.0918554210904681
BC23450,BC23450_E1,ENSG00000186468,0.0692565954701026,0.073783148964916
BC23450,BC23450_E1,ENSG00000279274,0.0027182188253157,0.0133903374074996
BC23450,BC23450_E1,ENSG00000135940,-0.0442296416408675,-0.0418775587316786
BC23450,BC23450_E1,ENSG00000109475,-0.0787250748014105,-0.0855532211791736
BC23450,BC23450_E1,ENSG00000140990,0.0455194502921975,0.0622829602231132
BC23450,BC23450_E2,ENSG00000034510,0.3562313850265221,0.3776548223403813
BC23450,BC23450_E2,ENSG00000254709,0.168159239966986,0.1866640905372336
BC23450,BC23450_E2,ENSG00000111640,0.1990643181235086,0.219772240495794
BC23450,BC23450_E2,ENSG00000171345,-0.2158277966463181,-0.242964116507241
BC23450,BC23450_E2,ENSG00000137818,-0.1147388065671649,-0.1440914264293113
BC23450,BC23450_E2,ENSG00000177600,0.1263450788074132,0.1119953650829213
BC23450,BC23450_E2,ENSG00000231500,0.0866704241333745,0.1086776492232766
BC23450,BC23450_E2,ENSG00000075624,0.1516633410735565,0.1509294038868026
BC23450,BC23450_E2,ENSG00000164587,0.1286366019488345,0.149672074033447
BC23450,BC23450_E2,ENSG00000108107,0.099900863450358,0.0976957524277888
BC23450,BC23450_E2,ENSG00000105372,0.1114791648478966,0.1227560048276044
BC23450,BC23450_E2,ENSG00000197756,0.2270300883715426,0.2307907141341242
BC23450,BC23450_E2,ENSG00000161016,0.1066201035775186,0.1473481568852519
BC23450,BC23450_E2,ENSG00000167526,0.1124532000455387,0.1024510993437585
BC23450,BC23450_E2,ENSG00000141736,-0.0104250742026097,0.0048551365870551
BC23450,BC23450_E2,ENSG00000108298,-0.0072974482414641,-0.012614181566826
BC23450,BC23450_E2,ENSG00000130255,-0.0730555815285661,-0.0492138954391015
BC23450,BC23450_E2,ENSG00000108518,0.3348517804913316,0.343337980712982
BC23450,BC23450_E2,ENSG00000087086,-0.0620998566690192,-0.0780782206408903
BC23450,BC23450_E2,ENSG00000136942,-0.0253168681798874,-0.0208903426373085
BC23450,BC23450_E2,__ambiguous[ENSG00000251357+ENSG00000240972],0.1165392889961997,0.1196319639896281
BC23450,BC23450_E2,ENSG00000117984,-0.0257853599010188,-0.0515601400041761
BC23450,BC23450_E2,ENSG00000063177,0.2571669203036227,0.2684155682913977
BC23450,BC23450_E2,ENSG00000197746,-0.0309781925221331,0.0069776109004055
BC23450,BC23450_E2,ENSG00000140264,0.1837416859587462,0.1949599720281481
BC23450,BC23450_E2,ENSG00000180879,0.0740013951901792,0.075241491052415
BC23450,BC23450_E2,ENSG00000105193,0.0496219682184516,0.0568801871369465
BC23450,BC23450_E2,ENSG00000149273,0.0986620408585288,0.0938626771364035
BC23450,BC23450_E2,ENSG00000179218,-0.2060955903133678,-0.2314977530542474
BC23450,BC23450_E2,ENSG00000221983,0.1625771794541164,0.1693094146614683
BC23450,BC23450_E2,ENSG00000142534,0.2631274803393099,0.2715388631960008
BC23450,BC23450_E2,ENSG00000204628,0.1209348120508764,0.1200318498817768
BC23450,BC23450_E2,ENSG00000185624,0.0437763563990448,0.0575562314713779
BC23450,BC23450_E2,ENSG00000142541,-0.0290607552120993,-0.0281339464051378
BC23450,BC23450_E2,ENSG00000130203,0.2061868704918636,0.2570429009345108
BC23450,BC23450_E2,ENSG00000166441,0.0954184533119103,0.1088299901107231
BC23450,BC23450_E2,ENSG00000234745,0.1225259409219514,0.1534215777716835
BC23450,BC23450_E2,ENSG00000167996,0.1477091802027461,0.2026953264945285
BC23450,BC23450_E2,ENSG00000147403,0.1926890685220426,0.2134444446302593
BC23450,BC23450_E2,ENSG00000089157,-0.0178564141858108,-0.0387881980104288
BC23450,BC23450_E2,ENSG00000109062,0.0579904083723429,0.0905641023937674
BC23450,BC23450_E2,ENSG00000140988,0.1859505607459671,0.2028322450083899
BC23450,BC23450_E2,ENSG00000105640,-0.0269093426837366,-0.0329626503161524
BC23450,BC23450_E2,ENSG00000115268,0.1316141322377544,0.1353534583626536
BC23450,BC23450_E2,ENSG00000171858,-0.0582418471560598,-0.0816420788401943
BC23450,BC23450_E2,ENSG00000233927,0.1321932712502442,0.1443871618311553
BC23450,BC23450_E2,ENSG00000112306,0.0830648018886648,0.078442470082012
BC23450,BC23450_E2,ENSG00000182774,-0.032429529778257,-0.0338292264758176
BC23450,BC23450_E2,ENSG00000198034,0.1959323976592904,0.2152321987536009
BC23450,BC23450_E2,ENSG00000149806,0.1663871074599107,0.1569013131931753
BC23450,BC23450_E2,ENSG00000142676,0.1146871117554252,0.1373182529972628
BC23450,BC23450_E2,ENSG00000213741,-0.0176839604643853,-0.0496301286948291
BC23450,BC23450_E2,ENSG00000204525,0.0220638610726309,0.0561623790923772
BC23450,BC23450_E2,ENSG00000019582,-0.0260117003702914,-0.0368786592458746
BC23450,BC23450_E2,ENSG00000170889,0.0213978878313417,0.0186414074830254
BC23450,BC23450_E2,ENSG00000125691,0.0060006907964043,-0.006951568659779
BC23450,BC23450_E2,ENSG00000172809,0.0365107655781958,0.0303794974448391
BC23450,BC23450_E2,ENSG00000111341,0.1205136788613855,0.1283060911074009
BC23450,BC23450_E2,ENSG00000100316,0.0704578995972665,0.0631189780574647
BC23450,BC23450_E2,ENSG00000204592,0.0666296361394127,0.0707805613854601
BC23450,BC23450_E2,ENSG00000172757,0.1120055946841179,0.118432977125327
BC23450,BC23450_E2,ENSG00000177954,0.1108589561835173,0.1153377871235548
BC23450,BC23450_E2,ENSG00000101439,0.0274084966910035,0.0388350147408625
BC23450,BC23450_E2,ENSG00000137154,-0.0087132315260443,0.0091972895092543
BC23450,BC23450_E2,ENSG00000184009,0.0413269284292319,0.0423688043350742
BC23450,BC23450_E2,ENSG00000169710,0.0171626197051755,0.0359212888334194
BC23450,BC23450_E2,__ambiguous[ENSG00000254772+ENSG00000255508],0.1338252531269461,0.1277013646567408
BC23450,BC23450_E2,ENSG00000083845,0.0522044571855339,0.0666837516580639
BC23450,BC23450_E2,ENSG00000108821,-0.1669658923533447,-0.1726923873177325
BC23450,BC23450_E2,ENSG00000142937,-0.0509305254548408,-0.0380757550944899
BC23450,BC23450_E2,__ambiguous[ENSG00000185883+ENSG00000260272],-0.0388385010032362,-0.0255033935841782
BC23450,BC23450_E2,ENSG00000206503,0.1009461802628908,0.1071664935823902
BC23450,BC23450_E2,ENSG00000231925,0.000776326715152,0.0148653148611699
BC23450,BC23450_E2,ENSG00000163191,-0.014209886778725,-0.0340220968004193
BC23450,BC23450_E2,ENSG00000224389,-0.137305681971263,-0.1250217188260542
BC23450,BC23450_E2,ENSG00000135404,-0.1677506586174794,-0.187600985394537
BC23450,BC23450_E2,ENSG00000107223,0.2059421038878403,0.2117724451695921
BC23450,BC23450_E2,ENSG00000167995,0.0109596004612638,0.0233801282673335
BC23450,BC23450_E2,ENSG00000167468,0.0803144715430816,0.0853567604249534
BC23450,BC23450_E2,ENSG00000167658,0.2274617387738982,0.2407017851587281
BC23450,BC23450_E2,ENSG00000197958,0.0883411556635723,0.1139594577625938
BC23450,BC23450_E2,ENSG00000106624,-0.1125236104276956,-0.1682869954182347
BC23450,BC23450_E2,ENSG00000162244,-0.0539951086352187,-0.0559530698679637
BC23450,BC23450_E2,ENSG00000165949,0.0470277255650708,0.0518679427651402
BC23450,BC23450_E2,ENSG00000156482,-0.0370192904124848,-0.0244970708624025
BC23450,BC23450_E2,ENSG00000149925,-0.0170055754489218,-0.0235740841223563
BC23450,BC23450_E2,ENSG00000148303,0.0755773925928511,0.0749425797317336
BC23450,BC23450_E2,ENSG00000108639,-0.0077598088087748,0.0078537155426427
BC23450,BC23450_E2,ENSG00000144713,0.1137986028462353,0.1222228399496746
BC23450,BC23450_E2,ENSG00000108679,0.0260996690371912,0.0498664307244385
BC23450,BC23450_E2,ENSG00000115884,0.0228290661707278,0.064350430202246
BC23450,BC23450_E2,ENSG00000143947,0.0373536462674761,0.0198510945928302
BC23450,BC23450_E2,ENSG00000163220,-0.0146367220876821,-0.0025273575476508
BC23450,BC23450_E2,ENSG00000130303,-0.0473351199018128,-0.0187538224748896
BC23450,BC23450_E2,ENSG00000174748,-0.0242869281378139,0.020054761540279
BC23450,BC23450_E2,ENSG00000185825,0.0665923291601758,0.0809080348383897
BC23450,BC23450_E2,ENSG00000185499,-0.047065385099386,-0.0347263024165657
BC23450,BC23450_E2,ENSG00000198242,-0.0191517907476274,-0.0273538328973501
BC23450,BC23450_E2,__ambiguous[ENSG00000185885+ENSG00000185201],-0.1409976904565643,-0.1557399997359171
BC23450,BC23450_E2,ENSG00000115457,0.1089749849458806,0.0884871740078915
BC23450,BC23450_E2,ENSG00000166710,0.3044766754286455,0.3131967246483818
BC23450,BC23450_E2,ENSG00000131469,-0.0858089839787559,-0.0805364442530185
BC23450,BC23450_E2,ENSG00000145592,-0.0823812746574654,-0.0732176002686771
BC23450,BC23450_E2,ENSG00000104904,0.056463487239398,0.0600011184173192
BC23450,BC23450_E2,ENSG00000172531,0.0445431023582549,0.0545526390410911
BC23450,BC23450_E2,ENSG00000108344,-0.0403694404956106,-0.0533435734950438
BC23450,BC23450_E2,ENSG00000074800,-0.0246936936394455,-0.019490076500475
BC23450,BC23450_E2,ENSG00000117410,0.2051370896192556,0.2032938178593346
BC23450,BC23450_E2,ENSG00000173372,0.1119022166414328,0.1181788689095968
BC23450,BC23450_E2,ENSG00000160862,0.0447124781489277,0.0439335957983783
BC23450,BC23450_E2,ENSG00000152082,-0.0749927994268981,-0.0988502971899453
BC23450,BC23450_E2,ENSG00000158710,-0.0844497430376735,-0.1026472822305615
BC23450,BC23450_E2,ENSG00000246705,0.0794314643894814,0.0777864732945921
BC23450,BC23450_E2,ENSG00000118181,0.0689292284534586,0.0886695112679991
BC23450,BC23450_E2,__ambiguous[ENSG00000243678+ENSG00000011052],-0.0035431725413781,0.0354179213567203
BC23450,BC23450_E2,ENSG00000279483,0.1330405255300552,0.1632214179411123
BC23450,BC23450_E2,ENSG00000141741,-0.0178736311937583,-0.0363060067549905
BC23450,BC23450_E2,ENSG00000142669,0.1827295738202675,0.193565796411856
BC23450,BC23450_E2,ENSG00000130208,0.0431962638904706,0.0594730286139748
BC23450,BC23450_E2,__ambiguous[ENSG00000124614+ENSG00000270800],0.0294494387492321,0.044387460255703
BC23450,BC23450_E2,ENSG00000030582,-0.0990930931914924,-0.1136944033184304
BC23450,BC23450_E2,ENSG00000126267,0.0392345980752427,0.0723749434788501
BC23450,BC23450_E2,ENSG00000110651,-0.0713190158847886,-0.0906281558782212
BC23450,BC23450_E2,ENSG00000106211,-0.0843580459428057,-0.0958220622798943
BC23450,BC23450_E2,ENSG00000169100,0.1142874780920146,0.1295135257153705
BC23450,BC23450_E2,ENSG00000092841,-0.0597350344677157,-0.0579765960664793
BC23450,BC23450_E2,ENSG00000277972,-0.0491232785369306,-0.0544138703028477
BC23450,BC23450_E2,ENSG00000111057,0.0238622637099292,0.0409683818530228
BC23450,BC23450_E2,ENSG00000117450,0.0347646820007672,0.041598004068892
BC23450,BC23450_E2,ENSG00000205542,-0.0530881688354779,-0.0662000762468897
BC23450,BC23450_E2,ENSG00000165215,0.1283827374344676,0.1355006817624977
BC23450,BC23450_E2,ENSG00000178719,-0.0399267083558559,-0.0482336467322612
BC23450,BC23450_E2,ENSG00000071553,0.0485190246953654,0.0627045636844952
BC23450,BC23450_E2,ENSG00000133112,0.0565683513355269,0.0949035679337946
BC23450,BC23450_E2,ENSG00000150991,-0.2159477627263606,-0.2253437261109343
BC23450,BC23450_E2,ENSG00000071082,0.0656739452843,0.0688139467563988
BC23450,BC23450_E2,ENSG00000102265,-0.1219887021601001,-0.173264905443816
BC23450,BC23450_E2,ENSG00000124664,0.0847619502011787,0.081792506525336
BC23450,BC23450_E2,ENSG00000143774,-0.0012606268699835,0.0329981639799947
BC23450,BC23450_E2,ENSG00000277791,0.2073838252478658,0.2234965604722442
BC23450,BC23450_E2,ENSG00000162511,0.1310445617900684,0.1456510074904378
BC23450,BC23450_E2,ENSG00000105223,0.1958646724172395,0.2178032842824842
BC23450,BC23450_E2,ENSG00000141522,0.1955121211961051,0.1954812313335072
BC23450,BC23450_E2,ENSG00000070756,0.1957414923449629,0.2312381869431763
BC23450,BC23450_E2,ENSG00000149591,-0.1660834451819361,-0.1736030474908171
BC23450,BC23450_E2,ENSG00000125534,0.0329179158070874,0.012828449864782
BC23450,BC23450_E2,ENSG00000163682,-0.064241275313003,-0.0818750128038855
BC23450,BC23450_E2,ENSG00000135480,0.067166904741363,0.0744590716627372
BC23450,BC23450_E2,ENSG00000182492,-0.119132468194568,-0.1616580223649872
BC23450,BC23450_E2,ENSG00000145425,-0.01823805480308,-0.0236508982324331
BC23450,BC23450_E2,ENSG00000160789,0.1045810834398643,0.0977774309264946
BC23450,BC23450_E2,ENSG00000176340,-0.0671618596129577,-0.0635395202876144
BC23450,BC23450_E2,ENSG00000124614,-0.0274215475533308,-0.0297224808250805
BC23450,BC23450_E2,ENSG00000204287,-0.0582147760269316,-0.0637822295808757
BC23450,BC23450_E2,ENSG00000142089,-0.0951853579294164,-0.1010246787861453
BC23450,BC23450_E2,ENSG00000196924,0.1083217534512784,0.1226191717390012
BC23450,BC23450_E2,ENSG00000051523,0.0747738911983064,0.0916662440394829
BC23450,BC23450_E2,__ambiguous[ENSG00000257341+ENSG00000213145],-0.1439117913928769,-0.1678247148567458
BC23450,BC23450_E2,__ambiguous[ENSG00000277957+ENSG00000161960],0.1025243622092673,0.1111646022905766
BC23450,BC23450_E2,ENSG00000164733,-0.1275819001219469,-0.1384093361627214
BC23450,BC23450_E2,ENSG00000115414,-0.1916490497248439,-0.2116976976258204
BC23450,BC23450_E2,ENSG00000187514,-0.0131577447640048,-0.021479784105173
BC23450,BC23450_E2,ENSG00000127540,-0.0614296140403645,-0.0822144230082443
BC23450,BC23450_E2,ENSG00000058262,0.1223846638859558,0.1320665898018036
BC23450,BC23450_E2,ENSG00000182809,0.0155618792193843,0.0388688127968116
BC23450,BC23450_E2,ENSG00000123349,0.0516109423630204,0.0644827835298938
BC23450,BC23450_E2,ENSG00000255823,0.3518170798307545,0.388931171737552
BC23450,BC23450_E2,ENSG00000103363,0.0558353933343948,0.0530553678869739
BC23450,BC23450_E2,ENSG00000111669,0.1363356887797053,0.1608446453955692
BC23450,BC23450_E2,ENSG00000178980,0.1444572471325171,0.1771788646093506
BC23450,BC23450_E2,ENSG00000169223,-0.031008940834159,-0.0452241588345491
BC23450,BC23450_E2,ENSG00000138326,0.0071651408659406,0.0115480262893828
BC23450,BC23450_E2,ENSG00000104529,-0.071344363043375,-0.063109284141898
BC23450,BC23450_E2,ENSG00000125730,0.2169817063091902,0.2573900541844504
BC23450,BC23450_E2,__ambiguous[ENSG00000262526+ENSG00000170296],0.126715191649528,0.1471259949204438
BC23450,BC23450_E2,ENSG00000114867,0.032055834463132,0.0447416597437445
BC23450,BC23450_E2,ENSG00000114353,-0.0230998503660938,-0.0058404179567047
BC23450,BC23450_E2,ENSG00000144426,0.0694015150055986,0.0915786411307997
BC23450,BC23450_E2,ENSG00000272196,-0.1564432849011421,-0.183715561821684
BC23450,BC23450_E2,ENSG00000008988,-0.0839564101851748,-0.0660282495227538
BC23450,BC23450_E2,ENSG00000251562,0.4073350288467118,0.4299633359882301
BC23450,BC23450_E2,ENSG00000167815,0.0594570003587497,0.1064323441614648
BC23450,BC23450_E2,ENSG00000131748,0.0130876364983549,0.0255712918288014
BC23450,BC23450_E2,ENSG00000182899,0.1181188823221799,0.1087609521666542
BC23450,BC23450_E2,ENSG00000142949,0.0503487456165668,0.0837744852379981
BC23450,BC23450_E2,ENSG00000104964,0.1220222610341928,0.1223812806293606
BC23450,BC23450_E2,ENSG00000164692,-0.0301300469935035,-0.0370184318534028
BC23450,BC23450_E2,ENSG00000026025,-0.1268130898175726,-0.1264499506158259
BC23450,BC23450_E2,ENSG00000269028,0.3888607486807856,0.424912551643412
BC23450,BC23450_E2,ENSG00000184897,0.0196604493194556,0.0400484156045037
BC23450,BC23450_E2,ENSG00000131143,0.017305331831565,0.0370315313456753
BC23450,BC23450_E2,ENSG00000100300,-0.0133873785149352,-0.0132366819441068
BC23450,BC23450_E2,ENSG00000172354,-0.0793529881734306,-0.0575630785678994
BC23450,BC23450_E2,ENSG00000170315,-0.174394631350458,-0.2016701372150903
BC23450,BC23450_E2,__ambiguous[ENSG00000219200+ENSG00000161939],0.0172134486538158,0.0227699575707629
BC23450,BC23450_E2,ENSG00000160932,-0.0957594839217516,-0.1171144701018455
BC23450,BC23450_E2,ENSG00000126247,0.0417082341250352,0.0594317966650099
BC23450,BC23450_E2,ENSG00000052344,-0.0104363102931925,0.0142586867518406
BC23450,BC23450_E2,ENSG00000155366,0.0170497755280179,0.0291046624236459
BC23450,BC23450_E2,ENSG00000087460,0.059102548489373,0.092152740694167
BC23450,BC23450_E2,ENSG00000142173,-0.116143376760028,-0.1426095528204568
BC23450,BC23450_E2,ENSG00000178952,0.2342922674465269,0.2454085888023119
BC23450,BC23450_E2,ENSG00000188846,-0.0986272416796561,-0.0977506666143262
BC23450,BC23450_E2,ENSG00000145494,-0.0315625705894743,-0.0154199129847602
BC23450,BC23450_E2,ENSG00000174886,0.1891390001902035,0.2003906801859948
BC23450,BC23450_E2,ENSG00000163479,-0.1089098390111773,-0.1237058667198394
BC23450,BC23450_E2,ENSG00000100219,0.0220299808929226,0.0375046178906942
BC23450,BC23450_E2,ENSG00000173369,0.1535788539459902,0.1645832033302253
BC23450,BC23450_E2,ENSG00000143546,0.1501693303502698,0.1527117609338256
BC23450,BC23450_E2,ENSG00000171222,0.1380561107526074,0.1338804073261144
BC23450,BC23450_E2,ENSG00000213988,0.0039397454047494,0.0185097742943905
BC23450,BC23450_E2,ENSG00000114391,0.0182436618220695,0.0385769093519708
BC23450,BC23450_E2,ENSG00000163399,-0.000529363867106,0.0076933141853157
BC23450,BC23450_E2,ENSG00000174444,-0.0403447961236707,-0.0420214740824614
BC23450,BC23450_E2,ENSG00000130725,0.121073701356598,0.1454361074390674
BC23450,BC23450_E2,__ambiguous[ENSG00000241343+ENSG00000257529],0.0121338701393111,-0.0055689801269775
BC23450,BC23450_E2,ENSG00000135390,0.0024833311995563,0.0006160650707929
BC23450,BC23450_E2,ENSG00000187608,-0.0612356143690226,-0.0663497553667866
BC23450,BC23450_E2,ENSG00000197956,-0.0182790155117106,-0.0016796903703658
BC23450,BC23450_E2,ENSG00000110492,-0.0048674591794996,0.0032267889010013
BC23450,BC23450_E2,ENSG00000214530,0.1301731889571015,0.1492253486054659
BC23450,BC23450_E2,ENSG00000196576,0.180115185814068,0.1967517293161682
BC23450,BC23450_E2,ENSG00000125970,0.1195069275607182,0.1391200204709552
BC23450,BC23450_E2,ENSG00000177700,-0.0060146712498861,0.0330872184432077
BC23450,BC23450_E2,ENSG00000173272,-0.0884283343952355,-0.1083099369660593
BC23450,BC23450_E2,ENSG00000172270,0.0419739438287537,0.0671101148669815
BC23450,BC23450_E2,__ambiguous[ENSG00000273259+ENSG00000196136],-0.1984725035404713,-0.196094231313939
BC23450,BC23450_E2,ENSG00000011304,0.1678982833397184,0.1893098949824749
BC23450,BC23450_E2,ENSG00000143420,-0.0758744886266838,-0.0763696490758204
BC23450,BC23450_E2,ENSG00000147684,-0.0623759971237867,-0.0435043996455711
BC23450,BC23450_E2,ENSG00000025708,0.048018917906386,0.0632569918548955
BC23450,BC23450_E2,ENSG00000168528,0.0040987494463721,0.010765676566711
BC23450,BC23450_E2,ENSG00000171863,-0.0041387842612319,-0.0111400725112091
BC23450,BC23450_E2,ENSG00000130520,0.0806885439589471,0.1281251408820255
BC23450,BC23450_E2,ENSG00000147604,-0.0842966467124813,-0.075218958918565
BC23450,BC23450_E2,ENSG00000124172,0.0304455773908903,0.0384834127130449
BC23450,BC23450_E2,ENSG00000123989,0.1845861188429391,0.1893816709658895
BC23450,BC23450_E2,ENSG00000161960,0.0615835912070248,0.0916971004425602
BC23450,BC23450_E2,ENSG00000164919,0.1331656225870882,0.1409055378701084
BC23450,BC23450_E2,ENSG00000101335,-0.0132568995145324,-0.0044351877301564
BC23450,BC23450_E2,ENSG00000141753,-0.1534977926235045,-0.1622278544641918
BC23450,BC23450_E2,ENSG00000132507,0.0635236211253444,0.0953547427425096
BC23450,BC23450_E2,ENSG00000176046,-0.0729309927833653,-0.0846193726242373
BC23450,BC23450_E2,ENSG00000170421,0.0060078976328209,0.0187107470492172
BC23450,BC23450_E2,ENSG00000173801,-0.0441319251693658,-0.0432450643160056
BC23450,BC23450_E2,ENSG00000186468,-0.0667744114221653,-0.082143888463823
BC23450,BC23450_E2,ENSG00000279274,0.0254086599089685,0.0272689671645002
BC23450,BC23450_E2,ENSG00000135940,-0.01758598780425,-0.0028613222115006
BC23450,BC23450_E2,ENSG00000109475,0.0595812198455075,0.0630894637725405
BC23450,BC23450_E2,ENSG00000140990,0.0141447024179435,-0.0047052915403254
BC23567,BC23567_D2,ENSG00000034510,-0.1561034371224971,-0.2072448710622703
BC23567,BC23567_D2,ENSG00000137818,0.111048626859312,0.162298917015772
BC23567,BC23567_D2,ENSG00000111640,0.1942925264700444,0.2534836759160662
BC23567,BC23567_D2,ENSG00000177600,0.1864092648981689,0.2382818531922347
BC23567,BC23567_D2,ENSG00000171345,-0.066657870311734,-0.0681710519917643
BC23567,BC23567_D2,ENSG00000231500,0.0545501574430296,0.0640402323296977
BC23567,BC23567_D2,ENSG00000164587,-0.0314315950813366,-0.0271767539092785
BC23567,BC23567_D2,ENSG00000075624,0.0016233187010794,-0.0068816518029422
BC23567,BC23567_D2,ENSG00000197756,0.046468820213149,0.0652241812035433
BC23567,BC23567_D2,ENSG00000254709,0.0311153821714092,0.0320247777064769
BC23567,BC23567_D2,ENSG00000108107,0.2568884613573626,0.2811810658040269
BC23567,BC23567_D2,ENSG00000105372,0.0611307397562337,0.0697728017620956
BC23567,BC23567_D2,ENSG00000161016,0.0634552770991778,0.0578338960307776
BC23567,BC23567_D2,ENSG00000167526,-0.0117928811216527,-0.0039175521580994
BC23567,BC23567_D2,ENSG00000087086,0.1289962014891531,0.1506927204686677
BC23567,BC23567_D2,ENSG00000130255,-0.0218730396200466,-0.0232124518829027
BC23567,BC23567_D2,ENSG00000108298,-0.0649189508989644,-0.0760646191886159
BC23567,BC23567_D2,ENSG00000108518,0.045940340938073,0.0904088407663812
BC23567,BC23567_D2,ENSG00000141736,-0.0756126130846492,-0.1561824274977816
BC23567,BC23567_D2,ENSG00000149273,0.0728562232886776,0.0633168870994534
BC23567,BC23567_D2,__ambiguous[ENSG00000251357+ENSG00000240972],0.0079261670883546,0.0471028202657511
BC23567,BC23567_D2,ENSG00000136942,0.0677972230309245,0.0757576325922826
BC23567,BC23567_D2,ENSG00000063177,0.0806186119198582,0.094846991530132
BC23567,BC23567_D2,ENSG00000197746,0.0474468993861486,0.0664732573081705
BC23567,BC23567_D2,ENSG00000140264,0.0978703826685694,0.1182267696645992
BC23567,BC23567_D2,ENSG00000105193,-0.1275071261417119,-0.1687514198311064
BC23567,BC23567_D2,ENSG00000167996,-0.1684482053504871,-0.2068347199209936
BC23567,BC23567_D2,ENSG00000109062,0.06740254948792,0.0847740769561618
BC23567,BC23567_D2,ENSG00000142541,0.0564270442395945,0.0587724168514399
BC23567,BC23567_D2,ENSG00000117984,0.2789770343779759,0.3436678028500253
BC23567,BC23567_D2,ENSG00000179218,-0.0642160392940752,-0.06440693946831
BC23567,BC23567_D2,ENSG00000140988,-0.2276494989965328,-0.3069114049459157
BC23567,BC23567_D2,ENSG00000142534,-0.1295407478299083,-0.1650531277631483
BC23567,BC23567_D2,ENSG00000204628,-0.0013418296318583,-0.003541496518423
BC23567,BC23567_D2,ENSG00000221983,0.2295926225946769,0.2442789424492116
BC23567,BC23567_D2,ENSG00000111341,0.0831520350408545,0.1114377378383714
BC23567,BC23567_D2,ENSG00000089157,-0.0910426212134535,-0.0892367814615938
BC23567,BC23567_D2,ENSG00000166441,-0.0262712674390098,-0.0513157287827468
BC23567,BC23567_D2,ENSG00000171858,-0.1335188879296825,-0.1601080671848878
BC23567,BC23567_D2,ENSG00000147403,0.0099876488353881,-0.0139823054512612
BC23567,BC23567_D2,ENSG00000180879,0.023179823183135,-0.0023851287167586
BC23567,BC23567_D2,ENSG00000213741,0.0709495112959054,0.1126566598624787
BC23567,BC23567_D2,ENSG00000115268,0.0068374852438261,0.0426157169528221
BC23567,BC23567_D2,ENSG00000233927,-0.0127936856915688,-0.0157211286978632
BC23567,BC23567_D2,ENSG00000185624,-0.1109714686908081,-0.1447434655137821
BC23567,BC23567_D2,ENSG00000112306,-0.0773398753568691,-0.0712269315178334
BC23567,BC23567_D2,ENSG00000105640,0.0689804036693392,0.0874653887398175
BC23567,BC23567_D2,ENSG00000182774,-0.0420057766687779,-0.0491448701236902
BC23567,BC23567_D2,ENSG00000234745,0.1199020449614738,0.1445628008987862
BC23567,BC23567_D2,ENSG00000130203,0.3312019436735584,0.4019218967416476
BC23567,BC23567_D2,ENSG00000149806,0.0728951488039644,0.0739917026558956
BC23567,BC23567_D2,ENSG00000198034,-0.1843602244064252,-0.2699185527190115
BC23567,BC23567_D2,ENSG00000142676,-0.0423738783876554,-0.0574119430030961
BC23567,BC23567_D2,ENSG00000101439,0.1208484748444639,0.1310130497892316
BC23567,BC23567_D2,ENSG00000172809,-0.0651207285688591,-0.1188229010264211
BC23567,BC23567_D2,ENSG00000177954,0.055611844998017,0.0871156645265322
BC23567,BC23567_D2,ENSG00000100316,-0.0974318252718734,-0.0854317985777112
BC23567,BC23567_D2,ENSG00000184009,-0.0226134661113848,-0.036972053531321
BC23567,BC23567_D2,ENSG00000170889,0.0931213286750499,0.1110168750537306
BC23567,BC23567_D2,ENSG00000019582,0.0020168607927638,-0.0294474396579701
BC23567,BC23567_D2,ENSG00000172757,-0.0139865334585434,-0.0229817257072448
BC23567,BC23567_D2,ENSG00000142937,-0.1303852810301197,-0.1607040364757607
BC23567,BC23567_D2,ENSG00000137154,-0.1108441187076093,-0.1313190937609884
BC23567,BC23567_D2,ENSG00000125691,-0.0494154855824196,-0.0632614536692531
BC23567,BC23567_D2,ENSG00000167995,0.0025987266164189,-0.0049145572312318
BC23567,BC23567_D2,ENSG00000083845,-0.0372935614567973,-0.0334879898462304
BC23567,BC23567_D2,ENSG00000204525,-0.0666912790230418,-0.0502072124099444
BC23567,BC23567_D2,ENSG00000156482,-0.0032782800232105,-0.0321720072601478
BC23567,BC23567_D2,ENSG00000108821,-0.011390557094315,-0.05495629250282
BC23567,BC23567_D2,__ambiguous[ENSG00000254772+ENSG00000255508],-0.0727567511555018,-0.0885946676350266
BC23567,BC23567_D2,ENSG00000197958,-0.1307535662023424,-0.1557216481025149
BC23567,BC23567_D2,ENSG00000169710,0.0792744410147351,0.1017482825497034
BC23567,BC23567_D2,ENSG00000163191,-0.1366213816761536,-0.1438246537052949
BC23567,BC23567_D2,ENSG00000198242,-0.0592735136489437,-0.0545452403606591
BC23567,BC23567_D2,ENSG00000149925,-0.0637215750501328,-0.0870173216718882
BC23567,BC23567_D2,ENSG00000162244,0.11448198078346,0.1207323575021977
BC23567,BC23567_D2,ENSG00000185499,-0.0575915690568609,-0.0850480401577086
BC23567,BC23567_D2,ENSG00000167468,0.0363167005981792,0.0609107483203132
BC23567,BC23567_D2,ENSG00000148303,-0.1190235020848906,-0.1425872199126352
BC23567,BC23567_D2,__ambiguous[ENSG00000185883+ENSG00000260272],0.0173855949383023,0.0338805958456883
BC23567,BC23567_D2,ENSG00000115457,0.048201689821499,0.0655056223189337
BC23567,BC23567_D2,ENSG00000131469,0.0285840350200743,0.0050554555005549
BC23567,BC23567_D2,ENSG00000167658,-0.1673218173198905,-0.220760054061992
BC23567,BC23567_D2,ENSG00000174748,-0.1592476782595463,-0.2047272614974764
BC23567,BC23567_D2,ENSG00000144713,-0.1219201885167112,-0.1476207295083644
BC23567,BC23567_D2,ENSG00000143947,-0.1626727086466539,-0.1922041298475727
BC23567,BC23567_D2,ENSG00000135404,0.0273441192046669,0.0542167868680924
BC23567,BC23567_D2,ENSG00000145592,-0.0862729809870768,-0.111595119614686
BC23567,BC23567_D2,ENSG00000204592,0.0816752039032167,0.1203625181916853
BC23567,BC23567_D2,ENSG00000224389,0.0410693310043785,0.0693409384198414
BC23567,BC23567_D2,ENSG00000108639,-0.0345076868669083,-0.0527817549741044
BC23567,BC23567_D2,ENSG00000107223,0.0559380300757555,0.0664458006409798
BC23567,BC23567_D2,ENSG00000206503,0.0590701970658023,0.0463310464559334
BC23567,BC23567_D2,ENSG00000279483,0.1760627752690625,0.1870123610902895
BC23567,BC23567_D2,__ambiguous[ENSG00000243678+ENSG00000011052],-0.0764702737683157,-0.0856831627748795
BC23567,BC23567_D2,ENSG00000165949,0.1561207518907648,0.1997333079842928
BC23567,BC23567_D2,ENSG00000231925,0.0548218225295946,0.0851565064918519
BC23567,BC23567_D2,ENSG00000110651,0.0816307226763527,0.1295180019233061
BC23567,BC23567_D2,ENSG00000152082,0.0009313867499051,0.0155706669747503
BC23567,BC23567_D2,ENSG00000106624,0.132808668688116,0.1295528635763726
BC23567,BC23567_D2,ENSG00000172531,0.0201456367472657,0.0465957218179841
BC23567,BC23567_D2,ENSG00000166710,-0.0506744721281022,-0.0873808687374924
BC23567,BC23567_D2,ENSG00000115884,0.0598183688269255,0.0676720174252079
BC23567,BC23567_D2,ENSG00000106211,-0.0521188404953359,-0.0613313848292427
BC23567,BC23567_D2,ENSG00000070756,-0.0717933803270912,-0.0874003338462989
BC23567,BC23567_D2,ENSG00000108679,0.0989988079453087,0.0998651522002284
BC23567,BC23567_D2,ENSG00000108344,-0.0719243751730737,-0.0835106177111064
BC23567,BC23567_D2,ENSG00000118181,-0.05832709894575,-0.0750174044209019
BC23567,BC23567_D2,ENSG00000071082,-0.0866935097469179,-0.103508620194766
BC23567,BC23567_D2,ENSG00000133112,-0.0773493344158506,-0.1308903568565786
BC23567,BC23567_D2,__ambiguous[ENSG00000185885+ENSG00000185201],0.1475765884440847,0.1654745212585473
BC23567,BC23567_D2,ENSG00000092841,-0.0195799079506078,-0.0106155264112505
BC23567,BC23567_D2,__ambiguous[ENSG00000257341+ENSG00000213145],0.025132430447289,0.0201662861897347
BC23567,BC23567_D2,ENSG00000104904,0.0501599372224812,0.0711886780263183
BC23567,BC23567_D2,ENSG00000130303,0.1153075552491334,0.1341964102330671
BC23567,BC23567_D2,ENSG00000158710,0.059342026974525,0.0352261481799412
BC23567,BC23567_D2,ENSG00000141741,-0.0045013770113126,-0.0331532999592707
BC23567,BC23567_D2,ENSG00000185825,-0.0157473761755752,0.0130166606308692
BC23567,BC23567_D2,__ambiguous[ENSG00000124614+ENSG00000270800],-0.0069816784350506,-0.0054191946426755
BC23567,BC23567_D2,ENSG00000205542,-0.1054328343836549,-0.1371068865601327
BC23567,BC23567_D2,ENSG00000246705,-0.0015587014323717,-0.0369742522802188
BC23567,BC23567_D2,ENSG00000074800,-0.2268160735840537,-0.2638364655098481
BC23567,BC23567_D2,ENSG00000150991,-0.1135809913195362,-0.159185748555848
BC23567,BC23567_D2,ENSG00000111057,-0.049777843131553,-0.0593273765731218
BC23567,BC23567_D2,ENSG00000178719,0.0274989402599428,0.0048368743337381
BC23567,BC23567_D2,ENSG00000169100,-0.0146790591004177,-0.006341425693195
BC23567,BC23567_D2,ENSG00000255823,0.1040165498219422,0.1216561966754896
BC23567,BC23567_D2,ENSG00000117410,-0.0173367495351011,-0.0116126725694896
BC23567,BC23567_D2,ENSG00000126267,0.0412862340961651,0.0392871855763416
BC23567,BC23567_D2,ENSG00000149591,0.1775464209986017,0.226773872121663
BC23567,BC23567_D2,ENSG00000142669,0.1207476530983458,0.1294325893961723
BC23567,BC23567_D2,ENSG00000115414,-0.1438897732830743,-0.1894405579984682
BC23567,BC23567_D2,ENSG00000030582,0.0028966029610132,0.0088629934735606
BC23567,BC23567_D2,__ambiguous[ENSG00000273259+ENSG00000196136],-0.0402397578275986,-0.0423764250058116
BC23567,BC23567_D2,ENSG00000163682,0.0199782397200313,-0.0088461115223558
BC23567,BC23567_D2,ENSG00000117450,-0.0391540057966733,-0.0564470939541603
BC23567,BC23567_D2,ENSG00000160862,0.0803996410279591,0.0887257290170767
BC23567,BC23567_D2,ENSG00000182809,0.0394300808797947,0.0445757118300304
BC23567,BC23567_D2,ENSG00000145425,-0.0833697698966122,-0.1224176361630269
BC23567,BC23567_D2,ENSG00000102265,0.1505411843459578,0.1486977121782976
BC23567,BC23567_D2,ENSG00000125534,-0.0084301113080119,-0.0259628741995175
BC23567,BC23567_D2,ENSG00000269028,0.1578239366676834,0.1594459796866372
BC23567,BC23567_D2,ENSG00000187514,-0.0297226101941654,-0.0560663801027486
BC23567,BC23567_D2,ENSG00000124664,-0.0400682185035631,-0.0443668848169851
BC23567,BC23567_D2,ENSG00000143774,-0.0030474204201721,-0.0186684177880437
BC23567,BC23567_D2,ENSG00000142089,0.068863664440991,0.0953488547595283
BC23567,BC23567_D2,ENSG00000251562,0.1340542262196566,0.1609449552946432
BC23567,BC23567_D2,ENSG00000160789,0.1571725464725514,0.1874865863700362
BC23567,BC23567_D2,ENSG00000272196,-0.0349274231043276,-0.0579168860123696
BC23567,BC23567_D2,ENSG00000124614,-0.0227714646265301,-0.0342866206872123
BC23567,BC23567_D2,ENSG00000127540,-0.0613544328326106,-0.0776167541328033
BC23567,BC23567_D2,ENSG00000182492,0.1898182565134718,0.2299722120860716
BC23567,BC23567_D2,ENSG00000138326,-0.1397531694204562,-0.1884337810962038
BC23567,BC23567_D2,ENSG00000182899,-0.0451638636899033,-0.0819742871193125
BC23567,BC23567_D2,ENSG00000144426,-0.0623052077725243,-0.0919130025379706
BC23567,BC23567_D2,ENSG00000130208,0.068137655048186,0.0954528001520582
BC23567,BC23567_D2,ENSG00000071553,0.0420991301740351,0.0565909214071437
BC23567,BC23567_D2,ENSG00000164733,-0.0870549888388758,-0.1232366979628681
BC23567,BC23567_D2,ENSG00000176340,-0.0374655523698527,-0.0317820151866142
BC23567,BC23567_D2,ENSG00000008988,-0.0936135095831027,-0.0946383141789915
BC23567,BC23567_D2,ENSG00000170315,-0.0078492418191038,-0.0428801698526049
BC23567,BC23567_D2,ENSG00000165215,-0.0753202021810239,-0.0784940928631303
BC23567,BC23567_D2,ENSG00000103363,0.0292065250006308,0.0014591524681533
BC23567,BC23567_D2,ENSG00000277972,0.0841843965524396,0.0750733304167328
BC23567,BC23567_D2,ENSG00000204287,-0.0010549906870496,-0.0071416685677465
BC23567,BC23567_D2,ENSG00000162511,0.1476598164645431,0.1656004517070126
BC23567,BC23567_D2,ENSG00000164692,-0.009702783530393,-0.046990371275705
BC23567,BC23567_D2,__ambiguous[ENSG00000277957+ENSG00000161960],-0.0022763007130889,-0.0018979683703692
BC23567,BC23567_D2,ENSG00000173372,0.1591236708174893,0.2053215226643397
BC23567,BC23567_D2,ENSG00000052344,0.0520861109642422,0.0583070117290049
BC23567,BC23567_D2,ENSG00000184897,-0.0489905338606055,-0.066576963656417
BC23567,BC23567_D2,ENSG00000026025,0.0253666511583935,0.0325092079910945
BC23567,BC23567_D2,ENSG00000142949,-0.0354833596911051,-0.0525547873250196
BC23567,BC23567_D2,ENSG00000196924,0.0906149651438931,0.1154457207776887
BC23567,BC23567_D2,ENSG00000105223,0.1580151705988124,0.1752423095516491
BC23567,BC23567_D2,ENSG00000114353,0.1083734257745141,0.1286697132238982
BC23567,BC23567_D2,ENSG00000172354,-0.0694010551158938,-0.0711820710370092
BC23567,BC23567_D2,ENSG00000178980,-0.0125841462296419,-0.0292814476945678
BC23567,BC23567_D2,ENSG00000111669,0.0341065680469766,0.0360564847593392
BC23567,BC23567_D2,ENSG00000141522,0.0738087820415873,0.0665940739861843
BC23567,BC23567_D2,ENSG00000277791,-0.1597089648892035,-0.1886010194780988
BC23567,BC23567_D2,ENSG00000188846,-0.0241812590038624,-0.0426799968847646
BC23567,BC23567_D2,ENSG00000164919,0.0392649974506469,0.0232110234346035
BC23567,BC23567_D2,ENSG00000104529,-0.0050489740167046,-0.0102543098808541
BC23567,BC23567_D2,__ambiguous[ENSG00000241343+ENSG00000257529],-0.1107421337384977,-0.1164866713093254
BC23567,BC23567_D2,ENSG00000167815,-0.0222093589464399,-0.0289548905335087
BC23567,BC23567_D2,__ambiguous[ENSG00000262526+ENSG00000170296],-0.1385231090712195,-0.1495836448137924
BC23567,BC23567_D2,ENSG00000135480,-0.0366672335153724,-0.0673003889700461
BC23567,BC23567_D2,ENSG00000100219,-0.0338849560537592,-0.070922225087978
BC23567,BC23567_D2,ENSG00000174444,-0.0568604525516726,-0.0704470858817208
BC23567,BC23567_D2,ENSG00000160180,-0.0343432147930434,-0.0311087402824702
BC23567,BC23567_D2,ENSG00000178952,-0.0550916714421296,-0.0665281489769769
BC23567,BC23567_D2,ENSG00000173272,0.0211831410915069,-0.0157680724145882
BC23567,BC23567_D2,ENSG00000114867,0.0618437370383235,0.0542735909955703
BC23567,BC23567_D2,ENSG00000125730,0.2526083141708524,0.2996327459484865
BC23567,BC23567_D2,ENSG00000087460,-0.0154900896525454,-0.0290669111548379
BC23567,BC23567_D2,ENSG00000186468,-0.0454463439310275,-0.0663075807832002
BC23567,BC23567_D2,ENSG00000155366,0.0517438878240687,0.0359495372707002
BC23567,BC23567_D2,ENSG00000169223,-0.0991676841135378,-0.128694451756736
BC23567,BC23567_D2,ENSG00000123349,0.1875181210265666,0.2059655351951171
BC23567,BC23567_D2,ENSG00000163479,-0.0511738160859065,-0.0231580498082366
BC23567,BC23567_D2,ENSG00000126247,-0.0099349352524771,-0.0206366889155981
BC23567,BC23567_D2,ENSG00000213988,0.0542557564687732,-0.0090407769418129
BC23567,BC23567_D2,ENSG00000279274,0.0725409035384073,0.083268296634593
BC23567,BC23567_D2,ENSG00000131143,-0.1067884318693078,-0.1475736106133441
BC23567,BC23567_D2,ENSG00000058262,0.0322949945154126,0.0609643975088846
BC23567,BC23567_D2,ENSG00000124172,0.001975698466385,-0.0246486521901003
BC23567,BC23567_D2,ENSG00000114391,-0.0607403819069585,-0.0770465188383893
BC23567,BC23567_D2,ENSG00000170421,-0.0067996412806766,-0.0077922244157715
BC23567,BC23567_D2,ENSG00000163220,0.0749761772224675,0.1074919573432026
BC23567,BC23567_D2,ENSG00000171863,-0.072223729056166,-0.1095133404224445
BC23567,BC23567_D2,ENSG00000134419,-0.1662645892942867,-0.1912578342127171
BC23567,BC23567_D2,__ambiguous[ENSG00000219200+ENSG00000161939],0.1017307144923543,0.1451759305827969
BC23567,BC23567_D2,ENSG00000173801,0.0004592254047367,0.0146713702261757
BC23567,BC23567_D2,ENSG00000163399,-0.0441791427147039,-0.0699477732161483
BC23567,BC23567_D2,ENSG00000104964,0.0035826676209545,0.0135773697346426
BC23567,BC23567_D2,ENSG00000135390,0.021053367731293,0.0231022145818594
BC23567,BC23567_D2,ENSG00000132475,0.0704474301668561,0.0594138740764292
BC23567,BC23567_D2,ENSG00000100300,-0.032527284512737,-0.0294017271183231
BC23567,BC23567_D2,ENSG00000051523,0.1755905594810143,0.2413555000484471
BC23567,BC23567_D2,ENSG00000147604,-0.0393421610997633,-0.0614550954717267
BC23567,BC23567_D2,ENSG00000142173,0.1545324230653146,0.1772416233964128
BC23567,BC23567_D2,ENSG00000196576,0.0104118504253339,0.0117698840532764
BC23567,BC23567_D2,ENSG00000141753,0.0903958979635154,0.1048591605559383
BC23567,BC23567_D2,ENSG00000214530,-0.0585430521992165,-0.0603550073371281
BC23567,BC23567_D2,ENSG00000143420,-0.0219545357419689,-0.042423964601526
BC23567,BC23567_D2,ENSG00000161960,0.0590449209418719,0.0469951676410137
BC23567,BC23567_D2,ENSG00000197956,-0.0135462398086356,0.0005087018814862
BC23567,BC23567_D2,ENSG00000101335,0.157356182775883,0.171331788998444
BC23567,BC23567_D2,ENSG00000096384,-0.027900358089266,-0.0077908209931623
BC23567,BC23567_D2,ENSG00000123416,0.0234867643868168,0.0061911603221532
BC23567,BC23567_D2,ENSG00000113140,0.0370490249425231,0.0221540998629267
BC23567,BC23567_D2,ENSG00000177700,-0.0811428713736292,-0.0864700963642317
BC23567,BC23567_D2,ENSG00000131748,0.0407250230359713,0.0563497755484167
BC23567,BC23567_D2,ENSG00000229117,0.0481617475025365,0.0262711944080238
BC23567,BC23567_D2,ENSG00000172270,0.0923081710000452,0.097851126136579
BC23567,BC23567_D2,ENSG00000125970,0.0878390652338727,0.0916894847884978
BC23567,BC23567_D2,ENSG00000011304,0.011675362082248,0.0093356960660402
BC23567,BC23567_D2,ENSG00000159840,0.0917933068692451,0.1151436355332208
BC23567,BC23567_D2,ENSG00000147684,-0.0310496242233754,-0.0238098139104492
BC23567,BC23567_D2,ENSG00000186010,-0.1046792158052688,-0.1450767272677103
BC23567,BC23567_D2,ENSG00000110092,-0.0638795127025661,-0.1061724937040578
BC23567,BC23567_D2,ENSG00000135940,-0.0093077895092747,-0.0295424703292086
BC23567,BC23567_D2,ENSG00000106153,0.0562564298682336,0.0175527747845434
BC23567,BC23567_D2,ENSG00000174886,-0.0308456771375108,-0.0252623227325732
BC23567,BC23567_D2,ENSG00000130725,-0.0084243399127147,0.0055255721507803
BC23567,BC23567_D2,ENSG00000196405,-0.0127631831583396,0.0083799147459095
BC23567,BC23567_D2,ENSG00000176046,0.018489309263724,0.034171377416727
BC23567,BC23567_D2,ENSG00000109475,-0.0610544167232617,-0.1004273930821386
BC23567,BC23567_D2,ENSG00000196230,-0.0759500990155355,-0.0899564067764943
BC23567,BC23567_E1,ENSG00000034510,0.0550295311922024,0.0603272053494052
BC23567,BC23567_E1,ENSG00000137818,0.2422438633587005,0.2758530595364723
BC23567,BC23567_E1,ENSG00000111640,0.0799646678394991,0.0799681142659922
BC23567,BC23567_E1,ENSG00000177600,0.2713819431123033,0.3311072911383499
BC23567,BC23567_E1,ENSG00000171345,-0.1768689969893262,-0.2207329460591997
BC23567,BC23567_E1,ENSG00000231500,0.098140560634187,0.1231678077185312
BC23567,BC23567_E1,ENSG00000164587,-0.00927777323083,-0.0200532361439814
BC23567,BC23567_E1,ENSG00000075624,-0.0230346955710488,-0.0269609566652425
BC23567,BC23567_E1,ENSG00000197756,-0.0243532815546294,-0.0220243167579572
BC23567,BC23567_E1,ENSG00000254709,-0.0101154888546409,-0.0288198967156746
BC23567,BC23567_E1,ENSG00000108107,0.1742879546873282,0.2032632148762263
BC23567,BC23567_E1,ENSG00000105372,0.0388218090320125,0.0459532717567303
BC23567,BC23567_E1,ENSG00000161016,-0.0617813102476561,-0.0739187692918782
BC23567,BC23567_E1,ENSG00000167526,0.0389099288212693,0.0368956493978655
BC23567,BC23567_E1,ENSG00000087086,0.2084425536690841,0.2468812181436681
BC23567,BC23567_E1,ENSG00000130255,0.0984020299041229,0.123567887957712
BC23567,BC23567_E1,ENSG00000108298,0.0792892629858303,0.1113013173670163
BC23567,BC23567_E1,ENSG00000108518,0.1709670467977009,0.1683074102973417
BC23567,BC23567_E1,ENSG00000141736,0.156510335230273,0.2030442671066759
BC23567,BC23567_E1,ENSG00000149273,-0.0065999503579971,-0.0063630993501534
BC23567,BC23567_E1,__ambiguous[ENSG00000251357+ENSG00000240972],0.0773184248331604,0.1181480623242989
BC23567,BC23567_E1,ENSG00000136942,-0.0446418690907631,-0.0710575234547798
BC23567,BC23567_E1,ENSG00000063177,0.0112087770767005,0.0234210891364819
BC23567,BC23567_E1,ENSG00000197746,0.1990496729368789,0.1996709505259237
BC23567,BC23567_E1,ENSG00000140264,-0.0274445927678773,-0.0166279407543283
BC23567,BC23567_E1,ENSG00000105193,-0.009894512274037,0.0142082935170037
BC23567,BC23567_E1,ENSG00000167996,-0.1621951682548999,-0.2068960783736647
BC23567,BC23567_E1,ENSG00000109062,-0.0357242447982329,-0.0321308983110809
BC23567,BC23567_E1,ENSG00000142541,0.0287331330418999,0.0372316411291062
BC23567,BC23567_E1,ENSG00000117984,0.2457192768949908,0.2642122741328535
BC23567,BC23567_E1,ENSG00000179218,0.0438623387132967,0.0559884351999632
BC23567,BC23567_E1,ENSG00000140988,-0.086971218759508,-0.1140342870390429
BC23567,BC23567_E1,ENSG00000142534,-0.1816621407004525,-0.2065476753055153
BC23567,BC23567_E1,ENSG00000204628,-0.1119334653959335,-0.1213471287794356
BC23567,BC23567_E1,ENSG00000221983,0.1437158995135811,0.1832134195698125
BC23567,BC23567_E1,ENSG00000111341,0.0545846350283542,0.0982120843652318
BC23567,BC23567_E1,ENSG00000089157,-0.0872784049873941,-0.1051229436857479
BC23567,BC23567_E1,ENSG00000166441,-0.0827256314840577,-0.1231388135090409
BC23567,BC23567_E1,ENSG00000171858,-0.0147682160153337,-0.0105593301141705
BC23567,BC23567_E1,ENSG00000147403,-0.0331379332237178,-0.0736792394156776
BC23567,BC23567_E1,ENSG00000180879,0.0934376626839414,0.0981457654364673
BC23567,BC23567_E1,ENSG00000213741,0.1240277648629229,0.1436329855414996
BC23567,BC23567_E1,ENSG00000115268,-0.0176199883113164,-0.037051586076094
BC23567,BC23567_E1,ENSG00000233927,0.0198951998288641,0.0114810286268196
BC23567,BC23567_E1,ENSG00000185624,-0.0423394673775446,-0.0836893089751288
BC23567,BC23567_E1,ENSG00000112306,-0.0237246904484992,-0.0520099238273304
BC23567,BC23567_E1,ENSG00000105640,0.0548543167485304,0.0497899159616596
BC23567,BC23567_E1,ENSG00000182774,-0.0458668019744747,-0.0281735504306619
BC23567,BC23567_E1,ENSG00000234745,0.0668217018505727,0.097903726821962
BC23567,BC23567_E1,ENSG00000130203,0.4274153989246975,0.4629338102708616
BC23567,BC23567_E1,ENSG00000149806,0.0244204368727389,0.031925964152775
BC23567,BC23567_E1,ENSG00000198034,-0.0081999849230365,-0.0188876197408167
BC23567,BC23567_E1,ENSG00000142676,-0.0853613161547238,-0.0992386079305752
BC23567,BC23567_E1,ENSG00000101439,0.0645030224180008,0.0801898845609549
BC23567,BC23567_E1,ENSG00000172809,-0.1389530769473379,-0.1458169421288997
BC23567,BC23567_E1,ENSG00000177954,0.116867306199236,0.143348519265398
BC23567,BC23567_E1,ENSG00000100316,-0.021788099896185,-0.0405226159668194
BC23567,BC23567_E1,ENSG00000184009,0.0440347688738602,0.0196398761531759
BC23567,BC23567_E1,ENSG00000170889,0.0738036484733664,0.1188085275901113
BC23567,BC23567_E1,ENSG00000019582,0.1049994346747045,0.0939992192099317
BC23567,BC23567_E1,ENSG00000172757,-0.1742454577434576,-0.2114640386039303
BC23567,BC23567_E1,ENSG00000142937,-0.0614854836905455,-0.0791894900799315
BC23567,BC23567_E1,ENSG00000137154,0.0137887214590027,-0.0010961595774172
BC23567,BC23567_E1,ENSG00000125691,-0.0325281946706495,-0.0895940532474939
BC23567,BC23567_E1,ENSG00000167995,0.0800480381408607,0.0773485829632436
BC23567,BC23567_E1,ENSG00000083845,-0.0239267247930487,-0.0106286898311814
BC23567,BC23567_E1,ENSG00000204525,0.0029921009868055,0.0100111337820816
BC23567,BC23567_E1,ENSG00000156482,0.0079539118203059,0.0129348295713885
BC23567,BC23567_E1,ENSG00000108821,0.2571366063337525,0.2487228276544198
BC23567,BC23567_E1,__ambiguous[ENSG00000254772+ENSG00000255508],-0.0843667026215941,-0.1129228252260153
BC23567,BC23567_E1,ENSG00000197958,-0.0879873564968934,-0.1008991397402552
BC23567,BC23567_E1,ENSG00000169710,0.0397641642259543,0.0543123237073241
BC23567,BC23567_E1,ENSG00000163191,-0.1958058684433004,-0.2284566480862827
BC23567,BC23567_E1,ENSG00000198242,-0.0017087456301162,0.0013053188728245
BC23567,BC23567_E1,ENSG00000149925,-0.0336173532309428,-0.0254473916266729
BC23567,BC23567_E1,ENSG00000162244,0.0091062329389333,-0.0292527176164937
BC23567,BC23567_E1,ENSG00000185499,0.0215467760062844,0.0095235133889239
BC23567,BC23567_E1,ENSG00000167468,0.0079469881060885,0.0119380141512204
BC23567,BC23567_E1,ENSG00000148303,-0.0658502935698031,-0.0642344003051229
BC23567,BC23567_E1,__ambiguous[ENSG00000185883+ENSG00000260272],0.0743536606261442,0.0677206853700517
BC23567,BC23567_E1,ENSG00000115457,0.0021902089036424,0.0107485954591998
BC23567,BC23567_E1,ENSG00000131469,0.0119785163553501,0.022794547113787
BC23567,BC23567_E1,ENSG00000167658,0.038419274260604,0.0718969653231772
BC23567,BC23567_E1,ENSG00000174748,-0.0523303433998382,-0.0594593909293643
BC23567,BC23567_E1,ENSG00000144713,-0.0336686964191511,-0.0421607652486779
BC23567,BC23567_E1,ENSG00000143947,-0.0446981189934909,-0.0515235861315028
BC23567,BC23567_E1,ENSG00000135404,0.0143447339158284,0.005990067138904
BC23567,BC23567_E1,ENSG00000145592,-0.0604024807620928,-0.0856573716719421
BC23567,BC23567_E1,ENSG00000204592,0.1814458233775808,0.2308511727991611
BC23567,BC23567_E1,ENSG00000224389,-0.0359554638069351,-0.0394676248565049
BC23567,BC23567_E1,ENSG00000108639,-0.1336723412340856,-0.1462886549838224
BC23567,BC23567_E1,ENSG00000107223,0.056758360676902,0.066289182114015
BC23567,BC23567_E1,ENSG00000206503,0.0948051015341971,0.1485758639577418
BC23567,BC23567_E1,ENSG00000279483,0.12745453429506,0.1488822403721194
BC23567,BC23567_E1,__ambiguous[ENSG00000243678+ENSG00000011052],-0.0163852469819103,-0.0075845953899297
BC23567,BC23567_E1,ENSG00000165949,-0.1351971057578477,-0.1544161638812731
BC23567,BC23567_E1,ENSG00000231925,0.0549091836138728,0.0328787571197666
BC23567,BC23567_E1,ENSG00000110651,0.160928475926192,0.1925531962192567
BC23567,BC23567_E1,ENSG00000152082,0.0178391736833518,0.0369317471856111
BC23567,BC23567_E1,ENSG00000106624,0.0211097598194657,0.0026554575921036
BC23567,BC23567_E1,ENSG00000172531,0.0306320457641821,0.0428432524325417
BC23567,BC23567_E1,ENSG00000166710,-0.0209221117273427,-0.0238130083326284
BC23567,BC23567_E1,ENSG00000115884,0.0348163208796017,0.0330913746764489
BC23567,BC23567_E1,ENSG00000106211,-0.0465611229150794,-0.0634782914733135
BC23567,BC23567_E1,ENSG00000070756,-0.0660491603238805,-0.0901648277635469
BC23567,BC23567_E1,ENSG00000108679,0.0565036612370597,0.0653102721747415
BC23567,BC23567_E1,ENSG00000108344,0.0609125035696372,0.0516552953736021
BC23567,BC23567_E1,ENSG00000118181,-8.321948135325338e-05,-0.0175792645297122
BC23567,BC23567_E1,ENSG00000071082,0.0068832225661538,-0.0139401665722226
BC23567,BC23567_E1,ENSG00000133112,-0.1222663215335365,-0.1670565180179309
BC23567,BC23567_E1,__ambiguous[ENSG00000185885+ENSG00000185201],-0.0239053688781609,-0.0592883417050727
BC23567,BC23567_E1,ENSG00000092841,0.0129512522690878,0.0087657857791553
BC23567,BC23567_E1,__ambiguous[ENSG00000257341+ENSG00000213145],-0.0026084567793349,0.0053108378460716
BC23567,BC23567_E1,ENSG00000104904,0.1088075324408812,0.1228281084171167
BC23567,BC23567_E1,ENSG00000130303,0.1601993681934114,0.1641771105289919
BC23567,BC23567_E1,ENSG00000158710,0.0538943408493235,0.0514419448577387
BC23567,BC23567_E1,ENSG00000141741,0.0393813819128139,0.0248716685465515
BC23567,BC23567_E1,ENSG00000185825,-0.0382424797680702,-0.0331762740530836
BC23567,BC23567_E1,__ambiguous[ENSG00000124614+ENSG00000270800],-0.0715902526676211,-0.1037823226347053
BC23567,BC23567_E1,ENSG00000205542,-0.0150219035877904,-0.0108991265906844
BC23567,BC23567_E1,ENSG00000246705,-0.1632480298556701,-0.1688609017164241
BC23567,BC23567_E1,ENSG00000074800,-0.2351427022289491,-0.2679996615602327
BC23567,BC23567_E1,ENSG00000150991,-0.1103413005076184,-0.1217635447318395
BC23567,BC23567_E1,ENSG00000111057,-0.0404876260451233,-0.0811938775617772
BC23567,BC23567_E1,ENSG00000178719,-0.0013947026923338,-0.0217082138080131
BC23567,BC23567_E1,ENSG00000169100,0.0032265573241405,0.0048504019555614
BC23567,BC23567_E1,ENSG00000255823,0.1261453293482934,0.1393727436891236
BC23567,BC23567_E1,ENSG00000117410,-0.0353197363587641,-0.0489909122052531
BC23567,BC23567_E1,ENSG00000126267,0.097161597892789,0.1114316369685727
BC23567,BC23567_E1,ENSG00000149591,0.2960977266986768,0.2983110386816938
BC23567,BC23567_E1,ENSG00000142669,0.0607518959185059,0.0690602473775398
BC23567,BC23567_E1,ENSG00000115414,-0.0404486870517903,-0.0697123623107506
BC23567,BC23567_E1,ENSG00000030582,-0.169820724811357,-0.2065176417033679
BC23567,BC23567_E1,__ambiguous[ENSG00000273259+ENSG00000196136],0.0076051819598272,-0.0093498808469848
BC23567,BC23567_E1,ENSG00000163682,0.0377594066639676,0.0297262489308036
BC23567,BC23567_E1,ENSG00000117450,0.0530237188852631,0.0624072591985809
BC23567,BC23567_E1,ENSG00000160862,-0.0117035731746096,-0.0005617779577826
BC23567,BC23567_E1,ENSG00000182809,0.0060097057985745,0.003500018880938
BC23567,BC23567_E1,ENSG00000145425,-0.1208720217602827,-0.1166851928710382
BC23567,BC23567_E1,ENSG00000102265,0.1537420404626355,0.1611497266130262
BC23567,BC23567_E1,ENSG00000125534,-0.0446651321206732,-0.0708373059499943
BC23567,BC23567_E1,ENSG00000269028,0.15594523766112,0.1727568421143041
BC23567,BC23567_E1,ENSG00000187514,-0.016958784674014,-0.0317690724314599
BC23567,BC23567_E1,ENSG00000124664,-0.0206442908245422,-0.0224605026980217
BC23567,BC23567_E1,ENSG00000143774,0.0727858107666951,0.0565624392495575
BC23567,BC23567_E1,ENSG00000142089,-0.0562197389318112,-0.0824696826684795
BC23567,BC23567_E1,ENSG00000251562,0.1010743932090833,0.1303710996481235
BC23567,BC23567_E1,ENSG00000160789,0.0570776495822746,0.0797353092323891
BC23567,BC23567_E1,ENSG00000272196,0.0280223085430158,0.0276233832405934
BC23567,BC23567_E1,ENSG00000124614,-0.077708552891173,-0.0657580557142119
BC23567,BC23567_E1,ENSG00000127540,-0.1233143237491387,-0.1372211541718215
BC23567,BC23567_E1,ENSG00000182492,0.1525464962958953,0.1453511074257161
BC23567,BC23567_E1,ENSG00000138326,-0.0873817625883778,-0.1098787473840026
BC23567,BC23567_E1,ENSG00000182899,-0.0557384658485409,-0.0666662521341462
BC23567,BC23567_E1,ENSG00000144426,0.0130496144452896,-0.0101239677911941
BC23567,BC23567_E1,ENSG00000130208,0.1579092228455552,0.1818819786622242
BC23567,BC23567_E1,ENSG00000071553,-0.0209111303459942,-0.0182403507491651
BC23567,BC23567_E1,ENSG00000164733,0.0246406341490045,0.0403009366220875
BC23567,BC23567_E1,ENSG00000176340,-0.1028826162238941,-0.1167956818129073
BC23567,BC23567_E1,ENSG00000008988,0.0064093556861252,0.0059541411082257
BC23567,BC23567_E1,ENSG00000170315,-0.0360849472964033,-0.0411763665600903
BC23567,BC23567_E1,ENSG00000165215,-0.1345174918235737,-0.1393770844200813
BC23567,BC23567_E1,ENSG00000103363,-0.0615523952129731,-0.0608865240466631
BC23567,BC23567_E1,ENSG00000277972,0.0048704843068451,0.0075575606407456
BC23567,BC23567_E1,ENSG00000204287,0.1823720943311108,0.1948092344365348
BC23567,BC23567_E1,ENSG00000162511,0.294097706212829,0.3275230533068989
BC23567,BC23567_E1,ENSG00000164692,0.0877272705562938,0.1154224296271455
BC23567,BC23567_E1,__ambiguous[ENSG00000277957+ENSG00000161960],-0.0063965735183603,-0.003574282539065
BC23567,BC23567_E1,ENSG00000173372,0.2033338020998039,0.2304542812905115
BC23567,BC23567_E1,ENSG00000052344,-0.0064304232689217,-0.0256413590274722
BC23567,BC23567_E1,ENSG00000184897,0.0183940012566818,0.0218908539457199
BC23567,BC23567_E1,ENSG00000026025,0.1648352545127203,0.17978775970475
BC23567,BC23567_E1,ENSG00000142949,0.0673281075000547,0.0619794831514057
BC23567,BC23567_E1,ENSG00000196924,0.1414995742102744,0.1875623253621386
BC23567,BC23567_E1,ENSG00000105223,0.2730908220673482,0.2888865057039397
BC23567,BC23567_E1,ENSG00000114353,0.1695629474821435,0.1850318689287866
BC23567,BC23567_E1,ENSG00000172354,-0.0446239669767802,-0.0375008282489792
BC23567,BC23567_E1,ENSG00000178980,-0.0841800489829794,-0.0916378413172499
BC23567,BC23567_E1,ENSG00000111669,-0.0702728780015365,-0.0796468454330233
BC23567,BC23567_E1,ENSG00000141522,-0.1806622691965207,-0.2274655379635595
BC23567,BC23567_E1,ENSG00000277791,-0.052887694728109,-0.0642514710264727
BC23567,BC23567_E1,ENSG00000188846,-0.0371269677118084,-0.0241539990704552
BC23567,BC23567_E1,ENSG00000164919,0.0540157567718009,0.0632473237023465
BC23567,BC23567_E1,ENSG00000104529,-0.0078653265671893,-0.0151554040157296
BC23567,BC23567_E1,__ambiguous[ENSG00000241343+ENSG00000257529],0.0144895279769485,-0.0014249877444609
BC23567,BC23567_E1,ENSG00000167815,-0.0284750575853751,-0.029910396417408
BC23567,BC23567_E1,__ambiguous[ENSG00000262526+ENSG00000170296],-0.2348714230421466,-0.272137936068447
BC23567,BC23567_E1,ENSG00000135480,0.0266665565029537,0.0536928301917923
BC23567,BC23567_E1,ENSG00000100219,-0.0472465302884967,-0.0658918597962856
BC23567,BC23567_E1,ENSG00000174444,-0.0543762099660757,-0.0392401509344271
BC23567,BC23567_E1,ENSG00000160180,0.0019560059286721,-0.0002535168043534
BC23567,BC23567_E1,ENSG00000178952,-0.102413399863986,-0.1394591465675871
BC23567,BC23567_E1,ENSG00000173272,0.0899786998330937,0.0930040770072066
BC23567,BC23567_E1,ENSG00000114867,0.0720118340587639,0.0835706201899874
BC23567,BC23567_E1,ENSG00000125730,0.1767016780673563,0.211809319434675
BC23567,BC23567_E1,ENSG00000087460,-0.0468851511870828,-0.0601384926792431
BC23567,BC23567_E1,ENSG00000186468,-0.0431774446373655,-0.0372478942579251
BC23567,BC23567_E1,ENSG00000155366,0.0010621786217978,-0.0070177653210606
BC23567,BC23567_E1,ENSG00000169223,-0.224008432378175,-0.2281540623313624
BC23567,BC23567_E1,ENSG00000123349,-0.0312615831218308,-0.040807537517333
BC23567,BC23567_E1,ENSG00000163479,-0.1452034976553124,-0.1754316240135111
BC23567,BC23567_E1,ENSG00000126247,-0.0163968204081684,-0.0235266083065262
BC23567,BC23567_E1,ENSG00000213988,0.049686911391387,0.0426287122467291
BC23567,BC23567_E1,ENSG00000279274,0.0510072967366466,0.084934525726062
BC23567,BC23567_E1,ENSG00000131143,-0.0363289641541383,-0.0360188423944596
BC23567,BC23567_E1,ENSG00000058262,0.1667842385014395,0.173595284609376
BC23567,BC23567_E1,ENSG00000124172,-0.0413092530054089,-0.0391525361425685
BC23567,BC23567_E1,ENSG00000114391,0.0628524117334704,0.0703039650263243
BC23567,BC23567_E1,ENSG00000170421,-0.032756478159052,-0.0300310162919647
BC23567,BC23567_E1,ENSG00000163220,0.0081150303862061,-0.0093820960425567
BC23567,BC23567_E1,ENSG00000171863,-0.1297246389236942,-0.1611129264799293
BC23567,BC23567_E1,ENSG00000134419,-0.0466548906171921,-0.0834565582943824
BC23567,BC23567_E1,__ambiguous[ENSG00000219200+ENSG00000161939],0.0512592069300112,0.0840200863417651
BC23567,BC23567_E1,ENSG00000173801,0.0763392780511386,0.0706162300960111
BC23567,BC23567_E1,ENSG00000163399,0.0549622810048702,0.0844597663695271
BC23567,BC23567_E1,ENSG00000104964,0.0155593165200162,0.0037536002687607
BC23567,BC23567_E1,ENSG00000135390,-0.0859730959318142,-0.0876086283614629
BC23567,BC23567_E1,ENSG00000132475,0.1016798382683361,0.1021875636071368
BC23567,BC23567_E1,ENSG00000100300,0.0049234798377607,0.0142980043591905
BC23567,BC23567_E1,ENSG00000051523,0.2098299356755465,0.275585967788874
BC23567,BC23567_E1,ENSG00000147604,-0.1420817809274262,-0.1423783750388539
BC23567,BC23567_E1,ENSG00000142173,0.1273187961099214,0.1443737841319886
BC23567,BC23567_E1,ENSG00000196576,0.0835703372177166,0.0598420922203361
BC23567,BC23567_E1,ENSG00000141753,0.0737901861898731,0.053922917578459
BC23567,BC23567_E1,ENSG00000214530,-0.0559433926826039,-0.0463709500667824
BC23567,BC23567_E1,ENSG00000143420,-0.0401810752639654,-0.0510199300532969
BC23567,BC23567_E1,ENSG00000161960,0.0851758148656405,0.110635536076097
BC23567,BC23567_E1,ENSG00000197956,0.0163894670868992,0.0014983420156875
BC23567,BC23567_E1,ENSG00000101335,0.0304335084926366,0.0297585822196331
BC23567,BC23567_E1,ENSG00000096384,0.1376327995006084,0.1413007410914938
BC23567,BC23567_E1,ENSG00000123416,-0.0059024324272604,0.0049082940537827
BC23567,BC23567_E1,ENSG00000113140,0.0873560978040915,0.1202232067762721
BC23567,BC23567_E1,ENSG00000177700,-0.1129770267577109,-0.1280784893933858
BC23567,BC23567_E1,ENSG00000131748,0.1268542528377256,0.1455922675129842
BC23567,BC23567_E1,ENSG00000229117,-0.051145687098089,-0.0700887561765757
BC23567,BC23567_E1,ENSG00000172270,-0.0010869447380401,-0.0062394930561074
BC23567,BC23567_E1,ENSG00000125970,0.0746033252934342,0.0720895963988792
BC23567,BC23567_E1,ENSG00000011304,0.0574937050403303,0.066139417882207
BC23567,BC23567_E1,ENSG00000159840,0.114417123488185,0.1202486271446254
BC23567,BC23567_E1,ENSG00000147684,-0.0085783989908076,-0.0053123772573846
BC23567,BC23567_E1,ENSG00000186010,-0.0777749157980645,-0.056224697963303
BC23567,BC23567_E1,ENSG00000110092,-0.029308419079477,-0.0522211513397147
BC23567,BC23567_E1,ENSG00000135940,-0.060051354813021,-0.0610063626897721
BC23567,BC23567_E1,ENSG00000106153,-0.0411739462073465,-0.0648482837686327
BC23567,BC23567_E1,ENSG00000174886,-0.0079817008157098,-0.0201909693536534
BC23567,BC23567_E1,ENSG00000130725,0.0260934317387042,0.0281714480921542
BC23567,BC23567_E1,ENSG00000196405,0.1115996062054135,0.1040254920919068
BC23567,BC23567_E1,ENSG00000176046,0.0977714437337756,0.1070997675678019
BC23567,BC23567_E1,ENSG00000109475,-0.0515669455428994,-0.0686779330942518
BC23567,BC23567_E1,ENSG00000196230,-0.0357694266724228,-0.0231784951942472
BC23567,BC23567_E2,ENSG00000034510,0.0219653852639819,0.0142577943832478
BC23567,BC23567_E2,ENSG00000137818,0.1450342430974409,0.1684640265062044
BC23567,BC23567_E2,ENSG00000111640,0.0179213902063613,0.0632500203107754
BC23567,BC23567_E2,ENSG00000177600,0.1431600060873353,0.1733099756336399
BC23567,BC23567_E2,ENSG00000171345,-0.0170820243512685,0.0109452861992349
BC23567,BC23567_E2,ENSG00000231500,0.033269138053771,0.0671537432518285
BC23567,BC23567_E2,ENSG00000164587,-0.062065794414887,-0.0891979767163517
BC23567,BC23567_E2,ENSG00000075624,0.0331899071282968,0.0401453338899745
BC23567,BC23567_E2,ENSG00000197756,-0.0062409671303911,-0.01398242199387
BC23567,BC23567_E2,ENSG00000254709,0.1333790206921472,0.2120241017448316
BC23567,BC23567_E2,ENSG00000108107,0.113140567117568,0.1332515466549131
BC23567,BC23567_E2,ENSG00000105372,-0.0544032631356641,-0.0489643277059566
BC23567,BC23567_E2,ENSG00000161016,0.0395562787683603,0.0809121964245865
BC23567,BC23567_E2,ENSG00000167526,0.129324591709451,0.1327083275571076
BC23567,BC23567_E2,ENSG00000087086,0.1171558306422299,0.1612151183382829
BC23567,BC23567_E2,ENSG00000130255,0.0758663333801322,0.0906962859106601
BC23567,BC23567_E2,ENSG00000108298,-0.0578312504237997,-0.0922776010768269
BC23567,BC23567_E2,ENSG00000108518,0.0748165013307952,0.1073382958538335
BC23567,BC23567_E2,ENSG00000141736,0.0379852647312941,0.0391782876311671
BC23567,BC23567_E2,ENSG00000149273,-0.0609276825861544,-0.0456391684219501
BC23567,BC23567_E2,__ambiguous[ENSG00000251357+ENSG00000240972],0.00040427037845,0.0154955519236725
BC23567,BC23567_E2,ENSG00000136942,0.0560495467045416,0.0954882390200977
BC23567,BC23567_E2,ENSG00000063177,0.0181827649444467,0.0321808777383493
BC23567,BC23567_E2,ENSG00000197746,0.1677882270981041,0.2057524809113197
BC23567,BC23567_E2,ENSG00000140264,0.0336370874169945,0.0407371607683465
BC23567,BC23567_E2,ENSG00000105193,0.0497981919629579,0.0520285704336334
BC23567,BC23567_E2,ENSG00000167996,0.0598705558782839,0.0613642192408069
BC23567,BC23567_E2,ENSG00000109062,0.0062199465835545,0.0106704960353994
BC23567,BC23567_E2,ENSG00000142541,-0.0285375948878779,-0.0358157279054667
BC23567,BC23567_E2,ENSG00000117984,0.0877900831523272,0.1089640318271055
BC23567,BC23567_E2,ENSG00000179218,0.044302772725096,0.0478112751780343
BC23567,BC23567_E2,ENSG00000140988,-0.0451180260693066,-0.049176644927768
BC23567,BC23567_E2,ENSG00000142534,-0.1247980196607684,-0.1326933958431059
BC23567,BC23567_E2,ENSG00000204628,0.0165834417599159,0.0098540190359984
BC23567,BC23567_E2,ENSG00000221983,0.0860697086911611,0.1269640165654294
BC23567,BC23567_E2,ENSG00000111341,-0.0447111305872853,-0.0397895224265717
BC23567,BC23567_E2,ENSG00000089157,-0.0424440608180854,-0.0535374364110462
BC23567,BC23567_E2,ENSG00000166441,0.0575570333192213,0.0536899185152041
BC23567,BC23567_E2,ENSG00000171858,-0.0655892618023421,-0.1012481008066813
BC23567,BC23567_E2,ENSG00000147403,0.0709328079023489,0.0932557921184466
BC23567,BC23567_E2,ENSG00000180879,0.1245242531686284,0.200617292505003
BC23567,BC23567_E2,ENSG00000213741,0.0772503282603388,0.1079344105921623
BC23567,BC23567_E2,ENSG00000115268,0.0718729610207525,0.0531150511455711
BC23567,BC23567_E2,ENSG00000233927,0.119729339160333,0.122974013326723
BC23567,BC23567_E2,ENSG00000185624,-0.0560768797796902,-0.0661755841055427
BC23567,BC23567_E2,ENSG00000112306,-0.0020498254437409,-0.0172363090947248
BC23567,BC23567_E2,ENSG00000105640,0.0069042431994165,0.025630430740137
BC23567,BC23567_E2,ENSG00000182774,0.0196343969950975,0.0256689528800919
BC23567,BC23567_E2,ENSG00000234745,-0.0418488520054496,-0.0396043323361583
BC23567,BC23567_E2,ENSG00000130203,0.3225699985982485,0.3847178945030178
BC23567,BC23567_E2,ENSG00000149806,0.0635543356005546,0.0636892249139011
BC23567,BC23567_E2,ENSG00000198034,-0.0380252000717087,-0.0417083903706772
BC23567,BC23567_E2,ENSG00000142676,-0.0426456680807394,-0.0420082548448218
BC23567,BC23567_E2,ENSG00000101439,-0.0225102467726077,0.0145222961783302
BC23567,BC23567_E2,ENSG00000172809,-0.0638842799941648,-0.0450376410517303
BC23567,BC23567_E2,ENSG00000177954,0.1148445793574434,0.1495260374575567
BC23567,BC23567_E2,ENSG00000100316,-0.0213696632454136,-0.0474438935468802
BC23567,BC23567_E2,ENSG00000184009,0.0753529392047323,0.1011042920861827
BC23567,BC23567_E2,ENSG00000170889,0.0923488308094383,0.0861469882175366
BC23567,BC23567_E2,ENSG00000019582,0.1218690957378385,0.1376739842120438
BC23567,BC23567_E2,ENSG00000172757,-0.0527469626956105,-0.0632578462722322
BC23567,BC23567_E2,ENSG00000142937,-0.0732431830359911,-0.091127130719886
BC23567,BC23567_E2,ENSG00000137154,-0.0193025951174344,-0.0036491461959853
BC23567,BC23567_E2,ENSG00000125691,-0.1600350411340835,-0.2565168718821138
BC23567,BC23567_E2,ENSG00000167995,0.1346985620156557,0.1808081233315194
BC23567,BC23567_E2,ENSG00000083845,-0.1082876373564705,-0.1345292571801903
BC23567,BC23567_E2,ENSG00000204525,-0.0738552541663694,-0.0867453904095076
BC23567,BC23567_E2,ENSG00000156482,-0.1178899697883402,-0.0997390682637867
BC23567,BC23567_E2,ENSG00000108821,0.225017349345873,0.2536932173857181
BC23567,BC23567_E2,__ambiguous[ENSG00000254772+ENSG00000255508],-0.0663139883596583,-0.0639332216454465
BC23567,BC23567_E2,ENSG00000197958,-0.0474320737152621,-0.0565509075649892
BC23567,BC23567_E2,ENSG00000169710,0.0579120667184889,0.0717330277665428
BC23567,BC23567_E2,ENSG00000163191,-0.0401131058641706,-0.0230620778990189
BC23567,BC23567_E2,ENSG00000198242,-0.0364827337314817,-0.0593602064051493
BC23567,BC23567_E2,ENSG00000149925,-0.0398789445652432,-0.0167014006245273
BC23567,BC23567_E2,ENSG00000162244,-0.0258137263839392,-0.0154865041983703
BC23567,BC23567_E2,ENSG00000185499,0.0849747460660973,0.0958316092359284
BC23567,BC23567_E2,ENSG00000167468,-0.0378821292153386,-0.031480403809087
BC23567,BC23567_E2,ENSG00000148303,-0.0341713496956371,-0.0450098078997283
BC23567,BC23567_E2,__ambiguous[ENSG00000185883+ENSG00000260272],0.0286127461482189,0.0771334925017735
BC23567,BC23567_E2,ENSG00000115457,0.0149966377682415,0.0364251628730708
BC23567,BC23567_E2,ENSG00000131469,0.0061774532942871,0.008464906153237
BC23567,BC23567_E2,ENSG00000167658,0.0423195882837898,0.0682464763779543
BC23567,BC23567_E2,ENSG00000174748,-0.0059468904599073,-0.0169853866310065
BC23567,BC23567_E2,ENSG00000144713,-0.0758370206607504,-0.1194948116909985
BC23567,BC23567_E2,ENSG00000143947,0.0130701591622461,0.0203484566149508
BC23567,BC23567_E2,ENSG00000135404,-0.1059681160036862,-0.1405592226103205
BC23567,BC23567_E2,ENSG00000145592,-0.0493570017776867,-0.0497182336200738
BC23567,BC23567_E2,ENSG00000204592,0.1358116944551659,0.1951835519495483
BC23567,BC23567_E2,ENSG00000224389,0.0217828546358741,0.0181188865073713
BC23567,BC23567_E2,ENSG00000108639,-0.0051210408150109,-0.0068054109537835
BC23567,BC23567_E2,ENSG00000107223,0.0103435230261039,0.0546568063619548
BC23567,BC23567_E2,ENSG00000206503,-0.0243531186384506,-0.0279498499927258
BC23567,BC23567_E2,ENSG00000279483,0.1036901049091539,0.120318270617547
BC23567,BC23567_E2,__ambiguous[ENSG00000243678+ENSG00000011052],-0.0078336434473083,0.0046350864662032
BC23567,BC23567_E2,ENSG00000165949,-0.0462518176685772,-0.0149331340118458
BC23567,BC23567_E2,ENSG00000231925,0.0610477855850652,0.1074111587304176
BC23567,BC23567_E2,ENSG00000110651,0.1163153294765944,0.1332302121037671
BC23567,BC23567_E2,ENSG00000152082,0.0019859295055649,-1.2176196123183811e-05
BC23567,BC23567_E2,ENSG00000106624,0.3477160430364409,0.3984553873382117
BC23567,BC23567_E2,ENSG00000172531,0.1168935579220527,0.1602098115692036
BC23567,BC23567_E2,ENSG00000166710,0.0458534234753487,0.0196115141264894
BC23567,BC23567_E2,ENSG00000115884,0.1383906796555833,0.1730521565535024
BC23567,BC23567_E2,ENSG00000106211,-0.0184322346203111,-0.0186852222141423
BC23567,BC23567_E2,ENSG00000070756,-0.0435150556361183,-0.0310068999743626
BC23567,BC23567_E2,ENSG00000108679,0.0949463408548082,0.1227008221777842
BC23567,BC23567_E2,ENSG00000108344,0.0321315037432606,0.0523001138100336
BC23567,BC23567_E2,ENSG00000118181,-0.0107677352526627,-0.0117004551987951
BC23567,BC23567_E2,ENSG00000071082,-0.027185309186191,-0.0090136449248489
BC23567,BC23567_E2,ENSG00000133112,0.0176132226037295,-0.0166934408754149
BC23567,BC23567_E2,__ambiguous[ENSG00000185885+ENSG00000185201],0.0578159274493621,0.074102725247369
BC23567,BC23567_E2,ENSG00000092841,0.0372161970780833,0.0258733316402874
BC23567,BC23567_E2,__ambiguous[ENSG00000257341+ENSG00000213145],0.0181164590940934,0.0271553894963324
BC23567,BC23567_E2,ENSG00000104904,0.0094276118765956,0.0478242382448439
BC23567,BC23567_E2,ENSG00000130303,0.0717209848136557,0.0866787545975455
BC23567,BC23567_E2,ENSG00000158710,-0.0171183301756582,-0.007294938672694
BC23567,BC23567_E2,ENSG00000141741,0.0712248969106226,0.1126756045734595
BC23567,BC23567_E2,ENSG00000185825,-0.0280734743105382,-0.0088094077874401
BC23567,BC23567_E2,__ambiguous[ENSG00000124614+ENSG00000270800],0.111894820049943,0.0984799866571365
BC23567,BC23567_E2,ENSG00000205542,0.0360340507426111,0.0400505009034738
BC23567,BC23567_E2,ENSG00000246705,0.0086314244310181,0.0516195534092085
BC23567,BC23567_E2,ENSG00000074800,-0.016112618389325,-0.0353744116978628
BC23567,BC23567_E2,ENSG00000150991,0.0228394654838152,0.0039898571198292
BC23567,BC23567_E2,ENSG00000111057,-0.0366144736880502,-0.0200404778612351
BC23567,BC23567_E2,ENSG00000178719,0.0334155723494856,0.0558487793192061
BC23567,BC23567_E2,ENSG00000169100,-0.0222513183137397,-0.0231739268676138
BC23567,BC23567_E2,ENSG00000255823,0.1570893176788162,0.1745606647008768
BC23567,BC23567_E2,ENSG00000117410,0.0928509572948669,0.1148242287530525
BC23567,BC23567_E2,ENSG00000126267,0.0196691555041093,0.0420639555185095
BC23567,BC23567_E2,ENSG00000149591,0.2197900957037298,0.2639174144401619
BC23567,BC23567_E2,ENSG00000142669,0.130262718273084,0.1699132156121023
BC23567,BC23567_E2,ENSG00000115414,0.0789175647254667,0.071232019943471
BC23567,BC23567_E2,ENSG00000030582,-0.0565143259876741,-0.0961463720429606
BC23567,BC23567_E2,__ambiguous[ENSG00000273259+ENSG00000196136],0.0299650947874305,0.0358718870472786
BC23567,BC23567_E2,ENSG00000163682,-0.0607324215265586,-0.0782061650249698
BC23567,BC23567_E2,ENSG00000117450,0.0167192584366842,0.0064373468070707
BC23567,BC23567_E2,ENSG00000160862,-0.0004355591449007,0.0070007235759959
BC23567,BC23567_E2,ENSG00000182809,0.0499969152835949,0.0490952887268688
BC23567,BC23567_E2,ENSG00000145425,0.0372923297683649,0.0496135775319661
BC23567,BC23567_E2,ENSG00000102265,0.261518117899858,0.297608063712886
BC23567,BC23567_E2,ENSG00000125534,-0.0477926554365497,-0.0688913412237505
BC23567,BC23567_E2,ENSG00000269028,0.109829189926595,0.1528867147341292
BC23567,BC23567_E2,ENSG00000187514,-0.0822601108579328,-0.1030080121884014
BC23567,BC23567_E2,ENSG00000124664,0.1032713640317924,0.1011553495341559
BC23567,BC23567_E2,ENSG00000143774,0.0626146537773846,0.0675267715715021
BC23567,BC23567_E2,ENSG00000142089,-0.0050748004156867,-0.0412681762128714
BC23567,BC23567_E2,ENSG00000251562,0.1628579895219629,0.2112208259810664
BC23567,BC23567_E2,ENSG00000160789,0.1501184294245494,0.1414128971192399
BC23567,BC23567_E2,ENSG00000272196,-0.0271263542163227,-0.0088058390687185
BC23567,BC23567_E2,ENSG00000124614,-0.0471830081080921,-0.0658519188602273
BC23567,BC23567_E2,ENSG00000127540,-0.0985782793557333,-0.1000353393147078
BC23567,BC23567_E2,ENSG00000182492,0.276795015199101,0.3366152264210189
BC23567,BC23567_E2,ENSG00000138326,0.0043095378617754,-0.0089909853714988
BC23567,BC23567_E2,ENSG00000182899,0.0823857550554055,0.0887634872534438
BC23567,BC23567_E2,ENSG00000144426,0.0032118329583848,-0.0038606281200574
BC23567,BC23567_E2,ENSG00000130208,0.0795676907893391,0.0989913255421128
BC23567,BC23567_E2,ENSG00000071553,-0.0031164753385556,-0.0052230748775216
BC23567,BC23567_E2,ENSG00000164733,-0.0203372255207658,-0.007623702188911
BC23567,BC23567_E2,ENSG00000176340,0.0069753347599275,0.0206821521861455
BC23567,BC23567_E2,ENSG00000008988,-0.0044900033033531,-0.0149704254956079
BC23567,BC23567_E2,ENSG00000170315,-0.0609424462271241,-0.0799665405875876
BC23567,BC23567_E2,ENSG00000165215,-0.1084325849716905,-0.1166168185422201
BC23567,BC23567_E2,ENSG00000103363,-0.0294979658329897,-0.0117330761114438
BC23567,BC23567_E2,ENSG00000277972,0.0640070916305961,0.0750798190315404
BC23567,BC23567_E2,ENSG00000204287,0.0375343716325971,0.0518923506640391
BC23567,BC23567_E2,ENSG00000162511,0.2196275558852359,0.2548384919656066
BC23567,BC23567_E2,ENSG00000164692,0.2129572045168072,0.2768029487101974
BC23567,BC23567_E2,__ambiguous[ENSG00000277957+ENSG00000161960],0.0377860257734287,0.0165110947401325
BC23567,BC23567_E2,ENSG00000173372,0.0381443248463794,0.0383983134666146
BC23567,BC23567_E2,ENSG00000052344,6.856423565474321e-06,-0.0298642400224772
BC23567,BC23567_E2,ENSG00000184897,-0.0392747413937034,-0.0790085274112712
BC23567,BC23567_E2,ENSG00000026025,0.0990903367634262,0.1268315176587227
BC23567,BC23567_E2,ENSG00000142949,0.0311263558683974,0.0287619357248771
BC23567,BC23567_E2,ENSG00000196924,0.1032528177280462,0.1274014239672029
BC23567,BC23567_E2,ENSG00000105223,0.1109732393105332,0.1147839414385692
BC23567,BC23567_E2,ENSG00000114353,0.108915626410195,0.1289665673571304
BC23567,BC23567_E2,ENSG00000172354,0.0186430440694339,0.0180270817637703
BC23567,BC23567_E2,ENSG00000178980,-0.0290723359880565,-0.0241177618527672
BC23567,BC23567_E2,ENSG00000111669,0.0257360256612895,0.0244367485197035
BC23567,BC23567_E2,ENSG00000141522,0.0253428313317573,0.0401209255195495
BC23567,BC23567_E2,ENSG00000277791,0.072424733700755,0.0963171668029411
BC23567,BC23567_E2,ENSG00000188846,0.0058747549085782,-0.0164853306634198
BC23567,BC23567_E2,ENSG00000164919,0.0104628275167765,0.0052898065048918
BC23567,BC23567_E2,ENSG00000104529,0.008540598267782,0.012413215448105
BC23567,BC23567_E2,__ambiguous[ENSG00000241343+ENSG00000257529],0.0134365613045647,0.0051494772277375
BC23567,BC23567_E2,ENSG00000167815,-0.0160296816983049,-0.0147143070710885
BC23567,BC23567_E2,__ambiguous[ENSG00000262526+ENSG00000170296],0.0155765752519786,0.033518115900952
BC23567,BC23567_E2,ENSG00000135480,0.0874981095907153,0.109005553973658
BC23567,BC23567_E2,ENSG00000100219,0.0027422126755008,-0.0229312914196738
BC23567,BC23567_E2,ENSG00000174444,-0.0353440696541017,-0.0374619747790647
BC23567,BC23567_E2,ENSG00000160180,-0.0520986722763558,-0.0617678764102492
BC23567,BC23567_E2,ENSG00000178952,0.032957615459583,0.0424879394161344
BC23567,BC23567_E2,ENSG00000173272,0.0352243341146769,0.0392350209174243
BC23567,BC23567_E2,ENSG00000114867,0.0359719684399928,0.0605614029654611
BC23567,BC23567_E2,ENSG00000125730,0.2283966168298033,0.2767919666378131
BC23567,BC23567_E2,ENSG00000087460,0.1117662660736218,0.1096412352993731
BC23567,BC23567_E2,ENSG00000186468,0.0377399025662378,0.0655907876635925
BC23567,BC23567_E2,ENSG00000155366,-0.0055621982020612,0.011070913238624
BC23567,BC23567_E2,ENSG00000169223,-0.0785099131539684,-0.0528425430707098
BC23567,BC23567_E2,ENSG00000123349,0.0653102536561301,0.0920212790437863
BC23567,BC23567_E2,ENSG00000163479,0.0196867174355293,0.0299430494564385
BC23567,BC23567_E2,ENSG00000126247,-0.066456189129071,-0.0508840312763246
BC23567,BC23567_E2,ENSG00000213988,-0.0627816228295534,-0.0807884560715311
BC23567,BC23567_E2,ENSG00000279274,0.1798917433183681,0.179164306888052
BC23567,BC23567_E2,ENSG00000131143,0.0018797154829754,0.0323047455498089
BC23567,BC23567_E2,ENSG00000058262,0.0961325244632766,0.1315245852639722
BC23567,BC23567_E2,ENSG00000124172,0.1290686442601822,0.1379056065137963
BC23567,BC23567_E2,ENSG00000114391,-0.0402517869305551,-0.0486334178601162
BC23567,BC23567_E2,ENSG00000170421,0.0707583388129165,0.0802648008329934
BC23567,BC23567_E2,ENSG00000163220,-0.0017868873393404,0.0160853748010991
BC23567,BC23567_E2,ENSG00000171863,-0.025606498499037,-0.0434087389224024
BC23567,BC23567_E2,ENSG00000134419,-0.0369239533022455,-0.0364657586717361
BC23567,BC23567_E2,__ambiguous[ENSG00000219200+ENSG00000161939],0.040025679665233,0.0623419510107032
BC23567,BC23567_E2,ENSG00000173801,0.0498323928129145,0.0674898622656052
BC23567,BC23567_E2,ENSG00000163399,0.0337032731956858,0.0613966122895439
BC23567,BC23567_E2,ENSG00000104964,2.992232954542696e-05,0.0018811389051863
BC23567,BC23567_E2,ENSG00000135390,0.0210787450178036,0.0469455113080727
BC23567,BC23567_E2,ENSG00000132475,0.0541275428704164,0.0545543377220506
BC23567,BC23567_E2,ENSG00000100300,0.0043636500431742,0.0130947754232282
BC23567,BC23567_E2,ENSG00000051523,0.1892261071664497,0.2505329175029777
BC23567,BC23567_E2,ENSG00000147604,-0.0357903570237766,-0.0372250127252539
BC23567,BC23567_E2,ENSG00000142173,0.1676566277241665,0.2051496752105247
BC23567,BC23567_E2,ENSG00000196576,-0.0331884618401634,-0.0527404113921159
BC23567,BC23567_E2,ENSG00000141753,0.226886047760519,0.2814772853616061
BC23567,BC23567_E2,ENSG00000214530,-0.0265100690912824,-0.032995140925637
BC23567,BC23567_E2,ENSG00000143420,0.0587333906656035,0.0368764038983485
BC23567,BC23567_E2,ENSG00000161960,0.0480873228182738,0.0554127627760926
BC23567,BC23567_E2,ENSG00000197956,0.0525512239280277,0.0493098371652364
BC23567,BC23567_E2,ENSG00000101335,0.1302410617560982,0.1643902304082162
BC23567,BC23567_E2,ENSG00000096384,0.1755971480830536,0.1982822325354411
BC23567,BC23567_E2,ENSG00000123416,0.0143926513423159,-0.0022952881187807
BC23567,BC23567_E2,ENSG00000113140,0.1701839703682753,0.2129198480321426
BC23567,BC23567_E2,ENSG00000177700,-0.0225885018559399,-0.0368569618109166
BC23567,BC23567_E2,ENSG00000131748,0.0583427365846976,0.0664404181486481
BC23567,BC23567_E2,ENSG00000229117,0.0345431823149672,0.0485975190354042
BC23567,BC23567_E2,ENSG00000172270,0.053670943590794,0.0730221471604423
BC23567,BC23567_E2,ENSG00000125970,0.0807285673952918,0.1014795855153663
BC23567,BC23567_E2,ENSG00000011304,0.0120523565816876,0.0128247179412555
BC23567,BC23567_E2,ENSG00000159840,0.1347199372000873,0.170190928584371
BC23567,BC23567_E2,ENSG00000147684,0.0466823098473484,0.0238686315368265
BC23567,BC23567_E2,ENSG00000186010,0.0535111928198244,0.0904093779317839
BC23567,BC23567_E2,ENSG00000110092,0.0178687634355553,0.0109379917542757
BC23567,BC23567_E2,ENSG00000135940,-0.0487323735299929,-0.0458645268986551
BC23567,BC23567_E2,ENSG00000106153,0.0602677489080688,0.0611449481486062
BC23567,BC23567_E2,ENSG00000174886,0.0220155190406442,0.0238473957510137
BC23567,BC23567_E2,ENSG00000130725,0.0350463101044866,0.0452799504157442
BC23567,BC23567_E2,ENSG00000196405,0.041651611371532,0.050389711480784
BC23567,BC23567_E2,ENSG00000176046,0.0810598841460175,0.1031910838535278
BC23567,BC23567_E2,ENSG00000109475,0.0925587257585145,0.0618091291781244
BC23567,BC23567_E2,ENSG00000196230,-0.0397054267280584,-0.0442225210981005
BC23810,BC23810_D2,ENSG00000034510,0.2247698984652445,0.2274850241844383
BC23810,BC23810_D2,ENSG00000254709,0.0311725232404418,0.0304964391498802
BC23810,BC23810_D2,ENSG00000111640,0.1635295219244586,0.2037417603948355
BC23810,BC23810_D2,ENSG00000137818,0.128485154081261,0.1414942559564043
BC23810,BC23810_D2,ENSG00000171345,0.0418369036248994,0.0492929035905318
BC23810,BC23810_D2,ENSG00000177600,0.0837409116835087,0.0847356507581441
BC23810,BC23810_D2,ENSG00000108298,-0.1144017435649711,-0.1073219717457129
BC23810,BC23810_D2,ENSG00000164587,0.0819244385123311,0.1016173785528884
BC23810,BC23810_D2,ENSG00000231500,0.1082447575682866,0.1352002319116846
BC23810,BC23810_D2,ENSG00000108107,0.0272238942157908,0.0378839167414686
BC23810,BC23810_D2,ENSG00000075624,0.0871356809486662,0.1160539536702462
BC23810,BC23810_D2,ENSG00000161016,0.0233681577008923,0.0141887209479242
BC23810,BC23810_D2,ENSG00000105372,-0.020570389026682,-0.0381451733794284
BC23810,BC23810_D2,ENSG00000197756,0.0457534476258864,0.0417502483987585
BC23810,BC23810_D2,ENSG00000108518,0.0553502947579054,0.0765009082521178
BC23810,BC23810_D2,ENSG00000087086,0.292067543220304,0.3256507574423377
BC23810,BC23810_D2,ENSG00000117984,-0.0495471373180105,-0.0614421211662999
BC23810,BC23810_D2,ENSG00000130255,0.1109589117081562,0.1166957562808243
BC23810,BC23810_D2,ENSG00000167526,-0.0299189177010349,-0.0479757145428393
BC23810,BC23810_D2,__ambiguous[ENSG00000251357+ENSG00000240972],0.0351632395471806,0.0571825149897927
BC23810,BC23810_D2,ENSG00000136942,0.0182451492037527,0.0111588183837776
BC23810,BC23810_D2,ENSG00000141736,0.1792433475118471,0.216902153846115
BC23810,BC23810_D2,ENSG00000180879,0.0169041783027838,0.0098096414320373
BC23810,BC23810_D2,ENSG00000179218,-0.038743809739265,-0.03126129706115
BC23810,BC23810_D2,ENSG00000197746,0.1724534740213427,0.2142943129398895
BC23810,BC23810_D2,ENSG00000149273,0.0823534440791167,0.0933436357282832
BC23810,BC23810_D2,ENSG00000063177,-0.0833014873215138,-0.1031891559896874
BC23810,BC23810_D2,ENSG00000140264,0.0627501243815853,0.0851634170688691
BC23810,BC23810_D2,ENSG00000234745,0.1880805141499852,0.24046224737553
BC23810,BC23810_D2,ENSG00000204628,-0.0011863813265758,-0.0158832551304397
BC23810,BC23810_D2,ENSG00000185624,0.0109617941131214,0.0276979998023799
BC23810,BC23810_D2,ENSG00000130203,0.1216839884363368,0.1566514323260046
BC23810,BC23810_D2,ENSG00000105193,0.0454047726758983,0.061003671769245
BC23810,BC23810_D2,ENSG00000221983,0.0320624729743524,0.0339423561851571
BC23810,BC23810_D2,ENSG00000142534,-0.0569631233853088,-0.0767454246095641
BC23810,BC23810_D2,ENSG00000142541,-0.0175003893302235,-0.0254299960460478
BC23810,BC23810_D2,ENSG00000166441,0.0148351894221204,0.015730551726688
BC23810,BC23810_D2,ENSG00000167996,0.091333003896612,0.1249213989428154
BC23810,BC23810_D2,ENSG00000125691,-0.1710556427732352,-0.1731406574299427
BC23810,BC23810_D2,ENSG00000147403,0.0327566262356078,0.0257506346365066
BC23810,BC23810_D2,ENSG00000171858,0.1337350967081589,0.1284268900196035
BC23810,BC23810_D2,ENSG00000140988,0.1606188144741926,0.1914986182466097
BC23810,BC23810_D2,ENSG00000105640,0.0901232094666889,0.094078702961866
BC23810,BC23810_D2,ENSG00000089157,0.124379101953537,0.1489785064351668
BC23810,BC23810_D2,ENSG00000213741,0.1382803389825764,0.1744868348021985
BC23810,BC23810_D2,ENSG00000149806,-0.0773735650844375,-0.086118528314747
BC23810,BC23810_D2,ENSG00000204525,0.1802405636387497,0.2180315518354037
BC23810,BC23810_D2,ENSG00000177954,0.1107787520888947,0.139716603675717
BC23810,BC23810_D2,ENSG00000224389,0.0548170353317171,0.0449251883028847
BC23810,BC23810_D2,ENSG00000101439,0.0055073157797799,0.0284680825925696
BC23810,BC23810_D2,ENSG00000182774,0.0962915485588411,0.1149119934142584
BC23810,BC23810_D2,ENSG00000115268,0.0271975204119189,-0.0075993555882886
BC23810,BC23810_D2,ENSG00000165949,-0.0411542215963786,-0.0416844576627349
BC23810,BC23810_D2,ENSG00000112306,0.1033710822871857,0.1234899235902123
BC23810,BC23810_D2,ENSG00000108821,0.011802090731066,0.0110802516574578
BC23810,BC23810_D2,ENSG00000204592,-0.0294794797509791,-0.031115606715689
BC23810,BC23810_D2,ENSG00000111341,0.1366123357340503,0.1608809501904539
BC23810,BC23810_D2,ENSG00000109062,-0.1324275443592158,-0.1235533234624842
BC23810,BC23810_D2,ENSG00000233927,0.0740700182499378,0.0667792768310503
BC23810,BC23810_D2,ENSG00000019582,0.2210327358721051,0.2797620445147331
BC23810,BC23810_D2,ENSG00000198034,0.0382782884694378,0.0501721653004543
BC23810,BC23810_D2,ENSG00000142676,-0.0718395953084545,-0.0803828062807588
BC23810,BC23810_D2,ENSG00000170889,0.0654110316207156,0.0792569278880843
BC23810,BC23810_D2,ENSG00000231925,0.0323089006815356,0.0368135134716784
BC23810,BC23810_D2,ENSG00000172757,0.009009991853586,0.01875816786459
BC23810,BC23810_D2,ENSG00000135404,-0.1767402540770914,-0.2249528664841402
BC23810,BC23810_D2,ENSG00000184009,0.002598701541186,-0.0023123108166531
BC23810,BC23810_D2,ENSG00000106624,0.0717744422246583,0.0820419732543704
BC23810,BC23810_D2,__ambiguous[ENSG00000185883+ENSG00000260272],0.0861468987890675,0.0868506274531167
BC23810,BC23810_D2,ENSG00000185499,-0.0179078615413832,-0.0216986446763575
BC23810,BC23810_D2,__ambiguous[ENSG00000185885+ENSG00000185201],-0.0301964044014712,-0.0304363353199795
BC23810,BC23810_D2,ENSG00000100316,0.0048657104938791,0.0068890521742527
BC23810,BC23810_D2,ENSG00000167995,-0.0627833092796472,-0.0591687192733772
BC23810,BC23810_D2,ENSG00000246705,0.0057759492232778,0.02230484040087
BC23810,BC23810_D2,ENSG00000083845,-0.0670702201596267,-0.081159547448658
BC23810,BC23810_D2,ENSG00000137154,-0.0128324628807028,0.0287873907101806
BC23810,BC23810_D2,ENSG00000163220,0.0318739481810544,0.0193768754909566
BC23810,BC23810_D2,ENSG00000206503,-0.0287876640140894,-0.0351153074201166
BC23810,BC23810_D2,ENSG00000166710,0.1017994759608806,0.1226370628178422
BC23810,BC23810_D2,ENSG00000167468,0.0482096752413744,0.0381498989308608
BC23810,BC23810_D2,ENSG00000107223,0.0863610289403337,0.0931129708301139
BC23810,BC23810_D2,ENSG00000108639,-0.0538994605545479,-0.0659747332753231
BC23810,BC23810_D2,__ambiguous[ENSG00000254772+ENSG00000255508],0.0332663569095275,0.024167569440145
BC23810,BC23810_D2,ENSG00000172531,0.0283858450971986,0.029413932989902
BC23810,BC23810_D2,ENSG00000131469,0.0993092128035417,0.1027791160621754
BC23810,BC23810_D2,ENSG00000172809,0.1259517027035914,0.1254175441397057
BC23810,BC23810_D2,ENSG00000163191,0.118149901971705,0.1250406998453465
BC23810,BC23810_D2,ENSG00000169710,0.0214269084197446,0.019594239105989
BC23810,BC23810_D2,ENSG00000149925,-0.0249618112934422,-0.0229979015109425
BC23810,BC23810_D2,ENSG00000115884,0.0650615515823676,0.0595013614396002
BC23810,BC23810_D2,ENSG00000185825,0.0678547442901123,0.0767963965334788
BC23810,BC23810_D2,ENSG00000144713,-0.1028925013296027,-0.1341572000851144
BC23810,BC23810_D2,ENSG00000108679,0.0009550672727046,-0.0056869878637303
BC23810,BC23810_D2,ENSG00000156482,0.0472781936773777,0.0462219183484549
BC23810,BC23810_D2,ENSG00000142937,0.1243759892235749,0.1545386829633393
BC23810,BC23810_D2,ENSG00000197958,0.1223086859059503,0.1145986262965382
BC23810,BC23810_D2,ENSG00000130303,-0.0027891881624742,0.012251165525419
BC23810,BC23810_D2,ENSG00000143947,0.0317001457492951,0.0648018249313259
BC23810,BC23810_D2,ENSG00000106211,-0.0416269672591641,-0.0325135588569658
BC23810,BC23810_D2,ENSG00000104904,0.0351969251203452,0.0381782421085992
BC23810,BC23810_D2,ENSG00000148303,-0.1095482301833924,-0.1443631657338968
BC23810,BC23810_D2,__ambiguous[ENSG00000257341+ENSG00000213145],-0.0010552351665368,0.0082843599152249
BC23810,BC23810_D2,ENSG00000162244,0.0408369481258998,0.0151394111990135
BC23810,BC23810_D2,ENSG00000167658,0.0212806811748816,0.0308562145109857
BC23810,BC23810_D2,ENSG00000152082,-0.0493058860022428,-0.0511884408943798
BC23810,BC23810_D2,ENSG00000158710,0.0019824411236199,0.0172081076946836
BC23810,BC23810_D2,ENSG00000178719,-0.0510288290732236,-0.0289174753140101
BC23810,BC23810_D2,ENSG00000115457,-0.040920250816239,-0.0215059872804725
BC23810,BC23810_D2,ENSG00000160862,-0.0311888515526228,-0.0288359239797176
BC23810,BC23810_D2,ENSG00000030582,-0.0516598323411771,-0.0689690447314998
BC23810,BC23810_D2,ENSG00000149591,-0.0189995438462426,-0.0148987821784746
BC23810,BC23810_D2,ENSG00000174748,-0.012942123118702,-0.0016587688252316
BC23810,BC23810_D2,ENSG00000279483,0.050859465039982,0.0646286328834445
BC23810,BC23810_D2,ENSG00000110651,0.051449219214357,0.0759128476700267
BC23810,BC23810_D2,ENSG00000182492,-0.0085582213074829,0.0171521645699845
BC23810,BC23810_D2,ENSG00000142089,0.0052137573331826,0.0174945583368377
BC23810,BC23810_D2,ENSG00000117410,0.0144091545848345,0.0231242720153451
BC23810,BC23810_D2,ENSG00000108344,0.0286217275950624,0.0199299031062795
BC23810,BC23810_D2,ENSG00000165215,-0.0408060712506705,-0.0487902709073231
BC23810,BC23810_D2,__ambiguous[ENSG00000273259+ENSG00000196136],-0.006312054006577,-0.0112003372285268
BC23810,BC23810_D2,ENSG00000092841,-0.0242324984119146,-0.0116623437474542
BC23810,BC23810_D2,ENSG00000255823,0.1978991063697059,0.2147057136920246
BC23810,BC23810_D2,ENSG00000198242,0.153249403435618,0.1400958163975206
BC23810,BC23810_D2,ENSG00000102265,0.0653573745966078,0.0612972980600635
BC23810,BC23810_D2,ENSG00000071553,0.0565508660336128,0.0499165593469539
BC23810,BC23810_D2,ENSG00000145592,0.1371854492471052,0.129555461401618
BC23810,BC23810_D2,ENSG00000074800,-0.0142738745479953,-0.0045164008442342
BC23810,BC23810_D2,ENSG00000142669,0.0809979411488004,0.0754926743325076
BC23810,BC23810_D2,ENSG00000173372,-0.0046390587005922,0.0021768655304645
BC23810,BC23810_D2,ENSG00000196924,0.0422275269787572,0.030563868837587
BC23810,BC23810_D2,ENSG00000118181,0.0890085767838982,0.1251817144948182
BC23810,BC23810_D2,ENSG00000051523,-0.0181067711304666,-0.0050385218543317
BC23810,BC23810_D2,ENSG00000269028,0.1576083013444426,0.1706216064354503
BC23810,BC23810_D2,ENSG00000277972,0.0866636791215066,0.1075187255742899
BC23810,BC23810_D2,__ambiguous[ENSG00000124614+ENSG00000270800],0.0175263631185659,0.0335519091722145
BC23810,BC23810_D2,ENSG00000111057,0.0106226767908595,0.0031565208927563
BC23810,BC23810_D2,ENSG00000162511,0.0366178934052523,0.0253640941739524
BC23810,BC23810_D2,ENSG00000130208,0.0434523801656836,0.0432661838066778
BC23810,BC23810_D2,ENSG00000141741,0.1185345564763391,0.1362638862435108
BC23810,BC23810_D2,ENSG00000126267,0.042706592452356,0.0637205133694409
BC23810,BC23810_D2,ENSG00000141522,0.0094293546355756,0.0361962796514295
BC23810,BC23810_D2,ENSG00000117450,-0.0410567930267873,-0.0845055052989495
BC23810,BC23810_D2,ENSG00000150991,0.168829749843014,0.1722980480285093
BC23810,BC23810_D2,ENSG00000125534,0.1091640161157581,0.119980539857715
BC23810,BC23810_D2,ENSG00000105223,0.0179102211522826,-0.0034795059775033
BC23810,BC23810_D2,ENSG00000143774,-0.0282507264193663,-0.007466422499063
BC23810,BC23810_D2,ENSG00000164692,-0.0019236931962363,-0.0191931292293121
BC23810,BC23810_D2,ENSG00000124614,0.0401406078718167,0.0374224394519197
BC23810,BC23810_D2,ENSG00000142173,0.0405225596566146,0.0488125318446848
BC23810,BC23810_D2,ENSG00000169223,9.8050859295498e-05,0.0188604087961157
BC23810,BC23810_D2,ENSG00000160789,0.0578861636463259,0.0674978385372354
BC23810,BC23810_D2,ENSG00000115414,-0.0597457659086042,-0.0610877624184867
BC23810,BC23810_D2,ENSG00000058262,0.0051216997134307,0.0134687913562075
BC23810,BC23810_D2,ENSG00000124664,0.0635895322151412,0.0857120777823923
BC23810,BC23810_D2,ENSG00000160932,0.0558159497009778,0.0607283264717974
BC23810,BC23810_D2,ENSG00000026025,0.1188251993474169,0.1761626326246283
BC23810,BC23810_D2,ENSG00000277791,-0.0992144183341853,-0.0961429434576685
BC23810,BC23810_D2,ENSG00000176340,0.0678040686823591,0.0784106756063121
BC23810,BC23810_D2,ENSG00000272196,-0.0309372580257994,-0.0410170458197211
BC23810,BC23810_D2,ENSG00000187608,-0.0133798903820515,-0.0256211264130671
BC23810,BC23810_D2,ENSG00000052344,0.027363274804547,0.0520740302923491
BC23810,BC23810_D2,ENSG00000182809,0.0103463976802454,0.01566245475242
BC23810,BC23810_D2,ENSG00000133112,-0.0836781151510029,-0.0847639810914152
BC23810,BC23810_D2,ENSG00000164733,0.0925922555882722,0.0967290843714839
BC23810,BC23810_D2,ENSG00000103363,0.0188876720254356,0.0171780541154874
BC23810,BC23810_D2,ENSG00000104529,0.0003120687491157,-0.0141996689881875
BC23810,BC23810_D2,ENSG00000169100,0.0245956603379703,0.0289909800490372
BC23810,BC23810_D2,ENSG00000251562,-0.0364301926372715,-0.0365829120427857
BC23810,BC23810_D2,ENSG00000184897,-0.00703913350159,-0.0047742940714904
BC23810,BC23810_D2,ENSG00000204287,0.1408573734802679,0.1669759856646943
BC23810,BC23810_D2,ENSG00000114353,0.0665076175257187,0.0754493379788211
BC23810,BC23810_D2,ENSG00000070756,-0.0243493701582958,-0.0243250522947712
BC23810,BC23810_D2,ENSG00000145425,0.1313243173564416,0.1528131978913758
BC23810,BC23810_D2,ENSG00000125730,0.0119963040839466,-0.002527602196693
BC23810,BC23810_D2,ENSG00000205542,0.0533621092081644,0.0689328208795607
BC23810,BC23810_D2,ENSG00000123349,0.0842689139201354,0.0917729227247072
BC23810,BC23810_D2,ENSG00000127540,0.0130860567409385,0.0253051106697565
BC23810,BC23810_D2,ENSG00000187514,-0.0085905296891055,-0.0054147362997586
BC23810,BC23810_D2,__ambiguous[ENSG00000277957+ENSG00000161960],0.0752959719470787,0.0976307185501517
BC23810,BC23810_D2,ENSG00000114867,0.0484424960055517,0.0401833334472744
BC23810,BC23810_D2,ENSG00000111669,0.1190471644565315,0.1432631775483164
BC23810,BC23810_D2,ENSG00000071082,0.1662173651318216,0.1578045383409629
BC23810,BC23810_D2,__ambiguous[ENSG00000243678+ENSG00000011052],0.177846487796751,0.1817334612454673
BC23810,BC23810_D2,ENSG00000163682,0.0171748632335573,0.0146317134646427
BC23810,BC23810_D2,ENSG00000100219,-0.0512924030060331,-0.0537064155734732
BC23810,BC23810_D2,ENSG00000160180,-0.0002585733089877,0.0023304503769532
BC23810,BC23810_D2,ENSG00000131748,-0.005095110088379,0.000233426243411
BC23810,BC23810_D2,ENSG00000178952,-0.0660963426490428,-0.0555385598493632
BC23810,BC23810_D2,ENSG00000101335,0.0768142624570479,0.0613240764987011
BC23810,BC23810_D2,__ambiguous[ENSG00000219200+ENSG00000161939],-0.0181747594761837,-0.0141822463590928
BC23810,BC23810_D2,ENSG00000104964,0.0027749778654769,0.0177869921301595
BC23810,BC23810_D2,ENSG00000144426,0.0285075751418531,0.0263536249037213
BC23810,BC23810_D2,ENSG00000171222,-0.0422662606735485,-0.0392540971118586
BC23810,BC23810_D2,ENSG00000145494,-0.0539407997812143,-0.0423418295525712
BC23810,BC23810_D2,ENSG00000172354,-0.0738137624602602,-0.060275976110609
BC23810,BC23810_D2,ENSG00000138326,0.0785478558988353,0.0886568558154952
BC23810,BC23810_D2,ENSG00000113140,0.0028758335424974,0.0060227531100399
BC23810,BC23810_D2,ENSG00000178980,0.0021155033288481,0.0096024497400662
BC23810,BC23810_D2,__ambiguous[ENSG00000262526+ENSG00000170296],-0.0225250596265717,-0.0255623285782011
BC23810,BC23810_D2,ENSG00000172270,0.045711750350008,0.0527756594452365
BC23810,BC23810_D2,ENSG00000141753,0.0607882442072848,0.069517474757385
BC23810,BC23810_D2,ENSG00000174886,0.0599858950435232,0.0597381479798134
BC23810,BC23810_D2,ENSG00000173272,-0.0445392929893736,-0.0534058849869949
BC23810,BC23810_D2,ENSG00000164919,0.0250665086206838,0.0164501460468115
BC23810,BC23810_D2,ENSG00000167815,-0.0284976223405884,-0.0316264814740297
BC23810,BC23810_D2,ENSG00000182899,0.1453543017855841,0.139167873626786
BC23810,BC23810_D2,ENSG00000170315,-0.0037055510753996,0.0154025937744269
BC23810,BC23810_D2,ENSG00000163479,0.044525348821825,0.0521308748071666
BC23810,BC23810_D2,ENSG00000186010,-0.0323798049796907,-0.0575514240766078
BC23810,BC23810_D2,ENSG00000025708,-0.0024254861811916,0.0139987941772796
BC23810,BC23810_D2,ENSG00000214530,-0.0591181676572399,-0.0613561414491271
BC23810,BC23810_D2,ENSG00000130725,0.1125644511296689,0.1057918393433173
BC23810,BC23810_D2,ENSG00000125970,-0.0288933778331863,-0.0170786533879307
BC23810,BC23810_D2,ENSG00000155366,0.0235691422427024,0.0340243131103799
BC23810,BC23810_D2,ENSG00000176046,-0.0603777469390997,-0.0569937282604015
BC23810,BC23810_D2,ENSG00000008988,-0.0042568992261557,-0.010965826592934
BC23810,BC23810_D2,ENSG00000087460,-0.0700667030430185,-0.0618670450254018
BC23810,BC23810_D2,ENSG00000100300,-0.0208087199836147,-0.0129899523510896
BC23810,BC23810_D2,ENSG00000142949,0.014877097879579,0.0115200760781064
BC23810,BC23810_D2,ENSG00000100097,0.0046170922929008,0.0412236895532704
BC23810,BC23810_D2,ENSG00000106153,0.0266355545289385,0.0253125897385212
BC23810,BC23810_D2,ENSG00000197956,0.0166794418715722,0.0010375011211329
BC23810,BC23810_D2,ENSG00000233276,-0.0669542941572486,-0.095226849640205
BC23810,BC23810_D2,ENSG00000126709,-0.0306668297887058,-0.0092889173032834
BC23810,BC23810_D2,ENSG00000168542,-0.0455836379828005,-0.0308144577150692
BC23810,BC23810_D2,ENSG00000159335,-0.0600942157614516,-0.0671352506834533
BC23810,BC23810_D2,ENSG00000131143,-0.0932604525861818,-0.1175051820765646
BC23810,BC23810_D2,ENSG00000110492,0.1207904632711512,0.1314401867450612
BC23810,BC23810_D2,ENSG00000184840,-0.030442196343269,-0.0085667192535213
BC23810,BC23810_D2,ENSG00000126247,-0.0281471858922515,-0.0128752393806402
BC23810,BC23810_D2,ENSG00000196405,0.0364405868100015,0.0427496602157861
BC23810,BC23810_D2,ENSG00000137331,-0.0290117469733672,-0.0248450933841505
BC23810,BC23810_D2,ENSG00000140990,0.0307300226893771,0.0340164259514746
BC23810,BC23810_D2,ENSG00000188846,-0.0662028367728129,-0.0902569350212534
BC23810,BC23810_D2,ENSG00000173801,0.00907515497299,0.0171047782631871
BC23810,BC23810_D2,ENSG00000157227,-0.0470684226107834,-0.0270893416055269
BC23810,BC23810_D2,ENSG00000279274,0.1679330731931605,0.2065522545051716
BC23810,BC23810_D2,ENSG00000213988,0.0509270363457541,0.0639217768843367
BC23810,BC23810_D2,ENSG00000011304,0.0150034995933813,0.0327189554385237
BC23810,BC23810_D2,ENSG00000123989,0.0899187805341531,0.0871553549652342
BC23810,BC23810_D2,ENSG00000114391,0.0537862113693342,0.0453763861142871
BC23810,BC23810_D2,ENSG00000143546,-0.0604810830897811,-0.07957567568512
BC23810,BC23810_D2,ENSG00000143420,-0.069711976818854,-0.0715416793100211
BC23810,BC23810_D2,ENSG00000105404,0.0323424880347509,0.0279235197474078
BC23810,BC23810_D2,ENSG00000177700,0.0096407016569536,-0.0010825983850168
BC23810,BC23810_D2,ENSG00000182871,0.0173176469898108,0.0254607836977486
BC23810,BC23810_D2,ENSG00000173369,0.0724650002340852,0.0814498214965394
BC23810,BC23810_D2,ENSG00000110092,-0.0174634577163998,0.0002414690500364
BC23810,BC23810_D2,ENSG00000135390,0.0224735724713844,0.0254868724828829
BC23810,BC23810_D2,ENSG00000178209,0.0614377600090014,0.0387730329958091
BC23810,BC23810_E1,ENSG00000034510,0.0168632835735266,-0.0025503086421138
BC23810,BC23810_E1,ENSG00000254709,0.0916687571425114,0.1202257469983523
BC23810,BC23810_E1,ENSG00000111640,-0.0247837316548666,-0.0194225502791631
BC23810,BC23810_E1,ENSG00000137818,0.2258352273296894,0.2212464488546505
BC23810,BC23810_E1,ENSG00000171345,-0.0106170834004089,-0.0106660536831886
BC23810,BC23810_E1,ENSG00000177600,0.1264596574032001,0.1118871664708507
BC23810,BC23810_E1,ENSG00000108298,0.0207662311462161,0.0340268818719999
BC23810,BC23810_E1,ENSG00000164587,0.0578806398352631,0.0763921845758811
BC23810,BC23810_E1,ENSG00000231500,0.0673698338908389,0.046583639152886
BC23810,BC23810_E1,ENSG00000108107,-0.0450166444730377,-0.0695622713536031
BC23810,BC23810_E1,ENSG00000075624,0.0567698922514037,0.0725478818657586
BC23810,BC23810_E1,ENSG00000161016,-0.217503293501043,-0.2545250539210328
BC23810,BC23810_E1,ENSG00000105372,0.0893969579792035,0.0832414420762605
BC23810,BC23810_E1,ENSG00000197756,0.0242059409500337,-0.0112282653306059
BC23810,BC23810_E1,ENSG00000108518,0.0434644024692693,0.0281658801511612
BC23810,BC23810_E1,ENSG00000087086,0.2209604635332308,0.2610412802773245
BC23810,BC23810_E1,ENSG00000117984,-0.1708546749166244,-0.2023220982252543
BC23810,BC23810_E1,ENSG00000130255,0.1267418807648374,0.1693282635359572
BC23810,BC23810_E1,ENSG00000167526,0.1533010869319273,0.1622794666005755
BC23810,BC23810_E1,__ambiguous[ENSG00000251357+ENSG00000240972],0.0418780632239779,0.0327278260476192
BC23810,BC23810_E1,ENSG00000136942,-0.0662415147612135,-0.052318448606174
BC23810,BC23810_E1,ENSG00000141736,0.1040182710321385,0.1362742016886276
BC23810,BC23810_E1,ENSG00000180879,-0.0038584048898372,-0.0087950927178253
BC23810,BC23810_E1,ENSG00000179218,-0.0648375170304469,-0.0845877926506521
BC23810,BC23810_E1,ENSG00000197746,0.1038016810515846,0.1034752699997985
BC23810,BC23810_E1,ENSG00000149273,0.0118698167559088,0.0152729040670239
BC23810,BC23810_E1,ENSG00000063177,-0.069759765870621,-0.0744755394782546
BC23810,BC23810_E1,ENSG00000140264,0.0279788507067246,0.0233320288882396
BC23810,BC23810_E1,ENSG00000234745,0.0879335166593015,0.1019798212285989
BC23810,BC23810_E1,ENSG00000204628,-0.0713685005248832,-0.0779175822918685
BC23810,BC23810_E1,ENSG00000185624,-0.0613562817096006,-0.0631090988628753
BC23810,BC23810_E1,ENSG00000130203,0.0202908620742315,-0.0135481824912929
BC23810,BC23810_E1,ENSG00000105193,0.1109601797437574,0.1349349326132588
BC23810,BC23810_E1,ENSG00000221983,-0.069454815832916,-0.0650266068405874
BC23810,BC23810_E1,ENSG00000142534,0.0688940282006737,0.0663412875466031
BC23810,BC23810_E1,ENSG00000142541,0.0354424150534059,0.0620144707296092
BC23810,BC23810_E1,ENSG00000166441,0.0371825977025933,0.0460598115726833
BC23810,BC23810_E1,ENSG00000167996,0.0820636334946778,0.0836695990678394
BC23810,BC23810_E1,ENSG00000125691,0.039936795812066,0.0369840828577891
BC23810,BC23810_E1,ENSG00000147403,0.1172013263058977,0.1550341185356531
BC23810,BC23810_E1,ENSG00000171858,0.0512860156840037,0.0263803333938769
BC23810,BC23810_E1,ENSG00000140988,0.0852691746288446,0.1018347583951239
BC23810,BC23810_E1,ENSG00000105640,-1.2773001878866625e-05,-0.0017404581115559
BC23810,BC23810_E1,ENSG00000089157,0.0784742213412915,0.0431909576833009
BC23810,BC23810_E1,ENSG00000213741,0.1293755798447328,0.1519053746769558
BC23810,BC23810_E1,ENSG00000149806,0.1028638268632651,0.1058169380869646
BC23810,BC23810_E1,ENSG00000204525,0.069333435764192,0.0903032590232847
BC23810,BC23810_E1,ENSG00000177954,0.0479942623936379,0.0372896678419946
BC23810,BC23810_E1,ENSG00000224389,-0.0079478124608065,-0.0103200595210909
BC23810,BC23810_E1,ENSG00000101439,0.0759094768413947,0.0876027044469416
BC23810,BC23810_E1,ENSG00000182774,0.1285969940747918,0.1516020286483449
BC23810,BC23810_E1,ENSG00000115268,0.098690935164457,0.0876679458485393
BC23810,BC23810_E1,ENSG00000165949,-0.1334430760040105,-0.1605574538753411
BC23810,BC23810_E1,ENSG00000112306,0.1274730887723672,0.1413218244861682
BC23810,BC23810_E1,ENSG00000108821,-0.0413495000900774,-0.0432646873475754
BC23810,BC23810_E1,ENSG00000204592,0.0097043919377904,-0.0170118039841546
BC23810,BC23810_E1,ENSG00000111341,0.0235880513137283,0.0126884257448461
BC23810,BC23810_E1,ENSG00000109062,0.0303634028404652,0.0495027492521501
BC23810,BC23810_E1,ENSG00000233927,0.1896193859079689,0.2073110056619778
BC23810,BC23810_E1,ENSG00000019582,0.3691089833245562,0.4144097790019986
BC23810,BC23810_E1,ENSG00000198034,0.1205742657399926,0.1031533661002826
BC23810,BC23810_E1,ENSG00000142676,0.0324054249191998,0.0454591559986608
BC23810,BC23810_E1,ENSG00000170889,0.002082109396553,0.000688202137509
BC23810,BC23810_E1,ENSG00000231925,0.0003926841986459,-0.0177859851501112
BC23810,BC23810_E1,ENSG00000172757,-0.0228681762287384,0.0062024986496137
BC23810,BC23810_E1,ENSG00000135404,-0.0343111390920965,-0.0482066079558649
BC23810,BC23810_E1,ENSG00000184009,-0.0323383472435863,-0.0149512030118273
BC23810,BC23810_E1,ENSG00000106624,-0.089996699101618,-0.0889344516373967
BC23810,BC23810_E1,__ambiguous[ENSG00000185883+ENSG00000260272],-0.0106271771565367,-0.0108332527089917
BC23810,BC23810_E1,ENSG00000185499,0.0138589278300321,0.018917337360889
BC23810,BC23810_E1,__ambiguous[ENSG00000185885+ENSG00000185201],-0.0403567380253238,-0.0438082036764543
BC23810,BC23810_E1,ENSG00000100316,0.0453838320841283,0.0255700431149533
BC23810,BC23810_E1,ENSG00000167995,0.1394919781357755,0.1334508622794117
BC23810,BC23810_E1,ENSG00000246705,0.0094139227790286,-0.0058508281902902
BC23810,BC23810_E1,ENSG00000083845,0.0674785868340633,0.0510638414638416
BC23810,BC23810_E1,ENSG00000137154,0.0850852777449988,0.0878175104732185
BC23810,BC23810_E1,ENSG00000163220,0.0408090768623606,0.0332075210083544
BC23810,BC23810_E1,ENSG00000206503,-0.024899488155335,-0.0299957491885832
BC23810,BC23810_E1,ENSG00000166710,0.116628409798556,0.1138497703880912
BC23810,BC23810_E1,ENSG00000167468,0.0467698378094667,0.0427812638978707
BC23810,BC23810_E1,ENSG00000107223,-0.028663218839624,-0.0267164367595466
BC23810,BC23810_E1,ENSG00000108639,-0.0908934828144798,-0.0914351986428404
BC23810,BC23810_E1,__ambiguous[ENSG00000254772+ENSG00000255508],-0.0507559127117626,-0.0415966929585514
BC23810,BC23810_E1,ENSG00000172531,-0.0728200153486545,-0.0654301185222146
BC23810,BC23810_E1,ENSG00000131469,-0.058317742917831,-0.0351878307516415
BC23810,BC23810_E1,ENSG00000172809,-0.0089124991207486,-0.0324433016844884
BC23810,BC23810_E1,ENSG00000163191,-0.0142937782394405,0.0105354876973452
BC23810,BC23810_E1,ENSG00000169710,0.0889223189230248,0.0902465143520293
BC23810,BC23810_E1,ENSG00000149925,-0.0610860396706586,-0.0633874790424893
BC23810,BC23810_E1,ENSG00000115884,0.1183118340579685,0.1109229326455336
BC23810,BC23810_E1,ENSG00000185825,-0.1252353860478037,-0.1272886918701523
BC23810,BC23810_E1,ENSG00000144713,0.0158755215906832,0.0139042042436286
BC23810,BC23810_E1,ENSG00000108679,-0.0875367782741632,-0.0949238520146838
BC23810,BC23810_E1,ENSG00000156482,0.0101947172913501,0.0155319948697192
BC23810,BC23810_E1,ENSG00000142937,0.0640400949731445,0.0819052693172913
BC23810,BC23810_E1,ENSG00000197958,0.0054669687520295,0.0213420381885705
BC23810,BC23810_E1,ENSG00000130303,-0.100392878630175,-0.1038481657818526
BC23810,BC23810_E1,ENSG00000143947,0.0506747373111963,0.0629891626565881
BC23810,BC23810_E1,ENSG00000106211,-0.0094492561119114,-0.0109606132205918
BC23810,BC23810_E1,ENSG00000104904,0.0101318137892573,-0.0207881533185101
BC23810,BC23810_E1,ENSG00000148303,0.1182270526504226,0.1117865276021274
BC23810,BC23810_E1,__ambiguous[ENSG00000257341+ENSG00000213145],-0.0972378130145406,-0.1236729003502965
BC23810,BC23810_E1,ENSG00000162244,0.0779318553116951,0.0914054718084989
BC23810,BC23810_E1,ENSG00000167658,-0.0138519689511802,-0.0194424230147248
BC23810,BC23810_E1,ENSG00000152082,-0.0377461582635373,-0.0382240086694415
BC23810,BC23810_E1,ENSG00000158710,-0.0212346422290608,-0.0273437236879951
BC23810,BC23810_E1,ENSG00000178719,-0.0951897845665358,-0.1183115770226499
BC23810,BC23810_E1,ENSG00000115457,-0.0112495329864191,-0.0048110318948017
BC23810,BC23810_E1,ENSG00000160862,-0.0533539025273157,-0.0465393317115567
BC23810,BC23810_E1,ENSG00000030582,-0.0799381200904114,-0.1125647642852341
BC23810,BC23810_E1,ENSG00000149591,0.0347138194358386,0.0361432923565162
BC23810,BC23810_E1,ENSG00000174748,-0.0240037814136742,-0.0258970532388442
BC23810,BC23810_E1,ENSG00000279483,0.0765798960811313,0.0647657165109299
BC23810,BC23810_E1,ENSG00000110651,0.1527605985134873,0.1679528026448645
BC23810,BC23810_E1,ENSG00000182492,-0.0253904735414978,-0.0405157214776797
BC23810,BC23810_E1,ENSG00000142089,-0.1042965544617172,-0.1011174037793088
BC23810,BC23810_E1,ENSG00000117410,-0.1233543805477508,-0.1410127395756455
BC23810,BC23810_E1,ENSG00000108344,0.0497957469108616,0.0390152314112713
BC23810,BC23810_E1,ENSG00000165215,-0.0111792134841437,-0.0150019854508554
BC23810,BC23810_E1,__ambiguous[ENSG00000273259+ENSG00000196136],-0.0062211821814249,0.0061829563009051
BC23810,BC23810_E1,ENSG00000092841,-0.0594977297395413,-0.0762639345200409
BC23810,BC23810_E1,ENSG00000255823,0.0716376468319683,0.0774895780215135
BC23810,BC23810_E1,ENSG00000198242,0.0006246204687062,-0.0165076252554044
BC23810,BC23810_E1,ENSG00000102265,0.0975923793670623,0.0786476468976372
BC23810,BC23810_E1,ENSG00000071553,0.0154622336243222,-0.0022080177431909
BC23810,BC23810_E1,ENSG00000145592,0.0099691347434062,0.0167060459003
BC23810,BC23810_E1,ENSG00000074800,-0.0796828632265444,-0.0917348713225344
BC23810,BC23810_E1,ENSG00000142669,-0.0082261786780591,-0.0190432712192144
BC23810,BC23810_E1,ENSG00000173372,-0.0515909368432048,-0.0657985838167293
BC23810,BC23810_E1,ENSG00000196924,0.0169052691717009,0.0142392125079818
BC23810,BC23810_E1,ENSG00000118181,0.067307438396378,0.0439834591401295
BC23810,BC23810_E1,ENSG00000051523,0.0271302382935961,0.0080789385026806
BC23810,BC23810_E1,ENSG00000269028,0.0721593153613395,0.0728147066699143
BC23810,BC23810_E1,ENSG00000277972,-0.0929499575610472,-0.0813078670413555
BC23810,BC23810_E1,__ambiguous[ENSG00000124614+ENSG00000270800],-0.06282710070558,-0.06099243881886
BC23810,BC23810_E1,ENSG00000111057,-0.0221356167508063,-0.032603413748569
BC23810,BC23810_E1,ENSG00000162511,0.0211726107769305,-0.0035657353304843
BC23810,BC23810_E1,ENSG00000130208,-0.1204971425049661,-0.1377177320316698
BC23810,BC23810_E1,ENSG00000141741,0.0579477626248257,0.0706568812162077
BC23810,BC23810_E1,ENSG00000126267,-0.0209513134638179,-0.0081475177390894
BC23810,BC23810_E1,ENSG00000141522,0.0074836784016903,0.0122800441747483
BC23810,BC23810_E1,ENSG00000117450,-0.0064946944727837,-0.011559488671684
BC23810,BC23810_E1,ENSG00000150991,-0.0230366913143868,-0.0298171768428673
BC23810,BC23810_E1,ENSG00000125534,-0.051787320121771,-0.0409466413489654
BC23810,BC23810_E1,ENSG00000105223,-0.0558673044991264,-0.066386183907198
BC23810,BC23810_E1,ENSG00000143774,-0.0403031205953851,-0.0175607163443655
BC23810,BC23810_E1,ENSG00000164692,0.034096778532251,0.0214519132955806
BC23810,BC23810_E1,ENSG00000124614,-0.0540081370709286,-0.0439401714823464
BC23810,BC23810_E1,ENSG00000142173,0.1246333523349706,0.1078693783679511
BC23810,BC23810_E1,ENSG00000169223,-0.0109403324132589,-0.0240988502692849
BC23810,BC23810_E1,ENSG00000160789,0.0327915348861417,0.0441947907621171
BC23810,BC23810_E1,ENSG00000115414,-0.055245336050438,-0.0611804950287701
BC23810,BC23810_E1,ENSG00000058262,-0.0052426232583209,-0.0029071353351972
BC23810,BC23810_E1,ENSG00000124664,0.0141982036031063,0.0339965411078016
BC23810,BC23810_E1,ENSG00000160932,-0.0027701278084141,-0.0137201544514525
BC23810,BC23810_E1,ENSG00000026025,0.0996830554218682,0.1104133334647119
BC23810,BC23810_E1,ENSG00000277791,0.0010766667861983,-0.008993145807088
BC23810,BC23810_E1,ENSG00000176340,-0.1524515245698446,-0.1985203245121672
BC23810,BC23810_E1,ENSG00000272196,0.0278400341650941,0.025371268834066
BC23810,BC23810_E1,ENSG00000187608,-0.1222913340280583,-0.1123435777060139
BC23810,BC23810_E1,ENSG00000052344,0.0107173701640216,0.0416645120142126
BC23810,BC23810_E1,ENSG00000182809,0.0571466220889127,0.0846464467622261
BC23810,BC23810_E1,ENSG00000133112,-0.0441349337446092,-0.0795621200189925
BC23810,BC23810_E1,ENSG00000164733,0.0393957463124561,0.0540452060771532
BC23810,BC23810_E1,ENSG00000103363,-0.121583583594449,-0.1211578314615921
BC23810,BC23810_E1,ENSG00000104529,-0.0272725728293391,-0.0331114274164633
BC23810,BC23810_E1,ENSG00000169100,0.0335489859035834,0.04460499501277
BC23810,BC23810_E1,ENSG00000251562,-0.0934365286828378,-0.0987411266851462
BC23810,BC23810_E1,ENSG00000184897,-0.0150308690945863,-0.0263141748029192
BC23810,BC23810_E1,ENSG00000204287,0.134813960684703,0.1247000609482091
BC23810,BC23810_E1,ENSG00000114353,-0.0129023381409997,-0.0184922008811352
BC23810,BC23810_E1,ENSG00000070756,-0.0566742784838667,-0.0798495745213572
BC23810,BC23810_E1,ENSG00000145425,0.1387767010312381,0.1687912077981245
BC23810,BC23810_E1,ENSG00000125730,0.1291477221352522,0.1318227710867949
BC23810,BC23810_E1,ENSG00000205542,0.1206366323026986,0.1343131916039132
BC23810,BC23810_E1,ENSG00000123349,-0.1578618334594207,-0.1484275488445426
BC23810,BC23810_E1,ENSG00000127540,-0.0861428416748329,-0.080582940732715
BC23810,BC23810_E1,ENSG00000187514,-0.0876014539893742,-0.0670353696731501
BC23810,BC23810_E1,__ambiguous[ENSG00000277957+ENSG00000161960],0.0028312447279473,-0.0021740224264192
BC23810,BC23810_E1,ENSG00000114867,-0.0367049801306874,-0.0362503642626632
BC23810,BC23810_E1,ENSG00000111669,0.0407054037875179,0.0298830803463351
BC23810,BC23810_E1,ENSG00000071082,-0.0262742409386537,-0.0189663780450033
BC23810,BC23810_E1,__ambiguous[ENSG00000243678+ENSG00000011052],0.0277293808297405,0.0429556468726791
BC23810,BC23810_E1,ENSG00000163682,0.0097589697815463,-0.0139623075551025
BC23810,BC23810_E1,ENSG00000100219,-0.0605655471643189,-0.0596821727411107
BC23810,BC23810_E1,ENSG00000160180,-0.0199466860457337,-0.0066353629321591
BC23810,BC23810_E1,ENSG00000131748,0.0007187633547342,-0.0024800372103634
BC23810,BC23810_E1,ENSG00000178952,-0.060366054381353,-0.0719059510639285
BC23810,BC23810_E1,ENSG00000101335,0.0567082369521042,0.0386478676149424
BC23810,BC23810_E1,__ambiguous[ENSG00000219200+ENSG00000161939],-0.0479558678884152,-0.0589965605691114
BC23810,BC23810_E1,ENSG00000104964,0.0294055739250405,0.0485305795751426
BC23810,BC23810_E1,ENSG00000144426,0.0643615371124996,0.0609709789465587
BC23810,BC23810_E1,ENSG00000171222,-0.1392073066695618,-0.1344438520604935
BC23810,BC23810_E1,ENSG00000145494,-0.0712706904850606,-0.0900640837400248
BC23810,BC23810_E1,ENSG00000172354,0.0186883132009499,0.0470152338993046
BC23810,BC23810_E1,ENSG00000138326,0.0500955484580642,0.0357965578166592
BC23810,BC23810_E1,ENSG00000113140,0.0273739956479757,0.0038480713610048
BC23810,BC23810_E1,ENSG00000178980,-0.0310723243737543,-0.0281867147972315
BC23810,BC23810_E1,__ambiguous[ENSG00000262526+ENSG00000170296],-0.0652409707058748,-0.0687170018886327
BC23810,BC23810_E1,ENSG00000172270,-0.0105356748443341,-0.0176798353762098
BC23810,BC23810_E1,ENSG00000141753,-0.0016094951230258,0.0125779271262519
BC23810,BC23810_E1,ENSG00000174886,-0.087060711548762,-0.0803279866874557
BC23810,BC23810_E1,ENSG00000173272,-0.1120292229782949,-0.1196051070376042
BC23810,BC23810_E1,ENSG00000164919,-0.0288345296861806,-0.0354952669966849
BC23810,BC23810_E1,ENSG00000167815,-0.0361495217735624,-0.028995647603027
BC23810,BC23810_E1,ENSG00000182899,0.0645095842667488,0.0504455095885997
BC23810,BC23810_E1,ENSG00000170315,0.0175438769303274,0.0034402463950992
BC23810,BC23810_E1,ENSG00000163479,-0.1040138297000587,-0.1154150889669595
BC23810,BC23810_E1,ENSG00000186010,-0.0564249347843395,-0.0672334690394888
BC23810,BC23810_E1,ENSG00000025708,0.0065362588679145,-0.0210838168737357
BC23810,BC23810_E1,ENSG00000214530,-0.0465942564258008,-0.0392421818334392
BC23810,BC23810_E1,ENSG00000130725,0.0329648831570008,0.0222029220100676
BC23810,BC23810_E1,ENSG00000125970,0.0216645146413395,0.021615947810111
BC23810,BC23810_E1,ENSG00000155366,-0.1162734770377642,-0.1345389847693738
BC23810,BC23810_E1,ENSG00000176046,-0.0024181210081801,-0.0141804492075726
BC23810,BC23810_E1,ENSG00000008988,0.0357939430225487,0.0257485579260739
BC23810,BC23810_E1,ENSG00000087460,-0.072571938479244,-0.0666973545602771
BC23810,BC23810_E1,ENSG00000100300,-0.039039834808322,-0.0506318135265455
BC23810,BC23810_E1,ENSG00000142949,0.0589522254550207,0.0803500518410538
BC23810,BC23810_E1,ENSG00000100097,0.0863708037665061,0.0967632096866031
BC23810,BC23810_E1,ENSG00000106153,0.0193464581815327,0.0202083246878634
BC23810,BC23810_E1,ENSG00000197956,0.0269520160212807,0.0152275686387077
BC23810,BC23810_E1,ENSG00000233276,-0.1580820099282663,-0.1857010980916831
BC23810,BC23810_E1,ENSG00000126709,-0.0383876025160118,-0.0157128853456978
BC23810,BC23810_E1,ENSG00000168542,0.0195203948592251,-0.0065654937932995
BC23810,BC23810_E1,ENSG00000159335,0.0187124592835753,-0.0026512943559717
BC23810,BC23810_E1,ENSG00000131143,0.0303346408361237,0.0557989050504765
BC23810,BC23810_E1,ENSG00000110492,0.1691472488349634,0.157696881773312
BC23810,BC23810_E1,ENSG00000184840,0.0112814235740136,0.0102667657879076
BC23810,BC23810_E1,ENSG00000126247,-0.0866306532185353,-0.0973914943982896
BC23810,BC23810_E1,ENSG00000196405,0.0223977514692265,0.0318016921138329
BC23810,BC23810_E1,ENSG00000137331,-0.0023630280066858,-0.0602734963485329
BC23810,BC23810_E1,ENSG00000140990,-0.066933540022718,-0.0805450924342574
BC23810,BC23810_E1,ENSG00000188846,-0.0446907419692501,-0.0678037705202696
BC23810,BC23810_E1,ENSG00000173801,-0.0173134226296683,-0.0197753662803776
BC23810,BC23810_E1,ENSG00000157227,0.0703219481107698,0.0938073145941618
BC23810,BC23810_E1,ENSG00000279274,0.1240552271690361,0.1094949332900529
BC23810,BC23810_E1,ENSG00000213988,0.0704584481782978,0.061483875938019
BC23810,BC23810_E1,ENSG00000011304,0.041678917012473,0.0428262449807475
BC23810,BC23810_E1,ENSG00000123989,0.0228142517203729,0.0126121466912616
BC23810,BC23810_E1,ENSG00000114391,0.0089246437095549,0.000235177059619
BC23810,BC23810_E1,ENSG00000143546,-0.0577517384594789,-0.0354116912487283
BC23810,BC23810_E1,ENSG00000143420,-0.0053638111998647,-0.0018923265866561
BC23810,BC23810_E1,ENSG00000105404,0.040694283519244,0.0347407502637653
BC23810,BC23810_E1,ENSG00000177700,-0.1057850026589393,-0.1039401130808079
BC23810,BC23810_E1,ENSG00000182871,0.0185483601346711,0.0298604631106423
BC23810,BC23810_E1,ENSG00000173369,0.0257746819843618,0.0152312274307245
BC23810,BC23810_E1,ENSG00000110092,0.0128316624703551,0.0015209739901025
BC23810,BC23810_E1,ENSG00000135390,-0.0685814402558306,-0.1242869627733564
BC23810,BC23810_E1,ENSG00000178209,-0.1086122476025957,-0.1066723368901479
BC23810,BC23810_E2,ENSG00000034510,0.0857563004217301,0.1045472953013413
BC23810,BC23810_E2,ENSG00000254709,-0.0051891635476476,-0.0002284778963229
BC23810,BC23810_E2,ENSG00000111640,0.0840188834111725,0.1196528998979842
BC23810,BC23810_E2,ENSG00000137818,0.0230768862773564,0.0294757068994531
BC23810,BC23810_E2,ENSG00000171345,0.0345716445578374,0.0559733006477509
BC23810,BC23810_E2,ENSG00000177600,-0.1124565379742807,-0.1470562750853117
BC23810,BC23810_E2,ENSG00000108298,-0.0016122493371847,-0.0049296394531009
BC23810,BC23810_E2,ENSG00000164587,-0.0058634646656569,-0.0260992774403148
BC23810,BC23810_E2,ENSG00000231500,0.0343798851289485,0.0226509077860541
BC23810,BC23810_E2,ENSG00000108107,-0.1274714668080759,-0.1471814985466179
BC23810,BC23810_E2,ENSG00000075624,-0.0198311799798564,-0.0346451808247181
BC23810,BC23810_E2,ENSG00000161016,0.0140458713938298,0.0212965102971874
BC23810,BC23810_E2,ENSG00000105372,-0.1041873567005654,-0.1250827988932185
BC23810,BC23810_E2,ENSG00000197756,-0.0045221060448197,-0.0068036470746398
BC23810,BC23810_E2,ENSG00000108518,0.0003197738764578,-0.0144340499097096
BC23810,BC23810_E2,ENSG00000087086,0.0859477864421452,0.1185975258489315
BC23810,BC23810_E2,ENSG00000117984,-0.0571182808362678,-0.0684445314948502
BC23810,BC23810_E2,ENSG00000130255,-0.0025249950875948,-0.010290336323575
BC23810,BC23810_E2,ENSG00000167526,-0.1052783541838394,-0.1226966436552893
BC23810,BC23810_E2,__ambiguous[ENSG00000251357+ENSG00000240972],0.0367619720798315,0.0220218200911341
BC23810,BC23810_E2,ENSG00000136942,0.0045650686845514,-0.006448560223708
BC23810,BC23810_E2,ENSG00000141736,0.1408691148582516,0.1540576669808409
BC23810,BC23810_E2,ENSG00000180879,0.0503189115628266,0.0489382626455683
BC23810,BC23810_E2,ENSG00000179218,0.0372704626148538,0.0541327464147057
BC23810,BC23810_E2,ENSG00000197746,0.0215271953772681,0.0690811074043234
BC23810,BC23810_E2,ENSG00000149273,0.0127924215862496,-0.0043021229736261
BC23810,BC23810_E2,ENSG00000063177,-0.087728871116408,-0.0950636584064608
BC23810,BC23810_E2,ENSG00000140264,-0.0005405047200606,0.028221379188037
BC23810,BC23810_E2,ENSG00000234745,0.0167785745064242,0.0330637586954979
BC23810,BC23810_E2,ENSG00000204628,-0.0559596790815523,-0.0851404282145903
BC23810,BC23810_E2,ENSG00000185624,0.0452182691480409,0.0680667472473835
BC23810,BC23810_E2,ENSG00000130203,0.0742863353127181,0.120191974265368
BC23810,BC23810_E2,ENSG00000105193,0.0872496069385496,0.1074551210957714
BC23810,BC23810_E2,ENSG00000221983,0.033715864421669,0.0371554571121898
BC23810,BC23810_E2,ENSG00000142534,0.0013097869708933,-0.0191205026988501
BC23810,BC23810_E2,ENSG00000142541,-0.0024018076988436,-0.0168653408349142
BC23810,BC23810_E2,ENSG00000166441,-0.091120558489545,-0.112894273636384
BC23810,BC23810_E2,ENSG00000167996,0.2958059710251263,0.3674341070813092
BC23810,BC23810_E2,ENSG00000125691,0.0427664002738242,0.0396231338455427
BC23810,BC23810_E2,ENSG00000147403,-0.0139580503901289,-0.0326876716843207
BC23810,BC23810_E2,ENSG00000171858,-0.0341371585697876,-0.0369974683723366
BC23810,BC23810_E2,ENSG00000140988,0.1868230886798829,0.2170230041070032
BC23810,BC23810_E2,ENSG00000105640,-0.0325476688872343,-0.0633970692871181
BC23810,BC23810_E2,ENSG00000089157,-0.017152497542894,-0.0200757711019379
BC23810,BC23810_E2,ENSG00000213741,0.1083192166003446,0.1213148788025499
BC23810,BC23810_E2,ENSG00000149806,0.0018079943605365,-0.0067094064868042
BC23810,BC23810_E2,ENSG00000204525,0.0465000454585448,0.0970363160277894
BC23810,BC23810_E2,ENSG00000177954,-0.0003578576112853,0.0151770224133177
BC23810,BC23810_E2,ENSG00000224389,-0.0139480714101493,-0.0254327618648316
BC23810,BC23810_E2,ENSG00000101439,-0.0775775599491797,-0.0633187133296598
BC23810,BC23810_E2,ENSG00000182774,-0.006355832645182,-0.0031050192240038
BC23810,BC23810_E2,ENSG00000115268,-0.0288512511522693,-0.0499492960937474
BC23810,BC23810_E2,ENSG00000165949,0.0012059161448887,-0.0157252640120003
BC23810,BC23810_E2,ENSG00000112306,-0.0205199182762995,-0.0225758174616956
BC23810,BC23810_E2,ENSG00000108821,-0.0304598919070831,-0.0558255227099173
BC23810,BC23810_E2,ENSG00000204592,-0.035334982922635,-0.0253905537083813
BC23810,BC23810_E2,ENSG00000111341,0.0501899156043948,0.0616387009020697
BC23810,BC23810_E2,ENSG00000109062,0.0439652950705888,0.0588840467633774
BC23810,BC23810_E2,ENSG00000233927,-0.0909076358824065,-0.1200812533937168
BC23810,BC23810_E2,ENSG00000019582,0.149588895465249,0.1947497030064495
BC23810,BC23810_E2,ENSG00000198034,0.0752460685973697,0.1111701950352653
BC23810,BC23810_E2,ENSG00000142676,0.0021167800671974,0.014814126475954
BC23810,BC23810_E2,ENSG00000170889,-0.0656083984109746,-0.0630231109902823
BC23810,BC23810_E2,ENSG00000231925,0.0355418960861314,0.046424143248782
BC23810,BC23810_E2,ENSG00000172757,0.0369824596246743,-0.0003575849340827
BC23810,BC23810_E2,ENSG00000135404,-0.2544901194643384,-0.3101187145761694
BC23810,BC23810_E2,ENSG00000184009,0.0066091426955501,0.0034918814651892
BC23810,BC23810_E2,ENSG00000106624,0.0600260043852699,0.0752869719863518
BC23810,BC23810_E2,__ambiguous[ENSG00000185883+ENSG00000260272],0.0844747400869693,0.0963867742588376
BC23810,BC23810_E2,ENSG00000185499,0.0821726162183512,0.0724945084802597
BC23810,BC23810_E2,__ambiguous[ENSG00000185885+ENSG00000185201],-0.0250363025936564,-0.0328084929139904
BC23810,BC23810_E2,ENSG00000100316,-0.0682911271794674,-0.0915490767028885
BC23810,BC23810_E2,ENSG00000167995,-0.0348408659137992,-0.0137646757658005
BC23810,BC23810_E2,ENSG00000246705,-0.0372250291638461,-0.0422437839273546
BC23810,BC23810_E2,ENSG00000083845,-0.0536969372643557,-0.0940277506158641
BC23810,BC23810_E2,ENSG00000137154,-0.021641834973337,-0.0393883556116533
BC23810,BC23810_E2,ENSG00000163220,-0.1135084020271719,-0.1223787385065858
BC23810,BC23810_E2,ENSG00000206503,-0.0622921114975102,-0.0717292575702841
BC23810,BC23810_E2,ENSG00000166710,0.0982266975101131,0.1183456526282661
BC23810,BC23810_E2,ENSG00000167468,0.0475716819965984,0.0389949077924577
BC23810,BC23810_E2,ENSG00000107223,-0.0111626027100982,-0.0122157654034569
BC23810,BC23810_E2,ENSG00000108639,-0.0240918183580387,-0.0124293874326041
BC23810,BC23810_E2,__ambiguous[ENSG00000254772+ENSG00000255508],-0.0153664986186678,-0.0206929001324145
BC23810,BC23810_E2,ENSG00000172531,0.0035103484067908,0.0077274723051137
BC23810,BC23810_E2,ENSG00000131469,0.0873059478045007,0.0804842219759046
BC23810,BC23810_E2,ENSG00000172809,-0.0555901962289952,-0.0543454294728128
BC23810,BC23810_E2,ENSG00000163191,-0.0002002178812546,0.0224062017240119
BC23810,BC23810_E2,ENSG00000169710,-0.0041342768864185,0.0036797744495161
BC23810,BC23810_E2,ENSG00000149925,-0.0461397274303823,-0.0370822171769509
BC23810,BC23810_E2,ENSG00000115884,-0.0219186792402243,-0.0279795786008731
BC23810,BC23810_E2,ENSG00000185825,-0.053233779259457,-0.0427177994988941
BC23810,BC23810_E2,ENSG00000144713,-0.0639743005235554,-0.1081522660294816
BC23810,BC23810_E2,ENSG00000108679,0.0455470609232833,0.074160354505096
BC23810,BC23810_E2,ENSG00000156482,-0.0570720473679192,-0.046350075471996
BC23810,BC23810_E2,ENSG00000142937,0.1645447539394316,0.2245228756131316
BC23810,BC23810_E2,ENSG00000197958,-0.0532511077557538,-0.0566059350269012
BC23810,BC23810_E2,ENSG00000130303,-0.0508479469588645,-0.0673865604910766
BC23810,BC23810_E2,ENSG00000143947,-0.0179851291988958,-0.0018743346872865
BC23810,BC23810_E2,ENSG00000106211,-0.0456335695575,-0.0443643727521631
BC23810,BC23810_E2,ENSG00000104904,0.0279503953852017,0.026077310923227
BC23810,BC23810_E2,ENSG00000148303,0.014537114499359,0.0060712988720081
BC23810,BC23810_E2,__ambiguous[ENSG00000257341+ENSG00000213145],-0.0157724044809979,-0.0084284047348943
BC23810,BC23810_E2,ENSG00000162244,-0.0105688646356324,0.0187958393926263
BC23810,BC23810_E2,ENSG00000167658,0.0644751348706434,0.0661297937968805
BC23810,BC23810_E2,ENSG00000152082,0.01651107962528,0.0027616050698557
BC23810,BC23810_E2,ENSG00000158710,0.0680853791762685,0.0888094772276152
BC23810,BC23810_E2,ENSG00000178719,-0.0433283866343543,-0.0342878944716255
BC23810,BC23810_E2,ENSG00000115457,0.0702575612929355,0.0973148127806668
BC23810,BC23810_E2,ENSG00000160862,0.0355178383634006,0.0540440941328248
BC23810,BC23810_E2,ENSG00000030582,-0.0683985817709435,-0.105867687065236
BC23810,BC23810_E2,ENSG00000149591,-0.0233846017585322,-0.0041056659991093
BC23810,BC23810_E2,ENSG00000174748,0.0173024193207261,0.0353796133131653
BC23810,BC23810_E2,ENSG00000279483,0.1249822942118681,0.1375507846610622
BC23810,BC23810_E2,ENSG00000110651,0.0248814755255711,0.0370969530867306
BC23810,BC23810_E2,ENSG00000182492,-0.0238337411390844,-0.0156813668961073
BC23810,BC23810_E2,ENSG00000142089,-0.0373935753678551,-0.0539072955933502
BC23810,BC23810_E2,ENSG00000117410,0.1153739212297621,0.1126673936154297
BC23810,BC23810_E2,ENSG00000108344,0.0193630101002649,0.0087867015415693
BC23810,BC23810_E2,ENSG00000165215,0.0689123150384937,0.0761311463430137
BC23810,BC23810_E2,__ambiguous[ENSG00000273259+ENSG00000196136],0.0570864002689596,0.0567229093048013
BC23810,BC23810_E2,ENSG00000092841,0.0101846667415755,0.0015281188591339
BC23810,BC23810_E2,ENSG00000255823,0.0886386013451801,0.1080401871740215
BC23810,BC23810_E2,ENSG00000198242,0.0027193437389712,-0.0003586650544737
BC23810,BC23810_E2,ENSG00000102265,0.0484975877875098,0.053910622226563
BC23810,BC23810_E2,ENSG00000071553,-0.0214165572099568,-0.0244107474809006
BC23810,BC23810_E2,ENSG00000145592,0.0568995766227538,0.0455420185786762
BC23810,BC23810_E2,ENSG00000074800,-0.1112985492609005,-0.1382357176444734
BC23810,BC23810_E2,ENSG00000142669,0.0337036402654291,0.0407257503196163
BC23810,BC23810_E2,ENSG00000173372,0.0183954356980621,0.0192225603411876
BC23810,BC23810_E2,ENSG00000196924,0.0206625033686927,0.0207750835028095
BC23810,BC23810_E2,ENSG00000118181,0.0508444827514477,0.0764983036855143
BC23810,BC23810_E2,ENSG00000051523,0.0108145822602049,0.0089274565064983
BC23810,BC23810_E2,ENSG00000269028,0.1059271348391703,0.1275358760735544
BC23810,BC23810_E2,ENSG00000277972,0.0806723649041116,0.06932847083716
BC23810,BC23810_E2,__ambiguous[ENSG00000124614+ENSG00000270800],-0.0601113140371921,-0.0692440318946442
BC23810,BC23810_E2,ENSG00000111057,-0.0128054963900422,-0.0373284715528257
BC23810,BC23810_E2,ENSG00000162511,0.0393226131908286,0.0443052545796336
BC23810,BC23810_E2,ENSG00000130208,0.0533323121495289,0.0715237233013368
BC23810,BC23810_E2,ENSG00000141741,0.0296916935803567,0.0413433806825447
BC23810,BC23810_E2,ENSG00000126267,0.0599785541780423,0.0640991985730995
BC23810,BC23810_E2,ENSG00000141522,0.0217466846382338,0.0329127362925595
BC23810,BC23810_E2,ENSG00000117450,-0.1431250599462783,-0.2031757342937092
BC23810,BC23810_E2,ENSG00000150991,0.0729082139359155,0.0623796904062051
BC23810,BC23810_E2,ENSG00000125534,0.0277709452261251,0.0110906443878696
BC23810,BC23810_E2,ENSG00000105223,0.054545289711195,0.0662968357796153
BC23810,BC23810_E2,ENSG00000143774,0.0313107702928253,0.0278491757357713
BC23810,BC23810_E2,ENSG00000164692,-0.0615986625046461,-0.0694450661732531
BC23810,BC23810_E2,ENSG00000124614,0.0035658213810846,-0.0164616739435369
BC23810,BC23810_E2,ENSG00000142173,0.06928074517991,0.1046955925454054
BC23810,BC23810_E2,ENSG00000169223,-0.0291460432254146,-0.0356463130169568
BC23810,BC23810_E2,ENSG00000160789,-0.0004624583801299,-0.0006555478564088
BC23810,BC23810_E2,ENSG00000115414,-0.0236935744397193,-0.0243834695341459
BC23810,BC23810_E2,ENSG00000058262,0.0405241758703859,0.0295564938710881
BC23810,BC23810_E2,ENSG00000124664,0.0270712605669772,0.0521588834399696
BC23810,BC23810_E2,ENSG00000160932,0.0160894145067645,0.008494971384171
BC23810,BC23810_E2,ENSG00000026025,0.058998648373919,0.0836536953607872
BC23810,BC23810_E2,ENSG00000277791,-0.0663183183405812,-0.0677368176129816
BC23810,BC23810_E2,ENSG00000176340,-0.0107754733935022,0.0117111843920063
BC23810,BC23810_E2,ENSG00000272196,0.0186942856965206,0.0216117136945599
BC23810,BC23810_E2,ENSG00000187608,-0.0190224599866483,-0.0119338968525636
BC23810,BC23810_E2,ENSG00000052344,0.0793330206686591,0.0916086919670985
BC23810,BC23810_E2,ENSG00000182809,0.0001256515204544,0.0023732306059881
BC23810,BC23810_E2,ENSG00000133112,-0.0236547622920119,-0.0224462429722149
BC23810,BC23810_E2,ENSG00000164733,0.0445023980819,0.0437476148171941
BC23810,BC23810_E2,ENSG00000103363,0.0015607369705997,-0.0096382308884563
BC23810,BC23810_E2,ENSG00000104529,-0.045336815462325,-0.0630726912187617
BC23810,BC23810_E2,ENSG00000169100,-0.0276533420398452,-0.03584068566957
BC23810,BC23810_E2,ENSG00000251562,0.0285370537787547,0.039174312866208
BC23810,BC23810_E2,ENSG00000184897,-0.0963298961031963,-0.1177847735984521
BC23810,BC23810_E2,ENSG00000204287,0.0047365283700238,0.0304383013013248
BC23810,BC23810_E2,ENSG00000114353,0.0481159840691851,0.0590018727651568
BC23810,BC23810_E2,ENSG00000070756,0.027188450272482,0.0253293113641808
BC23810,BC23810_E2,ENSG00000145425,0.05086626325741,0.0592695942733807
BC23810,BC23810_E2,ENSG00000125730,-0.0068871680408427,-0.0123061801274598
BC23810,BC23810_E2,ENSG00000205542,0.1077012645937724,0.1467489067246566
BC23810,BC23810_E2,ENSG00000123349,-0.0540786486175624,-0.0454895607000797
BC23810,BC23810_E2,ENSG00000127540,0.0073909183178349,0.0086528146874769
BC23810,BC23810_E2,ENSG00000187514,-0.0303792360567577,-0.0676660006843296
BC23810,BC23810_E2,__ambiguous[ENSG00000277957+ENSG00000161960],0.0490842228116255,0.0712483291143307
BC23810,BC23810_E2,ENSG00000114867,0.0046807419899041,0.0151240162633868
BC23810,BC23810_E2,ENSG00000111669,0.0698084823456567,0.0731402932375977
BC23810,BC23810_E2,ENSG00000071082,0.0892232332035158,0.0915066485296165
BC23810,BC23810_E2,__ambiguous[ENSG00000243678+ENSG00000011052],-0.0400959713606547,-0.0396086937771381
BC23810,BC23810_E2,ENSG00000163682,0.0431838224858966,0.0503138343332963
BC23810,BC23810_E2,ENSG00000100219,-0.0377920482389815,-0.0419640595974666
BC23810,BC23810_E2,ENSG00000160180,0.0253804631511853,0.0301002486678833
BC23810,BC23810_E2,ENSG00000131748,0.0282587673027669,0.031818157731421
BC23810,BC23810_E2,ENSG00000178952,0.02854488285185,0.0320153140149617
BC23810,BC23810_E2,ENSG00000101335,0.0299170345528398,0.0320139817833907
BC23810,BC23810_E2,__ambiguous[ENSG00000219200+ENSG00000161939],-0.0045073759176159,-0.0050186340522222
BC23810,BC23810_E2,ENSG00000104964,0.0909822143105214,0.1013936235906313
BC23810,BC23810_E2,ENSG00000144426,-0.0140110372118045,-0.0161585749850748
BC23810,BC23810_E2,ENSG00000171222,0.0626472851981483,0.0697098116637821
BC23810,BC23810_E2,ENSG00000145494,0.0906034492880056,0.084972484727461
BC23810,BC23810_E2,ENSG00000172354,0.0076027508606241,0.0149435627706489
BC23810,BC23810_E2,ENSG00000138326,0.0058435619091019,0.015508774835208
BC23810,BC23810_E2,ENSG00000113140,0.0203607021635486,0.0221261111751098
BC23810,BC23810_E2,ENSG00000178980,0.1000098739494663,0.1043374381454322
BC23810,BC23810_E2,__ambiguous[ENSG00000262526+ENSG00000170296],-0.0908029842071109,-0.0880190590952406
BC23810,BC23810_E2,ENSG00000172270,-0.012234223740433,-0.0165547071039487
BC23810,BC23810_E2,ENSG00000141753,-0.0229457061227768,-0.0579405770346763
BC23810,BC23810_E2,ENSG00000174886,-0.0015559777709613,-0.0022432548956659
BC23810,BC23810_E2,ENSG00000173272,0.0569852828653283,0.0507495776402153
BC23810,BC23810_E2,ENSG00000164919,-0.032225323109616,-0.0241018304867728
BC23810,BC23810_E2,ENSG00000167815,0.0860452085293583,0.0795646026492668
BC23810,BC23810_E2,ENSG00000182899,0.095367355699047,0.0837654327610451
BC23810,BC23810_E2,ENSG00000170315,0.0277776087116514,0.0145690292458628
BC23810,BC23810_E2,ENSG00000163479,-0.0700914658731277,-0.0564830860507994
BC23810,BC23810_E2,ENSG00000186010,0.068053101227826,0.0540242543670508
BC23810,BC23810_E2,ENSG00000025708,0.0267279607295458,0.0277215769807285
BC23810,BC23810_E2,ENSG00000214530,0.0763945267246614,0.0711253604172699
BC23810,BC23810_E2,ENSG00000130725,0.062551014632736,0.0810587498961804
BC23810,BC23810_E2,ENSG00000125970,0.1197909169725949,0.1145393249042434
BC23810,BC23810_E2,ENSG00000155366,0.0879728741056037,0.1071205044569512
BC23810,BC23810_E2,ENSG00000176046,-0.0085398479838217,0.0064467390733222
BC23810,BC23810_E2,ENSG00000008988,0.0266478928445429,0.0299527069376395
BC23810,BC23810_E2,ENSG00000087460,0.0401755440749056,0.0402311319203619
BC23810,BC23810_E2,ENSG00000100300,-0.00149796219275,0.0147401436826363
BC23810,BC23810_E2,ENSG00000142949,-0.0069208546774633,0.0043517683425744
BC23810,BC23810_E2,ENSG00000100097,0.0511023492156762,0.0549473570424539
BC23810,BC23810_E2,ENSG00000106153,0.0336609071819122,0.0232998989112486
BC23810,BC23810_E2,ENSG00000197956,0.0009497922228301,-0.0152963390624299
BC23810,BC23810_E2,ENSG00000233276,-0.0595777951816961,-0.0887869351717073
BC23810,BC23810_E2,ENSG00000126709,-0.0035533279548536,-0.00412920868719
BC23810,BC23810_E2,ENSG00000168542,-0.0373455319344681,-0.0377483550382931
BC23810,BC23810_E2,ENSG00000159335,-0.0191524742090829,-0.03739012244088
BC23810,BC23810_E2,ENSG00000131143,-0.0620329768767493,-0.0563562383094655
BC23810,BC23810_E2,ENSG00000110492,0.0665008019892969,0.0698075447615255
BC23810,BC23810_E2,ENSG00000184840,-0.0484991637838089,-0.0279965065647628
BC23810,BC23810_E2,ENSG00000126247,0.016388110509004,0.0139208774666318
BC23810,BC23810_E2,ENSG00000196405,-0.0516941648616142,-0.0766460243472339
BC23810,BC23810_E2,ENSG00000137331,-0.0183197574305181,-0.0203056258216856
BC23810,BC23810_E2,ENSG00000140990,-0.0368854259131878,-0.0457335391975202
BC23810,BC23810_E2,ENSG00000188846,0.0040617824318738,-0.0279427519410833
BC23810,BC23810_E2,ENSG00000173801,-0.0141613360035022,-0.0059489584980269
BC23810,BC23810_E2,ENSG00000157227,-0.0364883125343028,-0.0313036088373488
BC23810,BC23810_E2,ENSG00000279274,-0.0083235348781221,-0.0118397267840276
BC23810,BC23810_E2,ENSG00000213988,0.0579605634094645,0.0600794230514854
BC23810,BC23810_E2,ENSG00000011304,0.0381134844212366,0.0650136244261669
BC23810,BC23810_E2,ENSG00000123989,-0.0122523764913995,-0.0065612535985683
BC23810,BC23810_E2,ENSG00000114391,0.0807664103252261,0.0969012280595854
BC23810,BC23810_E2,ENSG00000143546,-0.0687437076816142,-0.0629138246575383
BC23810,BC23810_E2,ENSG00000143420,-0.102140965213888,-0.1104058898048828
BC23810,BC23810_E2,ENSG00000105404,0.0112759999220729,0.014318804470834
BC23810,BC23810_E2,ENSG00000177700,-0.0091301918329825,-0.0185776300064191
BC23810,BC23810_E2,ENSG00000182871,0.0604828190409858,0.065817444928545
BC23810,BC23810_E2,ENSG00000173369,0.0369068829387436,0.0561055159855276
BC23810,BC23810_E2,ENSG00000110092,-0.0069576843074776,0.0032194484607806
BC23810,BC23810_E2,ENSG00000135390,-0.0012958308138716,-0.0056859015116583
BC23810,BC23810_E2,ENSG00000178209,-0.0417569552221758,-0.0335486674875192
BC23901,BC23901_C2,ENSG00000034510,-0.0146720764695077,-0.0403615777331964
BC23901,BC23901_C2,ENSG00000254709,-0.087183509303621,-0.1770022320007022
BC23901,BC23901_C2,ENSG00000137818,0.0997425584619701,0.1518940961758384
BC23901,BC23901_C2,ENSG00000111640,0.3263023720724081,0.4075717375727427
BC23901,BC23901_C2,ENSG00000171345,0.2404106048381978,0.2966230671498689
BC23901,BC23901_C2,ENSG00000177600,0.130005446370648,0.1509497291995274
BC23901,BC23901_C2,ENSG00000231500,0.0083232338693488,-0.0145541710722874
BC23901,BC23901_C2,ENSG00000164587,0.0153385908922671,0.0010149343384054
BC23901,BC23901_C2,ENSG00000075624,0.063850766387108,0.1218812618843153
BC23901,BC23901_C2,ENSG00000108107,-0.0381345906565182,-0.1125399025296819
BC23901,BC23901_C2,ENSG00000108298,-0.0659370319536767,-0.1120019317733425
BC23901,BC23901_C2,ENSG00000105372,-0.0442512807564725,-0.0899431204154198
BC23901,BC23901_C2,ENSG00000197756,0.0771756199521153,0.0598584885553987
BC23901,BC23901_C2,ENSG00000141736,0.1398974198684771,0.1747590772349185
BC23901,BC23901_C2,ENSG00000161016,0.1018383452273704,0.0860483693918408
BC23901,BC23901_C2,ENSG00000167526,-0.0240219124061604,-0.0584628751994458
BC23901,BC23901_C2,ENSG00000087086,0.0089793200850001,0.0688844573647144
BC23901,BC23901_C2,ENSG00000130255,-0.0771447679469027,-0.1260509094507478
BC23901,BC23901_C2,ENSG00000108518,0.0772049602820672,0.0630012593074948
BC23901,BC23901_C2,ENSG00000136942,-0.0705308725136758,-0.1372606116339087
BC23901,BC23901_C2,__ambiguous[ENSG00000251357+ENSG00000240972],0.1226396878996894,0.156062371677197
BC23901,BC23901_C2,ENSG00000149273,0.1209965264511316,0.092540843690463
BC23901,BC23901_C2,ENSG00000117984,0.1939357457046644,0.2860277401561235
BC23901,BC23901_C2,ENSG00000197746,-0.0233473696293908,-0.0459712926591773
BC23901,BC23901_C2,ENSG00000063177,-0.0689405328708626,-0.1270721802003601
BC23901,BC23901_C2,ENSG00000180879,-0.1128296127711658,-0.1517013424110958
BC23901,BC23901_C2,ENSG00000140264,-0.1068592425811911,-0.1263984549326935
BC23901,BC23901_C2,ENSG00000179218,0.0408820792217124,0.044127538560231
BC23901,BC23901_C2,ENSG00000105193,-0.0849458121518975,-0.0989033328407089
BC23901,BC23901_C2,ENSG00000221983,-0.0401354184323159,-0.0943203201459524
BC23901,BC23901_C2,ENSG00000204628,-0.0332175945937321,-0.0177061794172702
BC23901,BC23901_C2,ENSG00000167996,0.0138064369953492,0.0687558932560212
BC23901,BC23901_C2,ENSG00000166441,-0.0500710358400901,-0.05188310017433
BC23901,BC23901_C2,ENSG00000142541,0.0586336109521272,0.0413579962985393
BC23901,BC23901_C2,ENSG00000130203,-0.0914939564975248,-0.1210893451971308
BC23901,BC23901_C2,ENSG00000142534,-0.0114580360580933,-0.0335854657438228
BC23901,BC23901_C2,ENSG00000234745,-0.1210161474132634,-0.0884186575569792
BC23901,BC23901_C2,ENSG00000185624,0.0048010625713231,0.0148826906394878
BC23901,BC23901_C2,ENSG00000109062,0.0236207618287678,0.0198367076349241
BC23901,BC23901_C2,ENSG00000140988,0.0419117432055248,0.0196081743619427
BC23901,BC23901_C2,ENSG00000147403,0.0249313170466414,-0.0054861915360268
BC23901,BC23901_C2,ENSG00000089157,0.0923923922535117,0.1239613688378814
BC23901,BC23901_C2,ENSG00000105640,0.0479049305810184,0.0156903283023499
BC23901,BC23901_C2,ENSG00000171858,0.0315843104518075,0.0564517645310832
BC23901,BC23901_C2,ENSG00000115268,-0.0110787942799224,-0.0645211366704451
BC23901,BC23901_C2,ENSG00000233927,0.0841033404317909,0.0740247305599461
BC23901,BC23901_C2,ENSG00000112306,0.0437443181696095,0.0790245520348922
BC23901,BC23901_C2,ENSG00000198034,0.0915589547680964,0.1217458053026324
BC23901,BC23901_C2,ENSG00000182774,0.0440997507240106,0.0434439302808759
BC23901,BC23901_C2,ENSG00000149806,-0.0062390931502333,0.0080542922896632
BC23901,BC23901_C2,ENSG00000125691,-0.0722054701047931,-0.0518921075501131
BC23901,BC23901_C2,ENSG00000142676,-0.0277030044678948,-0.0028365023715128
BC23901,BC23901_C2,ENSG00000213741,-0.0958356657233041,-0.0865064629200863
BC23901,BC23901_C2,ENSG00000111341,-0.0750637462360786,-0.0916588454552635
BC23901,BC23901_C2,ENSG00000019582,-0.0216154026056619,-0.0209989378908076
BC23901,BC23901_C2,ENSG00000170889,-0.0377159048626155,-0.087858529760482
BC23901,BC23901_C2,ENSG00000172809,-0.0779601967151504,-0.0752692713502235
BC23901,BC23901_C2,ENSG00000204525,-0.0356427445197832,-0.0503556161566975
BC23901,BC23901_C2,ENSG00000101439,-0.0323185534356003,-0.032081248326757
BC23901,BC23901_C2,ENSG00000100316,0.0861752955284815,0.046969307794281
BC23901,BC23901_C2,ENSG00000172757,0.0557631998892173,0.026682231937556
BC23901,BC23901_C2,ENSG00000177954,0.1975444242828389,0.2598107019183943
BC23901,BC23901_C2,ENSG00000184009,-0.0057270765950258,0.0561750280364959
BC23901,BC23901_C2,ENSG00000137154,-0.0048065020794125,0.0034784757591234
BC23901,BC23901_C2,ENSG00000204592,-0.0973593438666928,-0.1163865821066508
BC23901,BC23901_C2,ENSG00000108821,0.0326419357307699,0.0273050919062528
BC23901,BC23901_C2,__ambiguous[ENSG00000254772+ENSG00000255508],-0.015489682063934,-0.0214893146126263
BC23901,BC23901_C2,ENSG00000142937,0.1271780198082478,0.1666615183648103
BC23901,BC23901_C2,ENSG00000206503,0.0201727469076282,0.0383600682612571
BC23901,BC23901_C2,__ambiguous[ENSG00000185883+ENSG00000260272],-0.1229731530808597,-0.1567793826562454
BC23901,BC23901_C2,ENSG00000169710,0.0734445279313762,0.0742082545449934
BC23901,BC23901_C2,ENSG00000083845,0.1693136226484175,0.173319038567583
BC23901,BC23901_C2,ENSG00000167995,-0.0650716839553807,-0.0723917299468363
BC23901,BC23901_C2,ENSG00000165949,0.0712914233595347,0.1422306307397387
BC23901,BC23901_C2,ENSG00000135404,-0.1352849239603726,-0.1345018290491426
BC23901,BC23901_C2,ENSG00000231925,0.1081813829507578,0.0877028867094593
BC23901,BC23901_C2,ENSG00000163191,0.0123004182719493,0.0507630670883895
BC23901,BC23901_C2,ENSG00000197958,0.0489346324357326,0.0435221412450166
BC23901,BC23901_C2,ENSG00000167468,-0.1397713774184664,-0.1848483648310046
BC23901,BC23901_C2,ENSG00000167658,0.0690406023385637,0.1158031779320175
BC23901,BC23901_C2,ENSG00000107223,-0.0160696159923893,-0.0554114353340824
BC23901,BC23901_C2,ENSG00000162244,0.0767788184227679,0.0725260696485512
BC23901,BC23901_C2,ENSG00000108639,0.0264218737765818,0.0142916609361439
BC23901,BC23901_C2,ENSG00000156482,0.0057857805294715,0.0296502469142279
BC23901,BC23901_C2,ENSG00000144713,-0.0131270590285138,-0.022449916625008
BC23901,BC23901_C2,ENSG00000148303,-0.0897851663410861,-0.1184361549422856
BC23901,BC23901_C2,ENSG00000149925,0.2336325022434305,0.2638987339150435
BC23901,BC23901_C2,ENSG00000172531,-0.0395724952726518,-0.054642987825642
BC23901,BC23901_C2,ENSG00000106624,-0.0608895533105372,-0.1017970823329111
BC23901,BC23901_C2,ENSG00000143947,-0.0894374271058151,-0.0928475702961239
BC23901,BC23901_C2,ENSG00000224389,0.0205356836786433,-0.0037497764388304
BC23901,BC23901_C2,ENSG00000108344,-0.0247735926252484,-0.0065148179435973
BC23901,BC23901_C2,ENSG00000174748,0.0270018870056776,0.0615854248124903
BC23901,BC23901_C2,ENSG00000108679,-0.1078228009046403,-0.1385576783042657
BC23901,BC23901_C2,ENSG00000131469,-0.0568835698877129,-0.0455230127787708
BC23901,BC23901_C2,ENSG00000185825,-0.042196323903534,-0.0608895293332408
BC23901,BC23901_C2,ENSG00000185499,0.1218813854981763,0.1595874379908086
BC23901,BC23901_C2,ENSG00000115884,-0.0735968073528985,-0.0771858939979005
BC23901,BC23901_C2,ENSG00000198242,-0.0108540250499792,0.0069234794303497
BC23901,BC23901_C2,ENSG00000145592,-0.0543056104975532,-0.0391109564573224
BC23901,BC23901_C2,ENSG00000246705,-0.0416821495371558,-0.0650255388388193
BC23901,BC23901_C2,ENSG00000166710,-0.0928234256667973,-0.03358165942635
BC23901,BC23901_C2,ENSG00000130303,-0.0326932783139071,-0.0719250618287174
BC23901,BC23901_C2,ENSG00000141741,-0.0055939612518069,-0.012441544344418
BC23901,BC23901_C2,ENSG00000163220,-0.0179066780055417,-0.0490599619099405
BC23901,BC23901_C2,ENSG00000106211,-0.0293262189948147,-0.0144453182752784
BC23901,BC23901_C2,ENSG00000104904,0.0271598850684697,0.0066873198760283
BC23901,BC23901_C2,ENSG00000158710,0.0562926579914926,0.0973912443936356
BC23901,BC23901_C2,ENSG00000152082,0.0083255664589637,-0.0097354862110459
BC23901,BC23901_C2,ENSG00000160862,-0.0277072362045636,-0.0393880284514886
BC23901,BC23901_C2,ENSG00000279483,0.1804625056955464,0.1832059707317836
BC23901,BC23901_C2,__ambiguous[ENSG00000185885+ENSG00000185201],-0.1304646773277079,-0.1661175659006208
BC23901,BC23901_C2,ENSG00000117410,-0.0437954411996705,-0.0343946287869337
BC23901,BC23901_C2,ENSG00000110651,0.0071483891304385,-0.0284445215808984
BC23901,BC23901_C2,ENSG00000118181,-0.0323401128225974,-0.0160250108480509
BC23901,BC23901_C2,__ambiguous[ENSG00000243678+ENSG00000011052],-0.0480011212747563,-0.0684317579335105
BC23901,BC23901_C2,ENSG00000173372,0.0117027951132768,0.0174702198779039
BC23901,BC23901_C2,ENSG00000115457,0.0525418524561668,-0.0280388602097828
BC23901,BC23901_C2,ENSG00000074800,-0.0178079148315814,-0.038250661753766
BC23901,BC23901_C2,ENSG00000130208,-0.1510069053653429,-0.2060097768234388
BC23901,BC23901_C2,ENSG00000092841,0.0130379843191971,0.0075639847120874
BC23901,BC23901_C2,ENSG00000111057,-0.0633337254647821,-0.0474839855368252
BC23901,BC23901_C2,__ambiguous[ENSG00000124614+ENSG00000270800],-0.0458596235979381,-0.0452885733575547
BC23901,BC23901_C2,ENSG00000142669,0.043726568071535,0.0136659446118158
BC23901,BC23901_C2,ENSG00000030582,-0.0191942091393209,-0.0066402006695467
BC23901,BC23901_C2,ENSG00000133112,-0.0395909178960735,-0.0098940040692343
BC23901,BC23901_C2,ENSG00000126267,0.03072553331543,-0.0207521574343186
BC23901,BC23901_C2,ENSG00000277972,0.0146717437226505,-0.0103772918400132
BC23901,BC23901_C2,ENSG00000071082,0.0338320543474866,0.0803642592988204
BC23901,BC23901_C2,ENSG00000169100,0.1247058640134527,0.1843029041639981
BC23901,BC23901_C2,ENSG00000205542,0.0895460627782433,0.1519786120271178
BC23901,BC23901_C2,ENSG00000150991,0.0274580187765776,0.0573556591547307
BC23901,BC23901_C2,ENSG00000070756,0.0701465704337988,0.0687507674004347
BC23901,BC23901_C2,ENSG00000117450,-0.0192991043865856,0.025674375445447
BC23901,BC23901_C2,ENSG00000277791,0.0848333072724173,0.0887412914289671
BC23901,BC23901_C2,ENSG00000071553,0.0606458183221832,0.0224288237450605
BC23901,BC23901_C2,__ambiguous[ENSG00000257341+ENSG00000213145],0.0046143569931396,-0.0052696010576045
BC23901,BC23901_C2,ENSG00000143774,-0.0169404602753079,-0.0203142848203659
BC23901,BC23901_C2,ENSG00000102265,0.0442310802598221,0.0462631814841803
BC23901,BC23901_C2,ENSG00000149591,0.0002800437252477,-0.0068739030812776
BC23901,BC23901_C2,ENSG00000162511,-0.0376539359207131,-0.046286272518827
BC23901,BC23901_C2,ENSG00000124664,0.0690946785222403,0.063490921466476
BC23901,BC23901_C2,ENSG00000165215,-0.0200476132964154,-0.0540876169129006
BC23901,BC23901_C2,ENSG00000178719,0.0671658935902043,0.0741132648001739
BC23901,BC23901_C2,ENSG00000125534,0.0055573094404033,0.0108361185893408
BC23901,BC23901_C2,ENSG00000105223,0.022585293102327,0.0305588263890381
BC23901,BC23901_C2,ENSG00000145425,-0.1160160873236666,-0.1226320828548818
BC23901,BC23901_C2,ENSG00000182492,0.0646266931960114,0.037067597058332
BC23901,BC23901_C2,ENSG00000163682,-0.1040394771956494,-0.0812992939699885
BC23901,BC23901_C2,ENSG00000160789,-0.0321925618528579,-0.0543822152050647
BC23901,BC23901_C2,ENSG00000176340,-0.0888204388579471,-0.1166324061419421
BC23901,BC23901_C2,ENSG00000196924,-0.0292438968630331,-0.0567865184510981
BC23901,BC23901_C2,ENSG00000141522,0.0476656957565266,0.012714168063981
BC23901,BC23901_C2,ENSG00000124614,0.1043581462159566,0.0886656659860283
BC23901,BC23901_C2,ENSG00000182809,-0.0303567111355628,-0.0487116664693773
BC23901,BC23901_C2,ENSG00000187514,0.0425858509054413,0.1094268965026362
BC23901,BC23901_C2,ENSG00000164733,-0.0381580743920866,-0.0361434151238555
BC23901,BC23901_C2,ENSG00000204287,0.0845125410612913,0.1548006642977062
BC23901,BC23901_C2,ENSG00000115414,0.0368270160931806,0.0482688570420293
BC23901,BC23901_C2,ENSG00000255823,0.0069630374984668,0.0133413280818748
BC23901,BC23901_C2,ENSG00000051523,-0.0925144381117291,-0.076909218788992
BC23901,BC23901_C2,ENSG00000135480,0.0015161882880668,-0.0347550327154359
BC23901,BC23901_C2,ENSG00000131748,-0.0155311714159573,0.0092474290556467
BC23901,BC23901_C2,__ambiguous[ENSG00000277957+ENSG00000161960],0.0287543881345977,0.0474630556454785
BC23901,BC23901_C2,ENSG00000138326,-0.180620301649277,-0.1863646156929986
BC23901,BC23901_C2,ENSG00000142089,-0.1315793867991253,-0.1794628046475503
BC23901,BC23901_C2,ENSG00000127540,-0.0719549084203312,-0.0525759926878088
BC23901,BC23901_C2,ENSG00000058262,0.0859376761222558,0.0933006508804486
BC23901,BC23901_C2,ENSG00000169223,-0.0093616981409799,0.0209526485038344
BC23901,BC23901_C2,ENSG00000144426,0.0349814699862868,0.0381321869132851
BC23901,BC23901_C2,ENSG00000103363,-0.025452716460281,0.0065295926769928
BC23901,BC23901_C2,ENSG00000123349,0.0830772483797956,0.0781166265725062
BC23901,BC23901_C2,ENSG00000052344,-0.1181754892336321,-0.1540764949449455
BC23901,BC23901_C2,ENSG00000111669,-0.0519242184473674,-0.0365145713459136
BC23901,BC23901_C2,ENSG00000272196,0.0319983281953929,0.0458585382653614
BC23901,BC23901_C2,ENSG00000114353,-0.0657727781208079,-0.0751498715506745
BC23901,BC23901_C2,ENSG00000269028,-0.0414931519119179,-0.0513578278662141
BC23901,BC23901_C2,ENSG00000125730,-0.0335370539296361,-0.0192043880835661
BC23901,BC23901_C2,ENSG00000184897,-0.0111056251315383,-0.0084398292723035
BC23901,BC23901_C2,ENSG00000182899,0.0290852215781891,0.0407211660858979
BC23901,BC23901_C2,ENSG00000164692,0.0391766439839566,0.0622467030472819
BC23901,BC23901_C2,ENSG00000114867,0.0452358912635088,0.0008854515955891
BC23901,BC23901_C2,ENSG00000172354,0.0053538097995744,-0.0016561927419608
BC23901,BC23901_C2,ENSG00000251562,-0.1365552978246,-0.1687094623258832
BC23901,BC23901_C2,ENSG00000178952,0.0255616877619066,-0.0135337188922582
BC23901,BC23901_C2,ENSG00000026025,0.0593210882926365,0.0683204093813153
BC23901,BC23901_C2,__ambiguous[ENSG00000262526+ENSG00000170296],-0.0302318568438454,-0.0437072595475361
BC23901,BC23901_C2,ENSG00000104529,0.0333359315043403,0.060304351356324
BC23901,BC23901_C2,ENSG00000178980,0.0222659531781268,-0.0057379959941982
BC23901,BC23901_C2,ENSG00000142949,0.1089602287328223,0.1114621011186367
BC23901,BC23901_C2,ENSG00000167815,0.096485546742852,0.0956193242336282
BC23901,BC23901_C2,ENSG00000008988,-0.0782784836984654,-0.0754976859369285
BC23901,BC23901_C2,ENSG00000170315,-0.0007297710280641,0.0003238960173358
BC23901,BC23901_C2,ENSG00000131143,0.0696248897250212,0.0768798790908996
BC23901,BC23901_C2,__ambiguous[ENSG00000219200+ENSG00000161939],-0.0737177764068977,-0.1166426957857402
BC23901,BC23901_C2,ENSG00000104964,0.0247730738442825,0.001690321364428
BC23901,BC23901_C2,ENSG00000100300,0.079642372578312,0.0907616136130953
BC23901,BC23901_C2,__ambiguous[ENSG00000273259+ENSG00000196136],-0.0896445525676462,-0.1238431200334455
BC23901,BC23901_C2,ENSG00000214530,-0.0323001995087507,-0.0231839943851708
BC23901,BC23901_C2,ENSG00000188846,0.0720169458950611,0.0391794330932522
BC23901,BC23901_C2,ENSG00000087460,0.0681816580333083,0.0909236428631994
BC23901,BC23901_C2,ENSG00000155366,-0.0009387018740443,-0.0143083715201869
BC23901,BC23901_C2,ENSG00000142173,-0.0339571917838788,-0.0725050280063593
BC23901,BC23901_C2,ENSG00000197956,0.0540202465108745,0.04650557990697
BC23901,BC23901_C2,ENSG00000126247,0.0538598714021853,-0.0051441518881685
BC23901,BC23901_C2,ENSG00000163479,-0.037618656088501,-0.0721161827568923
BC23901,BC23901_C2,ENSG00000100219,0.0276973720924411,0.0467434789917999
BC23901,BC23901_C2,__ambiguous[ENSG00000241343+ENSG00000257529],-0.1218226993567044,-0.0889125317140332
BC23901,BC23901_C2,ENSG00000174444,-0.0170623396112112,0.0074613975264883
BC23901,BC23901_C2,ENSG00000173369,0.0714696795586364,0.0971838501447837
BC23901,BC23901_C2,ENSG00000114391,0.0557120712871633,0.0736260926128626
BC23901,BC23901_C2,ENSG00000174886,-0.0116157496757023,-0.0278932621499873
BC23901,BC23901_C2,ENSG00000171222,-0.0708104609799665,-0.0874787082992333
BC23901,BC23901_C2,ENSG00000213988,-0.0310118044189315,-0.0604915133845526
BC23901,BC23901_C2,ENSG00000163399,0.1315665085385514,0.1518226541060932
BC23901,BC23901_C2,ENSG00000173272,0.0108006643989462,0.0027000443246439
BC23901,BC23901_C2,ENSG00000160932,0.0502932147084399,0.0989573788387737
BC23901,BC23901_C2,ENSG00000196576,0.1179740606443536,0.0738619352269997
BC23901,BC23901_C2,ENSG00000135390,0.1666756750435379,0.1619101883232349
BC23901,BC23901_C2,ENSG00000172270,-0.1432531199732215,-0.1634162510039968
BC23901,BC23901_C2,ENSG00000177700,0.0363571554769957,0.0465260337690495
BC23901,BC23901_C2,ENSG00000124172,-0.0335847437783727,0.0010356212601265
BC23901,BC23901_C2,ENSG00000171863,-0.0572913867313548,-0.0263448252547064
BC23901,BC23901_C2,ENSG00000186468,0.0085967311622092,0.0075575086353032
BC23901,BC23901_C2,ENSG00000143546,-0.0495514352362624,-0.0640546470841838
BC23901,BC23901_C2,ENSG00000125970,0.0704743814259565,0.0970551071489141
BC23901,BC23901_C2,ENSG00000170421,0.0442202915051224,0.0551008127862963
BC23901,BC23901_C2,ENSG00000186010,-0.077246128386157,-0.1002905501430532
BC23901,BC23901_C2,ENSG00000187608,-0.1028216731701945,-0.1630635184258935
BC23901,BC23901_C2,ENSG00000168528,0.1030616212966371,0.1174868881747097
BC23901,BC23901_C2,ENSG00000130725,0.0600981506150086,0.0627969616793032
BC23901,BC23901_C2,ENSG00000011304,0.0092745658327596,0.0427093102731804
BC23901,BC23901_C2,ENSG00000279274,-0.0098083079519298,-0.0209437584230133
BC23901,BC23901_C2,ENSG00000110492,-0.0371702820292213,-0.0321531290065564
BC23901,BC23901_C2,ENSG00000143420,0.0051500436550117,0.021376121729292
BC23901,BC23901_C2,ENSG00000134419,0.024783642437267,0.0310111182655188
BC23901,BC23901_C2,ENSG00000161960,0.1917631726284912,0.2551223360837725
BC23901,BC23901_C2,ENSG00000025708,-0.0752853694121361,-0.079940780186525
BC23901,BC23901_C2,ENSG00000101335,0.0435076928616006,0.0739415379061217
BC23901,BC23901_C2,ENSG00000109475,-0.0076386459118453,0.051531944799483
BC23901,BC23901_C2,ENSG00000173801,-0.1426334778220244,-0.1889167746608344
BC23901,BC23901_C2,ENSG00000141753,0.0071668660606951,-0.0019699311128992
BC23901,BC23901_C2,ENSG00000106153,0.0386143586264213,0.0258212140703583
BC23901,BC23901_C2,ENSG00000160180,0.0491280584806472,0.0528074339135993
BC23901,BC23901_C2,ENSG00000123989,0.0769575138126646,0.0860085766623501
BC23901,BC23901_C2,ENSG00000159840,-0.0335222519245226,-0.0598649577559527
BC23901,BC23901_C2,ENSG00000147604,0.0391492076809175,0.0528469296433039
BC23901,BC23901_C2,ENSG00000135940,0.123738086710525,0.099907799618018
BC23901,BC23901_C2,ENSG00000164919,-0.0981506281027779,-0.0842733521898857
BC23901,BC23901_C2,ENSG00000140990,0.0403199057210268,0.0192010586409382
BC23901,BC23901_D1,ENSG00000034510,-0.0764449511268378,-0.0605641015577544
BC23901,BC23901_D1,ENSG00000254709,-0.0081638572471141,-0.0238374916875499
BC23901,BC23901_D1,ENSG00000137818,0.1939419365346483,0.2281499612263071
BC23901,BC23901_D1,ENSG00000111640,0.1010877411946677,0.1084177504445415
BC23901,BC23901_D1,ENSG00000171345,0.0013644276774434,-0.0078122402745156
BC23901,BC23901_D1,ENSG00000177600,0.0521903650991748,0.1218986908896811
BC23901,BC23901_D1,ENSG00000231500,-0.0516810124424616,-0.0602267622358411
BC23901,BC23901_D1,ENSG00000164587,0.0492860385659711,0.0312636642109434
BC23901,BC23901_D1,ENSG00000075624,0.097022937469578,0.1127126692009513
BC23901,BC23901_D1,ENSG00000108107,0.0460616219932203,0.0497404846448335
BC23901,BC23901_D1,ENSG00000108298,-0.0168166884225536,-0.0074483989039541
BC23901,BC23901_D1,ENSG00000105372,0.0087084196602826,0.0112577811506233
BC23901,BC23901_D1,ENSG00000197756,-0.18449980934797,-0.18234362778328
BC23901,BC23901_D1,ENSG00000141736,0.1141693446751839,0.1343632939983231
BC23901,BC23901_D1,ENSG00000161016,0.0378574910155968,0.0421661084039103
BC23901,BC23901_D1,ENSG00000167526,0.0671988482198241,0.0676092177770989
BC23901,BC23901_D1,ENSG00000087086,0.0648387667422716,0.0932928190180191
BC23901,BC23901_D1,ENSG00000130255,-0.1539839599544696,-0.1599218179396966
BC23901,BC23901_D1,ENSG00000108518,0.0525512717541808,0.0746876364105773
BC23901,BC23901_D1,ENSG00000136942,-0.0498456188304345,-0.012011914999472
BC23901,BC23901_D1,__ambiguous[ENSG00000251357+ENSG00000240972],0.1176247291031311,0.1592907606985819
BC23901,BC23901_D1,ENSG00000149273,0.0320085990746098,0.0472954015791136
BC23901,BC23901_D1,ENSG00000117984,0.0063262082195874,0.0559414338923856
BC23901,BC23901_D1,ENSG00000197746,-0.0124246435796542,0.0337256528328516
BC23901,BC23901_D1,ENSG00000063177,0.0242314036720292,0.0333495102556314
BC23901,BC23901_D1,ENSG00000180879,0.0472289611556166,0.0503085558366222
BC23901,BC23901_D1,ENSG00000140264,-0.0480513948465756,-0.0438168632428035
BC23901,BC23901_D1,ENSG00000179218,0.0523982924175617,0.0239407523039574
BC23901,BC23901_D1,ENSG00000105193,-0.0371683968822208,-0.0370651875405231
BC23901,BC23901_D1,ENSG00000221983,-0.1660965341210578,-0.1537385686529572
BC23901,BC23901_D1,ENSG00000204628,-0.0277419940810022,-0.0901683469673984
BC23901,BC23901_D1,ENSG00000167996,0.122387498754858,0.1430705195218112
BC23901,BC23901_D1,ENSG00000166441,-0.1092836072229417,-0.0962759363922273
BC23901,BC23901_D1,ENSG00000142541,0.0006709877024457,0.001511397505943
BC23901,BC23901_D1,ENSG00000130203,0.0838131145137117,0.1063483512526242
BC23901,BC23901_D1,ENSG00000142534,-0.0787417731994031,-0.131574602296606
BC23901,BC23901_D1,ENSG00000234745,0.143861292464765,0.1950033366787665
BC23901,BC23901_D1,ENSG00000185624,0.077214757623248,0.0985939856841118
BC23901,BC23901_D1,ENSG00000109062,0.0576373774732386,0.0319660154385371
BC23901,BC23901_D1,ENSG00000140988,-0.0069591752859309,-0.0114742273361665
BC23901,BC23901_D1,ENSG00000147403,-0.0788031726008787,-0.0682392515773846
BC23901,BC23901_D1,ENSG00000089157,0.0245968140694497,0.0301618829299267
BC23901,BC23901_D1,ENSG00000105640,0.0752287277718203,0.063241408803898
BC23901,BC23901_D1,ENSG00000171858,-0.0841120114438569,-0.0681104689589462
BC23901,BC23901_D1,ENSG00000115268,-0.007569563673048,-0.0406419393948151
BC23901,BC23901_D1,ENSG00000233927,-0.0498242541338668,-0.0596534901403167
BC23901,BC23901_D1,ENSG00000112306,-0.0103595683028482,-0.0229995967780657
BC23901,BC23901_D1,ENSG00000198034,0.0861762260628084,0.122126209680757
BC23901,BC23901_D1,ENSG00000182774,0.0401106135884785,0.0454788795097327
BC23901,BC23901_D1,ENSG00000149806,-0.0679714522876315,-0.0619650522106975
BC23901,BC23901_D1,ENSG00000125691,-0.0415381886956176,0.0090800526355655
BC23901,BC23901_D1,ENSG00000142676,-0.0733379213143982,-0.0834147278936013
BC23901,BC23901_D1,ENSG00000213741,-0.0248278249540507,-0.0255992848560918
BC23901,BC23901_D1,ENSG00000111341,-0.1148546949270866,-0.1371356931647712
BC23901,BC23901_D1,ENSG00000019582,0.110027308653789,0.1209447543253161
BC23901,BC23901_D1,ENSG00000170889,0.033893041153215,0.0621928575368353
BC23901,BC23901_D1,ENSG00000172809,0.0035774209576557,0.0153879435901088
BC23901,BC23901_D1,ENSG00000204525,0.0065531810787335,0.063585179291267
BC23901,BC23901_D1,ENSG00000101439,-0.0735004661924337,-0.1263920237636863
BC23901,BC23901_D1,ENSG00000100316,-0.0453083114089652,-0.0864273500806252
BC23901,BC23901_D1,ENSG00000172757,-0.0733792929682118,-0.0749443382710805
BC23901,BC23901_D1,ENSG00000177954,0.1822286543915867,0.2024701571914751
BC23901,BC23901_D1,ENSG00000184009,0.1894886306893716,0.2328560831751085
BC23901,BC23901_D1,ENSG00000137154,0.0955840848293757,0.100067616068328
BC23901,BC23901_D1,ENSG00000204592,-0.091201029918773,-0.1188330365668048
BC23901,BC23901_D1,ENSG00000108821,0.0993306013925167,0.1366606581734715
BC23901,BC23901_D1,__ambiguous[ENSG00000254772+ENSG00000255508],-0.0127479343801548,-0.0306154877084662
BC23901,BC23901_D1,ENSG00000142937,-0.0390502506627177,-0.0073328184286378
BC23901,BC23901_D1,ENSG00000206503,-0.0049354043809599,0.0293730582272728
BC23901,BC23901_D1,__ambiguous[ENSG00000185883+ENSG00000260272],0.0015224785251263,-0.0056005672501921
BC23901,BC23901_D1,ENSG00000169710,0.0273503038534674,0.1035694321942472
BC23901,BC23901_D1,ENSG00000083845,0.0207618962326393,0.0392042418515037
BC23901,BC23901_D1,ENSG00000167995,-0.0745716116824784,-0.0558948268153485
BC23901,BC23901_D1,ENSG00000165949,0.0935269725374528,0.1241169452847435
BC23901,BC23901_D1,ENSG00000135404,0.0330898963178708,0.0331679108510659
BC23901,BC23901_D1,ENSG00000231925,-0.1211555962516057,-0.1074675272486053
BC23901,BC23901_D1,ENSG00000163191,0.062242656031196,0.0903895353099059
BC23901,BC23901_D1,ENSG00000197958,-0.0109932476023067,-0.0399946432346128
BC23901,BC23901_D1,ENSG00000167468,0.0272853368688702,0.0312921885509713
BC23901,BC23901_D1,ENSG00000167658,0.076308627733838,0.1320552997310601
BC23901,BC23901_D1,ENSG00000107223,-0.0147610766541074,0.0033116906458002
BC23901,BC23901_D1,ENSG00000162244,-0.0711577776299881,-0.0594134319001002
BC23901,BC23901_D1,ENSG00000108639,-0.0639209877639308,-0.025381374562395
BC23901,BC23901_D1,ENSG00000156482,0.0718855026334734,0.06072410967446
BC23901,BC23901_D1,ENSG00000144713,-0.1671426757332662,-0.1807535183476518
BC23901,BC23901_D1,ENSG00000148303,-0.0261992382285128,-0.0861462970011078
BC23901,BC23901_D1,ENSG00000149925,0.0460141446285224,0.0453972324241293
BC23901,BC23901_D1,ENSG00000172531,0.0408395374123817,0.0415959035023546
BC23901,BC23901_D1,ENSG00000106624,-0.0803054199881067,-0.0675487698127122
BC23901,BC23901_D1,ENSG00000143947,0.0014809572474136,0.0253328736533283
BC23901,BC23901_D1,ENSG00000224389,0.0143995213584454,-0.0114942633367844
BC23901,BC23901_D1,ENSG00000108344,0.078743637222502,0.0728309472018532
BC23901,BC23901_D1,ENSG00000174748,0.1312023315330716,0.1730605795994348
BC23901,BC23901_D1,ENSG00000108679,0.0574643227881727,0.0883702601266262
BC23901,BC23901_D1,ENSG00000131469,0.1040436205801606,0.1271611779623615
BC23901,BC23901_D1,ENSG00000185825,-0.0642587249459274,-0.0717576154665035
BC23901,BC23901_D1,ENSG00000185499,0.0148902983471122,0.0311023381663762
BC23901,BC23901_D1,ENSG00000115884,0.0165047187599081,0.0105847431677166
BC23901,BC23901_D1,ENSG00000198242,-0.0416326302081862,-0.0451988924763303
BC23901,BC23901_D1,ENSG00000145592,-0.0176110130799459,0.0323767868827281
BC23901,BC23901_D1,ENSG00000246705,0.0434168237862682,0.0491140616779641
BC23901,BC23901_D1,ENSG00000166710,0.1924569151647329,0.2523289744225961
BC23901,BC23901_D1,ENSG00000130303,-0.1536725679993092,-0.1136470726458056
BC23901,BC23901_D1,ENSG00000141741,0.0291962363145816,0.0204297059492736
BC23901,BC23901_D1,ENSG00000163220,0.0312980562155292,0.048115298326049
BC23901,BC23901_D1,ENSG00000106211,0.0297088150637561,0.0232235604570875
BC23901,BC23901_D1,ENSG00000104904,0.1642624400655037,0.1993588472732168
BC23901,BC23901_D1,ENSG00000158710,0.0544440878437217,0.0398186740998383
BC23901,BC23901_D1,ENSG00000152082,-0.0323319782755008,-0.0114809980535361
BC23901,BC23901_D1,ENSG00000160862,0.0543827598456269,0.0497412202007263
BC23901,BC23901_D1,ENSG00000279483,-0.0379323431884519,-0.0568034979211484
BC23901,BC23901_D1,__ambiguous[ENSG00000185885+ENSG00000185201],-0.054401332217723,-0.0589575018656238
BC23901,BC23901_D1,ENSG00000117410,0.1139540698883255,0.1545749797838195
BC23901,BC23901_D1,ENSG00000110651,-0.0800268645478784,-0.0890629857862826
BC23901,BC23901_D1,ENSG00000118181,0.1004144770133143,0.158056246673447
BC23901,BC23901_D1,__ambiguous[ENSG00000243678+ENSG00000011052],0.1803710035467648,0.2023481450492507
BC23901,BC23901_D1,ENSG00000173372,0.1214522491880655,0.1399125739607618
BC23901,BC23901_D1,ENSG00000115457,0.0738610639290728,0.1075058642453098
BC23901,BC23901_D1,ENSG00000074800,0.0024545986266156,-0.0077655707088827
BC23901,BC23901_D1,ENSG00000130208,-0.0774146825593677,-0.0758852365438609
BC23901,BC23901_D1,ENSG00000092841,0.0022144721130442,-0.0043209907388625
BC23901,BC23901_D1,ENSG00000111057,0.1262551371371196,0.1416346957766687
BC23901,BC23901_D1,__ambiguous[ENSG00000124614+ENSG00000270800],-0.1006570593400965,-0.0969722913824996
BC23901,BC23901_D1,ENSG00000142669,-0.0712556738620073,-0.0530921955145209
BC23901,BC23901_D1,ENSG00000030582,0.1097303442047177,0.128822393734217
BC23901,BC23901_D1,ENSG00000133112,0.1777435484808516,0.2206242966317902
BC23901,BC23901_D1,ENSG00000126267,0.0841221103415485,0.1141353283665903
BC23901,BC23901_D1,ENSG00000277972,0.0280879046429216,0.0291375167600018
BC23901,BC23901_D1,ENSG00000071082,0.0933031921627787,0.1452745134003785
BC23901,BC23901_D1,ENSG00000169100,-0.0472412656301716,-0.0320888348436089
BC23901,BC23901_D1,ENSG00000205542,0.2714926695154939,0.3162063187490342
BC23901,BC23901_D1,ENSG00000150991,0.1449509237235564,0.1663805285273385
BC23901,BC23901_D1,ENSG00000070756,0.0313172439227011,0.0555866239859791
BC23901,BC23901_D1,ENSG00000117450,0.0732448739125059,0.1144255812246611
BC23901,BC23901_D1,ENSG00000277791,0.1220412790916445,0.1787757820405147
BC23901,BC23901_D1,ENSG00000071553,-0.0378120945916744,-0.0401234154818781
BC23901,BC23901_D1,__ambiguous[ENSG00000257341+ENSG00000213145],-0.0413764904136577,-0.0421345795358047
BC23901,BC23901_D1,ENSG00000143774,-0.0351098449607802,-0.0359858106573343
BC23901,BC23901_D1,ENSG00000102265,0.0005539701041493,-0.0025422741643794
BC23901,BC23901_D1,ENSG00000149591,-0.1232631478185746,-0.1448586237265987
BC23901,BC23901_D1,ENSG00000162511,-0.0039953047175029,0.0112931206617129
BC23901,BC23901_D1,ENSG00000124664,0.1606348701694125,0.1926982274232138
BC23901,BC23901_D1,ENSG00000165215,0.0141932216542643,0.0057572301404697
BC23901,BC23901_D1,ENSG00000178719,-0.0682966992754371,-0.061260588493688
BC23901,BC23901_D1,ENSG00000125534,-0.006336840039401,-0.0298317157370037
BC23901,BC23901_D1,ENSG00000105223,0.045561024969457,0.043392159295963
BC23901,BC23901_D1,ENSG00000145425,0.0334530068792268,0.060149937985474
BC23901,BC23901_D1,ENSG00000182492,-0.079687554822119,-0.1037406059103908
BC23901,BC23901_D1,ENSG00000163682,0.1312351899192392,0.1370452505530001
BC23901,BC23901_D1,ENSG00000160789,-0.0456315940746086,-0.022765659723049
BC23901,BC23901_D1,ENSG00000176340,-0.0769621278185726,-0.0866237918634805
BC23901,BC23901_D1,ENSG00000196924,-0.0574933557606929,-0.0755606613028229
BC23901,BC23901_D1,ENSG00000141522,0.1046160501959641,0.1249358427866124
BC23901,BC23901_D1,ENSG00000124614,-0.0450004508118989,-0.0634190958406199
BC23901,BC23901_D1,ENSG00000182809,-0.1315516473904387,-0.1145867903890992
BC23901,BC23901_D1,ENSG00000187514,0.0535189975225534,0.0895946451505955
BC23901,BC23901_D1,ENSG00000164733,0.0825228546849723,0.089558442350702
BC23901,BC23901_D1,ENSG00000204287,0.0804451126152808,0.1413817214347003
BC23901,BC23901_D1,ENSG00000115414,0.1368179687072993,0.1772374924826526
BC23901,BC23901_D1,ENSG00000255823,-0.0587083565697614,-0.0424249284709978
BC23901,BC23901_D1,ENSG00000051523,0.0851071361290522,0.0940871380663174
BC23901,BC23901_D1,ENSG00000135480,0.0403950976843032,0.0633301581921081
BC23901,BC23901_D1,ENSG00000131748,0.026121100724681,0.0589205132445531
BC23901,BC23901_D1,__ambiguous[ENSG00000277957+ENSG00000161960],0.0695970964273006,0.136758623953814
BC23901,BC23901_D1,ENSG00000138326,-0.1085195280669268,-0.1353075358673351
BC23901,BC23901_D1,ENSG00000142089,-0.1559096152561872,-0.2302042260614393
BC23901,BC23901_D1,ENSG00000127540,-0.057929674291555,-0.0349180519067524
BC23901,BC23901_D1,ENSG00000058262,0.062563643839556,0.115144542162375
BC23901,BC23901_D1,ENSG00000169223,0.1178283482232391,0.1466685107820707
BC23901,BC23901_D1,ENSG00000144426,-0.0972232524828645,-0.0899655134418151
BC23901,BC23901_D1,ENSG00000103363,0.0537683801638049,0.0168176013915803
BC23901,BC23901_D1,ENSG00000123349,-0.0481096176645519,-0.0308202751758625
BC23901,BC23901_D1,ENSG00000052344,-0.0863823415251506,-0.0815761317288913
BC23901,BC23901_D1,ENSG00000111669,-0.0598822066060805,-0.071043458377176
BC23901,BC23901_D1,ENSG00000272196,0.0535713213541269,0.0331183558059892
BC23901,BC23901_D1,ENSG00000114353,-0.0640833928992436,-0.0498792647277079
BC23901,BC23901_D1,ENSG00000269028,0.0511464835641295,0.0589959842895854
BC23901,BC23901_D1,ENSG00000125730,-0.1244446780529634,-0.186969967200088
BC23901,BC23901_D1,ENSG00000184897,0.0077456633520103,0.0425691467020432
BC23901,BC23901_D1,ENSG00000182899,0.0408311413205964,0.0721414344992264
BC23901,BC23901_D1,ENSG00000164692,0.0202468737199782,0.0573913724635383
BC23901,BC23901_D1,ENSG00000114867,0.054155938453941,0.0718035445770186
BC23901,BC23901_D1,ENSG00000172354,0.1317451413101955,0.1357215911565713
BC23901,BC23901_D1,ENSG00000251562,0.0025050071608956,0.0129239024611011
BC23901,BC23901_D1,ENSG00000178952,0.1023243805626712,0.1365081540179157
BC23901,BC23901_D1,ENSG00000026025,-0.0913546486480407,-0.1027601315207446
BC23901,BC23901_D1,__ambiguous[ENSG00000262526+ENSG00000170296],-0.0562443118204235,-0.0546186955588472
BC23901,BC23901_D1,ENSG00000104529,0.0834087254187379,0.1047179687682692
BC23901,BC23901_D1,ENSG00000178980,0.0045986976765065,0.0551595809061983
BC23901,BC23901_D1,ENSG00000142949,-0.1257344471401129,-0.1614214089345981
BC23901,BC23901_D1,ENSG00000167815,0.0707314302841538,0.1188938747670187
BC23901,BC23901_D1,ENSG00000008988,-0.0490867893451451,-0.0478431748472753
BC23901,BC23901_D1,ENSG00000170315,0.1402546323700336,0.1737473355735717
BC23901,BC23901_D1,ENSG00000131143,0.1851679023921059,0.1725970417937587
BC23901,BC23901_D1,__ambiguous[ENSG00000219200+ENSG00000161939],-0.1132042136750764,-0.0924479794998672
BC23901,BC23901_D1,ENSG00000104964,-0.0724456929198407,-0.0408528070430608
BC23901,BC23901_D1,ENSG00000100300,0.0004050269570571,0.0010986517202948
BC23901,BC23901_D1,__ambiguous[ENSG00000273259+ENSG00000196136],-0.056235000242269,-0.1015426503291656
BC23901,BC23901_D1,ENSG00000214530,0.035505408066394,0.0356658263527291
BC23901,BC23901_D1,ENSG00000188846,0.0400487762147805,0.0611034228920264
BC23901,BC23901_D1,ENSG00000087460,0.0994046115714478,0.1139124434228091
BC23901,BC23901_D1,ENSG00000155366,0.022972127584664,0.0140800905382887
BC23901,BC23901_D1,ENSG00000142173,-0.1568578142749852,-0.1426039197408677
BC23901,BC23901_D1,ENSG00000197956,-0.0021631900127608,0.0062068674410136
BC23901,BC23901_D1,ENSG00000126247,-0.0603700006223138,-0.0603209756414455
BC23901,BC23901_D1,ENSG00000163479,0.0105520003183204,-0.0076241387984076
BC23901,BC23901_D1,ENSG00000100219,0.0940466065684261,0.1447371754172527
BC23901,BC23901_D1,__ambiguous[ENSG00000241343+ENSG00000257529],0.0858793351501487,0.1031575641976348
BC23901,BC23901_D1,ENSG00000174444,0.0136220892753802,0.0191566726145616
BC23901,BC23901_D1,ENSG00000173369,0.1259382881595362,0.1520813428262769
BC23901,BC23901_D1,ENSG00000114391,0.1012981487078445,0.1372915643946233
BC23901,BC23901_D1,ENSG00000174886,0.1268775934405744,0.1248157494772488
BC23901,BC23901_D1,ENSG00000171222,0.0723776344795045,0.0974434852428963
BC23901,BC23901_D1,ENSG00000213988,0.0114375511230466,0.002553073917616
BC23901,BC23901_D1,ENSG00000163399,0.0183524880751082,0.0532804878681627
BC23901,BC23901_D1,ENSG00000173272,-0.0730358384254717,-0.0862317084710303
BC23901,BC23901_D1,ENSG00000160932,0.0139897417764405,0.0449281948611076
BC23901,BC23901_D1,ENSG00000196576,0.1186789458502228,0.1294796989230965
BC23901,BC23901_D1,ENSG00000135390,-0.0087081267344854,0.0394361632782306
BC23901,BC23901_D1,ENSG00000172270,-0.0761176992653092,-0.0572562524499107
BC23901,BC23901_D1,ENSG00000177700,0.0720968060926539,0.0646309143573263
BC23901,BC23901_D1,ENSG00000124172,0.0559422485223828,0.0645420200900918
BC23901,BC23901_D1,ENSG00000171863,0.0175994151659065,0.0528958272264002
BC23901,BC23901_D1,ENSG00000186468,0.0584752610554204,0.0526085532784862
BC23901,BC23901_D1,ENSG00000143546,-0.0536364952380672,-0.0592961951862483
BC23901,BC23901_D1,ENSG00000125970,0.0274370439427543,0.0388834162051109
BC23901,BC23901_D1,ENSG00000170421,0.0153819211439555,0.0358408983310761
BC23901,BC23901_D1,ENSG00000186010,0.0683356336174128,0.0864380544930632
BC23901,BC23901_D1,ENSG00000187608,-0.0413579346393762,-0.0599289366254437
BC23901,BC23901_D1,ENSG00000168528,0.1018646710191828,0.1305962782329824
BC23901,BC23901_D1,ENSG00000130725,-0.0121779709239853,0.0343519753198513
BC23901,BC23901_D1,ENSG00000011304,0.2017125978996259,0.262923722218653
BC23901,BC23901_D1,ENSG00000279274,-0.1162346176799836,-0.1198534020081843
BC23901,BC23901_D1,ENSG00000110492,0.004253112484677,0.0144129841237804
BC23901,BC23901_D1,ENSG00000143420,0.1089295338933249,0.1121213607022095
BC23901,BC23901_D1,ENSG00000134419,0.0513089449869879,0.0733301034594839
BC23901,BC23901_D1,ENSG00000161960,0.122772686451665,0.153684686779546
BC23901,BC23901_D1,ENSG00000025708,-0.0824985537684323,-0.0927529266043295
BC23901,BC23901_D1,ENSG00000101335,-0.0302299311351721,-0.0523737807967442
BC23901,BC23901_D1,ENSG00000109475,0.0059529455477031,0.0201177395876945
BC23901,BC23901_D1,ENSG00000173801,-0.091697704180908,-0.0939608572791517
BC23901,BC23901_D1,ENSG00000141753,-0.1279171345202975,-0.1517139432709035
BC23901,BC23901_D1,ENSG00000106153,0.075785779959494,0.0750991484780356
BC23901,BC23901_D1,ENSG00000160180,-0.121643137331436,-0.1112680120150717
BC23901,BC23901_D1,ENSG00000123989,0.050875290967903,0.0908555834238794
BC23901,BC23901_D1,ENSG00000159840,0.0428958662265675,0.0540929889734213
BC23901,BC23901_D1,ENSG00000147604,-0.0162173323422923,-0.0157087873554001
BC23901,BC23901_D1,ENSG00000135940,0.0761148076845469,0.0905433854083225
BC23901,BC23901_D1,ENSG00000164919,-0.0806816241355592,-0.1096457866672104
BC23901,BC23901_D1,ENSG00000140990,0.0165895220127669,0.0411032543156103
BC23903,BC23903_C1,ENSG00000034510,-0.0557345034192549,-0.1061464598072269
BC23903,BC23903_C1,ENSG00000111640,-0.0607816959251835,-0.0598224708956554
BC23903,BC23903_C1,ENSG00000254709,0.1144172695217904,0.1434202402034707
BC23903,BC23903_C1,ENSG00000171345,-0.0425860768036312,-0.0513821421887143
BC23903,BC23903_C1,ENSG00000137818,0.1007571038997026,0.1435030786644894
BC23903,BC23903_C1,ENSG00000177600,0.1200541343253331,0.1369645797674764
BC23903,BC23903_C1,ENSG00000231500,0.0231318199957798,0.0308822602819807
BC23903,BC23903_C1,ENSG00000164587,0.1688609239919842,0.1830704609082972
BC23903,BC23903_C1,ENSG00000108298,0.0634993684811576,0.076154444128343
BC23903,BC23903_C1,ENSG00000075624,-0.0629141946411145,-0.127858426183258
BC23903,BC23903_C1,ENSG00000108107,0.0880508848871631,0.0833164012091145
BC23903,BC23903_C1,ENSG00000105372,0.0200628950856927,0.0318653405136301
BC23903,BC23903_C1,ENSG00000197756,0.0543802191209138,0.0702573258344127
BC23903,BC23903_C1,ENSG00000161016,-0.0261553870625122,-0.0366219417611258
BC23903,BC23903_C1,ENSG00000141736,0.0682230951352652,0.077414444181987
BC23903,BC23903_C1,ENSG00000087086,-0.0154270200402911,0.0149056026315684
BC23903,BC23903_C1,ENSG00000108518,-0.0683835529919573,-0.1116687815949434
BC23903,BC23903_C1,ENSG00000136942,0.1472022259343827,0.158453463465242
BC23903,BC23903_C1,ENSG00000167526,0.1248968514230805,0.133514931809491
BC23903,BC23903_C1,ENSG00000130255,0.0858529640217607,0.0833479446462775
BC23903,BC23903_C1,__ambiguous[ENSG00000251357+ENSG00000240972],0.0032479504187811,0.0229741326857071
BC23903,BC23903_C1,ENSG00000117984,0.0858327736384018,0.0619617999398587
BC23903,BC23903_C1,ENSG00000063177,-0.0037932249750516,-0.0057252392513809
BC23903,BC23903_C1,ENSG00000180879,-0.012556328797548,-0.0296079779599202
BC23903,BC23903_C1,ENSG00000149273,-0.0409666837171861,-0.0642338698561437
BC23903,BC23903_C1,ENSG00000197746,0.0227378938455511,0.0671324495084757
BC23903,BC23903_C1,ENSG00000140264,0.0185697477559416,0.0339399197808695
BC23903,BC23903_C1,ENSG00000105193,0.0103941460373368,0.0114052230017656
BC23903,BC23903_C1,ENSG00000204628,0.0122304799335164,0.016017423323232
BC23903,BC23903_C1,ENSG00000130203,0.0884448536346784,0.1358577525231136
BC23903,BC23903_C1,ENSG00000221983,-0.0594965108559056,-0.0688996119551375
BC23903,BC23903_C1,ENSG00000179218,0.1195477939343702,0.1688159229351937
BC23903,BC23903_C1,ENSG00000185624,0.0552317673117412,0.1054232456944382
BC23903,BC23903_C1,ENSG00000234745,-0.1275976433610723,-0.1583427690856841
BC23903,BC23903_C1,ENSG00000142534,0.0938276903714176,0.1068899051192271
BC23903,BC23903_C1,ENSG00000166441,0.1145787009476887,0.1204322069109035
BC23903,BC23903_C1,ENSG00000109062,0.0219660815350235,0.018034582031027
BC23903,BC23903_C1,ENSG00000140988,-0.0172227011980046,0.0076246529445593
BC23903,BC23903_C1,ENSG00000142541,0.0843931099168634,0.1072915897651177
BC23903,BC23903_C1,ENSG00000089157,0.0755874611087404,0.0916065877908621
BC23903,BC23903_C1,ENSG00000167996,-0.1222658969246055,-0.1778362428442445
BC23903,BC23903_C1,ENSG00000147403,0.0325700629421892,0.0461639641923577
BC23903,BC23903_C1,ENSG00000105640,0.048451188697824,0.0630381200318446
BC23903,BC23903_C1,ENSG00000115268,0.0554366085245614,0.060389571922796
BC23903,BC23903_C1,ENSG00000171858,0.0313189109514344,0.0554674077828713
BC23903,BC23903_C1,ENSG00000233927,-0.0126870773351961,0.0044789085044162
BC23903,BC23903_C1,ENSG00000198034,-0.0731822644774956,-0.1032029241031181
BC23903,BC23903_C1,ENSG00000112306,-0.0222775577273793,-0.0108421788945136
BC23903,BC23903_C1,ENSG00000111341,-0.1250009707723718,-0.1957402184244522
BC23903,BC23903_C1,ENSG00000182774,-0.0421097916937443,-0.0640970232912015
BC23903,BC23903_C1,ENSG00000142676,-0.0356760034160834,-0.0373482498302573
BC23903,BC23903_C1,ENSG00000149806,0.0430461726578534,0.0322432734796181
BC23903,BC23903_C1,ENSG00000213741,0.0520233054360131,0.06012431966351
BC23903,BC23903_C1,ENSG00000019582,-0.1108182380177297,-0.1036273778338223
BC23903,BC23903_C1,ENSG00000204525,-0.0533014370782775,-0.0656419398954576
BC23903,BC23903_C1,ENSG00000169710,0.0366474824441568,0.0477715851679129
BC23903,BC23903_C1,ENSG00000172809,-0.0416466258910664,-0.0987719331283256
BC23903,BC23903_C1,ENSG00000170889,-0.0162400915153273,-0.0166808240422407
BC23903,BC23903_C1,ENSG00000177954,0.0049116103479035,0.0102077711302507
BC23903,BC23903_C1,ENSG00000125691,0.1226022642417597,0.155955290944747
BC23903,BC23903_C1,ENSG00000101439,-0.0068352959387143,-0.0056411670738979
BC23903,BC23903_C1,ENSG00000172757,0.0090867820992423,0.0218576860910129
BC23903,BC23903_C1,ENSG00000100316,0.0014943898462813,0.0048769415720079
BC23903,BC23903_C1,ENSG00000204592,0.0361412852632181,0.0734813595558788
BC23903,BC23903_C1,ENSG00000137154,-0.0548623561090092,-0.0691065200520413
BC23903,BC23903_C1,ENSG00000184009,0.1555979310000746,0.1789790996375581
BC23903,BC23903_C1,__ambiguous[ENSG00000185883+ENSG00000260272],0.0427250980238458,0.0497993061897377
BC23903,BC23903_C1,ENSG00000231925,-0.0522430279044074,-0.0338189415290026
BC23903,BC23903_C1,ENSG00000206503,-0.0411376101612438,-0.0226501438709407
BC23903,BC23903_C1,__ambiguous[ENSG00000254772+ENSG00000255508],-0.0418756240957672,-0.0427197932699966
BC23903,BC23903_C1,ENSG00000165949,-0.2195561304694213,-0.2755439110547842
BC23903,BC23903_C1,ENSG00000083845,0.0791188310359797,0.0904119406748917
BC23903,BC23903_C1,ENSG00000142937,0.0358270446718799,0.0147032149465129
BC23903,BC23903_C1,ENSG00000135404,0.0040176180629931,-0.0101781079810408
BC23903,BC23903_C1,ENSG00000108821,0.2283791038614201,0.2796027600932667
BC23903,BC23903_C1,ENSG00000115457,-0.0457964042205662,-0.0797834583850011
BC23903,BC23903_C1,ENSG00000107223,0.0047235900812978,0.0124353408639611
BC23903,BC23903_C1,ENSG00000108639,0.1554151777044816,0.1716405303004769
BC23903,BC23903_C1,ENSG00000167658,0.0178347591312739,0.0208212091634114
BC23903,BC23903_C1,ENSG00000167468,0.0863321451991919,0.1094381681829361
BC23903,BC23903_C1,ENSG00000163191,0.005688650973009,-0.0255310082032109
BC23903,BC23903_C1,ENSG00000108679,0.0730637776036367,0.0611725690115476
BC23903,BC23903_C1,ENSG00000149925,0.0268697625638965,0.0437202811613366
BC23903,BC23903_C1,ENSG00000197958,0.0052095707919801,-0.0246261571791454
BC23903,BC23903_C1,ENSG00000162244,0.0804593615936703,0.086959181922513
BC23903,BC23903_C1,ENSG00000185825,-0.0194282238601569,-0.0425677800432929
BC23903,BC23903_C1,ENSG00000156482,-0.0300321471645412,-0.0363725465673994
BC23903,BC23903_C1,ENSG00000148303,-0.012350558936954,-0.0129926648803954
BC23903,BC23903_C1,ENSG00000160862,-0.1246529894314872,-0.1588909247884053
BC23903,BC23903_C1,ENSG00000246705,-0.0252616103728057,-0.0170675342737733
BC23903,BC23903_C1,ENSG00000167995,0.1488027453296924,0.2169211478522832
BC23903,BC23903_C1,ENSG00000224389,0.1654541345312271,0.1982999842587008
BC23903,BC23903_C1,ENSG00000131469,-0.0715151178503001,-0.054592612195748
BC23903,BC23903_C1,ENSG00000144713,0.0245175975989034,-0.0107472539247401
BC23903,BC23903_C1,ENSG00000172531,-0.0147120508092263,0.0167571543957482
BC23903,BC23903_C1,ENSG00000174748,-0.0016391243757374,0.0201107612622998
BC23903,BC23903_C1,ENSG00000106624,0.0923315474074555,0.1192557997605773
BC23903,BC23903_C1,ENSG00000185499,-0.0334124296743332,-0.0530028851218673
BC23903,BC23903_C1,ENSG00000143947,0.0719104316189342,0.0944586332858091
BC23903,BC23903_C1,ENSG00000163220,0.0154706275454981,0.0239120697797214
BC23903,BC23903_C1,__ambiguous[ENSG00000243678+ENSG00000011052],0.0543431807018442,0.0366726393345345
BC23903,BC23903_C1,ENSG00000145592,0.0436009427954439,0.0525167400050489
BC23903,BC23903_C1,ENSG00000117410,-0.1058194348342819,-0.1078229003549816
BC23903,BC23903_C1,ENSG00000198242,-0.0696510575132107,-0.0696792195778951
BC23903,BC23903_C1,ENSG00000106211,-0.0095589861321298,-0.0063364948703811
BC23903,BC23903_C1,ENSG00000166710,0.0412162598513115,0.0681972812455554
BC23903,BC23903_C1,ENSG00000152082,-0.0068643034107074,-0.0070634256469208
BC23903,BC23903_C1,ENSG00000108344,0.0755095777083945,0.0937340667518927
BC23903,BC23903_C1,__ambiguous[ENSG00000185885+ENSG00000185201],-0.1130181574662397,-0.141139698055148
BC23903,BC23903_C1,ENSG00000130208,-0.0462710543142642,-0.0368817875733991
BC23903,BC23903_C1,ENSG00000130303,0.0190668301273968,0.029286127050283
BC23903,BC23903_C1,ENSG00000141741,0.0413279416488931,0.0614503346317983
BC23903,BC23903_C1,ENSG00000165215,-0.0355469306512975,-0.0479992429482485
BC23903,BC23903_C1,ENSG00000104904,0.0377413427421963,0.077620970590701
BC23903,BC23903_C1,ENSG00000111057,0.0413468570636405,0.0215079108590215
BC23903,BC23903_C1,ENSG00000074800,-0.0770194728466368,-0.0893803351028411
BC23903,BC23903_C1,ENSG00000173372,0.0287267736577948,0.045057948722643
BC23903,BC23903_C1,__ambiguous[ENSG00000257341+ENSG00000213145],-0.1820168117296364,-0.2276498407054488
BC23903,BC23903_C1,ENSG00000030582,0.0029026955625192,-0.0151847755164516
BC23903,BC23903_C1,ENSG00000115884,-0.0762792489246437,-0.1137049583199262
BC23903,BC23903_C1,ENSG00000126267,-0.0743102443736348,-0.0713973901731623
BC23903,BC23903_C1,ENSG00000118181,0.0291078313168012,0.0042925430704155
BC23903,BC23903_C1,ENSG00000124664,-0.0246489578291704,-0.0201318745268957
BC23903,BC23903_C1,ENSG00000158710,0.0656139842609911,0.0868789227380139
BC23903,BC23903_C1,ENSG00000279483,0.0013305712037192,0.0076910318759761
BC23903,BC23903_C1,ENSG00000071553,0.0194820637153066,0.0517525332467621
BC23903,BC23903_C1,__ambiguous[ENSG00000124614+ENSG00000270800],-0.0076711359502552,0.0007687166721323
BC23903,BC23903_C1,ENSG00000142669,-0.016930416540905,-0.0295620751024975
BC23903,BC23903_C1,ENSG00000169100,-0.0766540563481659,-0.086387625347365
BC23903,BC23903_C1,ENSG00000110651,0.017488367408143,0.0172829265431756
BC23903,BC23903_C1,ENSG00000150991,-0.0050923427135606,0.004637191810036
BC23903,BC23903_C1,ENSG00000071082,-0.0245982722290716,-0.0217525429065219
BC23903,BC23903_C1,ENSG00000070756,-0.0243659751968542,-0.021698277950627
BC23903,BC23903_C1,ENSG00000092841,-0.041700882207091,-0.0489677558318751
BC23903,BC23903_C1,ENSG00000141522,-0.0859600229295495,-0.0925484122004926
BC23903,BC23903_C1,ENSG00000117450,0.1860457341484656,0.2059175925446283
BC23903,BC23903_C1,ENSG00000133112,-0.0437700993588597,-0.0209119962492663
BC23903,BC23903_C1,ENSG00000178719,0.1693135371518793,0.187683758912984
BC23903,BC23903_C1,ENSG00000105223,0.0319516112138988,0.0462809030550127
BC23903,BC23903_C1,ENSG00000162511,-0.0974019361263936,-0.1104667400290913
BC23903,BC23903_C1,ENSG00000205542,0.0364704612986626,0.0287509519022362
BC23903,BC23903_C1,ENSG00000176340,0.0673639912534581,0.0584190584947099
BC23903,BC23903_C1,ENSG00000143774,0.0078819303819593,0.0063344765732586
BC23903,BC23903_C1,ENSG00000163682,-0.0458656073658119,-0.010471062409726
BC23903,BC23903_C1,ENSG00000182809,-0.0028240622234868,0.0039882124972141
BC23903,BC23903_C1,ENSG00000277972,-0.002507470557363,0.0001788794328536
BC23903,BC23903_C1,ENSG00000102265,-0.0009769446839145,0.0256184972673681
BC23903,BC23903_C1,ENSG00000125534,-0.0182192507295424,-0.0065504292278244
BC23903,BC23903_C1,ENSG00000051523,0.0533860322701777,0.0547894114508362
BC23903,BC23903_C1,ENSG00000124614,-0.0169714535751067,0.0047089806844795
BC23903,BC23903_C1,ENSG00000204287,-0.0591433679148913,-0.0221497859268769
BC23903,BC23903_C1,ENSG00000277791,0.0755443518079292,0.1252340281818093
BC23903,BC23903_C1,ENSG00000127540,-0.0792659209443152,-0.0750837851603504
BC23903,BC23903_C1,ENSG00000164733,0.0490591449044599,0.0641577358362475
BC23903,BC23903_C1,ENSG00000145425,-0.0448478820453929,-0.0486012621129265
BC23903,BC23903_C1,__ambiguous[ENSG00000277957+ENSG00000161960],0.0604555926099892,0.1094451044324977
BC23903,BC23903_C1,ENSG00000184897,0.0488518573160633,0.0791800382955928
BC23903,BC23903_C1,ENSG00000142089,-0.0572873049048941,-0.0768654547641295
BC23903,BC23903_C1,ENSG00000111669,-0.1068744545707907,-0.1031740051269086
BC23903,BC23903_C1,ENSG00000058262,0.0303244885975641,0.0744928188606587
BC23903,BC23903_C1,ENSG00000160789,-0.0198548305891322,-0.0201470120654761
BC23903,BC23903_C1,ENSG00000178952,0.0150244366602029,0.0167398275525533
BC23903,BC23903_C1,ENSG00000187514,0.0283148383271092,0.0815632489968523
BC23903,BC23903_C1,ENSG00000138326,-0.0244642589660857,0.0110213566480609
BC23903,BC23903_C1,ENSG00000103363,-0.0683589845060119,-0.0655338054522923
BC23903,BC23903_C1,ENSG00000135480,-0.0382498866366296,-0.0555921480626486
BC23903,BC23903_C1,ENSG00000131748,-0.0006497131979365,0.0159222511453362
BC23903,BC23903_C1,ENSG00000115414,0.2896297854188042,0.3443826342403661
BC23903,BC23903_C1,ENSG00000052344,0.03560406806845,0.0477770768002681
BC23903,BC23903_C1,ENSG00000123349,0.0470271836463098,0.0475695328538455
BC23903,BC23903_C1,ENSG00000272196,0.214929800126554,0.2482775885022845
BC23903,BC23903_C1,ENSG00000104529,0.0116056971008529,0.0202473931810063
BC23903,BC23903_C1,ENSG00000182492,0.1465561531257629,0.1728685989112627
BC23903,BC23903_C1,ENSG00000196924,-0.1074964884580506,-0.1322450261645034
BC23903,BC23903_C1,ENSG00000100219,-0.0559826863501521,-0.0563161533716136
BC23903,BC23903_C1,ENSG00000114353,0.0434016620890365,0.0158439545716528
BC23903,BC23903_C1,ENSG00000167815,-0.0304331581473992,-0.0458000539799454
BC23903,BC23903_C1,ENSG00000144426,-0.068357788410822,-0.0612959246871521
BC23903,BC23903_C1,ENSG00000149591,0.0620362978175056,0.1309921739137216
BC23903,BC23903_C1,ENSG00000172354,0.0416179608587867,0.0606116185559933
BC23903,BC23903_C1,__ambiguous[ENSG00000262526+ENSG00000170296],0.0253875605170651,0.0316971083500813
BC23903,BC23903_C1,ENSG00000170315,-0.0158272337580049,-0.0196838766412544
BC23903,BC23903_C1,ENSG00000114867,0.0258103629169495,0.0418594464013133
BC23903,BC23903_C1,ENSG00000104964,0.0414236273659477,0.0559713830163568
BC23903,BC23903_C1,__ambiguous[ENSG00000219200+ENSG00000161939],0.0476845396641669,0.0780559476404435
BC23903,BC23903_C1,ENSG00000131143,0.0229146988248551,0.0348099053588723
BC23903,BC23903_C1,__ambiguous[ENSG00000273259+ENSG00000196136],-0.2866331229082662,-0.3118153807838684
BC23903,BC23903_C1,ENSG00000169223,0.1662314785898155,0.240573886922313
BC23903,BC23903_C1,ENSG00000178980,-0.0501601176320782,-0.0352357660357189
BC23903,BC23903_C1,ENSG00000182899,0.0892948772039562,0.0869066347179755
BC23903,BC23903_C1,ENSG00000255823,0.0196721250950615,0.0606662347334703
BC23903,BC23903_C1,ENSG00000214530,0.1002783314578494,0.1389114330814928
BC23903,BC23903_C1,ENSG00000188846,0.004679279260472,0.0013411555345109
BC23903,BC23903_C1,ENSG00000126247,-0.1043995282470286,-0.099981271699809
BC23903,BC23903_C1,ENSG00000145494,-0.0310484976105639,-0.0245749960741502
BC23903,BC23903_C1,ENSG00000008988,-0.0117290802135249,0.0007249521257556
BC23903,BC23903_C1,ENSG00000155366,-0.0548114280399333,-0.044292681006474
BC23903,BC23903_C1,ENSG00000174886,-0.0306494013646815,-0.0108678545060153
BC23903,BC23903_C1,ENSG00000187608,-0.1780972633423969,-0.2172570930371647
BC23903,BC23903_C1,ENSG00000100300,0.0104733805991293,0.01381697608394
BC23903,BC23903_C1,ENSG00000173369,0.016898547665165,0.0214977604391875
BC23903,BC23903_C1,ENSG00000114391,-0.046397239512153,-0.0625011684689017
BC23903,BC23903_C1,ENSG00000087460,0.1078419701010136,0.1352527912612071
BC23903,BC23903_C1,ENSG00000163479,0.0135432456092579,0.0033381170925954
BC23903,BC23903_C1,ENSG00000171222,-0.0162688431553573,0.0149887589203953
BC23903,BC23903_C1,ENSG00000164692,0.2793505405027979,0.3329078949960984
BC23903,BC23903_C1,ENSG00000164919,0.0745365045350918,0.0828211962118881
BC23903,BC23903_C1,ENSG00000173272,0.0038025684849987,-0.0071548322287978
BC23903,BC23903_C1,ENSG00000163399,0.1423071969279966,0.181320463919428
BC23903,BC23903_C1,ENSG00000125730,0.1044195560248998,0.1139225186887238
BC23903,BC23903_C1,ENSG00000142949,0.0354295186018516,0.0438839510596756
BC23903,BC23903_C1,ENSG00000135390,0.0494481684422818,0.0300118623926542
BC23903,BC23903_C1,ENSG00000269028,0.0064849621823407,0.0351190498615947
BC23903,BC23903_C1,ENSG00000026025,0.089096254361969,0.1146492308907314
BC23903,BC23903_C1,ENSG00000251562,-0.0308228703315961,-0.0312466055851701
BC23903,BC23903_C1,__ambiguous[ENSG00000241343+ENSG00000257529],0.0190944812210754,0.0258820360553473
BC23903,BC23903_C1,ENSG00000143546,-0.0478737749680262,-0.0324470226292947
BC23903,BC23903_C1,ENSG00000130725,-0.0475176698595634,-0.0164425019407959
BC23903,BC23903_C1,ENSG00000160180,-0.0556066218739926,-0.0641856042118861
BC23903,BC23903_C1,ENSG00000174444,0.0798292708223865,0.0741139655018241
BC23903,BC23903_C1,ENSG00000170421,-0.0323158990226032,-0.0401116066913777
BC23903,BC23903_C1,ENSG00000025708,-0.02565219006737,-0.0046122877359504
BC23903,BC23903_C1,ENSG00000011304,0.0445088022595186,0.0614413177802777
BC23903,BC23903_C1,ENSG00000186010,0.0122706019107252,0.0118160363234001
BC23903,BC23903_C1,ENSG00000213988,-0.0332673781298072,-0.0309851970843471
BC23903,BC23903_C1,ENSG00000197956,0.0669154692323063,0.0678405592776277
BC23903,BC23903_C1,ENSG00000125970,0.0478252332612016,0.1118519590305726
BC23903,BC23903_C1,ENSG00000177700,-0.0277982573323311,-0.0451449682946051
BC23903,BC23903_C1,ENSG00000140990,-0.0656609100890439,-0.0616336774525157
BC23903,BC23903_C1,ENSG00000160932,0.0120471678039112,-0.0035413716219099
BC23903,BC23903_C1,ENSG00000147684,0.0507046052970211,0.0203381876363047
BC23903,BC23903_C1,ENSG00000196576,0.0906274426214391,0.113258447030966
BC23903,BC23903_C1,ENSG00000143420,-0.0811634076589527,-0.0621143381672201
BC23903,BC23903_C1,ENSG00000161960,0.0238977139051216,0.0436101377033129
BC23903,BC23903_C1,ENSG00000142173,0.0205126956932028,0.0414756507517899
BC23903,BC23903_C1,ENSG00000172270,-0.0574575269334036,-0.0570053836511002
BC23903,BC23903_C1,ENSG00000110492,0.0636317120974055,0.0673361126449336
BC23903,BC23903_C1,ENSG00000186468,-0.0566645350616566,-0.0386769353728687
BC23903,BC23903_C1,ENSG00000124172,0.0291688752067722,0.0486388042101443
BC23903,BC23903_C1,ENSG00000168528,0.071602179557687,0.1259651876491885
BC23903,BC23903_C1,ENSG00000109475,-0.0026512181738775,0.0291731909001294
BC23903,BC23903_C1,ENSG00000135940,0.0010728705222582,0.0043485962841129
BC23903,BC23903_C1,ENSG00000196405,0.0369533263292624,0.0385054017423443
BC23903,BC23903_C1,ENSG00000147604,0.0347142820649247,0.0767995215226484
BC23903,BC23903_C1,ENSG00000171863,-0.0104904237218892,0.0116815277549791
BC23903,BC23903_C1,ENSG00000173801,0.1308576627072592,0.1094235780038118
BC23903,BC23903_C1,ENSG00000129226,0.0109813571810612,0.0333148057942362
BC23903,BC23903_C1,ENSG00000132507,0.0066865772419359,0.0276761683858602
BC23903,BC23903_C1,ENSG00000132475,0.045369990341338,0.0516427849277019
BC23903,BC23903_C1,ENSG00000130520,-0.1533085374882551,-0.1795930062437564
BC23903,BC23903_C2,ENSG00000034510,0.0298162592855203,0.0302798419634708
BC23903,BC23903_C2,ENSG00000111640,-0.0178442437731188,-0.0261807374957352
BC23903,BC23903_C2,ENSG00000254709,0.0518881488511186,0.0876895465364342
BC23903,BC23903_C2,ENSG00000171345,0.1467243785514074,0.1950179354817559
BC23903,BC23903_C2,ENSG00000137818,0.0102727546682896,0.0356736772236072
BC23903,BC23903_C2,ENSG00000177600,0.1487858290044133,0.1536143286126031
BC23903,BC23903_C2,ENSG00000231500,0.1115957042330829,0.1290772853749304
BC23903,BC23903_C2,ENSG00000164587,0.0780925655064846,0.111842124330692
BC23903,BC23903_C2,ENSG00000108298,0.0456006263475816,0.0548697496819674
BC23903,BC23903_C2,ENSG00000075624,0.0706534148785066,0.0885780753945782
BC23903,BC23903_C2,ENSG00000108107,0.0909132058532856,0.107230421909111
BC23903,BC23903_C2,ENSG00000105372,0.064273243731679,0.0839140814101555
BC23903,BC23903_C2,ENSG00000197756,0.1153980226713026,0.1467363683727335
BC23903,BC23903_C2,ENSG00000161016,-0.0448471541550756,-0.0642436838055283
BC23903,BC23903_C2,ENSG00000141736,0.0670930932928977,0.0740452712004052
BC23903,BC23903_C2,ENSG00000087086,0.0459320790258439,0.0680861379272822
BC23903,BC23903_C2,ENSG00000108518,0.0047010889518043,0.0177598844763807
BC23903,BC23903_C2,ENSG00000136942,0.1401799515513094,0.1248020227806466
BC23903,BC23903_C2,ENSG00000167526,0.121827857789217,0.1320512566126106
BC23903,BC23903_C2,ENSG00000130255,0.1107062914004713,0.1173202578043672
BC23903,BC23903_C2,__ambiguous[ENSG00000251357+ENSG00000240972],0.0086847350693642,0.0114371496661484
BC23903,BC23903_C2,ENSG00000117984,-0.0904521497959608,-0.1314712945142725
BC23903,BC23903_C2,ENSG00000063177,-0.0451726093317755,-0.0417738745808026
BC23903,BC23903_C2,ENSG00000180879,-0.0469008180808701,-0.0253209194012237
BC23903,BC23903_C2,ENSG00000149273,-0.0893694999245501,-0.1163927786210255
BC23903,BC23903_C2,ENSG00000197746,0.1463468302755951,0.1519544306986376
BC23903,BC23903_C2,ENSG00000140264,0.0185056113784517,0.0290910856685568
BC23903,BC23903_C2,ENSG00000105193,-0.0108164675161189,0.0155403692991177
BC23903,BC23903_C2,ENSG00000204628,0.1069565418945528,0.1077950107120735
BC23903,BC23903_C2,ENSG00000130203,0.0638216545386239,0.08168180489132
BC23903,BC23903_C2,ENSG00000221983,0.0040412650368965,0.0163411328151248
BC23903,BC23903_C2,ENSG00000179218,0.1544963771451572,0.2089856980526623
BC23903,BC23903_C2,ENSG00000185624,0.0906610375615018,0.1157949311319776
BC23903,BC23903_C2,ENSG00000234745,-0.0289257340497424,-0.045535222063655
BC23903,BC23903_C2,ENSG00000142534,0.1166716383281331,0.1549984314459445
BC23903,BC23903_C2,ENSG00000166441,0.1680414123158111,0.1791386067974709
BC23903,BC23903_C2,ENSG00000109062,0.1484632125530535,0.2193387839965257
BC23903,BC23903_C2,ENSG00000140988,0.0600851996162347,0.0707628397716493
BC23903,BC23903_C2,ENSG00000142541,0.1067744996489623,0.150457662045308
BC23903,BC23903_C2,ENSG00000089157,-0.0223703420330297,-0.0116846313778264
BC23903,BC23903_C2,ENSG00000167996,-0.0272044983290877,-0.0125038280655533
BC23903,BC23903_C2,ENSG00000147403,-0.0466921640000006,-0.0346362640433808
BC23903,BC23903_C2,ENSG00000105640,0.1101674072895543,0.1269612958959841
BC23903,BC23903_C2,ENSG00000115268,0.0576705014952976,0.0881075748962434
BC23903,BC23903_C2,ENSG00000171858,-0.0149797217597402,-0.0141265353785555
BC23903,BC23903_C2,ENSG00000233927,-0.0294361281804864,-0.0401867472525651
BC23903,BC23903_C2,ENSG00000198034,0.0014209678459579,0.0217356758181644
BC23903,BC23903_C2,ENSG00000112306,0.0655484547335232,0.1292991841830696
BC23903,BC23903_C2,ENSG00000111341,-0.0026290168997344,-0.0417462321486707
BC23903,BC23903_C2,ENSG00000182774,0.0714624877770609,0.0837583534308264
BC23903,BC23903_C2,ENSG00000142676,0.1264602824350233,0.1403793468818871
BC23903,BC23903_C2,ENSG00000149806,-0.014404421410106,-0.0009666664294496
BC23903,BC23903_C2,ENSG00000213741,0.033322004134572,0.0690897893894129
BC23903,BC23903_C2,ENSG00000019582,0.0084211059539902,0.059742177100894
BC23903,BC23903_C2,ENSG00000204525,0.0848987659439081,0.0799914221383617
BC23903,BC23903_C2,ENSG00000169710,0.1285667490578921,0.1431168398116447
BC23903,BC23903_C2,ENSG00000172809,-0.0048108544003418,-0.0024009505267234
BC23903,BC23903_C2,ENSG00000170889,0.0381669502912815,0.057617368298368
BC23903,BC23903_C2,ENSG00000177954,0.0609309823171572,0.0697318409224934
BC23903,BC23903_C2,ENSG00000125691,0.0605875351184011,0.0972535560477989
BC23903,BC23903_C2,ENSG00000101439,0.1345706769535892,0.1789409905761189
BC23903,BC23903_C2,ENSG00000172757,0.0547034377540352,0.0595915515286557
BC23903,BC23903_C2,ENSG00000100316,0.0189643533360881,0.0302436644479258
BC23903,BC23903_C2,ENSG00000204592,0.0394873394967312,0.0869040652350636
BC23903,BC23903_C2,ENSG00000137154,0.1138952596209088,0.1337341411029084
BC23903,BC23903_C2,ENSG00000184009,0.215828290066243,0.2481676417399414
BC23903,BC23903_C2,__ambiguous[ENSG00000185883+ENSG00000260272],0.0572348611333074,0.0808201533545853
BC23903,BC23903_C2,ENSG00000231925,0.1716977762187333,0.1623863452588971
BC23903,BC23903_C2,ENSG00000206503,-0.072293167890933,-0.0690907992364164
BC23903,BC23903_C2,__ambiguous[ENSG00000254772+ENSG00000255508],-0.0511586008103285,-0.0271963103546662
BC23903,BC23903_C2,ENSG00000165949,-0.2111554067564321,-0.2604078676198259
BC23903,BC23903_C2,ENSG00000083845,0.0514901902169929,0.0786440972958017
BC23903,BC23903_C2,ENSG00000142937,0.0259885261801339,0.0285672953735693
BC23903,BC23903_C2,ENSG00000135404,0.0293750027290595,0.0485840079321703
BC23903,BC23903_C2,ENSG00000108821,0.2194491290557421,0.2471501644778298
BC23903,BC23903_C2,ENSG00000115457,0.0316281294141281,0.0035361639509809
BC23903,BC23903_C2,ENSG00000107223,-0.03039805275841,-0.0431712831949833
BC23903,BC23903_C2,ENSG00000108639,0.1399884618568272,0.1733381429622086
BC23903,BC23903_C2,ENSG00000167658,-0.0451202980626153,-0.0407704051332944
BC23903,BC23903_C2,ENSG00000167468,0.0221893031912256,0.0346807347170647
BC23903,BC23903_C2,ENSG00000163191,0.0341580821193987,0.0767246578625796
BC23903,BC23903_C2,ENSG00000108679,0.0733331455772167,0.1047238653661744
BC23903,BC23903_C2,ENSG00000149925,0.0646993477778269,0.0746076129394308
BC23903,BC23903_C2,ENSG00000197958,0.0509498959449325,0.0734612676300822
BC23903,BC23903_C2,ENSG00000162244,-0.0633100953030537,-0.0368527380593983
BC23903,BC23903_C2,ENSG00000185825,-0.0611880756520068,-0.063977631491258
BC23903,BC23903_C2,ENSG00000156482,-0.005636105678792,-0.0154046471778124
BC23903,BC23903_C2,ENSG00000148303,0.0342499213605954,0.0560709446054315
BC23903,BC23903_C2,ENSG00000160862,-0.1063258544903587,-0.1452630149662716
BC23903,BC23903_C2,ENSG00000246705,-0.0678009790301362,-0.0782198316173432
BC23903,BC23903_C2,ENSG00000167995,0.2001191692041263,0.3091779455088831
BC23903,BC23903_C2,ENSG00000224389,0.1914163168508179,0.212076890102626
BC23903,BC23903_C2,ENSG00000131469,-0.009080315791416,-0.0260443456742887
BC23903,BC23903_C2,ENSG00000144713,0.056275594264671,0.0966446415003174
BC23903,BC23903_C2,ENSG00000172531,0.1389294078539409,0.1789467328025147
BC23903,BC23903_C2,ENSG00000174748,0.1195040812243747,0.1676516006882176
BC23903,BC23903_C2,ENSG00000106624,0.0256747244319005,0.078066151118138
BC23903,BC23903_C2,ENSG00000185499,0.0796463095860433,0.0659824861716288
BC23903,BC23903_C2,ENSG00000143947,0.0544784081398027,0.0785312593072679
BC23903,BC23903_C2,ENSG00000163220,-0.0072473023951492,0.0263010573994746
BC23903,BC23903_C2,__ambiguous[ENSG00000243678+ENSG00000011052],-0.074555948908989,-0.0429043464134974
BC23903,BC23903_C2,ENSG00000145592,0.0146268368864213,0.0333824086151156
BC23903,BC23903_C2,ENSG00000117410,-0.0071684547622471,-0.0167387658603995
BC23903,BC23903_C2,ENSG00000198242,-0.0057737417276222,-0.0039585210858113
BC23903,BC23903_C2,ENSG00000106211,0.0483179302691119,0.0390536456158495
BC23903,BC23903_C2,ENSG00000166710,0.0240215788226774,0.0374618927747877
BC23903,BC23903_C2,ENSG00000152082,-0.0106687201281425,0.007019755399103
BC23903,BC23903_C2,ENSG00000108344,0.1892024348099028,0.2181620336038087
BC23903,BC23903_C2,__ambiguous[ENSG00000185885+ENSG00000185201],-0.0018433098503992,0.0108005990690692
BC23903,BC23903_C2,ENSG00000130208,0.0257007860435362,0.0261130438234883
BC23903,BC23903_C2,ENSG00000130303,0.0660914142378294,0.0903970648370844
BC23903,BC23903_C2,ENSG00000141741,0.0984191582310317,0.098770536716716
BC23903,BC23903_C2,ENSG00000165215,0.1019258778115944,0.0941952862512495
BC23903,BC23903_C2,ENSG00000104904,0.0332173965307697,0.0589399731322287
BC23903,BC23903_C2,ENSG00000111057,0.0579277062424898,0.0656216351125029
BC23903,BC23903_C2,ENSG00000074800,0.0241079415837292,0.0375962918489211
BC23903,BC23903_C2,ENSG00000173372,0.0220014359888851,0.0308451018912968
BC23903,BC23903_C2,__ambiguous[ENSG00000257341+ENSG00000213145],-0.156714757690971,-0.1964286938429248
BC23903,BC23903_C2,ENSG00000030582,0.1360377206090854,0.1450635478477951
BC23903,BC23903_C2,ENSG00000115884,-0.0212948599180983,-0.0547420607447424
BC23903,BC23903_C2,ENSG00000126267,-0.0260878370284255,-0.033853310066596
BC23903,BC23903_C2,ENSG00000118181,0.0718108019450538,0.0984735826649108
BC23903,BC23903_C2,ENSG00000124664,0.1224992070468533,0.1491025663414956
BC23903,BC23903_C2,ENSG00000158710,0.1278646923014509,0.1966524191615375
BC23903,BC23903_C2,ENSG00000279483,0.0867861526837329,0.1042550043891277
BC23903,BC23903_C2,ENSG00000071553,0.0261633598601182,0.0693831941567162
BC23903,BC23903_C2,__ambiguous[ENSG00000124614+ENSG00000270800],-0.0196039614613628,-0.0110083859457095
BC23903,BC23903_C2,ENSG00000142669,-0.0252797138030086,-0.0198252591183896
BC23903,BC23903_C2,ENSG00000169100,-0.0108654729273104,-0.0158014341695952
BC23903,BC23903_C2,ENSG00000110651,0.0208576139676147,0.0362802655311727
BC23903,BC23903_C2,ENSG00000150991,0.0756193229645878,0.0890432610523228
BC23903,BC23903_C2,ENSG00000071082,0.0268365043627132,0.0416968063488281
BC23903,BC23903_C2,ENSG00000070756,0.0837682421586672,0.117813872151125
BC23903,BC23903_C2,ENSG00000092841,-0.1385467772951555,-0.1661521858651816
BC23903,BC23903_C2,ENSG00000141522,-0.0260221239356087,-0.0167410277765241
BC23903,BC23903_C2,ENSG00000117450,0.0666616220817826,0.0894347363372181
BC23903,BC23903_C2,ENSG00000133112,0.0611742512854451,0.0654527235024135
BC23903,BC23903_C2,ENSG00000178719,0.0293076071800196,0.0685897520971163
BC23903,BC23903_C2,ENSG00000105223,-0.0112692126168391,-0.0176539563886481
BC23903,BC23903_C2,ENSG00000162511,-0.0378457602780743,-0.0114884550535853
BC23903,BC23903_C2,ENSG00000205542,0.0957195211476985,0.1155136236479747
BC23903,BC23903_C2,ENSG00000176340,-0.0241743264198053,-0.0332046658885714
BC23903,BC23903_C2,ENSG00000143774,0.1048832459831289,0.1103510242181861
BC23903,BC23903_C2,ENSG00000163682,0.0250919974396413,0.042620542514125
BC23903,BC23903_C2,ENSG00000182809,-0.0085515245666241,0.0211053458672361
BC23903,BC23903_C2,ENSG00000277972,0.0643948123658237,0.1045752997958483
BC23903,BC23903_C2,ENSG00000102265,0.1047442787192852,0.1426257807262486
BC23903,BC23903_C2,ENSG00000125534,-0.0324417242951006,-0.0470597497232617
BC23903,BC23903_C2,ENSG00000051523,0.0473117164037171,0.0632925411864466
BC23903,BC23903_C2,ENSG00000124614,0.0176185505026635,0.026076962477142
BC23903,BC23903_C2,ENSG00000204287,-0.0304218345090744,-0.0201167136334416
BC23903,BC23903_C2,ENSG00000277791,0.1286235885380118,0.151329321572933
BC23903,BC23903_C2,ENSG00000127540,0.000693090145062,0.0011109572428514
BC23903,BC23903_C2,ENSG00000164733,0.0593546094365382,0.0775140145091951
BC23903,BC23903_C2,ENSG00000145425,0.0729040706701407,0.1053359493063608
BC23903,BC23903_C2,__ambiguous[ENSG00000277957+ENSG00000161960],0.1216679698693914,0.1329455835302374
BC23903,BC23903_C2,ENSG00000184897,0.0118753122229696,0.0331941759400164
BC23903,BC23903_C2,ENSG00000142089,-0.0613212585052817,-0.0806231340538088
BC23903,BC23903_C2,ENSG00000111669,-0.1434794648132883,-0.1437988920537314
BC23903,BC23903_C2,ENSG00000058262,0.1035128380005256,0.1308920507175995
BC23903,BC23903_C2,ENSG00000160789,-0.0629789034943766,-0.0517247376916379
BC23903,BC23903_C2,ENSG00000178952,0.0622434388954164,0.0803406175360225
BC23903,BC23903_C2,ENSG00000187514,0.1220400348470217,0.1413896708241672
BC23903,BC23903_C2,ENSG00000138326,-0.0010799884216506,0.0173448598447328
BC23903,BC23903_C2,ENSG00000103363,0.0462979064294144,0.046211641785393
BC23903,BC23903_C2,ENSG00000135480,-0.0708627481814099,-0.056595248465021
BC23903,BC23903_C2,ENSG00000131748,0.0454277841720058,0.0575798559600856
BC23903,BC23903_C2,ENSG00000115414,0.2970864429801926,0.3458427129703117
BC23903,BC23903_C2,ENSG00000052344,0.1223902452135523,0.1668502607168992
BC23903,BC23903_C2,ENSG00000123349,-0.0035862739520643,-0.0138254264557965
BC23903,BC23903_C2,ENSG00000272196,0.2377224119753985,0.2892189302105176
BC23903,BC23903_C2,ENSG00000104529,-0.0232583265822431,-0.0370558722082314
BC23903,BC23903_C2,ENSG00000182492,-0.0056266629477641,-0.0010283454731631
BC23903,BC23903_C2,ENSG00000196924,-0.0976938385222911,-0.1118070266929687
BC23903,BC23903_C2,ENSG00000100219,0.0559392292514253,0.0474062849153361
BC23903,BC23903_C2,ENSG00000114353,-0.0319149813213716,-0.034421057495643
BC23903,BC23903_C2,ENSG00000167815,0.0008149718442362,0.034279390643938
BC23903,BC23903_C2,ENSG00000144426,0.0199398683688244,0.0319717675229708
BC23903,BC23903_C2,ENSG00000149591,0.0524692076304862,0.0797986640116778
BC23903,BC23903_C2,ENSG00000172354,0.0023572596335198,0.0115161442558893
BC23903,BC23903_C2,__ambiguous[ENSG00000262526+ENSG00000170296],0.0838686847357646,0.1059042328380786
BC23903,BC23903_C2,ENSG00000170315,0.0685493071793681,0.0730723864935768
BC23903,BC23903_C2,ENSG00000114867,0.1006744839588565,0.1218890504780385
BC23903,BC23903_C2,ENSG00000104964,-0.0143511871404508,0.0119040220732202
BC23903,BC23903_C2,__ambiguous[ENSG00000219200+ENSG00000161939],-0.0339329101682288,-0.0294835827460514
BC23903,BC23903_C2,ENSG00000131143,0.0595945230858366,0.0694824753920856
BC23903,BC23903_C2,__ambiguous[ENSG00000273259+ENSG00000196136],-0.1644878130027245,-0.2012546999121032
BC23903,BC23903_C2,ENSG00000169223,0.1789271827350223,0.2562246973143655
BC23903,BC23903_C2,ENSG00000178980,0.0706991385871819,0.1176674393011982
BC23903,BC23903_C2,ENSG00000182899,0.0105601117550252,0.0324105050663035
BC23903,BC23903_C2,ENSG00000255823,0.2344334798178006,0.311031884138233
BC23903,BC23903_C2,ENSG00000214530,0.1302782192631628,0.1535662294200222
BC23903,BC23903_C2,ENSG00000188846,-0.0111030639854314,0.0055813454897673
BC23903,BC23903_C2,ENSG00000126247,-0.0237238689921922,-0.0197436876115777
BC23903,BC23903_C2,ENSG00000145494,-0.0342879726837881,-0.0216296997653089
BC23903,BC23903_C2,ENSG00000008988,0.0507620763599953,0.0567841995206019
BC23903,BC23903_C2,ENSG00000155366,-0.0020298632607235,0.0180742853542144
BC23903,BC23903_C2,ENSG00000174886,-0.0578389663373964,-0.0537935109724329
BC23903,BC23903_C2,ENSG00000187608,-0.1215812377235977,-0.1590994288522669
BC23903,BC23903_C2,ENSG00000100300,0.070289203007695,0.1000847514789245
BC23903,BC23903_C2,ENSG00000173369,0.0096678792639209,0.0130747346725041
BC23903,BC23903_C2,ENSG00000114391,0.0613744104970027,0.0590995275354494
BC23903,BC23903_C2,ENSG00000087460,0.1919185591216312,0.2242979721989082
BC23903,BC23903_C2,ENSG00000163479,0.0436021623172975,0.073321961552026
BC23903,BC23903_C2,ENSG00000171222,0.0605978685777429,0.0428661977332979
BC23903,BC23903_C2,ENSG00000164692,0.2950677236157619,0.3505094591726657
BC23903,BC23903_C2,ENSG00000164919,0.0844688559960454,0.1047205468528007
BC23903,BC23903_C2,ENSG00000173272,0.042809509054163,0.0529963455512714
BC23903,BC23903_C2,ENSG00000163399,0.1520451417094054,0.2095604854121505
BC23903,BC23903_C2,ENSG00000125730,0.1196824309050036,0.1470433991858327
BC23903,BC23903_C2,ENSG00000142949,0.0634605628110194,0.0699759949858427
BC23903,BC23903_C2,ENSG00000135390,-0.0320448626636171,-0.0098383543766529
BC23903,BC23903_C2,ENSG00000269028,0.2445032828364515,0.3189563478602262
BC23903,BC23903_C2,ENSG00000026025,0.0684475262506716,0.108549970279662
BC23903,BC23903_C2,ENSG00000251562,0.1382839768024539,0.1316094351192263
BC23903,BC23903_C2,__ambiguous[ENSG00000241343+ENSG00000257529],0.0282721251704127,0.041561321490044
BC23903,BC23903_C2,ENSG00000143546,-0.0558520095300067,-0.0569670668406985
BC23903,BC23903_C2,ENSG00000130725,0.096909145267796,0.1295445565194044
BC23903,BC23903_C2,ENSG00000160180,0.0549454930230246,0.0443247256360313
BC23903,BC23903_C2,ENSG00000174444,0.0932271777163935,0.1016939005457843
BC23903,BC23903_C2,ENSG00000170421,0.0645251149447318,0.0575899311139943
BC23903,BC23903_C2,ENSG00000025708,-0.0560164417703451,-0.0462647000057983
BC23903,BC23903_C2,ENSG00000011304,-0.0207445184272627,0.0375616937742109
BC23903,BC23903_C2,ENSG00000186010,-0.0203302298630623,-0.0247908754884583
BC23903,BC23903_C2,ENSG00000213988,-0.0248728312225616,-0.0169368243650255
BC23903,BC23903_C2,ENSG00000197956,0.0413684330885212,0.0324349144119914
BC23903,BC23903_C2,ENSG00000125970,0.0302708245863039,0.0578198873290201
BC23903,BC23903_C2,ENSG00000177700,0.0514252265299656,0.0850290273380415
BC23903,BC23903_C2,ENSG00000140990,0.0017503826684704,-0.0200822783247273
BC23903,BC23903_C2,ENSG00000160932,-0.0159931305292985,-0.0198230057714528
BC23903,BC23903_C2,ENSG00000147684,0.0293401726484177,0.048448509914704
BC23903,BC23903_C2,ENSG00000196576,0.1458539825146785,0.1816355000704523
BC23903,BC23903_C2,ENSG00000143420,0.0789730379661465,0.0837661134910323
BC23903,BC23903_C2,ENSG00000161960,0.0575928721999397,0.0520268224402869
BC23903,BC23903_C2,ENSG00000142173,-0.0529147275217362,-0.0470637125004967
BC23903,BC23903_C2,ENSG00000172270,0.0067250596613066,0.0118033278257771
BC23903,BC23903_C2,ENSG00000110492,0.0556591356710809,0.0556672351003577
BC23903,BC23903_C2,ENSG00000186468,0.0776782322928834,0.1002974170095385
BC23903,BC23903_C2,ENSG00000124172,0.1023700928777263,0.1125535624324543
BC23903,BC23903_C2,ENSG00000168528,0.095679875375315,0.147394073952736
BC23903,BC23903_C2,ENSG00000109475,0.0644312874460565,0.0533944945187614
BC23903,BC23903_C2,ENSG00000135940,-0.0440428157489795,-0.0328919957096181
BC23903,BC23903_C2,ENSG00000196405,0.0179093194566071,0.0181492213104139
BC23903,BC23903_C2,ENSG00000147604,0.0046565510603802,0.0167933786546046
BC23903,BC23903_C2,ENSG00000171863,0.1357249371678427,0.1855941454946453
BC23903,BC23903_C2,ENSG00000173801,0.1086506476354234,0.1187295377427926
BC23903,BC23903_C2,ENSG00000129226,-0.0665888990812827,-0.0621308013472776
BC23903,BC23903_C2,ENSG00000132507,-0.0238055071909428,-0.0254538352439173
BC23903,BC23903_C2,ENSG00000132475,0.2062329161767536,0.211261593402131
BC23903,BC23903_C2,ENSG00000130520,0.042192908484506,0.0521240542518942
BC23903,BC23903_D1,ENSG00000034510,0.0264472837371488,0.0607231034392782
BC23903,BC23903_D1,ENSG00000111640,0.1110621782492396,0.1056081394660262
BC23903,BC23903_D1,ENSG00000254709,-0.1769087527363812,-0.1997641640221505
BC23903,BC23903_D1,ENSG00000171345,0.1598224644670072,0.1943037659426386
BC23903,BC23903_D1,ENSG00000137818,0.1961674463074594,0.1824367198493317
BC23903,BC23903_D1,ENSG00000177600,0.1994018422332921,0.1848018827700794
BC23903,BC23903_D1,ENSG00000231500,0.1341963985356467,0.1183304088665433
BC23903,BC23903_D1,ENSG00000164587,0.1217899183174957,0.12802470726916
BC23903,BC23903_D1,ENSG00000108298,0.0078675565222815,0.0165213220435318
BC23903,BC23903_D1,ENSG00000075624,0.1730023463181375,0.1973622791421592
BC23903,BC23903_D1,ENSG00000108107,0.175330423847953,0.1686917221304689
BC23903,BC23903_D1,ENSG00000105372,0.1552901224312374,0.1243956457731663
BC23903,BC23903_D1,ENSG00000197756,0.158400299532307,0.1263825921658656
BC23903,BC23903_D1,ENSG00000161016,-0.0664785055629565,-0.0943179294023219
BC23903,BC23903_D1,ENSG00000141736,0.1394112971002364,0.1597810131470494
BC23903,BC23903_D1,ENSG00000087086,0.123596630714651,0.1567791486358979
BC23903,BC23903_D1,ENSG00000108518,0.0577302251672038,0.0874460070959053
BC23903,BC23903_D1,ENSG00000136942,0.0524137690724321,0.0534675500088397
BC23903,BC23903_D1,ENSG00000167526,0.1121465193743349,0.0938514043283006
BC23903,BC23903_D1,ENSG00000130255,0.1039409638250453,0.1035805625266352
BC23903,BC23903_D1,__ambiguous[ENSG00000251357+ENSG00000240972],0.0107864707869825,-0.0056916231566598
BC23903,BC23903_D1,ENSG00000117984,-0.0254677709712575,-0.0092940019221687
BC23903,BC23903_D1,ENSG00000063177,0.0130539864669413,0.0143608714616967
BC23903,BC23903_D1,ENSG00000180879,-0.0007528872542051,-0.0120334715395849
BC23903,BC23903_D1,ENSG00000149273,-0.0021880053021274,-0.0319311903081494
BC23903,BC23903_D1,ENSG00000197746,0.190505181311252,0.2334682524210379
BC23903,BC23903_D1,ENSG00000140264,0.1900770757257968,0.2159198291696766
BC23903,BC23903_D1,ENSG00000105193,0.0691862919234678,0.0863498062399692
BC23903,BC23903_D1,ENSG00000204628,0.1034823365068799,0.0960094738931298
BC23903,BC23903_D1,ENSG00000130203,0.0775529301261464,0.0925747367698841
BC23903,BC23903_D1,ENSG00000221983,0.0131171211249709,-0.005604991280606
BC23903,BC23903_D1,ENSG00000179218,0.1348824909318775,0.194535902685478
BC23903,BC23903_D1,ENSG00000185624,0.1514772260109486,0.1977741840425246
BC23903,BC23903_D1,ENSG00000234745,0.0401216642351441,0.0064496405903945
BC23903,BC23903_D1,ENSG00000142534,0.0615352138832827,0.0582646891370527
BC23903,BC23903_D1,ENSG00000166441,0.007865903839142,-0.0010122181118899
BC23903,BC23903_D1,ENSG00000109062,0.2654390957139726,0.3344286593393359
BC23903,BC23903_D1,ENSG00000140988,0.0267209533459969,0.0192449072060868
BC23903,BC23903_D1,ENSG00000142541,0.053259653848183,0.0440849864407024
BC23903,BC23903_D1,ENSG00000089157,0.0487371867426085,0.065700584746121
BC23903,BC23903_D1,ENSG00000167996,0.1497702293037097,0.1416451844789915
BC23903,BC23903_D1,ENSG00000147403,0.0872360094520829,0.05496152120705
BC23903,BC23903_D1,ENSG00000105640,0.0744663752637783,0.0487962141859883
BC23903,BC23903_D1,ENSG00000115268,0.1104922184873425,0.1092312790797831
BC23903,BC23903_D1,ENSG00000171858,0.0518523016135314,0.0567830541548291
BC23903,BC23903_D1,ENSG00000233927,0.0346132469326445,0.0219451923722745
BC23903,BC23903_D1,ENSG00000198034,0.1746184367190888,0.2083315953633665
BC23903,BC23903_D1,ENSG00000112306,0.2372780315954965,0.240166861608367
BC23903,BC23903_D1,ENSG00000111341,-0.0360655544662667,-0.0302080138237793
BC23903,BC23903_D1,ENSG00000182774,0.2301187651199935,0.2290927419101441
BC23903,BC23903_D1,ENSG00000142676,0.0427945630340859,0.0315015635509483
BC23903,BC23903_D1,ENSG00000149806,-0.0137454754072616,-0.0611269441173445
BC23903,BC23903_D1,ENSG00000213741,0.2169988524971113,0.2597114452249229
BC23903,BC23903_D1,ENSG00000019582,0.1711925233875635,0.1899321371399362
BC23903,BC23903_D1,ENSG00000204525,0.1582690815480808,0.1571834596806215
BC23903,BC23903_D1,ENSG00000169710,0.1639189140965239,0.1718421290073475
BC23903,BC23903_D1,ENSG00000172809,0.1581766320311083,0.1875312423704775
BC23903,BC23903_D1,ENSG00000170889,0.0299396301020724,0.0177214215779941
BC23903,BC23903_D1,ENSG00000177954,0.0325598159182474,0.0176263827173341
BC23903,BC23903_D1,ENSG00000125691,0.121413303868325,0.1537972870850104
BC23903,BC23903_D1,ENSG00000101439,0.0926928036709811,0.1404028754918021
BC23903,BC23903_D1,ENSG00000172757,0.0245320568612498,0.0032832620326457
BC23903,BC23903_D1,ENSG00000100316,0.033303734663986,0.0363382733999816
BC23903,BC23903_D1,ENSG00000204592,-0.0547282984296151,-0.0503159907312264
BC23903,BC23903_D1,ENSG00000137154,0.0926435493888722,0.1037482547310885
BC23903,BC23903_D1,ENSG00000184009,0.3597582999954758,0.3531797186590203
BC23903,BC23903_D1,__ambiguous[ENSG00000185883+ENSG00000260272],0.1227346904196868,0.1748205344374795
BC23903,BC23903_D1,ENSG00000231925,0.170188358749351,0.197544436481659
BC23903,BC23903_D1,ENSG00000206503,-0.0747503805876549,-0.100418980610571
BC23903,BC23903_D1,__ambiguous[ENSG00000254772+ENSG00000255508],0.0428222307300301,0.0296650706959034
BC23903,BC23903_D1,ENSG00000165949,-0.0222857058863795,-0.0138630534716741
BC23903,BC23903_D1,ENSG00000083845,-0.0749584258436541,-0.0646303380702047
BC23903,BC23903_D1,ENSG00000142937,0.0325135577836364,0.023737746457536
BC23903,BC23903_D1,ENSG00000135404,0.0258990862884781,0.0103248199787217
BC23903,BC23903_D1,ENSG00000108821,0.1831221945566302,0.2364344063005325
BC23903,BC23903_D1,ENSG00000115457,-0.0455805081770744,-0.0809815528808726
BC23903,BC23903_D1,ENSG00000107223,0.0926610187677192,0.0800965274512866
BC23903,BC23903_D1,ENSG00000108639,0.2174147296408421,0.2602495865237005
BC23903,BC23903_D1,ENSG00000167658,-0.0069833322560969,-0.0332271865399174
BC23903,BC23903_D1,ENSG00000167468,0.0755335346673836,0.0724512029654841
BC23903,BC23903_D1,ENSG00000163191,0.2202771496262661,0.2738436939848009
BC23903,BC23903_D1,ENSG00000108679,0.1527913758999945,0.1934694035183174
BC23903,BC23903_D1,ENSG00000149925,-0.0065928853410536,0.011704029098083
BC23903,BC23903_D1,ENSG00000197958,0.0263655698811903,0.0267270691994293
BC23903,BC23903_D1,ENSG00000162244,0.0200709152214367,0.0114847031645925
BC23903,BC23903_D1,ENSG00000185825,0.0831918308580429,0.0996388676659719
BC23903,BC23903_D1,ENSG00000156482,0.0869127479515549,0.0880992743367896
BC23903,BC23903_D1,ENSG00000148303,0.0086454770734109,-0.0148628494528437
BC23903,BC23903_D1,ENSG00000160862,-0.0007588087254801,-0.0271830941715538
BC23903,BC23903_D1,ENSG00000246705,-0.0296233205091298,-0.0107128035802177
BC23903,BC23903_D1,ENSG00000167995,0.3036934418154712,0.3791809242974718
BC23903,BC23903_D1,ENSG00000224389,0.1894676598895172,0.2295689970514658
BC23903,BC23903_D1,ENSG00000131469,0.0094270454240925,0.0001378092926928
BC23903,BC23903_D1,ENSG00000144713,-0.0310422790854975,-0.0562482479920484
BC23903,BC23903_D1,ENSG00000172531,0.1471175421719713,0.1720865358864248
BC23903,BC23903_D1,ENSG00000174748,0.2071252179602035,0.2269488488688731
BC23903,BC23903_D1,ENSG00000106624,-0.0217912766765865,0.0319860205514966
BC23903,BC23903_D1,ENSG00000185499,0.1828716596186015,0.2211822350366988
BC23903,BC23903_D1,ENSG00000143947,0.2030582274325313,0.204217747133683
BC23903,BC23903_D1,ENSG00000163220,-0.11162463186149,-0.1340912220960454
BC23903,BC23903_D1,__ambiguous[ENSG00000243678+ENSG00000011052],0.1397849797302593,0.1596558876777782
BC23903,BC23903_D1,ENSG00000145592,0.1505968736216669,0.1665091010005523
BC23903,BC23903_D1,ENSG00000117410,0.0365855129327131,0.0518799748566457
BC23903,BC23903_D1,ENSG00000198242,-0.0229289429529328,-0.0227133304455676
BC23903,BC23903_D1,ENSG00000106211,0.0780942292489645,0.07376763446905
BC23903,BC23903_D1,ENSG00000166710,0.2552358519946093,0.2160563531623142
BC23903,BC23903_D1,ENSG00000152082,0.0946138453041807,0.1007357789942136
BC23903,BC23903_D1,ENSG00000108344,0.2295459445258434,0.2796908186965656
BC23903,BC23903_D1,__ambiguous[ENSG00000185885+ENSG00000185201],0.0076304470490421,0.0028966222822249
BC23903,BC23903_D1,ENSG00000130208,0.0835575536028221,0.1170340570443571
BC23903,BC23903_D1,ENSG00000130303,0.0694558181068483,0.0820684120045591
BC23903,BC23903_D1,ENSG00000141741,0.0479269773164171,0.0328646165173
BC23903,BC23903_D1,ENSG00000165215,0.070574141120912,0.0981045320728237
BC23903,BC23903_D1,ENSG00000104904,0.1102765673485991,0.139843153871584
BC23903,BC23903_D1,ENSG00000111057,0.103132836791208,0.1148161736432224
BC23903,BC23903_D1,ENSG00000074800,0.0431515626529839,0.0268915106289844
BC23903,BC23903_D1,ENSG00000173372,-0.1221496317320686,-0.1396504628736883
BC23903,BC23903_D1,__ambiguous[ENSG00000257341+ENSG00000213145],-0.1091684023151706,-0.1193968017382253
BC23903,BC23903_D1,ENSG00000030582,0.1222594290337979,0.1063891618243047
BC23903,BC23903_D1,ENSG00000115884,0.1319066822125125,0.1980657058546659
BC23903,BC23903_D1,ENSG00000126267,0.1920811581310102,0.221157082252206
BC23903,BC23903_D1,ENSG00000118181,0.2269331297864816,0.2383082546592109
BC23903,BC23903_D1,ENSG00000124664,0.2239066550969562,0.2460309086928953
BC23903,BC23903_D1,ENSG00000158710,0.2060880892381571,0.2359889772153172
BC23903,BC23903_D1,ENSG00000279483,0.0409331129620183,0.034473232820714
BC23903,BC23903_D1,ENSG00000071553,0.1605879238750001,0.1831574238721603
BC23903,BC23903_D1,__ambiguous[ENSG00000124614+ENSG00000270800],0.0309135280703981,0.0102283314800764
BC23903,BC23903_D1,ENSG00000142669,0.0588739385940531,0.0616802167865073
BC23903,BC23903_D1,ENSG00000169100,0.1039007914657143,0.0863755121147537
BC23903,BC23903_D1,ENSG00000110651,0.0643410235223727,0.0566360344113125
BC23903,BC23903_D1,ENSG00000150991,0.174543453607983,0.1948986019931582
BC23903,BC23903_D1,ENSG00000071082,0.2399364176657047,0.2670671907186722
BC23903,BC23903_D1,ENSG00000070756,0.1418517662146639,0.1487240988389979
BC23903,BC23903_D1,ENSG00000092841,-0.0293390491536789,-0.054729829880663
BC23903,BC23903_D1,ENSG00000141522,0.0371969589229114,0.0381938404559622
BC23903,BC23903_D1,ENSG00000117450,0.2504977376143157,0.2936542502005158
BC23903,BC23903_D1,ENSG00000133112,0.2398936322751125,0.2325344302977084
BC23903,BC23903_D1,ENSG00000178719,0.1233372653732837,0.1411487040536451
BC23903,BC23903_D1,ENSG00000105223,0.0430061252774445,0.051636063578277
BC23903,BC23903_D1,ENSG00000162511,0.0661645110404235,0.0763191426037442
BC23903,BC23903_D1,ENSG00000205542,0.2807338646056463,0.2917567287668413
BC23903,BC23903_D1,ENSG00000176340,-0.1458654646021057,-0.1562214575130383
BC23903,BC23903_D1,ENSG00000143774,0.0767470803219097,0.1085780592882993
BC23903,BC23903_D1,ENSG00000163682,0.2380907365745449,0.2161362270172981
BC23903,BC23903_D1,ENSG00000182809,0.2043272246840565,0.1890147048050381
BC23903,BC23903_D1,ENSG00000277972,0.084977659322785,0.1152266537140511
BC23903,BC23903_D1,ENSG00000102265,0.148371761938649,0.1305604234158099
BC23903,BC23903_D1,ENSG00000125534,-0.1641602831129339,-0.1722624855116032
BC23903,BC23903_D1,ENSG00000051523,-0.0081493199160999,0.0026503731030355
BC23903,BC23903_D1,ENSG00000124614,-0.0231900142585212,-0.0349854638125271
BC23903,BC23903_D1,ENSG00000204287,0.1495889531120063,0.1197316986592282
BC23903,BC23903_D1,ENSG00000277791,0.2020945295883747,0.2629281460669931
BC23903,BC23903_D1,ENSG00000127540,-0.0525725108931453,-0.0646881138180399
BC23903,BC23903_D1,ENSG00000164733,0.167912781353703,0.2072814768590117
BC23903,BC23903_D1,ENSG00000145425,0.1418316684031638,0.1504390021099285
BC23903,BC23903_D1,__ambiguous[ENSG00000277957+ENSG00000161960],0.0924074918422692,0.1019074525573367
BC23903,BC23903_D1,ENSG00000184897,0.1717986241387279,0.1921583038567829
BC23903,BC23903_D1,ENSG00000142089,-0.078504315154238,-0.1151136080622454
BC23903,BC23903_D1,ENSG00000111669,-0.0605698561293998,-0.082787272671687
BC23903,BC23903_D1,ENSG00000058262,0.236258452784244,0.2603013569140386
BC23903,BC23903_D1,ENSG00000160789,0.1260054908484046,0.1345840358811238
BC23903,BC23903_D1,ENSG00000178952,0.0599871570152781,0.0757194345094022
BC23903,BC23903_D1,ENSG00000187514,0.3182697789534216,0.3556635202775779
BC23903,BC23903_D1,ENSG00000138326,0.165823036860963,0.1729828187017999
BC23903,BC23903_D1,ENSG00000103363,-0.01856970731836,-0.0526708586758315
BC23903,BC23903_D1,ENSG00000135480,-0.0009048730725838,-0.0303514348398696
BC23903,BC23903_D1,ENSG00000131748,0.1022559560128609,0.1271424164987263
BC23903,BC23903_D1,ENSG00000115414,0.3487617378155738,0.4083994852811696
BC23903,BC23903_D1,ENSG00000052344,0.2638596039511916,0.340330182461458
BC23903,BC23903_D1,ENSG00000123349,-0.0796545262850401,-0.0759616856342239
BC23903,BC23903_D1,ENSG00000272196,0.1929320668802814,0.2497936043098788
BC23903,BC23903_D1,ENSG00000104529,0.0876754286658241,0.1032753981219586
BC23903,BC23903_D1,ENSG00000182492,0.061840586591369,0.075480664314435
BC23903,BC23903_D1,ENSG00000196924,-0.03858613440371,-0.0301450105358825
BC23903,BC23903_D1,ENSG00000100219,0.1711312311862951,0.1546158994858514
BC23903,BC23903_D1,ENSG00000114353,0.0671525152731155,0.0611311079721022
BC23903,BC23903_D1,ENSG00000167815,0.1153103788488316,0.147977986072327
BC23903,BC23903_D1,ENSG00000144426,0.0683021342030873,0.0625667304062628
BC23903,BC23903_D1,ENSG00000149591,0.1653529643753328,0.1165825327637862
BC23903,BC23903_D1,ENSG00000172354,0.1656230093046571,0.1710931115709646
BC23903,BC23903_D1,__ambiguous[ENSG00000262526+ENSG00000170296],-0.1100856526867275,-0.1350781843270833
BC23903,BC23903_D1,ENSG00000170315,0.0650212012430262,0.0630612611701425
BC23903,BC23903_D1,ENSG00000114867,0.0159914470884272,0.0579399904710093
BC23903,BC23903_D1,ENSG00000104964,0.1188203969761564,0.1463116948072678
BC23903,BC23903_D1,__ambiguous[ENSG00000219200+ENSG00000161939],0.0784562514254556,0.0824843825917909
BC23903,BC23903_D1,ENSG00000131143,0.098631342471565,0.1093884899423638
BC23903,BC23903_D1,__ambiguous[ENSG00000273259+ENSG00000196136],-0.0624765213301212,-0.0478485828870657
BC23903,BC23903_D1,ENSG00000169223,0.2665225929306553,0.3049890306183953
BC23903,BC23903_D1,ENSG00000178980,0.1384098177000531,0.1690912909215661
BC23903,BC23903_D1,ENSG00000182899,0.1282139138718794,0.144895022362057
BC23903,BC23903_D1,ENSG00000255823,0.5412591031487776,0.5787209110998414
BC23903,BC23903_D1,ENSG00000214530,0.0739815914792585,0.1082583538321349
BC23903,BC23903_D1,ENSG00000188846,-0.0993327191596049,-0.0990441385121558
BC23903,BC23903_D1,ENSG00000126247,0.0804827612211289,0.0672060380482498
BC23903,BC23903_D1,ENSG00000145494,-0.0907243352385136,-0.1085597293390796
BC23903,BC23903_D1,ENSG00000008988,0.1538205060787922,0.1757381193358318
BC23903,BC23903_D1,ENSG00000155366,0.0055493926415789,-0.009886496003108
BC23903,BC23903_D1,ENSG00000174886,0.088635827067893,0.1066192586087666
BC23903,BC23903_D1,ENSG00000187608,-0.1183945290404111,-0.1445205045448866
BC23903,BC23903_D1,ENSG00000100300,0.0738076322226533,0.0843137235276418
BC23903,BC23903_D1,ENSG00000173369,0.0802886434385431,0.0891987383677583
BC23903,BC23903_D1,ENSG00000114391,0.0435638603623428,0.023905601140637
BC23903,BC23903_D1,ENSG00000087460,0.260158492052111,0.2693337202578815
BC23903,BC23903_D1,ENSG00000163479,0.1668193460527299,0.1760218977091233
BC23903,BC23903_D1,ENSG00000171222,-0.0235604500618178,0.0141477119061634
BC23903,BC23903_D1,ENSG00000164692,0.2653666728314465,0.3052557592584544
BC23903,BC23903_D1,ENSG00000164919,0.0384577538632521,0.0552182819818401
BC23903,BC23903_D1,ENSG00000173272,0.1198257879566947,0.1157777810152258
BC23903,BC23903_D1,ENSG00000163399,0.1734421382793408,0.1877123457686029
BC23903,BC23903_D1,ENSG00000125730,0.1933575189052911,0.2021011454731907
BC23903,BC23903_D1,ENSG00000142949,0.277314689017069,0.3150997734736927
BC23903,BC23903_D1,ENSG00000135390,0.0038460847534032,0.0097108306128465
BC23903,BC23903_D1,ENSG00000269028,0.528002694454514,0.5663780863576996
BC23903,BC23903_D1,ENSG00000026025,0.1619886860650938,0.1656706798851284
BC23903,BC23903_D1,ENSG00000251562,0.1512575018250351,0.1329782519249076
BC23903,BC23903_D1,__ambiguous[ENSG00000241343+ENSG00000257529],0.2027938007297468,0.1852447048035016
BC23903,BC23903_D1,ENSG00000143546,0.0911444849478091,0.0989061209387617
BC23903,BC23903_D1,ENSG00000130725,0.1319402791425306,0.1584208342461916
BC23903,BC23903_D1,ENSG00000160180,-0.0277396274582492,-0.0461083953912445
BC23903,BC23903_D1,ENSG00000174444,0.1136130092458615,0.1451249826832243
BC23903,BC23903_D1,ENSG00000170421,0.1453895588909872,0.1435969223026676
BC23903,BC23903_D1,ENSG00000025708,0.0790676563139504,0.0936340743830925
BC23903,BC23903_D1,ENSG00000011304,0.1732046854122438,0.1732768768081973
BC23903,BC23903_D1,ENSG00000186010,0.1002089860219474,0.0995373251273193
BC23903,BC23903_D1,ENSG00000213988,0.1916779098746907,0.2081012074491325
BC23903,BC23903_D1,ENSG00000197956,0.0380345154362011,0.0187991722093505
BC23903,BC23903_D1,ENSG00000125970,0.2146735164708478,0.2492893539776533
BC23903,BC23903_D1,ENSG00000177700,-4.937244017939425e-06,0.0525620457595968
BC23903,BC23903_D1,ENSG00000140990,0.1109362880790331,0.1197652175602245
BC23903,BC23903_D1,ENSG00000160932,0.1390593641701223,0.1569622048195456
BC23903,BC23903_D1,ENSG00000147684,0.1186403843341575,0.1568260702980093
BC23903,BC23903_D1,ENSG00000196576,0.2251814669685016,0.2272954007999844
BC23903,BC23903_D1,ENSG00000143420,0.2553411200518825,0.2755820497765129
BC23903,BC23903_D1,ENSG00000161960,0.1838506198294565,0.1878207910033003
BC23903,BC23903_D1,ENSG00000142173,0.1178241008089644,0.1076857254074414
BC23903,BC23903_D1,ENSG00000172270,0.065294166800608,0.0909626881353961
BC23903,BC23903_D1,ENSG00000110492,-0.0569777589783016,-0.0530234538929015
BC23903,BC23903_D1,ENSG00000186468,0.1147407148030467,0.1258428461296487
BC23903,BC23903_D1,ENSG00000124172,0.2577727342316051,0.2412709864178277
BC23903,BC23903_D1,ENSG00000168528,0.1714727410818249,0.2220136590823848
BC23903,BC23903_D1,ENSG00000109475,0.1923583058757532,0.2144703122249238
BC23903,BC23903_D1,ENSG00000135940,0.092725864203527,0.1076725814958226
BC23903,BC23903_D1,ENSG00000196405,0.0315376301223512,0.0258736459211661
BC23903,BC23903_D1,ENSG00000147604,0.1160984822955532,0.1351612657854344
BC23903,BC23903_D1,ENSG00000171863,0.2246242939640534,0.2297916239410269
BC23903,BC23903_D1,ENSG00000173801,0.1859162368084342,0.2213429704106694
BC23903,BC23903_D1,ENSG00000129226,0.0184751993669347,0.0292171575209617
BC23903,BC23903_D1,ENSG00000132507,0.0488311893163537,0.0593615798226013
BC23903,BC23903_D1,ENSG00000132475,0.2828632040649855,0.3041089949642896
BC23903,BC23903_D1,ENSG00000130520,0.1661465684556716,0.2032799926049001
BC23944,BC23944_D2,ENSG00000034510,-0.0319422991937401,-0.0299961384395615
BC23944,BC23944_D2,ENSG00000111640,0.0901789994411939,0.0926770104598308
BC23944,BC23944_D2,ENSG00000177600,0.1692898921441367,0.1855061275013728
BC23944,BC23944_D2,ENSG00000137818,0.3940691438963012,0.435633154541504
BC23944,BC23944_D2,ENSG00000254709,0.0102730743112885,0.0094936059499027
BC23944,BC23944_D2,ENSG00000231500,0.0141680944459226,0.0359665344746775
BC23944,BC23944_D2,ENSG00000171345,0.1392514107813925,0.1907140864459133
BC23944,BC23944_D2,ENSG00000164587,0.1317674546291784,0.1579692574908121
BC23944,BC23944_D2,ENSG00000075624,-0.0072407036964114,0.0016047214674216
BC23944,BC23944_D2,ENSG00000141736,0.0691079264463035,0.1196973741576573
BC23944,BC23944_D2,ENSG00000108107,0.1130000246078465,0.1385394931827289
BC23944,BC23944_D2,ENSG00000105372,0.2044298234511301,0.2459446925250222
BC23944,BC23944_D2,ENSG00000197756,0.102407621166441,0.1094719101298021
BC23944,BC23944_D2,ENSG00000108298,-0.1130174691664989,-0.1424013417124765
BC23944,BC23944_D2,ENSG00000167526,0.1952031147843002,0.2408507729193977
BC23944,BC23944_D2,ENSG00000161016,0.1784739284051634,0.191679047717909
BC23944,BC23944_D2,ENSG00000130255,0.2053341631199884,0.2357118175614632
BC23944,BC23944_D2,ENSG00000087086,-0.0120601699192919,-0.0113783465892133
BC23944,BC23944_D2,ENSG00000108518,0.0691290925111191,0.0877979403375274
BC23944,BC23944_D2,__ambiguous[ENSG00000251357+ENSG00000240972],0.0725757833967561,0.1026722905430409
BC23944,BC23944_D2,ENSG00000136942,0.1289895848503311,0.2046758662733237
BC23944,BC23944_D2,ENSG00000149273,-0.077089005787701,-0.0823798261487059
BC23944,BC23944_D2,ENSG00000117984,-0.1263038649450848,-0.1629862600437103
BC23944,BC23944_D2,ENSG00000197746,-0.0533428179236779,-0.0839980210609335
BC23944,BC23944_D2,ENSG00000179218,0.0541308309538094,0.067545574939852
BC23944,BC23944_D2,ENSG00000063177,-0.0289993264165043,-0.0105952836538272
BC23944,BC23944_D2,ENSG00000180879,0.1165287738940573,0.1448866445103089
BC23944,BC23944_D2,ENSG00000140264,-0.086638080208125,-0.0793968115309412
BC23944,BC23944_D2,ENSG00000105193,0.0493209574702415,0.0771788224652305
BC23944,BC23944_D2,ENSG00000221983,-0.0442247983259166,-0.0530915094674254
BC23944,BC23944_D2,ENSG00000130203,0.2605501265224224,0.2786648968119966
BC23944,BC23944_D2,ENSG00000166441,0.112653331403723,0.1480624091437128
BC23944,BC23944_D2,ENSG00000167996,0.0849357973957107,0.1077951130061405
BC23944,BC23944_D2,ENSG00000234745,-0.0006846751960164,0.0097270270892545
BC23944,BC23944_D2,ENSG00000142541,0.2314907706481346,0.2281987522503929
BC23944,BC23944_D2,ENSG00000204628,0.106098621520415,0.1300117528563992
BC23944,BC23944_D2,ENSG00000185624,0.1642955064620573,0.1753649566514611
BC23944,BC23944_D2,ENSG00000142534,0.0549565203739167,0.0418959096722563
BC23944,BC23944_D2,ENSG00000147403,0.0010572799283557,-0.035264361791218
BC23944,BC23944_D2,ENSG00000109062,0.1089499563924712,0.183269841777518
BC23944,BC23944_D2,ENSG00000140988,0.1807222184152071,0.2108523074657085
BC23944,BC23944_D2,ENSG00000089157,0.2417331984391263,0.2792691628942742
BC23944,BC23944_D2,ENSG00000115268,-0.060693425638577,-0.0638180672299206
BC23944,BC23944_D2,ENSG00000105640,0.287305619958858,0.3137583731437063
BC23944,BC23944_D2,ENSG00000112306,0.1533539162258594,0.1938519444012895
BC23944,BC23944_D2,ENSG00000233927,0.0458288799915695,0.0495562789334104
BC23944,BC23944_D2,ENSG00000171858,0.214706194781792,0.2419660750804358
BC23944,BC23944_D2,ENSG00000182774,0.0196414452045215,0.0274819962755998
BC23944,BC23944_D2,ENSG00000213741,0.1802859275561665,0.1972215190586483
BC23944,BC23944_D2,ENSG00000198034,0.1114928238387464,0.1506201794473265
BC23944,BC23944_D2,ENSG00000125691,0.0923060759517032,0.1451279004594164
BC23944,BC23944_D2,ENSG00000142676,0.0872219454282879,0.1341643467441265
BC23944,BC23944_D2,ENSG00000149806,0.0447848281958103,0.0606733941978771
BC23944,BC23944_D2,ENSG00000111341,0.1897869865880679,0.186031016984294
BC23944,BC23944_D2,ENSG00000170889,0.0966663919353274,0.1096748156209845
BC23944,BC23944_D2,ENSG00000019582,0.134946192542893,0.1970099972525677
BC23944,BC23944_D2,ENSG00000204525,0.0092780149823138,0.0108458749995313
BC23944,BC23944_D2,ENSG00000177954,0.2773436561322802,0.3054531726152598
BC23944,BC23944_D2,ENSG00000172809,-0.0398439863718853,-0.0827257393617696
BC23944,BC23944_D2,ENSG00000172757,0.0344519257890734,0.0665670087839091
BC23944,BC23944_D2,ENSG00000100316,0.1198262699016338,0.1109611643222287
BC23944,BC23944_D2,ENSG00000204592,-0.1653619130826222,-0.2125226678683627
BC23944,BC23944_D2,ENSG00000101439,-0.0518391436856166,-0.0665748107907858
BC23944,BC23944_D2,ENSG00000137154,-0.0486460508657314,-0.0807138630675458
BC23944,BC23944_D2,ENSG00000184009,0.2368070411829131,0.259612100051902
BC23944,BC23944_D2,ENSG00000167995,-0.0480180190962038,-0.0693046206165674
BC23944,BC23944_D2,ENSG00000108821,0.2029891806968136,0.2375557307166033
BC23944,BC23944_D2,__ambiguous[ENSG00000254772+ENSG00000255508],0.141028967413252,0.1452166335174057
BC23944,BC23944_D2,__ambiguous[ENSG00000185883+ENSG00000260272],0.2079233783523646,0.2196408975611317
BC23944,BC23944_D2,ENSG00000163191,0.0973335913491644,0.1391456088315268
BC23944,BC23944_D2,ENSG00000206503,-0.0805728073846642,-0.08962074252494
BC23944,BC23944_D2,ENSG00000167468,-0.093644569794484,-0.1022662244531699
BC23944,BC23944_D2,ENSG00000142937,0.1035943614045242,0.1284660830495129
BC23944,BC23944_D2,ENSG00000083845,0.14312957727547,0.1499460969106756
BC23944,BC23944_D2,ENSG00000135404,-0.059637688029728,-0.0676495556558319
BC23944,BC23944_D2,ENSG00000197958,0.0973820694497923,0.121580282505072
BC23944,BC23944_D2,ENSG00000224389,0.1383644098807228,0.1392091504227884
BC23944,BC23944_D2,ENSG00000107223,0.141902338499728,0.149530043759493
BC23944,BC23944_D2,ENSG00000169710,0.3619622311725393,0.414393411773078
BC23944,BC23944_D2,ENSG00000106624,0.1530359620735682,0.1781683182176641
BC23944,BC23944_D2,ENSG00000231925,0.193529253171131,0.2036222343132459
BC23944,BC23944_D2,ENSG00000163220,-0.0440808128101788,-0.0231640604368542
BC23944,BC23944_D2,ENSG00000156482,0.1140468795654414,0.1645487113033215
BC23944,BC23944_D2,ENSG00000167658,-0.0396892598994433,-0.0678930703497317
BC23944,BC23944_D2,ENSG00000162244,-0.0305060477343163,-0.0042503262750053
BC23944,BC23944_D2,ENSG00000143947,0.0338993156676022,0.0435052172056328
BC23944,BC23944_D2,ENSG00000149925,0.06418545196593,0.0710285256607819
BC23944,BC23944_D2,ENSG00000108344,0.0976769495565073,0.1399116019651913
BC23944,BC23944_D2,ENSG00000148303,-0.0009628613748666,0.0281975498142121
BC23944,BC23944_D2,ENSG00000165949,-0.0650153464870773,-0.0520804769582019
BC23944,BC23944_D2,ENSG00000115884,0.1658204777265227,0.1946116561701006
BC23944,BC23944_D2,ENSG00000108639,0.1860730348129568,0.1894679990056564
BC23944,BC23944_D2,ENSG00000144713,0.1331219700146703,0.16634841822511
BC23944,BC23944_D2,ENSG00000172531,-0.0238793365939512,-0.0128248519694033
BC23944,BC23944_D2,ENSG00000131469,0.0640607763662906,0.1320957744751127
BC23944,BC23944_D2,ENSG00000141741,-0.0169663163737631,-0.0024165302897296
BC23944,BC23944_D2,ENSG00000108679,0.0976211614754332,0.1454834276350517
BC23944,BC23944_D2,ENSG00000174748,0.0321329798469063,0.0288932263898785
BC23944,BC23944_D2,ENSG00000185825,-0.0643975771837559,-0.0411396247496224
BC23944,BC23944_D2,ENSG00000130303,-0.0027360998115223,0.0034420819949356
BC23944,BC23944_D2,ENSG00000166710,0.1249005669796254,0.1664035716248416
BC23944,BC23944_D2,ENSG00000158710,-0.0073973612196092,-0.0092883131721836
BC23944,BC23944_D2,ENSG00000198242,0.1333617379685491,0.1615414355429148
BC23944,BC23944_D2,ENSG00000106211,0.1894387938254677,0.2284392805852715
BC23944,BC23944_D2,ENSG00000145592,0.1189045294378561,0.1653062413455316
BC23944,BC23944_D2,ENSG00000104904,0.0520563685693587,0.0205654044684598
BC23944,BC23944_D2,ENSG00000118181,0.087994817466502,0.1315057657093064
BC23944,BC23944_D2,ENSG00000110651,0.1449455639678098,0.1379863055347022
BC23944,BC23944_D2,ENSG00000246705,0.0584066265003221,0.0803193288237758
BC23944,BC23944_D2,ENSG00000279483,0.1261267747309743,0.1489774457634094
BC23944,BC23944_D2,ENSG00000173372,-0.0268103295197654,-0.0163759085248826
BC23944,BC23944_D2,ENSG00000115457,0.1340649296769566,0.1649255336171377
BC23944,BC23944_D2,ENSG00000160862,-0.0413339691232503,-0.0354519573720056
BC23944,BC23944_D2,__ambiguous[ENSG00000243678+ENSG00000011052],-0.0840320624984391,-0.1260044174055929
BC23944,BC23944_D2,ENSG00000074800,-0.0369195147117393,-0.0267472821497197
BC23944,BC23944_D2,ENSG00000133112,0.0166599879461163,0.0312490114503345
BC23944,BC23944_D2,ENSG00000117410,0.175976116544065,0.180485095221426
BC23944,BC23944_D2,ENSG00000142669,0.0473564185598117,0.0602904341629141
BC23944,BC23944_D2,ENSG00000070756,0.012402469198639,0.0292504748873383
BC23944,BC23944_D2,ENSG00000152082,-0.01034227825534,-0.0172755716894022
BC23944,BC23944_D2,ENSG00000092841,0.1132544617962048,0.1257724362777224
BC23944,BC23944_D2,ENSG00000030582,0.0044122500363309,-0.0054430239346904
BC23944,BC23944_D2,ENSG00000130208,-0.1203718047468141,-0.1144725984242029
BC23944,BC23944_D2,__ambiguous[ENSG00000185885+ENSG00000185201],-0.0037225610306075,-0.0092002614736529
BC23944,BC23944_D2,ENSG00000185499,0.1060310377758305,0.1393792727734009
BC23944,BC23944_D2,ENSG00000205542,0.0117229314770196,0.026250084871567
BC23944,BC23944_D2,__ambiguous[ENSG00000124614+ENSG00000270800],-0.0034727958173092,-0.0224462933845509
BC23944,BC23944_D2,ENSG00000126267,0.117910851224747,0.1413571485493291
BC23944,BC23944_D2,ENSG00000071082,-0.0018797400838379,0.037235432766773
BC23944,BC23944_D2,ENSG00000277972,-0.0793849761204581,-0.0835246185666208
BC23944,BC23944_D2,ENSG00000149591,0.1127020412110204,0.1196456539415722
BC23944,BC23944_D2,ENSG00000135480,-0.018660034929017,0.005759868737662
BC23944,BC23944_D2,ENSG00000102265,-0.0242702239392005,-0.0237728387168387
BC23944,BC23944_D2,ENSG00000071553,0.0808784622025202,0.0911352903809225
BC23944,BC23944_D2,ENSG00000169100,0.0163262661871451,-0.0061678837385853
BC23944,BC23944_D2,ENSG00000277791,0.0176552193392916,0.0422532054861217
BC23944,BC23944_D2,ENSG00000143774,-0.0859764012881875,-0.1218329786254625
BC23944,BC23944_D2,ENSG00000150991,0.1005837436732324,0.1208981451971517
BC23944,BC23944_D2,ENSG00000162511,-0.0845130253059997,-0.1165000561101619
BC23944,BC23944_D2,ENSG00000160789,-0.0407636176344072,-0.0445353629383208
BC23944,BC23944_D2,ENSG00000187514,0.0655545784282227,0.0788498211078469
BC23944,BC23944_D2,ENSG00000111057,0.0730287069863556,0.0864703641813848
BC23944,BC23944_D2,ENSG00000115414,0.1985542356142606,0.3057065917496691
BC23944,BC23944_D2,ENSG00000255823,0.4965218400801118,0.5317155503084134
BC23944,BC23944_D2,ENSG00000131748,0.073347861291759,0.0916760359191179
BC23944,BC23944_D2,ENSG00000196924,0.0137662254573215,0.0025840069045522
BC23944,BC23944_D2,ENSG00000105223,0.0155498282859953,0.0052851866407018
BC23944,BC23944_D2,ENSG00000117450,0.2229136567360845,0.2500461328594152
BC23944,BC23944_D2,ENSG00000163682,0.0208997338531868,0.0659521236361874
BC23944,BC23944_D2,ENSG00000165215,0.1778213039494303,0.209594741542909
BC23944,BC23944_D2,ENSG00000125534,-0.0182468932667134,-0.0331192272053451
BC23944,BC23944_D2,ENSG00000145425,0.1443912203009143,0.2016992276882133
BC23944,BC23944_D2,ENSG00000182492,-0.0560593949117842,-0.0576674963218508
BC23944,BC23944_D2,ENSG00000178719,0.0989964722075758,0.0707846331609898
BC23944,BC23944_D2,ENSG00000124664,0.1282925543570894,0.1474220585529682
BC23944,BC23944_D2,ENSG00000051523,0.0857347037955274,0.067184220232874
BC23944,BC23944_D2,ENSG00000138326,-0.0529999230373898,-0.0414177484758744
BC23944,BC23944_D2,ENSG00000204287,0.0400614828945039,0.0675845194913651
BC23944,BC23944_D2,ENSG00000124614,0.0385976935513392,0.0369512081615904
BC23944,BC23944_D2,ENSG00000182809,0.1615760800326652,0.2000776847372154
BC23944,BC23944_D2,ENSG00000176340,-0.0035824362186336,0.0176693622470221
BC23944,BC23944_D2,ENSG00000058262,0.1190222238217466,0.1344663440727692
BC23944,BC23944_D2,ENSG00000269028,0.5021586389857087,0.529352906221805
BC23944,BC23944_D2,ENSG00000251562,0.3456210413783006,0.3631911689847654
BC23944,BC23944_D2,__ambiguous[ENSG00000277957+ENSG00000161960],0.2388735710660062,0.2878940018888124
BC23944,BC23944_D2,ENSG00000164733,-0.0500363967720309,-0.0404334933303536
BC23944,BC23944_D2,ENSG00000169223,0.1003279707616184,0.0945654637911782
BC23944,BC23944_D2,ENSG00000164692,0.2569500663200527,0.2757754097553653
BC23944,BC23944_D2,ENSG00000114353,-0.0056939199463153,-0.0171822324303465
BC23944,BC23944_D2,ENSG00000141522,0.1734363452081049,0.2018850243687761
BC23944,BC23944_D2,ENSG00000144426,0.0355740935561606,0.0482733653360827
BC23944,BC23944_D2,ENSG00000127540,0.0140035326919346,0.0379480827179511
BC23944,BC23944_D2,__ambiguous[ENSG00000257341+ENSG00000213145],0.2477832427495201,0.2961213063807505
BC23944,BC23944_D2,ENSG00000142089,0.0469921060045484,0.0596120361536951
BC23944,BC23944_D2,ENSG00000052344,0.1651829523990635,0.2135280922990132
BC23944,BC23944_D2,ENSG00000026025,0.0056344421747273,-0.0221977741102875
BC23944,BC23944_D2,ENSG00000272196,0.0417847765956142,0.0372748250165258
BC23944,BC23944_D2,ENSG00000114867,-0.0111106717695397,-0.0109266522699675
BC23944,BC23944_D2,ENSG00000111669,0.0123022351760693,0.0068014837991458
BC23944,BC23944_D2,ENSG00000103363,0.0827592204339198,0.0983191531833632
BC23944,BC23944_D2,ENSG00000104964,-0.0336094552326068,-0.0053043009182689
BC23944,BC23944_D2,ENSG00000125730,0.1579621302949905,0.1928569186645718
BC23944,BC23944_D2,ENSG00000087460,0.1380446722848362,0.1522286231183847
BC23944,BC23944_D2,ENSG00000142949,0.0698302774750132,0.1075687930387955
BC23944,BC23944_D2,ENSG00000160932,0.0925109553841312,0.0733058892866277
BC23944,BC23944_D2,ENSG00000172354,-3.5495432050779815e-05,0.0147270963619861
BC23944,BC23944_D2,ENSG00000182899,0.1487335599707336,0.1927505445063069
BC23944,BC23944_D2,ENSG00000123349,0.0124760753882309,0.0297242106040177
BC23944,BC23944_D2,ENSG00000184897,-0.0405168526507595,-0.0246142994280294
BC23944,BC23944_D2,ENSG00000142173,0.1177459479775065,0.1094909363669625
BC23944,BC23944_D2,ENSG00000167815,0.0879032390714465,0.105176276059337
BC23944,BC23944_D2,ENSG00000131143,0.0338098435969144,0.0208604822005166
BC23944,BC23944_D2,__ambiguous[ENSG00000262526+ENSG00000170296],-0.0269968146644284,-0.0507501141285822
BC23944,BC23944_D2,__ambiguous[ENSG00000219200+ENSG00000161939],-0.0259422077804983,-0.0166120026044631
BC23944,BC23944_D2,ENSG00000178952,0.2336526552602264,0.2687935432057976
BC23944,BC23944_D2,ENSG00000178980,0.1720213515959848,0.203028541735617
BC23944,BC23944_D2,ENSG00000170315,-0.0556354096575671,-0.0596273668278747
BC23944,BC23944_D2,ENSG00000143546,0.1212206175804948,0.1027174682270873
BC23944,BC23944_D2,ENSG00000163479,0.0122711013745318,0.0328542359173104
BC23944,BC23944_D2,ENSG00000197956,0.055719367948532,0.0775192943712468
BC23944,BC23944_D2,ENSG00000104529,0.0291059650694735,0.0166444074999264
BC23944,BC23944_D2,ENSG00000155366,0.0515100732014837,0.0882055487596622
BC23944,BC23944_D2,ENSG00000008988,0.1744033904061938,0.1850979012271592
BC23944,BC23944_D2,ENSG00000100219,0.0597650773081688,0.1131839240066242
BC23944,BC23944_D2,ENSG00000163399,0.1883140099315606,0.198742473315631
BC23944,BC23944_D2,ENSG00000174886,0.0400289040793168,0.0374069324012704
BC23944,BC23944_D2,ENSG00000114391,-0.0253822633243254,-0.0426504297422388
BC23944,BC23944_D2,__ambiguous[ENSG00000241343+ENSG00000257529],0.1278576204979382,0.1821100413557296
BC23944,BC23944_D2,ENSG00000100300,-0.0174228653875364,-0.0095955624838389
BC23944,BC23944_D2,ENSG00000110492,0.1372690258736466,0.1571483846139961
BC23944,BC23944_D2,ENSG00000196576,0.1631631704632657,0.1863458990247817
BC23944,BC23944_D2,ENSG00000172270,-0.0127676093695976,-0.0349093567260949
BC23944,BC23944_D2,ENSG00000126247,0.0593655028874224,0.0675794989886597
BC23944,BC23944_D2,ENSG00000171863,0.0230809069451763,0.0539470118836899
BC23944,BC23944_D2,ENSG00000174444,0.0914898867893379,0.1150509665257202
BC23944,BC23944_D2,ENSG00000188846,0.1074012568331691,0.1418796695287892
BC23944,BC23944_D2,ENSG00000101335,0.0419569235336724,0.0775271964036105
BC23944,BC23944_D2,ENSG00000145494,0.0453401100793475,0.052242239016615
BC23944,BC23944_D2,ENSG00000173369,0.0850368151748646,0.082836686487203
BC23944,BC23944_D2,ENSG00000124172,0.0367305131921277,0.0565834854236708
BC23944,BC23944_D2,ENSG00000213988,-0.0541501199478096,-0.0492457116277764
BC23944,BC23944_D2,ENSG00000125970,0.1924954689167453,0.1877393490677484
BC23944,BC23944_D2,ENSG00000159840,-0.0408623376632997,-0.0137565348181106
BC23944,BC23944_D2,ENSG00000186468,0.0937413103221487,0.0809719090052129
BC23944,BC23944_D2,ENSG00000171222,0.0566620536973152,0.0625601085812211
BC23944,BC23944_D2,ENSG00000011304,0.1141032644653881,0.14207111678283
BC23944,BC23944_D2,ENSG00000123989,0.0455481058297458,0.02009976328612
BC23944,BC23944_D2,ENSG00000134419,0.0442537269002367,0.0899678421800061
BC23944,BC23944_D2,ENSG00000106153,0.1177194061085978,0.1626377612302267
BC23944,BC23944_D2,ENSG00000186010,-0.0124290401168399,0.0178221968086297
BC23944,BC23944_D2,ENSG00000130725,0.2821092696431269,0.2968994104648106
BC23944,BC23944_D2,ENSG00000141738,0.1113499757285078,0.1287576654594781
BC23944,BC23944_D2,ENSG00000135390,-0.007579847607432,0.0018684014981518
BC23944,BC23944_D2,ENSG00000109475,-0.0205295743011837,-0.0101076999364827
BC23944,BC23944_D2,ENSG00000143420,0.07361318029439,0.1076376439844245
BC23944,BC23944_D2,ENSG00000113140,0.1757692489405935,0.2074091108441899
BC23944,BC23944_D2,ENSG00000173272,0.0154593236107262,0.0225284408087884
BC23944,BC23944_D2,ENSG00000025708,0.0101673552749642,-0.0158578527972669
BC23944,BC23944_D2,ENSG00000279274,0.2533723700049842,0.2505860254772937
BC23944,BC23944_D2,ENSG00000161960,0.1591386676238853,0.1945352539292403
BC23944,BC23944_D2,ENSG00000177700,0.0556006095387694,0.0564059476235741
BC23944,BC23944_D2,ENSG00000135940,0.0379809751675349,0.039741190643064
BC23944,BC23944_D2,ENSG00000170421,0.1167463235417744,0.1622013408572147
BC23944,BC23944_D2,ENSG00000184840,0.0127288156259407,-0.0013131295667646
BC23944,BC23944_D2,ENSG00000168542,0.0243273586288848,0.0700184112196748
BC23944,BC23944_D2,ENSG00000187608,-0.1117595532717395,-0.1273717439872035
BC23944,BC23944_D2,ENSG00000214530,-2.8081759911645617e-05,0.0575202915724352
BC23944,BC23944_D2,ENSG00000173801,0.0542309969231697,0.062974338838411
BC23944,BC23944_D2,ENSG00000176046,0.1113393324829876,0.1430667915439097
BC23944,BC23944_D2,__ambiguous[ENSG00000273259+ENSG00000196136],-0.0520711542556577,-0.0740501464252263
BC23944,BC23944_E1,ENSG00000034510,-0.1018821479645545,-0.1090641242396519
BC23944,BC23944_E1,ENSG00000111640,0.0102316647494984,-0.0151663681071314
BC23944,BC23944_E1,ENSG00000177600,0.1623100000267938,0.2018688706143517
BC23944,BC23944_E1,ENSG00000137818,0.1633624188976128,0.1956784696508947
BC23944,BC23944_E1,ENSG00000254709,0.0951149735028964,0.1112669197793972
BC23944,BC23944_E1,ENSG00000231500,0.0723448389398571,0.1000369369159625
BC23944,BC23944_E1,ENSG00000171345,0.0034815846887963,-0.0125632914281634
BC23944,BC23944_E1,ENSG00000164587,0.1056267935370975,0.1349395288177984
BC23944,BC23944_E1,ENSG00000075624,-0.0302210788039096,-0.0248750166808719
BC23944,BC23944_E1,ENSG00000141736,-0.0236117050510169,-0.0185591272954156
BC23944,BC23944_E1,ENSG00000108107,0.0176418485730017,0.0452178242442124
BC23944,BC23944_E1,ENSG00000105372,0.1039855872471203,0.1665931323180096
BC23944,BC23944_E1,ENSG00000197756,0.0469181645059454,0.0941598206233308
BC23944,BC23944_E1,ENSG00000108298,0.1324096857236827,0.1729640234784978
BC23944,BC23944_E1,ENSG00000167526,0.157712996587525,0.1946262691519783
BC23944,BC23944_E1,ENSG00000161016,-0.1188657053746281,-0.1250312685465874
BC23944,BC23944_E1,ENSG00000130255,0.0910401704160912,0.1458068707417162
BC23944,BC23944_E1,ENSG00000087086,0.1029336176198956,0.1044092431420764
BC23944,BC23944_E1,ENSG00000108518,-0.0465392148830032,-0.0297784089699823
BC23944,BC23944_E1,__ambiguous[ENSG00000251357+ENSG00000240972],0.0321701991518288,0.0236832267571331
BC23944,BC23944_E1,ENSG00000136942,0.0133988182322679,0.0448974374967832
BC23944,BC23944_E1,ENSG00000149273,0.0189556395844317,0.0429240536954929
BC23944,BC23944_E1,ENSG00000117984,-0.0244422933703127,-0.0358944041851305
BC23944,BC23944_E1,ENSG00000197746,0.0009959002726256,-0.0223050442501599
BC23944,BC23944_E1,ENSG00000179218,-0.1050573535917701,-0.1092933598208271
BC23944,BC23944_E1,ENSG00000063177,-0.0181096122556241,-0.0172430110013876
BC23944,BC23944_E1,ENSG00000180879,0.0264280374550477,0.0033262830637632
BC23944,BC23944_E1,ENSG00000140264,-0.0313191145433936,-0.0178981517216766
BC23944,BC23944_E1,ENSG00000105193,0.1346835684223914,0.1593568309239764
BC23944,BC23944_E1,ENSG00000221983,-0.0115046255817451,-0.0023464442162581
BC23944,BC23944_E1,ENSG00000130203,0.0846995198390876,0.0980717622866877
BC23944,BC23944_E1,ENSG00000166441,0.051327886244105,0.09739238643058
BC23944,BC23944_E1,ENSG00000167996,0.0136894881342938,0.0174488251316961
BC23944,BC23944_E1,ENSG00000234745,0.0901748141802311,0.092547700575715
BC23944,BC23944_E1,ENSG00000142541,0.1871306467104617,0.2117063884772863
BC23944,BC23944_E1,ENSG00000204628,0.1401690629472713,0.1909526766102618
BC23944,BC23944_E1,ENSG00000185624,0.0435840815597088,0.0564200500361262
BC23944,BC23944_E1,ENSG00000142534,0.1529200016221661,0.2318342438660903
BC23944,BC23944_E1,ENSG00000147403,0.0954967291432693,0.151155996472151
BC23944,BC23944_E1,ENSG00000109062,-0.0170978783915226,-0.026592245501522
BC23944,BC23944_E1,ENSG00000140988,0.068003701878984,0.1014480414507819
BC23944,BC23944_E1,ENSG00000089157,0.1378177237655708,0.2023997335635446
BC23944,BC23944_E1,ENSG00000115268,0.0479135714226944,0.046192602791334
BC23944,BC23944_E1,ENSG00000105640,0.0775922674099083,0.137889215338098
BC23944,BC23944_E1,ENSG00000112306,0.0511273647771732,0.0468185606256582
BC23944,BC23944_E1,ENSG00000233927,0.043266433127942,0.065904410895837
BC23944,BC23944_E1,ENSG00000171858,0.1930812999992907,0.2182964605204203
BC23944,BC23944_E1,ENSG00000182774,-0.0334847787462572,-0.0112213343472973
BC23944,BC23944_E1,ENSG00000213741,0.1260513559755487,0.1623439244939331
BC23944,BC23944_E1,ENSG00000198034,-0.0719668850552095,-0.0933952259233236
BC23944,BC23944_E1,ENSG00000125691,0.0753021637280728,0.0679005792646749
BC23944,BC23944_E1,ENSG00000142676,0.0695888361708492,0.081015112260383
BC23944,BC23944_E1,ENSG00000149806,0.1555514438933426,0.1702226048378918
BC23944,BC23944_E1,ENSG00000111341,0.0180437903530914,0.0221789947322555
BC23944,BC23944_E1,ENSG00000170889,0.0137593763902201,0.0435836712483658
BC23944,BC23944_E1,ENSG00000019582,0.0477262454912045,0.050380927724654
BC23944,BC23944_E1,ENSG00000204525,-0.0605796124932873,-0.0666991939124609
BC23944,BC23944_E1,ENSG00000177954,0.1076288751251511,0.1159049455282373
BC23944,BC23944_E1,ENSG00000172809,0.0058570572181692,0.0153740302667491
BC23944,BC23944_E1,ENSG00000172757,0.1089264873187079,0.1520604977956035
BC23944,BC23944_E1,ENSG00000100316,0.0883742489915345,0.1156417939566416
BC23944,BC23944_E1,ENSG00000204592,-0.0259018904060508,-0.0572352279525923
BC23944,BC23944_E1,ENSG00000101439,0.1618628566577822,0.1750613991445381
BC23944,BC23944_E1,ENSG00000137154,0.0576760163636971,0.0531044033809593
BC23944,BC23944_E1,ENSG00000184009,0.0905870268553498,0.1270654854977316
BC23944,BC23944_E1,ENSG00000167995,0.0388978874836693,0.0547403100849493
BC23944,BC23944_E1,ENSG00000108821,0.0103909123068487,0.0223532427710645
BC23944,BC23944_E1,__ambiguous[ENSG00000254772+ENSG00000255508],0.0605435926732398,0.1128024110420232
BC23944,BC23944_E1,__ambiguous[ENSG00000185883+ENSG00000260272],0.0028224464853582,0.003413863619629
BC23944,BC23944_E1,ENSG00000163191,-0.0133964272993903,-0.0697320319138
BC23944,BC23944_E1,ENSG00000206503,0.0384551297713284,0.0415938514321378
BC23944,BC23944_E1,ENSG00000167468,0.0416395722890285,0.0624360639239271
BC23944,BC23944_E1,ENSG00000142937,0.0779245945335421,0.1268316294050956
BC23944,BC23944_E1,ENSG00000083845,0.0283233915483333,0.0504471437752345
BC23944,BC23944_E1,ENSG00000135404,0.0091486260655843,-0.0135601664924064
BC23944,BC23944_E1,ENSG00000197958,-0.1186099199115127,-0.0882762652049352
BC23944,BC23944_E1,ENSG00000224389,0.0277128475749796,0.0188271077728111
BC23944,BC23944_E1,ENSG00000107223,0.036222997360463,0.0333211535774152
BC23944,BC23944_E1,ENSG00000169710,0.1444910839339561,0.1799946272421268
BC23944,BC23944_E1,ENSG00000106624,-0.0622501446962956,-0.1017110268742839
BC23944,BC23944_E1,ENSG00000231925,0.0256476085077698,0.0170756114555226
BC23944,BC23944_E1,ENSG00000163220,-0.0371802842890493,-0.0435820738224199
BC23944,BC23944_E1,ENSG00000156482,0.0972245079933165,0.1027201040460065
BC23944,BC23944_E1,ENSG00000167658,-0.0451808996936675,-0.019257307716327
BC23944,BC23944_E1,ENSG00000162244,0.0246696396368966,0.0323707832834447
BC23944,BC23944_E1,ENSG00000143947,0.0787562575787034,0.0867107792284366
BC23944,BC23944_E1,ENSG00000149925,-0.0617834292845883,-0.0747092694007683
BC23944,BC23944_E1,ENSG00000108344,0.0760275005378645,0.0201804611907061
BC23944,BC23944_E1,ENSG00000148303,-0.0671475756987584,-0.0329145195247918
BC23944,BC23944_E1,ENSG00000165949,-0.02117596141431,-0.0240287461154081
BC23944,BC23944_E1,ENSG00000115884,0.0824484597861492,0.0906594183468111
BC23944,BC23944_E1,ENSG00000108639,-0.0239147256608886,0.0040359670150539
BC23944,BC23944_E1,ENSG00000144713,0.0093985362887018,0.0218353090721493
BC23944,BC23944_E1,ENSG00000172531,-0.0286974641604267,-0.0282250531103518
BC23944,BC23944_E1,ENSG00000131469,0.0209409188863922,0.0277526109248356
BC23944,BC23944_E1,ENSG00000141741,-0.0055116128163955,0.0058207360039448
BC23944,BC23944_E1,ENSG00000108679,0.0138134994984842,0.0141092378899904
BC23944,BC23944_E1,ENSG00000174748,0.0016864032602428,0.0475453250112617
BC23944,BC23944_E1,ENSG00000185825,0.0767005410497236,0.0775631738472765
BC23944,BC23944_E1,ENSG00000130303,-0.0093206933723531,-0.0085242892508419
BC23944,BC23944_E1,ENSG00000166710,0.0570790508585427,0.0662307110127797
BC23944,BC23944_E1,ENSG00000158710,-0.0841177027756564,-0.1078079986606794
BC23944,BC23944_E1,ENSG00000198242,0.0642893061360358,0.0939853508939042
BC23944,BC23944_E1,ENSG00000106211,-0.0296457422815042,-0.0181774928276693
BC23944,BC23944_E1,ENSG00000145592,0.0753458128209868,0.0748987110102393
BC23944,BC23944_E1,ENSG00000104904,-0.0930869528206723,-0.0625156026315734
BC23944,BC23944_E1,ENSG00000118181,0.0089951265512504,0.0297282102031298
BC23944,BC23944_E1,ENSG00000110651,0.0884871327550402,0.107418551319916
BC23944,BC23944_E1,ENSG00000246705,0.0632757623583185,0.0745714421250125
BC23944,BC23944_E1,ENSG00000279483,0.1367687647511336,0.1593246800578359
BC23944,BC23944_E1,ENSG00000173372,0.032687645677783,0.0279032371863402
BC23944,BC23944_E1,ENSG00000115457,-0.0328576789297992,-0.0275453781826402
BC23944,BC23944_E1,ENSG00000160862,-0.0353233191737073,-0.0437861847206563
BC23944,BC23944_E1,__ambiguous[ENSG00000243678+ENSG00000011052],-0.0234108804944539,-0.0548638119544139
BC23944,BC23944_E1,ENSG00000074800,-0.0812518925748122,-0.0815861378298729
BC23944,BC23944_E1,ENSG00000133112,0.079330265242383,0.0711038075172209
BC23944,BC23944_E1,ENSG00000117410,0.0260696512531212,0.0329167757624085
BC23944,BC23944_E1,ENSG00000142669,-0.0251635226634259,-0.0359841735190047
BC23944,BC23944_E1,ENSG00000070756,0.1224953555170015,0.1385091525688548
BC23944,BC23944_E1,ENSG00000152082,0.0854824098808435,0.0779318110584364
BC23944,BC23944_E1,ENSG00000092841,0.0980450197653068,0.1210161062534144
BC23944,BC23944_E1,ENSG00000030582,-0.0287062969197059,-0.0494198846159341
BC23944,BC23944_E1,ENSG00000130208,0.0184913538004133,-0.0030866477303142
BC23944,BC23944_E1,__ambiguous[ENSG00000185885+ENSG00000185201],0.0429057831490805,0.0299184334456112
BC23944,BC23944_E1,ENSG00000185499,-0.0372005591986906,-0.0502383644654246
BC23944,BC23944_E1,ENSG00000205542,0.1027687589268781,0.1461277862254227
BC23944,BC23944_E1,__ambiguous[ENSG00000124614+ENSG00000270800],0.0842060567918523,0.0995018021368793
BC23944,BC23944_E1,ENSG00000126267,-0.0612746436314198,-0.0765871725024874
BC23944,BC23944_E1,ENSG00000071082,0.0808690270769596,0.0761016844888892
BC23944,BC23944_E1,ENSG00000277972,-0.0073533863675823,-0.0171809686013582
BC23944,BC23944_E1,ENSG00000149591,0.0410346740824207,0.0521531288069152
BC23944,BC23944_E1,ENSG00000135480,0.0416631660004043,0.0385078527522571
BC23944,BC23944_E1,ENSG00000102265,0.0299865384610885,0.0347743189184787
BC23944,BC23944_E1,ENSG00000071553,0.0264564354107569,0.0162160468520538
BC23944,BC23944_E1,ENSG00000169100,0.029019962002842,0.0178358846172423
BC23944,BC23944_E1,ENSG00000277791,0.0568496047593862,0.0448647490505739
BC23944,BC23944_E1,ENSG00000143774,-0.0462042850871656,-0.0387695508220683
BC23944,BC23944_E1,ENSG00000150991,0.0220429146292481,0.0324276066213517
BC23944,BC23944_E1,ENSG00000162511,0.0550766317797486,0.0389136118262854
BC23944,BC23944_E1,ENSG00000160789,0.0145336103792717,0.0235329278877815
BC23944,BC23944_E1,ENSG00000187514,0.1157751040071403,0.125146376637779
BC23944,BC23944_E1,ENSG00000111057,-0.0276225799870012,-0.0738267151835989
BC23944,BC23944_E1,ENSG00000115414,0.0983854651918903,0.1468258847962076
BC23944,BC23944_E1,ENSG00000255823,0.1733106714584215,0.2079917244843958
BC23944,BC23944_E1,ENSG00000131748,0.0328094276285269,0.0335476644149601
BC23944,BC23944_E1,ENSG00000196924,0.1134850677181618,0.1494427758584207
BC23944,BC23944_E1,ENSG00000105223,0.0049250402468374,-0.0288009928577666
BC23944,BC23944_E1,ENSG00000117450,0.0682528635128486,0.0622062272898754
BC23944,BC23944_E1,ENSG00000163682,0.0902630381985889,0.0890487689770256
BC23944,BC23944_E1,ENSG00000165215,-0.0131036979965242,-0.0021194153238588
BC23944,BC23944_E1,ENSG00000125534,0.0959095480947878,0.150387539856697
BC23944,BC23944_E1,ENSG00000145425,0.0264923404020098,-0.0016493824628053
BC23944,BC23944_E1,ENSG00000182492,-0.0490617840304394,-0.0346689793912665
BC23944,BC23944_E1,ENSG00000178719,-0.0291701543541736,-0.037278027513932
BC23944,BC23944_E1,ENSG00000124664,0.0036795942937227,0.0049411860078404
BC23944,BC23944_E1,ENSG00000051523,0.0403411497955698,0.0623398245550948
BC23944,BC23944_E1,ENSG00000138326,-0.0215149679370016,0.0062345689324305
BC23944,BC23944_E1,ENSG00000204287,0.0829017050969539,0.0914085414878088
BC23944,BC23944_E1,ENSG00000124614,0.0668467211569679,0.0587683343719254
BC23944,BC23944_E1,ENSG00000182809,-0.0743560596934923,-0.056511113833385
BC23944,BC23944_E1,ENSG00000176340,0.0094302267724165,0.0192829200019491
BC23944,BC23944_E1,ENSG00000058262,-0.0019324752831885,0.0098561102715239
BC23944,BC23944_E1,ENSG00000269028,0.201444221076582,0.2279981968959187
BC23944,BC23944_E1,ENSG00000251562,-0.0414124606226844,-0.0479967701452
BC23944,BC23944_E1,__ambiguous[ENSG00000277957+ENSG00000161960],0.134418915983068,0.192718690737293
BC23944,BC23944_E1,ENSG00000164733,-1.3011339522941882e-05,0.0238654002071228
BC23944,BC23944_E1,ENSG00000169223,-0.0059932635726128,0.0003455901853267
BC23944,BC23944_E1,ENSG00000164692,0.0527896460599926,0.0654885058919021
BC23944,BC23944_E1,ENSG00000114353,-0.0634095757206638,-0.0731653712292848
BC23944,BC23944_E1,ENSG00000141522,-0.0092726537513455,-0.0175174957305112
BC23944,BC23944_E1,ENSG00000144426,-0.0683974918808917,-0.0780076108275026
BC23944,BC23944_E1,ENSG00000127540,0.0371090162597797,0.0529932924596996
BC23944,BC23944_E1,__ambiguous[ENSG00000257341+ENSG00000213145],-0.015929043400199,-0.0466967699532042
BC23944,BC23944_E1,ENSG00000142089,0.0533523276151422,0.0362667507730571
BC23944,BC23944_E1,ENSG00000052344,-0.0231017303348547,-0.0236765909238025
BC23944,BC23944_E1,ENSG00000026025,0.0572409145740912,0.0507987843298361
BC23944,BC23944_E1,ENSG00000272196,0.0627937364557729,0.0622627864353665
BC23944,BC23944_E1,ENSG00000114867,0.037398318964026,0.0448833980210894
BC23944,BC23944_E1,ENSG00000111669,-0.1667749694663225,-0.1943454071707076
BC23944,BC23944_E1,ENSG00000103363,0.0295238100787852,0.0370033134736007
BC23944,BC23944_E1,ENSG00000104964,-0.0498512967883628,-0.062112560930256
BC23944,BC23944_E1,ENSG00000125730,0.097916572783962,0.1279077653762927
BC23944,BC23944_E1,ENSG00000087460,0.1377224496813034,0.170736873678757
BC23944,BC23944_E1,ENSG00000142949,0.0721857502563125,0.1000341933772035
BC23944,BC23944_E1,ENSG00000160932,-0.0696711802638601,-0.083474853295733
BC23944,BC23944_E1,ENSG00000172354,0.0176382016330052,0.0220188111535979
BC23944,BC23944_E1,ENSG00000182899,0.1226017044070222,0.1316920930291917
BC23944,BC23944_E1,ENSG00000123349,0.0367937464728434,0.0230977312212329
BC23944,BC23944_E1,ENSG00000184897,0.0569036311801491,0.0594416577382744
BC23944,BC23944_E1,ENSG00000142173,0.0374598867442797,0.0385786565676686
BC23944,BC23944_E1,ENSG00000167815,-0.0655604122106441,-0.053155060753376
BC23944,BC23944_E1,ENSG00000131143,-0.1209797666695613,-0.1232542236457996
BC23944,BC23944_E1,__ambiguous[ENSG00000262526+ENSG00000170296],0.0170977037606767,0.0364665419753633
BC23944,BC23944_E1,__ambiguous[ENSG00000219200+ENSG00000161939],0.0205098007687251,0.0220923549870715
BC23944,BC23944_E1,ENSG00000178952,0.022800401560235,-0.0210570565252938
BC23944,BC23944_E1,ENSG00000178980,-0.064061121715081,-0.051935274037121
BC23944,BC23944_E1,ENSG00000170315,0.1078831478220749,0.1469383208056063
BC23944,BC23944_E1,ENSG00000143546,-0.0015503881531906,-0.0306859048495083
BC23944,BC23944_E1,ENSG00000163479,0.0614359283916257,0.0604241190703298
BC23944,BC23944_E1,ENSG00000197956,-0.0452920303353043,-0.0378041235623426
BC23944,BC23944_E1,ENSG00000104529,-0.0504450837875904,-0.0491045908565636
BC23944,BC23944_E1,ENSG00000155366,-0.1539724712587412,-0.1787271253640568
BC23944,BC23944_E1,ENSG00000008988,0.0138656021800245,0.0349367715974992
BC23944,BC23944_E1,ENSG00000100219,0.1215911468366021,0.1412940924241705
BC23944,BC23944_E1,ENSG00000163399,0.038788983113843,0.0577572784424097
BC23944,BC23944_E1,ENSG00000174886,-0.0303832105369846,-0.0268416386941874
BC23944,BC23944_E1,ENSG00000114391,0.0406176012198231,0.0350410047096047
BC23944,BC23944_E1,__ambiguous[ENSG00000241343+ENSG00000257529],0.0486539036752836,0.0848998697418171
BC23944,BC23944_E1,ENSG00000100300,0.0280487205522571,-0.0037596890953316
BC23944,BC23944_E1,ENSG00000110492,-0.0012469300510656,-0.0128566177045518
BC23944,BC23944_E1,ENSG00000196576,0.0139590551915668,0.0451924635921215
BC23944,BC23944_E1,ENSG00000172270,0.0266299403801547,0.0486402402573739
BC23944,BC23944_E1,ENSG00000126247,0.035266348326874,0.0419412121324357
BC23944,BC23944_E1,ENSG00000171863,0.0876261200195,0.0753567080519675
BC23944,BC23944_E1,ENSG00000174444,0.0187041083627004,0.0148824266339914
BC23944,BC23944_E1,ENSG00000188846,0.0056544582372552,0.0546581126943044
BC23944,BC23944_E1,ENSG00000101335,0.0449523435503904,0.0958442298535791
BC23944,BC23944_E1,ENSG00000145494,-0.035425688231028,-0.0512815370649131
BC23944,BC23944_E1,ENSG00000173369,0.0384843979829371,0.0220873907942898
BC23944,BC23944_E1,ENSG00000124172,-0.0772606614565982,-0.0656598713304711
BC23944,BC23944_E1,ENSG00000213988,0.0528020068095475,0.0424787550086296
BC23944,BC23944_E1,ENSG00000125970,0.0107770976168714,0.0296933334091202
BC23944,BC23944_E1,ENSG00000159840,0.1806182131824616,0.1924669466676329
BC23944,BC23944_E1,ENSG00000186468,0.0678196091347684,0.0383661901731213
BC23944,BC23944_E1,ENSG00000171222,-0.0198974164241418,-0.0086903594557379
BC23944,BC23944_E1,ENSG00000011304,-0.020242479933669,-0.0136321926533703
BC23944,BC23944_E1,ENSG00000123989,-0.0263610371619672,-0.0196980601954834
BC23944,BC23944_E1,ENSG00000134419,0.0596830702374884,0.065195026654729
BC23944,BC23944_E1,ENSG00000106153,0.0463794402773618,0.093576273741976
BC23944,BC23944_E1,ENSG00000186010,-0.0806152560459769,-0.0941281542438863
BC23944,BC23944_E1,ENSG00000130725,-0.0898678709510605,-0.069360697124747
BC23944,BC23944_E1,ENSG00000141738,-0.0517069757490446,-0.0865409360717098
BC23944,BC23944_E1,ENSG00000135390,-0.0715100753193415,-0.0896578555074864
BC23944,BC23944_E1,ENSG00000109475,-0.0383498470689028,-0.0309210193738152
BC23944,BC23944_E1,ENSG00000143420,0.0273604934099443,0.0115595173362067
BC23944,BC23944_E1,ENSG00000113140,0.0312477522146306,0.0456600988669891
BC23944,BC23944_E1,ENSG00000173272,0.1271646524201568,0.1418576420234969
BC23944,BC23944_E1,ENSG00000025708,0.0810011372547781,0.0719923677602785
BC23944,BC23944_E1,ENSG00000279274,0.134484404375263,0.1536540897247148
BC23944,BC23944_E1,ENSG00000161960,0.1402114635334264,0.167175941098165
BC23944,BC23944_E1,ENSG00000177700,-0.124553465908295,-0.1350734477200868
BC23944,BC23944_E1,ENSG00000135940,0.0006884503457641,0.0320686521202488
BC23944,BC23944_E1,ENSG00000170421,0.1275310221091445,0.1399554168512634
BC23944,BC23944_E1,ENSG00000184840,0.0029815054228264,0.0158513595434495
BC23944,BC23944_E1,ENSG00000168542,0.0618003103858361,0.0702966135567689
BC23944,BC23944_E1,ENSG00000187608,-0.0338414327276391,-0.0204691521991218
BC23944,BC23944_E1,ENSG00000214530,0.0419227034064584,0.0299043944608503
BC23944,BC23944_E1,ENSG00000173801,0.0227729487725023,0.0426865457386683
BC23944,BC23944_E1,ENSG00000176046,0.1012518573530346,0.1326725793365174
BC23944,BC23944_E1,__ambiguous[ENSG00000273259+ENSG00000196136],0.127923449700991,0.1491809551159688
BC23944,BC23944_E2,ENSG00000034510,-0.065714987064361,-0.0742190964002043
BC23944,BC23944_E2,ENSG00000111640,0.1538462875349143,0.1830495055274206
BC23944,BC23944_E2,ENSG00000177600,0.1471471647766729,0.1596924736595837
BC23944,BC23944_E2,ENSG00000137818,0.0994035832511837,0.1294368041454723
BC23944,BC23944_E2,ENSG00000254709,-0.0287621840947795,0.010006927070345
BC23944,BC23944_E2,ENSG00000231500,0.0080667155911244,0.0173786034643014
BC23944,BC23944_E2,ENSG00000171345,0.0829941721827982,0.082745488652297
BC23944,BC23944_E2,ENSG00000164587,0.0484987214510536,0.0493454316955222
BC23944,BC23944_E2,ENSG00000075624,-0.1059278694495028,-0.0965964416137884
BC23944,BC23944_E2,ENSG00000141736,0.0136651617460054,0.0202553994251773
BC23944,BC23944_E2,ENSG00000108107,0.0609759357703199,0.0854006551401419
BC23944,BC23944_E2,ENSG00000105372,0.0439190690207337,0.0709930914641332
BC23944,BC23944_E2,ENSG00000197756,0.0521310425542358,0.0718224615103585
BC23944,BC23944_E2,ENSG00000108298,0.0548114075900642,0.0483664645640934
BC23944,BC23944_E2,ENSG00000167526,0.0303209212687859,0.043009856256953
BC23944,BC23944_E2,ENSG00000161016,0.1030268988162618,0.1088106099148064
BC23944,BC23944_E2,ENSG00000130255,0.1578229574526611,0.1443862548312088
BC23944,BC23944_E2,ENSG00000087086,-0.0224349836870218,-0.0210839240507175
BC23944,BC23944_E2,ENSG00000108518,-0.003275634837754,-0.0149065340163497
BC23944,BC23944_E2,__ambiguous[ENSG00000251357+ENSG00000240972],0.0698992657208467,0.0913387535599796
BC23944,BC23944_E2,ENSG00000136942,0.0372983647980056,0.0752708564712246
BC23944,BC23944_E2,ENSG00000149273,-0.0170271659000832,-0.0170561629976691
BC23944,BC23944_E2,ENSG00000117984,-0.0185079133656489,-0.0151465358314373
BC23944,BC23944_E2,ENSG00000197746,0.0564854169085833,0.0387055271012542
BC23944,BC23944_E2,ENSG00000179218,-0.0870516347705112,-0.0956334484518308
BC23944,BC23944_E2,ENSG00000063177,0.0108115117725484,-0.0060788662605986
BC23944,BC23944_E2,ENSG00000180879,0.0416744772908223,0.0314290955103991
BC23944,BC23944_E2,ENSG00000140264,-0.0551324359642382,-0.0478652788259488
BC23944,BC23944_E2,ENSG00000105193,0.0020801410037677,-0.0125380218727212
BC23944,BC23944_E2,ENSG00000221983,0.1009293299780002,0.0705963052226216
BC23944,BC23944_E2,ENSG00000130203,0.0876683880741913,0.1226357050730194
BC23944,BC23944_E2,ENSG00000166441,0.1343973654304204,0.1437343531291487
BC23944,BC23944_E2,ENSG00000167996,-0.0456659660369211,-0.0647973825830503
BC23944,BC23944_E2,ENSG00000234745,0.0229819513726675,0.0204083129491485
BC23944,BC23944_E2,ENSG00000142541,0.0868268487549486,0.0856045143435152
BC23944,BC23944_E2,ENSG00000204628,0.0144136991085613,0.0178034282074226
BC23944,BC23944_E2,ENSG00000185624,-0.0038535328882108,0.0089335858477768
BC23944,BC23944_E2,ENSG00000142534,0.0407059953636402,0.0409506384469384
BC23944,BC23944_E2,ENSG00000147403,0.059282806667287,0.0622499627706139
BC23944,BC23944_E2,ENSG00000109062,-0.0342750527624178,-0.0397404566849223
BC23944,BC23944_E2,ENSG00000140988,0.0560971999049271,0.0690072521685901
BC23944,BC23944_E2,ENSG00000089157,0.0339202883440739,0.0508040287859481
BC23944,BC23944_E2,ENSG00000115268,-0.0516202640807913,-0.0385412288520671
BC23944,BC23944_E2,ENSG00000105640,-0.0296425524896059,0.007978253950145
BC23944,BC23944_E2,ENSG00000112306,-0.0070150383206764,-0.0237926944599684
BC23944,BC23944_E2,ENSG00000233927,-0.0182739334672718,-0.015624511400001
BC23944,BC23944_E2,ENSG00000171858,0.0826321751852399,0.0804458049729573
BC23944,BC23944_E2,ENSG00000182774,0.085246428081134,0.0815665449415265
BC23944,BC23944_E2,ENSG00000213741,0.0435369166311614,0.05628451848429
BC23944,BC23944_E2,ENSG00000198034,0.0421122078721602,0.0306578850134308
BC23944,BC23944_E2,ENSG00000125691,0.0994678336119658,0.115117875132002
BC23944,BC23944_E2,ENSG00000142676,0.0206720403314414,0.0296547169483264
BC23944,BC23944_E2,ENSG00000149806,0.0529881093464219,0.073751779047036
BC23944,BC23944_E2,ENSG00000111341,-0.0108961695570541,0.0089191739860858
BC23944,BC23944_E2,ENSG00000170889,0.0254994311912423,0.0444933858594049
BC23944,BC23944_E2,ENSG00000019582,-0.0281781885902733,-0.0058973415460568
BC23944,BC23944_E2,ENSG00000204525,-0.0299238944378081,-0.0228320955829279
BC23944,BC23944_E2,ENSG00000177954,0.101403218810067,0.1370044657507358
BC23944,BC23944_E2,ENSG00000172809,-0.0074953988665905,0.0137551026585648
BC23944,BC23944_E2,ENSG00000172757,-0.0037911910293049,0.0337205314850581
BC23944,BC23944_E2,ENSG00000100316,0.0555696573726269,0.0672409009320796
BC23944,BC23944_E2,ENSG00000204592,-0.0137688134324825,-0.0248164992668453
BC23944,BC23944_E2,ENSG00000101439,-0.0912673206592483,-0.1103561706111793
BC23944,BC23944_E2,ENSG00000137154,-0.0089474172838024,-0.0153900894744007
BC23944,BC23944_E2,ENSG00000184009,0.0129178075851107,0.0311345386615792
BC23944,BC23944_E2,ENSG00000167995,-0.0317209087887443,-0.045477394560171
BC23944,BC23944_E2,ENSG00000108821,0.0971769483339228,0.138884729371063
BC23944,BC23944_E2,__ambiguous[ENSG00000254772+ENSG00000255508],0.0961769752562479,0.1008097011274703
BC23944,BC23944_E2,__ambiguous[ENSG00000185883+ENSG00000260272],0.1155871493466741,0.1089105803661846
BC23944,BC23944_E2,ENSG00000163191,-0.1129786812203432,-0.1010361302498358
BC23944,BC23944_E2,ENSG00000206503,-0.0225537309347347,-0.0235764726307911
BC23944,BC23944_E2,ENSG00000167468,-0.0502274650782868,-0.0695788386789362
BC23944,BC23944_E2,ENSG00000142937,0.049741087241768,0.0459663176415226
BC23944,BC23944_E2,ENSG00000083845,0.0657142882178077,0.1025615985281894
BC23944,BC23944_E2,ENSG00000135404,-0.0288940307595696,-0.0636679477115192
BC23944,BC23944_E2,ENSG00000197958,-0.0062892270635974,-0.016345079756102
BC23944,BC23944_E2,ENSG00000224389,-0.0147226943103257,-0.0312521011142777
BC23944,BC23944_E2,ENSG00000107223,-0.0063950077923326,-0.0012915031238763
BC23944,BC23944_E2,ENSG00000169710,0.1252732259072933,0.1433308427823727
BC23944,BC23944_E2,ENSG00000106624,-0.1193618333351593,-0.1338287894442065
BC23944,BC23944_E2,ENSG00000231925,0.1437307603892685,0.1578333483060719
BC23944,BC23944_E2,ENSG00000163220,-0.0787233515318993,-0.0721864640133384
BC23944,BC23944_E2,ENSG00000156482,-0.030055426745091,-0.0118168699800167
BC23944,BC23944_E2,ENSG00000167658,-0.0309622301458114,-0.0323608507603113
BC23944,BC23944_E2,ENSG00000162244,-0.1044167771424531,-0.1025536795912239
BC23944,BC23944_E2,ENSG00000143947,-0.037366850000272,-0.0565943113514481
BC23944,BC23944_E2,ENSG00000149925,-0.0745977929767671,-0.0277994910668953
BC23944,BC23944_E2,ENSG00000108344,0.0871200813911159,0.0720970392924888
BC23944,BC23944_E2,ENSG00000148303,0.0037534077300441,0.0067247141287723
BC23944,BC23944_E2,ENSG00000165949,0.0657259145435824,0.0517691456331951
BC23944,BC23944_E2,ENSG00000115884,-0.0099849632445234,-0.0387656371597197
BC23944,BC23944_E2,ENSG00000108639,0.0459580168802017,0.0376653769128911
BC23944,BC23944_E2,ENSG00000144713,0.1054361156657797,0.0999658255754448
BC23944,BC23944_E2,ENSG00000172531,-0.0552937456470612,-0.0745727512291395
BC23944,BC23944_E2,ENSG00000131469,-0.0377512300895648,-0.0436811126722299
BC23944,BC23944_E2,ENSG00000141741,-0.0348341233138608,-0.0403851370553975
BC23944,BC23944_E2,ENSG00000108679,0.0340382853616141,0.0384216993642557
BC23944,BC23944_E2,ENSG00000174748,0.0712152587833293,0.0824569538542097
BC23944,BC23944_E2,ENSG00000185825,0.0482064839036536,0.058676308423756
BC23944,BC23944_E2,ENSG00000130303,0.0054924238972651,0.0011424799241348
BC23944,BC23944_E2,ENSG00000166710,0.00427122094126,-0.0059673590564434
BC23944,BC23944_E2,ENSG00000158710,-0.017174487438294,-0.0349780873742998
BC23944,BC23944_E2,ENSG00000198242,0.0511440321618937,0.0632602223397278
BC23944,BC23944_E2,ENSG00000106211,0.043326430220451,0.0658777757472954
BC23944,BC23944_E2,ENSG00000145592,0.0886477795993296,0.0872844011133665
BC23944,BC23944_E2,ENSG00000104904,-0.0251504465072012,-0.0455040381697818
BC23944,BC23944_E2,ENSG00000118181,0.0116173725879657,0.0108444752413148
BC23944,BC23944_E2,ENSG00000110651,0.0717269443427681,0.0741090976473725
BC23944,BC23944_E2,ENSG00000246705,-0.0706649082488113,-0.0530575495662054
BC23944,BC23944_E2,ENSG00000279483,0.037668778432196,0.0628042227247532
BC23944,BC23944_E2,ENSG00000173372,-0.0384588114985264,-0.0469179996464365
BC23944,BC23944_E2,ENSG00000115457,0.0529006804986962,0.0820885525539853
BC23944,BC23944_E2,ENSG00000160862,0.0459133770702112,0.019489232169992
BC23944,BC23944_E2,__ambiguous[ENSG00000243678+ENSG00000011052],0.0452360935242122,0.029092968990273
BC23944,BC23944_E2,ENSG00000074800,0.0655124301159331,0.0741725250112515
BC23944,BC23944_E2,ENSG00000133112,-0.0515765489346074,-0.0580059308249481
BC23944,BC23944_E2,ENSG00000117410,0.0476871238169886,0.0477054432606477
BC23944,BC23944_E2,ENSG00000142669,0.0111139644756139,-0.0325037315665325
BC23944,BC23944_E2,ENSG00000070756,0.0457352903342035,0.0649220014917471
BC23944,BC23944_E2,ENSG00000152082,0.1033653897456255,0.0796712903009312
BC23944,BC23944_E2,ENSG00000092841,0.0152446360770868,0.0258883027419771
BC23944,BC23944_E2,ENSG00000030582,0.041982079375895,0.0296187858082723
BC23944,BC23944_E2,ENSG00000130208,-0.0539204387970177,-0.0559199682635803
BC23944,BC23944_E2,__ambiguous[ENSG00000185885+ENSG00000185201],0.0633286786457686,0.0655421683284265
BC23944,BC23944_E2,ENSG00000185499,0.1052524206597641,0.1208601580329632
BC23944,BC23944_E2,ENSG00000205542,-0.0483176175135163,-0.0632792121085327
BC23944,BC23944_E2,__ambiguous[ENSG00000124614+ENSG00000270800],0.0593559242779423,0.0566064290492346
BC23944,BC23944_E2,ENSG00000126267,-0.0099327305817896,-0.0197795860683426
BC23944,BC23944_E2,ENSG00000071082,-0.0291376223283033,-0.0383964302869977
BC23944,BC23944_E2,ENSG00000277972,-0.0386566578480474,-0.04229982894684
BC23944,BC23944_E2,ENSG00000149591,0.0370637041111831,0.0879157214681295
BC23944,BC23944_E2,ENSG00000135480,-0.1519997810169864,-0.1620416980239557
BC23944,BC23944_E2,ENSG00000102265,0.0942677413614096,0.1080851200486466
BC23944,BC23944_E2,ENSG00000071553,0.0134235143071063,0.0274242934866407
BC23944,BC23944_E2,ENSG00000169100,-0.031574235687963,-0.0139706538141789
BC23944,BC23944_E2,ENSG00000277791,0.0271284182873815,0.0024195119000206
BC23944,BC23944_E2,ENSG00000143774,0.0287174055322621,0.0187130869279652
BC23944,BC23944_E2,ENSG00000150991,-0.0205201563283477,-0.0337806091831388
BC23944,BC23944_E2,ENSG00000162511,-0.0666044554890809,-0.0581326644087648
BC23944,BC23944_E2,ENSG00000160789,-0.0744938486534327,-0.0850598561558303
BC23944,BC23944_E2,ENSG00000187514,-0.0340459005129203,-0.0477954397572153
BC23944,BC23944_E2,ENSG00000111057,-0.1001493655540447,-0.117182785916185
BC23944,BC23944_E2,ENSG00000115414,0.0753174863329469,0.1193687561983971
BC23944,BC23944_E2,ENSG00000255823,0.191923683870715,0.2093974233772547
BC23944,BC23944_E2,ENSG00000131748,-0.0142440794973292,-0.027117605612761
BC23944,BC23944_E2,ENSG00000196924,0.0229215716142608,-0.003168513541163
BC23944,BC23944_E2,ENSG00000105223,0.0869949257903193,0.0713539917957091
BC23944,BC23944_E2,ENSG00000117450,-0.0015834161774457,-0.0123498223695011
BC23944,BC23944_E2,ENSG00000163682,-0.0645662432442265,-0.0639907896749165
BC23944,BC23944_E2,ENSG00000165215,0.0781594236082926,0.0854148987823341
BC23944,BC23944_E2,ENSG00000125534,-0.0218346284598232,-0.0089532682250236
BC23944,BC23944_E2,ENSG00000145425,0.0025369839144234,0.0307682886793396
BC23944,BC23944_E2,ENSG00000182492,-0.0226369420246623,-0.0435150191193831
BC23944,BC23944_E2,ENSG00000178719,0.0023381710901633,-0.0068043668632357
BC23944,BC23944_E2,ENSG00000124664,-0.0392594554956563,-0.0180999033079256
BC23944,BC23944_E2,ENSG00000051523,0.0362074052870257,0.0349563374929552
BC23944,BC23944_E2,ENSG00000138326,-0.0196361761990018,-0.0496300266013589
BC23944,BC23944_E2,ENSG00000204287,-0.01461686976414,-0.004828854014839
BC23944,BC23944_E2,ENSG00000124614,0.1029061337831758,0.1154124127173533
BC23944,BC23944_E2,ENSG00000182809,0.0541878221002154,0.0707657410620045
BC23944,BC23944_E2,ENSG00000176340,0.0472106593237922,0.0674989160487105
BC23944,BC23944_E2,ENSG00000058262,0.0431286952836412,0.0444634465373336
BC23944,BC23944_E2,ENSG00000269028,0.2267816923512598,0.2373704388882102
BC23944,BC23944_E2,ENSG00000251562,0.0030282179128059,0.0179220164258719
BC23944,BC23944_E2,__ambiguous[ENSG00000277957+ENSG00000161960],0.0011390974126233,-0.0031906076509256
BC23944,BC23944_E2,ENSG00000164733,-0.0680952025050124,-0.1016475255966557
BC23944,BC23944_E2,ENSG00000169223,-0.0078500009277853,-0.0089366350037331
BC23944,BC23944_E2,ENSG00000164692,0.0373270576297673,0.0541320267836481
BC23944,BC23944_E2,ENSG00000114353,-0.0011196439758183,-0.0161614601856002
BC23944,BC23944_E2,ENSG00000141522,0.1657549252941042,0.177440238230136
BC23944,BC23944_E2,ENSG00000144426,-0.0176095141662928,-0.0147679308511726
BC23944,BC23944_E2,ENSG00000127540,0.0441098594611072,0.0634843089507138
BC23944,BC23944_E2,__ambiguous[ENSG00000257341+ENSG00000213145],0.0526545830873605,0.0261555344288857
BC23944,BC23944_E2,ENSG00000142089,0.1015154993009053,0.1164386353469897
BC23944,BC23944_E2,ENSG00000052344,-0.0357525388415723,-0.0663215379747131
BC23944,BC23944_E2,ENSG00000026025,-0.0699668670781555,-0.0669415397679956
BC23944,BC23944_E2,ENSG00000272196,0.0038395252183764,-0.0145981588963112
BC23944,BC23944_E2,ENSG00000114867,-0.0406895136026992,-0.0612625873712534
BC23944,BC23944_E2,ENSG00000111669,-0.0405364218527293,-0.0260472300363601
BC23944,BC23944_E2,ENSG00000103363,-0.068475879939782,-0.0716483340155898
BC23944,BC23944_E2,ENSG00000104964,-0.0576215104072146,-0.0735155937705976
BC23944,BC23944_E2,ENSG00000125730,-0.0276322040149889,-0.0215952101138539
BC23944,BC23944_E2,ENSG00000087460,-0.0260346803808857,-0.0161397162714787
BC23944,BC23944_E2,ENSG00000142949,0.0117222439625594,-0.0118733919423777
BC23944,BC23944_E2,ENSG00000160932,0.0683154412062596,0.0572194660261845
BC23944,BC23944_E2,ENSG00000172354,0.0262660428748228,0.0040610805576434
BC23944,BC23944_E2,ENSG00000182899,0.0390433630369673,0.0493258684400723
BC23944,BC23944_E2,ENSG00000123349,0.009253446977153,0.048694125218186
BC23944,BC23944_E2,ENSG00000184897,-0.0697077767873348,-0.0598832774703636
BC23944,BC23944_E2,ENSG00000142173,-0.059699014955839,-0.0708093359000583
BC23944,BC23944_E2,ENSG00000167815,-0.0414386500318865,-0.0414593312210044
BC23944,BC23944_E2,ENSG00000131143,-0.1124726735223498,-0.1214788459829214
BC23944,BC23944_E2,__ambiguous[ENSG00000262526+ENSG00000170296],-0.0700118013278632,-0.0506260373029499
BC23944,BC23944_E2,__ambiguous[ENSG00000219200+ENSG00000161939],-0.0403632555806894,-0.0804237953236441
BC23944,BC23944_E2,ENSG00000178952,-0.1011254187170641,-0.1098622519384754
BC23944,BC23944_E2,ENSG00000178980,0.0033076799007305,0.0153423109347527
BC23944,BC23944_E2,ENSG00000170315,0.0552595836754499,0.0468679903124362
BC23944,BC23944_E2,ENSG00000143546,0.0170845194728597,0.0050102695669096
BC23944,BC23944_E2,ENSG00000163479,0.0366744541535958,0.0395373941104787
BC23944,BC23944_E2,ENSG00000197956,-0.0076195120897337,-0.0250822694941068
BC23944,BC23944_E2,ENSG00000104529,0.0470689241827224,0.0434038876472667
BC23944,BC23944_E2,ENSG00000155366,-0.0286377234670094,-0.0336925942892601
BC23944,BC23944_E2,ENSG00000008988,-0.0474341764759034,-0.0296239472318811
BC23944,BC23944_E2,ENSG00000100219,0.0461291985935263,0.0493425847536784
BC23944,BC23944_E2,ENSG00000163399,0.0230294082790262,0.0205599544341648
BC23944,BC23944_E2,ENSG00000174886,0.0172295489609285,-0.0163640090201839
BC23944,BC23944_E2,ENSG00000114391,-0.0605842306662207,-0.0621176974794264
BC23944,BC23944_E2,__ambiguous[ENSG00000241343+ENSG00000257529],0.0171886381668221,0.0058770008990657
BC23944,BC23944_E2,ENSG00000100300,-0.0116616635794492,-0.0416729911447302
BC23944,BC23944_E2,ENSG00000110492,-0.0091126557911967,-0.0053087045105515
BC23944,BC23944_E2,ENSG00000196576,-0.0617847888367707,-0.0725250329463829
BC23944,BC23944_E2,ENSG00000172270,0.0035545374781043,-0.0260775904849758
BC23944,BC23944_E2,ENSG00000126247,-0.0657134895580095,-0.0886219174259479
BC23944,BC23944_E2,ENSG00000171863,0.0189258746861154,-0.0011987558812088
BC23944,BC23944_E2,ENSG00000174444,-0.0197866595943931,-0.0025705926497267
BC23944,BC23944_E2,ENSG00000188846,0.0021865531616925,0.01548548491011
BC23944,BC23944_E2,ENSG00000101335,-0.0726511137006684,-0.0494230124110771
BC23944,BC23944_E2,ENSG00000145494,-0.0557158500953754,-0.0606287401744198
BC23944,BC23944_E2,ENSG00000173369,0.0316099661545093,-0.0024687823481105
BC23944,BC23944_E2,ENSG00000124172,-0.0346525208921278,-0.0571385019551445
BC23944,BC23944_E2,ENSG00000213988,-0.0042879409445669,-0.0070040335260708
BC23944,BC23944_E2,ENSG00000125970,0.1241438264079997,0.1407769971026234
BC23944,BC23944_E2,ENSG00000159840,-0.0189646228160912,-0.055815876704874
BC23944,BC23944_E2,ENSG00000186468,0.0031443224840631,0.0027189409293793
BC23944,BC23944_E2,ENSG00000171222,0.0426489626776198,0.0619123949201179
BC23944,BC23944_E2,ENSG00000011304,0.0035902287474294,-0.0034374684469596
BC23944,BC23944_E2,ENSG00000123989,-0.1071353390445859,-0.1131475362753722
BC23944,BC23944_E2,ENSG00000134419,-0.0151049799928038,-0.0304218620135751
BC23944,BC23944_E2,ENSG00000106153,-0.0241202377082977,-0.0225273984296661
BC23944,BC23944_E2,ENSG00000186010,-0.0725610399413678,-0.073747979051636
BC23944,BC23944_E2,ENSG00000130725,0.0121346928193208,0.0112337310399913
BC23944,BC23944_E2,ENSG00000141738,0.0250109424563048,0.0254901797152906
BC23944,BC23944_E2,ENSG00000135390,-0.1012350807736613,-0.0705529515774324
BC23944,BC23944_E2,ENSG00000109475,0.0245290657337271,0.0037595695789048
BC23944,BC23944_E2,ENSG00000143420,-0.1523476886720909,-0.1442875955764796
BC23944,BC23944_E2,ENSG00000113140,0.019826903723093,0.0330691955591031
BC23944,BC23944_E2,ENSG00000173272,0.1128711430318514,0.1075652621219351
BC23944,BC23944_E2,ENSG00000025708,0.0149332459526734,0.0212362234739054
BC23944,BC23944_E2,ENSG00000279274,0.0621041907321796,0.0663230592129053
BC23944,BC23944_E2,ENSG00000161960,-0.0485860683155542,-0.0620981530343419
BC23944,BC23944_E2,ENSG00000177700,0.0377818860140562,0.0293208782483788
BC23944,BC23944_E2,ENSG00000135940,-0.0356438278427909,-0.0512343570296318
BC23944,BC23944_E2,ENSG00000170421,0.0495856123881184,0.0273742910980259
BC23944,BC23944_E2,ENSG00000184840,-0.0332623509122239,-0.0428328179978504
BC23944,BC23944_E2,ENSG00000168542,0.0419551970038878,0.0587241705330464
BC23944,BC23944_E2,ENSG00000187608,0.0030871316110058,0.0078722451923096
BC23944,BC23944_E2,ENSG00000214530,-0.0234277019242646,-0.0419898777292685
BC23944,BC23944_E2,ENSG00000173801,0.0319528576325449,0.0370320485157052
BC23944,BC23944_E2,ENSG00000176046,-0.0084332166275211,-0.0238690037090164
BC23944,BC23944_E2,__ambiguous[ENSG00000273259+ENSG00000196136],0.0266801633414789,-0.0102043590492811
BC24044,BC24044_D2,ENSG00000034510,0.1995323687573197,0.2361753699204135
BC24044,BC24044_D2,ENSG00000171345,-0.0401421615688015,-0.0510522851513857
BC24044,BC24044_D2,ENSG00000137818,0.1425175127899216,0.1841837323117569
BC24044,BC24044_D2,ENSG00000111640,-0.1843617420493965,-0.1933809808260954
BC24044,BC24044_D2,ENSG00000254709,-0.378059115329028,-0.4216359928459326
BC24044,BC24044_D2,ENSG00000177600,0.1435145808053836,0.131021040202253
BC24044,BC24044_D2,ENSG00000075624,0.2642324029209312,0.2876035895031578
BC24044,BC24044_D2,ENSG00000231500,-0.1655142957320635,-0.1920565625458629
BC24044,BC24044_D2,ENSG00000164587,-0.1951585069471123,-0.2151387906976523
BC24044,BC24044_D2,ENSG00000108107,-0.3651293918416192,-0.3796388360864682
BC24044,BC24044_D2,ENSG00000197756,-0.0075339569293419,-0.0335366358929675
BC24044,BC24044_D2,ENSG00000087086,0.2229784831450645,0.224003792458384
BC24044,BC24044_D2,ENSG00000141736,0.3099956224824182,0.3792724381253102
BC24044,BC24044_D2,ENSG00000161016,-0.1885981094742903,-0.2083489957752367
BC24044,BC24044_D2,ENSG00000108298,-0.0669205724381249,-0.0414209547470157
BC24044,BC24044_D2,ENSG00000105372,-0.3429248741164571,-0.3589881754467525
BC24044,BC24044_D2,ENSG00000108518,0.1799232176622398,0.2228917304371451
BC24044,BC24044_D2,ENSG00000117984,-0.1083129817562872,-0.1090425433925539
BC24044,BC24044_D2,ENSG00000197746,0.2460091132614891,0.2587725187240426
BC24044,BC24044_D2,ENSG00000167526,-0.2424715498917317,-0.2889891977075637
BC24044,BC24044_D2,__ambiguous[ENSG00000251357+ENSG00000240972],-0.2338404595750391,-0.2124191878971128
BC24044,BC24044_D2,ENSG00000130255,-0.4243067330173017,-0.4451329018547267
BC24044,BC24044_D2,ENSG00000130203,0.1646562733242693,0.1687929292936936
BC24044,BC24044_D2,ENSG00000140264,0.057773091970875,0.0776219174840335
BC24044,BC24044_D2,ENSG00000179218,-0.0232064412970474,-0.0399518614888455
BC24044,BC24044_D2,ENSG00000136942,-0.4926762048679778,-0.504107528479472
BC24044,BC24044_D2,ENSG00000063177,0.010039743824185,0.0064077391057301
BC24044,BC24044_D2,ENSG00000185624,0.1846817893098147,0.1936851736052807
BC24044,BC24044_D2,ENSG00000180879,-0.259304461219903,-0.2852118337689792
BC24044,BC24044_D2,ENSG00000109062,0.01651097405394,0.0402289820500798
BC24044,BC24044_D2,ENSG00000149273,-0.0153059239555056,-0.0230905694611077
BC24044,BC24044_D2,ENSG00000234745,0.2139223844621946,0.2116912366013388
BC24044,BC24044_D2,ENSG00000105193,0.0708471018267448,0.0573805096743473
BC24044,BC24044_D2,ENSG00000221983,-0.0184106534799386,-0.0134689248046722
BC24044,BC24044_D2,ENSG00000167996,-0.1482768774091984,-0.1996501875540295
BC24044,BC24044_D2,ENSG00000204628,-0.0982769694736244,-0.0983121694063502
BC24044,BC24044_D2,ENSG00000166441,-0.2328681043438471,-0.2545113094380906
BC24044,BC24044_D2,ENSG00000147403,-0.0187167388677262,-0.0172604713579449
BC24044,BC24044_D2,ENSG00000142541,-0.0793042915353669,-0.1086975790270887
BC24044,BC24044_D2,ENSG00000089157,-0.0174289261924123,-0.044584917346471
BC24044,BC24044_D2,ENSG00000140988,0.042243514062657,0.0296481018169432
BC24044,BC24044_D2,ENSG00000171858,-0.0510903118841098,-0.0548829641178874
BC24044,BC24044_D2,ENSG00000142534,-0.1421165051523475,-0.1414511720144623
BC24044,BC24044_D2,ENSG00000198034,0.2589412293829878,0.2696344715589147
BC24044,BC24044_D2,ENSG00000115268,0.0023918269201803,-0.0001799127447554
BC24044,BC24044_D2,ENSG00000112306,-0.050972194567735,-0.0850824083047344
BC24044,BC24044_D2,ENSG00000204525,0.1776008598596526,0.1849824495038144
BC24044,BC24044_D2,ENSG00000125691,-0.0071173329227253,0.0037677362842867
BC24044,BC24044_D2,ENSG00000182774,0.0387019734511009,0.0020913371744898
BC24044,BC24044_D2,ENSG00000233927,0.0275522849534438,0.0208455855363719
BC24044,BC24044_D2,ENSG00000105640,-0.4864272562224387,-0.5105053945748881
BC24044,BC24044_D2,ENSG00000213741,0.0239189469574189,-0.0148626314585247
BC24044,BC24044_D2,ENSG00000184009,-0.2134737331720565,-0.276425552727756
BC24044,BC24044_D2,ENSG00000108821,0.0615773482624886,0.0403747027351422
BC24044,BC24044_D2,ENSG00000172809,0.1155633891547878,0.1287571375351542
BC24044,BC24044_D2,ENSG00000169710,0.2355377431844403,0.2569376602201659
BC24044,BC24044_D2,ENSG00000142676,0.0416273492532823,0.0532957915468964
BC24044,BC24044_D2,ENSG00000149806,0.0209614264887255,0.0370604128732731
BC24044,BC24044_D2,ENSG00000137154,0.2212029322155315,0.2289537219443004
BC24044,BC24044_D2,ENSG00000019582,0.1263267175359359,0.1326150819573258
BC24044,BC24044_D2,ENSG00000111341,-0.2660709566733967,-0.307729238078142
BC24044,BC24044_D2,ENSG00000224389,0.0475969453115063,0.0665476612576681
BC24044,BC24044_D2,ENSG00000167995,-0.237400271785809,-0.2692002954004327
BC24044,BC24044_D2,ENSG00000101439,0.0706993004255981,0.0715376308803276
BC24044,BC24044_D2,ENSG00000177954,0.1009084660806432,0.0810718675962501
BC24044,BC24044_D2,ENSG00000170889,-0.3002877429532866,-0.324573616892884
BC24044,BC24044_D2,ENSG00000204592,-0.086708151302413,-0.0941080270814029
BC24044,BC24044_D2,ENSG00000185499,-0.0622440822833351,-0.0325460017465604
BC24044,BC24044_D2,ENSG00000172757,-0.0304190861546612,-0.0355713335790576
BC24044,BC24044_D2,ENSG00000100316,-0.0190283968494645,-0.0388423012215566
BC24044,BC24044_D2,ENSG00000108344,-0.0490361800375904,-0.038210595132799
BC24044,BC24044_D2,ENSG00000165949,0.1428752094583843,0.1743395310046084
BC24044,BC24044_D2,ENSG00000206503,0.0371247894218056,0.0415973586654047
BC24044,BC24044_D2,ENSG00000231925,0.0947203620294956,0.0951085532635784
BC24044,BC24044_D2,ENSG00000163191,0.121268619259645,0.1578540466659981
BC24044,BC24044_D2,__ambiguous[ENSG00000185883+ENSG00000260272],0.0409393309922406,0.0663619043018229
BC24044,BC24044_D2,ENSG00000106624,0.0459285241790347,0.03758923521464
BC24044,BC24044_D2,ENSG00000135404,0.056752002121288,0.0713911329810835
BC24044,BC24044_D2,ENSG00000108639,0.2394859587262714,0.2623423514155474
BC24044,BC24044_D2,ENSG00000156482,-0.1546089736305997,-0.1704733058238842
BC24044,BC24044_D2,ENSG00000149925,0.0857664877623115,0.0819228169890609
BC24044,BC24044_D2,ENSG00000108679,0.064918466406659,0.0603645132651543
BC24044,BC24044_D2,ENSG00000142937,0.1002294425955768,0.0922798350778286
BC24044,BC24044_D2,ENSG00000167468,-0.1169075552601081,-0.1084857859184411
BC24044,BC24044_D2,ENSG00000083845,-0.0011532261787399,-0.0160955217177201
BC24044,BC24044_D2,ENSG00000166710,0.2859072810531782,0.3155541641381439
BC24044,BC24044_D2,ENSG00000197958,0.1483418498629274,0.1481427732073645
BC24044,BC24044_D2,ENSG00000143947,-0.1329931353498229,-0.179692527529242
BC24044,BC24044_D2,ENSG00000106211,-0.1368538259612698,-0.151401761834307
BC24044,BC24044_D2,__ambiguous[ENSG00000254772+ENSG00000255508],-0.2617410413913593,-0.2638169222003658
BC24044,BC24044_D2,ENSG00000131469,-0.0935379509239298,-0.0996870677083882
BC24044,BC24044_D2,ENSG00000160862,-0.017078085471854,-0.0236107951629689
BC24044,BC24044_D2,ENSG00000107223,-0.0182179734165129,0.0002799880531771
BC24044,BC24044_D2,ENSG00000167658,0.1100390325556503,0.1169404160465054
BC24044,BC24044_D2,ENSG00000174748,0.1755416527605069,0.1853615839414603
BC24044,BC24044_D2,ENSG00000172531,0.0931708528583717,0.1025479960058368
BC24044,BC24044_D2,ENSG00000162244,-0.1307382502308958,-0.1332213617850857
BC24044,BC24044_D2,ENSG00000185825,-0.0358785266100593,-0.0177466202762215
BC24044,BC24044_D2,ENSG00000158710,-0.0867985643590383,-0.0910148025826776
BC24044,BC24044_D2,ENSG00000130208,0.0864551949005462,0.0864948619407998
BC24044,BC24044_D2,__ambiguous[ENSG00000243678+ENSG00000011052],0.1338679507906001,0.1576473150426034
BC24044,BC24044_D2,ENSG00000198242,-0.0735332625154373,-0.0825571653445171
BC24044,BC24044_D2,__ambiguous[ENSG00000185885+ENSG00000185201],0.0261947591254511,0.016407622453874
BC24044,BC24044_D2,ENSG00000145592,-0.053542210780846,-0.0743991213602031
BC24044,BC24044_D2,ENSG00000115884,0.1538370280670084,0.1967364255321805
BC24044,BC24044_D2,ENSG00000130303,0.0404825945103703,0.0489188202643234
BC24044,BC24044_D2,ENSG00000144713,0.0886829505549474,0.099129005037084
BC24044,BC24044_D2,ENSG00000141741,0.0063110890949413,0.0098122025769323
BC24044,BC24044_D2,ENSG00000246705,-0.0822364609811523,-0.0679312529985542
BC24044,BC24044_D2,ENSG00000104904,0.1036285689406099,0.1261868166344315
BC24044,BC24044_D2,ENSG00000152082,-0.0184451886697624,-0.011875926067975
BC24044,BC24044_D2,ENSG00000115457,0.1292832398600627,0.1251235515578527
BC24044,BC24044_D2,ENSG00000148303,0.1586612196568435,0.1979339595138755
BC24044,BC24044_D2,__ambiguous[ENSG00000257341+ENSG00000213145],0.03426584552711,0.0523247344179248
BC24044,BC24044_D2,ENSG00000118181,0.1279186375673796,0.1395138848402735
BC24044,BC24044_D2,ENSG00000277972,0.0580974750349327,0.0822300358554605
BC24044,BC24044_D2,ENSG00000030582,0.1055578108326439,0.1145076382905256
BC24044,BC24044_D2,ENSG00000133112,-0.1087020349514085,-0.1344745775242032
BC24044,BC24044_D2,ENSG00000173372,-0.009294999048447,0.002376419160498
BC24044,BC24044_D2,ENSG00000110651,-0.0115858694114884,0.0095035292976287
BC24044,BC24044_D2,ENSG00000115414,-0.0586724210221735,-0.1128058651657281
BC24044,BC24044_D2,ENSG00000071553,0.1397691479617126,0.1538899370148753
BC24044,BC24044_D2,ENSG00000074800,0.0096863240698912,0.0384045661473699
BC24044,BC24044_D2,ENSG00000117410,0.1751345728697256,0.2345103659112005
BC24044,BC24044_D2,ENSG00000178719,-0.0097415793214394,0.0015466961567407
BC24044,BC24044_D2,ENSG00000205542,0.1122552539941714,0.1697303032166764
BC24044,BC24044_D2,ENSG00000150991,0.0073129223075473,-0.0243800133566022
BC24044,BC24044_D2,ENSG00000126267,0.0992983426283783,0.1114835612930808
BC24044,BC24044_D2,ENSG00000111057,-0.020867847881427,-0.0166619437213211
BC24044,BC24044_D2,ENSG00000071082,-0.0268801458449544,0.0063498246595602
BC24044,BC24044_D2,ENSG00000143774,0.0532035938016071,0.0578615435730759
BC24044,BC24044_D2,ENSG00000105223,0.0622592126857582,0.0618308596698528
BC24044,BC24044_D2,ENSG00000142669,0.1763708579258303,0.1836338084544495
BC24044,BC24044_D2,ENSG00000279483,0.3475939841589388,0.3573688336253371
BC24044,BC24044_D2,ENSG00000092841,0.0297020561924829,0.0228233785321687
BC24044,BC24044_D2,ENSG00000277791,0.208363785465407,0.2289025547348948
BC24044,BC24044_D2,ENSG00000160789,0.147367759719178,0.1684107067873985
BC24044,BC24044_D2,ENSG00000117450,0.3590940913272565,0.4185489530837051
BC24044,BC24044_D2,ENSG00000165215,0.1279216416966015,0.1719489080817958
BC24044,BC24044_D2,ENSG00000169100,0.1096552896756075,0.1065128905054162
BC24044,BC24044_D2,ENSG00000070756,-0.1762855265937742,-0.2333108633805487
BC24044,BC24044_D2,ENSG00000164733,0.152711333257962,0.1667229853985408
BC24044,BC24044_D2,ENSG00000272196,0.0245661536164666,0.0275445087992282
BC24044,BC24044_D2,ENSG00000124664,0.0611117149180805,0.0883471368169917
BC24044,BC24044_D2,ENSG00000182492,0.1862676373270327,0.1923654394957945
BC24044,BC24044_D2,ENSG00000162511,0.1328616662480313,0.1407143587820221
BC24044,BC24044_D2,ENSG00000164692,-0.1244478486701842,-0.14964043649475
BC24044,BC24044_D2,ENSG00000204287,0.3403227294613919,0.3516187520823716
BC24044,BC24044_D2,ENSG00000102265,0.2188053528723013,0.2461800030737399
BC24044,BC24044_D2,ENSG00000163682,0.2255657783076934,0.2694561580577502
BC24044,BC24044_D2,__ambiguous[ENSG00000124614+ENSG00000270800],-0.0763479106144797,-0.087761098265767
BC24044,BC24044_D2,ENSG00000182809,0.12138692136727,0.1430764796897633
BC24044,BC24044_D2,ENSG00000138326,0.1663384833691716,0.1808890751094144
BC24044,BC24044_D2,ENSG00000145425,0.0329383941339679,0.0418324118599761
BC24044,BC24044_D2,ENSG00000142089,0.0882679139408306,0.0982289926282359
BC24044,BC24044_D2,ENSG00000251562,-0.0942913086942373,-0.0676412731512218
BC24044,BC24044_D2,ENSG00000149591,0.1399540536381395,0.160413274629817
BC24044,BC24044_D2,ENSG00000187514,0.2945916852278009,0.3570249334699498
BC24044,BC24044_D2,ENSG00000176340,-0.0570881211821832,-0.0548149775557161
BC24044,BC24044_D2,ENSG00000255823,0.3816664157244711,0.4120229312866859
BC24044,BC24044_D2,ENSG00000141522,-0.0064549977866042,0.0034756871946152
BC24044,BC24044_D2,__ambiguous[ENSG00000277957+ENSG00000161960],0.2237004601641266,0.2243082143261427
BC24044,BC24044_D2,ENSG00000058262,0.1024431017177761,0.1284377354043534
BC24044,BC24044_D2,ENSG00000125534,0.0033034419913225,0.0087407446328868
BC24044,BC24044_D2,ENSG00000178980,0.1129794884612198,0.1403149691527669
BC24044,BC24044_D2,ENSG00000052344,0.0756589662633689,0.1004511439490721
BC24044,BC24044_D2,ENSG00000169223,0.1064642159574855,0.1286332024130772
BC24044,BC24044_D2,ENSG00000131748,0.0721761679346302,0.0785804872543697
BC24044,BC24044_D2,ENSG00000087460,-0.1404984624445696,-0.147445687037531
BC24044,BC24044_D2,ENSG00000114867,0.0404327439393408,0.0706664484966463
BC24044,BC24044_D2,ENSG00000127540,-0.0723883694245064,-0.0633737699741035
BC24044,BC24044_D2,__ambiguous[ENSG00000273259+ENSG00000196136],-0.0324747741011316,-0.0245312253380018
BC24044,BC24044_D2,ENSG00000100219,0.158218852812066,0.1534553697529355
BC24044,BC24044_D2,ENSG00000196924,0.0855568938968672,0.0945403933764935
BC24044,BC24044_D2,ENSG00000144426,0.0534750664907198,0.0525563087190339
BC24044,BC24044_D2,ENSG00000026025,0.040495919295642,0.0058802228123821
BC24044,BC24044_D2,ENSG00000114353,0.1312737474084032,0.1395170739872489
BC24044,BC24044_D2,ENSG00000163220,-0.3387539067032523,-0.3139259449119373
BC24044,BC24044_D2,ENSG00000172354,0.2142928671565613,0.243284295308783
BC24044,BC24044_D2,ENSG00000269028,0.4123045532893225,0.4325985046347211
BC24044,BC24044_D2,ENSG00000104529,0.0376927489972007,0.03887769618176
BC24044,BC24044_D2,ENSG00000170315,-0.1390181050798446,-0.1621626467486987
BC24044,BC24044_D2,ENSG00000103363,-0.0593501606333842,-0.0550081908923158
BC24044,BC24044_D2,ENSG00000164919,-0.1369898786070828,-0.1450357860711133
BC24044,BC24044_D2,ENSG00000184897,0.0864711492116395,0.1148088906088119
BC24044,BC24044_D2,ENSG00000124614,-0.0585462202823267,-0.0701525142784228
BC24044,BC24044_D2,ENSG00000008988,-0.0217108429405709,-0.0604061787798262
BC24044,BC24044_D2,ENSG00000178952,0.0620600039324616,0.0876700029549288
BC24044,BC24044_D2,ENSG00000100300,0.18047220949992,0.1995721854934977
BC24044,BC24044_D2,ENSG00000182899,-0.0992328125159337,-0.108679335968737
BC24044,BC24044_D2,ENSG00000135480,0.1169203628932709,0.1322122264834659
BC24044,BC24044_D2,ENSG00000187608,-0.1247246629777653,-0.1345887763841448
BC24044,BC24044_D2,ENSG00000163399,0.232061850092544,0.2378284352716119
BC24044,BC24044_D2,ENSG00000167815,0.003915954267646,0.0232614621455781
BC24044,BC24044_D2,ENSG00000214530,-0.0131514161249811,-0.0078995746313029
BC24044,BC24044_D2,ENSG00000163479,-0.0561542232965458,-0.0538476818823323
BC24044,BC24044_D2,ENSG00000104964,0.0886036867394004,0.0792734190038876
BC24044,BC24044_D2,ENSG00000051523,-0.1525892394760891,-0.1489640481947872
BC24044,BC24044_D2,ENSG00000123349,-0.121335615302494,-0.1258991592597259
BC24044,BC24044_D2,ENSG00000160932,-0.0039293969932067,-0.0081278411107321
BC24044,BC24044_D2,ENSG00000155366,0.0621580516981433,0.0504650186977724
BC24044,BC24044_D2,ENSG00000124172,-0.1076962142065635,-0.143523551801305
BC24044,BC24044_D2,ENSG00000142173,0.2166575716034379,0.2335913135043327
BC24044,BC24044_D2,ENSG00000168528,0.0524684771628844,0.0480666786100677
BC24044,BC24044_D2,ENSG00000131143,0.0886904971352418,0.1068988493863415
BC24044,BC24044_D2,ENSG00000142949,-0.0313353549392182,0.01413666963015
BC24044,BC24044_D2,ENSG00000114391,0.0658879107475846,0.0781631489754091
BC24044,BC24044_D2,ENSG00000143420,0.093691222173711,0.0994353448168684
BC24044,BC24044_D2,__ambiguous[ENSG00000241343+ENSG00000257529],0.0368333277928791,0.0129823740407961
BC24044,BC24044_D2,__ambiguous[ENSG00000219200+ENSG00000161939],0.0018275431914351,0.0067014040177693
BC24044,BC24044_D2,ENSG00000173272,-0.0543245940905721,-0.0435275614768518
BC24044,BC24044_D2,__ambiguous[ENSG00000262526+ENSG00000170296],-0.0490412944394293,-0.0379811598060077
BC24044,BC24044_D2,ENSG00000197956,0.0698694628755682,0.0690955603833655
BC24044,BC24044_D2,ENSG00000160180,0.0506534562160239,0.0517263238711758
BC24044,BC24044_D2,ENSG00000173801,-0.1947512206750052,-0.2035687844328771
BC24044,BC24044_D2,ENSG00000126247,0.0178049575959905,0.0356520845530489
BC24044,BC24044_D2,ENSG00000173369,0.0376747530184588,0.0234635433547445
BC24044,BC24044_D2,ENSG00000174444,0.1543173194401804,0.1242248656235186
BC24044,BC24044_D2,ENSG00000147684,-0.0214591659837499,-0.0029931525416354
BC24044,BC24044_D2,ENSG00000161960,0.3015551024415434,0.3067666322861685
BC24044,BC24044_D2,ENSG00000177700,-0.027354588694003,-0.032460335908631
BC24044,BC24044_D2,ENSG00000188846,-0.0323349089647054,-0.0327708956840565
BC24044,BC24044_D2,ENSG00000196576,0.2588734158417697,0.2825023592658186
BC24044,BC24044_D2,ENSG00000170421,0.1222014027137647,0.1390672819756722
BC24044,BC24044_D2,ENSG00000111669,-0.0804170171948998,-0.0594553814380497
BC24044,BC24044_D2,ENSG00000171222,0.0371950378865351,0.044002276155217
BC24044,BC24044_D2,ENSG00000113140,-0.0859054753837072,-0.1065691560703504
BC24044,BC24044_D2,ENSG00000125970,0.0535648100162593,0.0839328100579896
BC24044,BC24044_D2,ENSG00000171863,0.1706289650669221,0.1902430494556714
BC24044,BC24044_D2,ENSG00000186468,-0.1441200462674348,-0.1642630881595838
BC24044,BC24044_D2,ENSG00000174886,-0.0680606227367826,-0.0797067160409161
BC24044,BC24044_D2,ENSG00000125730,0.180638159535596,0.185003085007548
BC24044,BC24044_D2,ENSG00000168542,-0.0119854802222915,-0.0253862033724759
BC24044,BC24044_D2,ENSG00000106153,-0.1363573147347758,-0.1687230621465218
BC24044,BC24044_D2,ENSG00000130725,0.1592486845076217,0.1984210049909043
BC24044,BC24044_D2,ENSG00000135390,0.0239897645759544,0.0534336923548073
BC24044,BC24044_D2,ENSG00000141738,0.2113018139943421,0.2102063205644415
BC24044,BC24044_D2,ENSG00000132475,0.2415650401385371,0.2783058117234456
BC24044,BC24044_D2,ENSG00000132507,0.0871805795303218,0.0879531631846044
BC24044,BC24044_D2,ENSG00000145494,-0.0632748439302489,-0.0415615966549535
BC24044,BC24044_D2,ENSG00000213988,0.1352551835146793,0.128187808757192
BC24044,BC24044_D2,ENSG00000184840,-0.1153693403188734,-0.1132394198407317
BC24044,BC24044_D2,ENSG00000147604,-0.1441110679383162,-0.1318152760864766
BC24044,BC24044_D2,ENSG00000186010,-0.0623008180400159,-0.0581283479934695
BC24044,BC24044_D2,ENSG00000129226,0.075161719423843,0.0826562238993552
BC24044,BC24044_D2,ENSG00000172270,-0.0061950831626834,0.0242125054340449
BC24044,BC24044_D2,ENSG00000176046,0.0829793138880965,0.1011727257622167
BC24044,BC24044_D2,ENSG00000109475,0.2379815033911567,0.2319618564778521
BC24044,BC24044_D2,ENSG00000096384,0.1426688523591244,0.1356863842355151
BC24044,BC24044_D2,ENSG00000123416,0.0913458675379545,0.0902608390958756
BC24044,BC24044_E1,ENSG00000034510,0.1193842689575994,0.1672974829297235
BC24044,BC24044_E1,ENSG00000171345,-0.0218841904273513,-0.030085202724364
BC24044,BC24044_E1,ENSG00000137818,0.1744064990791146,0.1940908313998199
BC24044,BC24044_E1,ENSG00000111640,-0.1561261907932287,-0.1530991579688953
BC24044,BC24044_E1,ENSG00000254709,-0.3769155141709036,-0.435806301385201
BC24044,BC24044_E1,ENSG00000177600,0.1244747666299887,0.1194976785803871
BC24044,BC24044_E1,ENSG00000075624,0.2424993365958049,0.2875944563689295
BC24044,BC24044_E1,ENSG00000231500,-0.2806521221125295,-0.3115960789029326
BC24044,BC24044_E1,ENSG00000164587,-0.2117201682529039,-0.2448924946825056
BC24044,BC24044_E1,ENSG00000108107,-0.4199524665781754,-0.4355369071420474
BC24044,BC24044_E1,ENSG00000197756,0.0878560717535919,0.1008236178874028
BC24044,BC24044_E1,ENSG00000087086,0.0901487927711041,0.0898192044674582
BC24044,BC24044_E1,ENSG00000141736,0.3836068271423134,0.4605631831279044
BC24044,BC24044_E1,ENSG00000161016,-0.1859196811577443,-0.2060068310871306
BC24044,BC24044_E1,ENSG00000108298,-0.2410150516518189,-0.2213945820428699
BC24044,BC24044_E1,ENSG00000105372,-0.3416758073282128,-0.3621093939913996
BC24044,BC24044_E1,ENSG00000108518,0.181955814199778,0.2418900791028387
BC24044,BC24044_E1,ENSG00000117984,-0.0369098789971635,-0.0509233465719341
BC24044,BC24044_E1,ENSG00000197746,0.1875758425417104,0.2067766272349556
BC24044,BC24044_E1,ENSG00000167526,-0.2764225331114226,-0.3502547503042873
BC24044,BC24044_E1,__ambiguous[ENSG00000251357+ENSG00000240972],-0.24557038007566,-0.2144050093530206
BC24044,BC24044_E1,ENSG00000130255,-0.4205247120265717,-0.4497661586490891
BC24044,BC24044_E1,ENSG00000130203,0.1237112034486813,0.1378117407985307
BC24044,BC24044_E1,ENSG00000140264,0.0584295254429875,0.0654330664283795
BC24044,BC24044_E1,ENSG00000179218,0.0670903373138473,0.0761680020142075
BC24044,BC24044_E1,ENSG00000136942,-0.4902480096741285,-0.499808678180612
BC24044,BC24044_E1,ENSG00000063177,-0.0202396714836471,-0.0216431597872447
BC24044,BC24044_E1,ENSG00000185624,0.1712406056991684,0.1832238602386665
BC24044,BC24044_E1,ENSG00000180879,-0.2857252999107877,-0.3019607275167223
BC24044,BC24044_E1,ENSG00000109062,0.0697554817464642,0.0765593997886335
BC24044,BC24044_E1,ENSG00000149273,-0.0742080956384581,-0.0894526834281993
BC24044,BC24044_E1,ENSG00000234745,0.2504380722344598,0.2619611305717602
BC24044,BC24044_E1,ENSG00000105193,0.0323467592190109,0.0518607435545553
BC24044,BC24044_E1,ENSG00000221983,-0.0644783162150673,-0.043319897568422
BC24044,BC24044_E1,ENSG00000167996,-0.0981156728924013,-0.1560731333727515
BC24044,BC24044_E1,ENSG00000204628,-0.0786795526369404,-0.0824474528838935
BC24044,BC24044_E1,ENSG00000166441,-0.2213051242116623,-0.2389326240203555
BC24044,BC24044_E1,ENSG00000147403,-0.1062666661888843,-0.1080729719582961
BC24044,BC24044_E1,ENSG00000142541,0.0552811328516954,0.0447578510960589
BC24044,BC24044_E1,ENSG00000089157,-0.0211143886592588,-0.0101337793135907
BC24044,BC24044_E1,ENSG00000140988,0.0184878358248136,0.0086651312557481
BC24044,BC24044_E1,ENSG00000171858,-0.0346032322255831,-0.0558588492656349
BC24044,BC24044_E1,ENSG00000142534,-0.2373582811476315,-0.2573567742702877
BC24044,BC24044_E1,ENSG00000198034,0.1877368840752101,0.1822712852222714
BC24044,BC24044_E1,ENSG00000115268,-0.0342948755207676,-0.0520548991748726
BC24044,BC24044_E1,ENSG00000112306,-0.0366357389927827,-0.0393566659112214
BC24044,BC24044_E1,ENSG00000204525,0.1536204101917444,0.173650952577529
BC24044,BC24044_E1,ENSG00000125691,0.1000475299735556,0.1129880107502811
BC24044,BC24044_E1,ENSG00000182774,-0.0198447530145167,-0.0485641888577851
BC24044,BC24044_E1,ENSG00000233927,0.1084856582651304,0.1179376028145288
BC24044,BC24044_E1,ENSG00000105640,-0.329559784322126,-0.3559980176610186
BC24044,BC24044_E1,ENSG00000213741,0.0513206453677181,0.0226820445774572
BC24044,BC24044_E1,ENSG00000184009,-0.1187007192973522,-0.1902740976023125
BC24044,BC24044_E1,ENSG00000108821,0.1125927969762179,0.1149553809617469
BC24044,BC24044_E1,ENSG00000172809,0.0916450343075738,0.1036951130053155
BC24044,BC24044_E1,ENSG00000169710,0.2375501545054279,0.2692039723214591
BC24044,BC24044_E1,ENSG00000142676,0.1216868393567082,0.1403553999714414
BC24044,BC24044_E1,ENSG00000149806,-0.012581145322823,0.011981192345847
BC24044,BC24044_E1,ENSG00000137154,0.2117185846942065,0.2089853755338644
BC24044,BC24044_E1,ENSG00000019582,0.1257546296268301,0.1169919490840489
BC24044,BC24044_E1,ENSG00000111341,-0.3356243199469161,-0.3822629521883172
BC24044,BC24044_E1,ENSG00000224389,-0.0169714343926953,-0.0004705739229095
BC24044,BC24044_E1,ENSG00000167995,-0.1967020481920306,-0.2538012918151905
BC24044,BC24044_E1,ENSG00000101439,0.0629716136985069,0.057930967888306
BC24044,BC24044_E1,ENSG00000177954,0.0061121878763252,-0.0080275367747744
BC24044,BC24044_E1,ENSG00000170889,-0.2928405214334929,-0.3031484643100059
BC24044,BC24044_E1,ENSG00000204592,-0.0451054964799673,-0.0584778929433752
BC24044,BC24044_E1,ENSG00000185499,0.0334331972822391,0.0447163054985698
BC24044,BC24044_E1,ENSG00000172757,0.1102844920660525,0.1285415687768656
BC24044,BC24044_E1,ENSG00000100316,-0.0370858572338656,-0.0371508674926787
BC24044,BC24044_E1,ENSG00000108344,0.0644871649107564,0.0771735755619618
BC24044,BC24044_E1,ENSG00000165949,0.0675219623812147,0.0867281779503159
BC24044,BC24044_E1,ENSG00000206503,0.0278419042142423,0.0327847370723872
BC24044,BC24044_E1,ENSG00000231925,0.0660941377821777,0.0852993845815287
BC24044,BC24044_E1,ENSG00000163191,0.1291677917430569,0.1738593327888581
BC24044,BC24044_E1,__ambiguous[ENSG00000185883+ENSG00000260272],0.0822228243540563,0.0971240995338309
BC24044,BC24044_E1,ENSG00000106624,0.1440929223287955,0.1621209689263933
BC24044,BC24044_E1,ENSG00000135404,0.0869365089071745,0.1273986245221859
BC24044,BC24044_E1,ENSG00000108639,0.0810511068079784,0.1098439166067101
BC24044,BC24044_E1,ENSG00000156482,-0.0642631960837877,-0.0807938170986476
BC24044,BC24044_E1,ENSG00000149925,0.0439771343194173,0.0430113816753495
BC24044,BC24044_E1,ENSG00000108679,-0.008254362982149,0.022264312234126
BC24044,BC24044_E1,ENSG00000142937,0.1166292966961123,0.1154194819855962
BC24044,BC24044_E1,ENSG00000167468,-0.0330796812580465,-0.0290914343410964
BC24044,BC24044_E1,ENSG00000083845,0.11800512180385,0.1809627729146965
BC24044,BC24044_E1,ENSG00000166710,0.4116101754799824,0.4499402519183585
BC24044,BC24044_E1,ENSG00000197958,0.0396070459613219,0.0433129180169694
BC24044,BC24044_E1,ENSG00000143947,-0.0457696099744913,-0.0384658547840784
BC24044,BC24044_E1,ENSG00000106211,-0.049044949103797,-0.0833653947245171
BC24044,BC24044_E1,__ambiguous[ENSG00000254772+ENSG00000255508],-0.1828920584951904,-0.1921458933623729
BC24044,BC24044_E1,ENSG00000131469,-0.0058099382392167,-0.0095259237081219
BC24044,BC24044_E1,ENSG00000160862,0.0027500793226763,-0.0360452602716355
BC24044,BC24044_E1,ENSG00000107223,0.0533098280875445,0.082991730815126
BC24044,BC24044_E1,ENSG00000167658,0.1127277357148771,0.1335273772641325
BC24044,BC24044_E1,ENSG00000174748,0.1798439528384784,0.200063283629408
BC24044,BC24044_E1,ENSG00000172531,0.0544303044163556,0.0752410679329919
BC24044,BC24044_E1,ENSG00000162244,-0.1091398521825957,-0.110194632309623
BC24044,BC24044_E1,ENSG00000185825,0.0111079451864862,0.0293738363736137
BC24044,BC24044_E1,ENSG00000158710,0.0519800651238353,0.0451461462114243
BC24044,BC24044_E1,ENSG00000130208,0.0228614841514481,0.0814467136150116
BC24044,BC24044_E1,__ambiguous[ENSG00000243678+ENSG00000011052],0.1191755969248387,0.1455755405587473
BC24044,BC24044_E1,ENSG00000198242,-0.0485885887538861,-0.0684700283428263
BC24044,BC24044_E1,__ambiguous[ENSG00000185885+ENSG00000185201],-0.0552736276286512,-0.0653284167497559
BC24044,BC24044_E1,ENSG00000145592,-0.0080376626279188,-0.0202014099593199
BC24044,BC24044_E1,ENSG00000115884,0.1267700739459784,0.1825006557762716
BC24044,BC24044_E1,ENSG00000130303,-7.25617367016003e-05,0.0406614447024265
BC24044,BC24044_E1,ENSG00000144713,0.0220026488228225,0.048316088253174
BC24044,BC24044_E1,ENSG00000141741,0.1581918742238615,0.187282341301553
BC24044,BC24044_E1,ENSG00000246705,-0.1110329690223333,-0.1102631645719304
BC24044,BC24044_E1,ENSG00000104904,0.1274757261222961,0.1566573165228579
BC24044,BC24044_E1,ENSG00000152082,-0.0125919300226288,-0.0138054815623646
BC24044,BC24044_E1,ENSG00000115457,-0.0313624057370183,-0.0295799307387469
BC24044,BC24044_E1,ENSG00000148303,0.1717671051331682,0.2262597310992479
BC24044,BC24044_E1,__ambiguous[ENSG00000257341+ENSG00000213145],-0.0861452151687245,-0.1110083769741164
BC24044,BC24044_E1,ENSG00000118181,0.2222885431617785,0.2450776835873339
BC24044,BC24044_E1,ENSG00000277972,0.0521300220458528,0.0531849071777121
BC24044,BC24044_E1,ENSG00000030582,0.1023572792706863,0.1279752762210654
BC24044,BC24044_E1,ENSG00000133112,0.0149612545574924,0.0145685379657046
BC24044,BC24044_E1,ENSG00000173372,-0.0423871864817961,-0.0275535733608577
BC24044,BC24044_E1,ENSG00000110651,0.0112522574317628,0.0018085354392506
BC24044,BC24044_E1,ENSG00000115414,0.098406298963723,0.0815685644938767
BC24044,BC24044_E1,ENSG00000071553,0.1329583023458369,0.1486611407637693
BC24044,BC24044_E1,ENSG00000074800,-0.0013797666985872,0.0166409342405968
BC24044,BC24044_E1,ENSG00000117410,0.1397757850579383,0.2031079170379853
BC24044,BC24044_E1,ENSG00000178719,-0.0236011564399207,-0.0235293206968891
BC24044,BC24044_E1,ENSG00000205542,0.258311978550838,0.3034572900616158
BC24044,BC24044_E1,ENSG00000150991,0.074862018221374,0.0795872387958759
BC24044,BC24044_E1,ENSG00000126267,0.030861645360126,0.0451875399904121
BC24044,BC24044_E1,ENSG00000111057,-0.0171523458886022,0.0152761565612868
BC24044,BC24044_E1,ENSG00000071082,0.0070265631695378,0.0514979971223776
BC24044,BC24044_E1,ENSG00000143774,0.0594290795560044,0.0721479923859223
BC24044,BC24044_E1,ENSG00000105223,0.0953123617651676,0.1004483444017632
BC24044,BC24044_E1,ENSG00000142669,0.0727891019182193,0.0888052264229417
BC24044,BC24044_E1,ENSG00000279483,0.3146347579429705,0.3123976213013835
BC24044,BC24044_E1,ENSG00000092841,0.072897537201239,0.0585517023330006
BC24044,BC24044_E1,ENSG00000277791,0.2731186478849503,0.3254139804136377
BC24044,BC24044_E1,ENSG00000160789,0.0601231767757947,0.0535216141101245
BC24044,BC24044_E1,ENSG00000117450,0.3158429169589369,0.3784064358057872
BC24044,BC24044_E1,ENSG00000165215,0.0806086408867562,0.1380285599259813
BC24044,BC24044_E1,ENSG00000169100,0.0824497494322996,0.0951039274188118
BC24044,BC24044_E1,ENSG00000070756,-0.1798032187652473,-0.2423868338446821
BC24044,BC24044_E1,ENSG00000164733,0.0604787702049673,0.0883998348022839
BC24044,BC24044_E1,ENSG00000272196,0.0272024452576123,0.0292504395259924
BC24044,BC24044_E1,ENSG00000124664,0.0912570884756264,0.1264783970472152
BC24044,BC24044_E1,ENSG00000182492,0.1165778956152302,0.1169143602560087
BC24044,BC24044_E1,ENSG00000162511,0.12411645732651,0.13307032989946
BC24044,BC24044_E1,ENSG00000164692,-0.0726025809658844,-0.1171216064796073
BC24044,BC24044_E1,ENSG00000204287,0.3496291841749606,0.3762353010688576
BC24044,BC24044_E1,ENSG00000102265,0.1377417834408487,0.1519860232007561
BC24044,BC24044_E1,ENSG00000163682,0.2196838265267218,0.2717097056856046
BC24044,BC24044_E1,__ambiguous[ENSG00000124614+ENSG00000270800],-0.119006412744292,-0.1125929451860579
BC24044,BC24044_E1,ENSG00000182809,0.1408617443713523,0.1659685015423631
BC24044,BC24044_E1,ENSG00000138326,0.1664826630469696,0.1832239235356725
BC24044,BC24044_E1,ENSG00000145425,0.0881814444619324,0.0895028025004723
BC24044,BC24044_E1,ENSG00000142089,-0.1122430246382674,-0.1092111423596292
BC24044,BC24044_E1,ENSG00000251562,-0.1890440473949056,-0.1578678913901499
BC24044,BC24044_E1,ENSG00000149591,0.155753593611399,0.1559487088880362
BC24044,BC24044_E1,ENSG00000187514,0.3334130812657015,0.412915434865417
BC24044,BC24044_E1,ENSG00000176340,-0.0499259601806689,-0.0408539070558771
BC24044,BC24044_E1,ENSG00000255823,0.293330371157203,0.3259527188199874
BC24044,BC24044_E1,ENSG00000141522,0.0337401833629516,0.0642352612711359
BC24044,BC24044_E1,__ambiguous[ENSG00000277957+ENSG00000161960],0.2417005971596506,0.2785142925003415
BC24044,BC24044_E1,ENSG00000058262,0.1397291541838942,0.1589434439636259
BC24044,BC24044_E1,ENSG00000125534,-0.0051669215510911,-0.0119688779953576
BC24044,BC24044_E1,ENSG00000178980,0.0195759569686115,0.0497114565866747
BC24044,BC24044_E1,ENSG00000052344,0.109147570980947,0.1513355639165191
BC24044,BC24044_E1,ENSG00000169223,0.0859350179435713,0.1104009210277359
BC24044,BC24044_E1,ENSG00000131748,0.097239553116679,0.1062966146162572
BC24044,BC24044_E1,ENSG00000087460,0.1321230856396835,0.1398824405867886
BC24044,BC24044_E1,ENSG00000114867,0.112861076890894,0.1107575959445079
BC24044,BC24044_E1,ENSG00000127540,-0.1484371984372497,-0.1489504845442562
BC24044,BC24044_E1,__ambiguous[ENSG00000273259+ENSG00000196136],-0.0089495148948318,-0.0087689773554507
BC24044,BC24044_E1,ENSG00000100219,0.1748649436008436,0.197094901366017
BC24044,BC24044_E1,ENSG00000196924,0.0706025416149027,0.090636478716301
BC24044,BC24044_E1,ENSG00000144426,-0.0357685947722132,-0.0409499287766427
BC24044,BC24044_E1,ENSG00000026025,-0.0596931784372625,-0.1119935368438819
BC24044,BC24044_E1,ENSG00000114353,0.1324833126445346,0.1398355700919926
BC24044,BC24044_E1,ENSG00000163220,-0.3423933245017841,-0.3167291133075646
BC24044,BC24044_E1,ENSG00000172354,0.0640264037215931,0.0712482142089875
BC24044,BC24044_E1,ENSG00000269028,0.3183392221497637,0.3464898660552236
BC24044,BC24044_E1,ENSG00000104529,-0.0020592169266623,0.0065312285174552
BC24044,BC24044_E1,ENSG00000170315,-0.110033605263856,-0.1668135188383665
BC24044,BC24044_E1,ENSG00000103363,-0.0180884299309982,-0.0117654593717591
BC24044,BC24044_E1,ENSG00000164919,-0.0798522019538425,-0.1057497052645765
BC24044,BC24044_E1,ENSG00000184897,0.096564962375724,0.1078048095363131
BC24044,BC24044_E1,ENSG00000124614,-0.0852143198357061,-0.0780114002532314
BC24044,BC24044_E1,ENSG00000008988,-0.1032477518783592,-0.1221047786484777
BC24044,BC24044_E1,ENSG00000178952,0.0679309052609873,0.0977367274284868
BC24044,BC24044_E1,ENSG00000100300,0.1385527883558561,0.1566290837956522
BC24044,BC24044_E1,ENSG00000182899,-0.0993277942247754,-0.119424117396548
BC24044,BC24044_E1,ENSG00000135480,0.0688364586530458,0.1038743251026274
BC24044,BC24044_E1,ENSG00000187608,-0.04831361718691,-0.0386846555567296
BC24044,BC24044_E1,ENSG00000163399,0.3172055495497783,0.329642314963777
BC24044,BC24044_E1,ENSG00000167815,0.0625395835919718,0.1154013701884279
BC24044,BC24044_E1,ENSG00000214530,0.0182952737157504,0.0201589711828579
BC24044,BC24044_E1,ENSG00000163479,0.0520462795592419,0.0492466408902422
BC24044,BC24044_E1,ENSG00000104964,0.0838835639403441,0.0844856524187561
BC24044,BC24044_E1,ENSG00000051523,-0.0683465254264067,-0.0438431952891253
BC24044,BC24044_E1,ENSG00000123349,-0.1157737368428821,-0.1082214142785314
BC24044,BC24044_E1,ENSG00000160932,0.0226881421199368,0.0295578932727706
BC24044,BC24044_E1,ENSG00000155366,0.0558192134929418,0.0743711386963524
BC24044,BC24044_E1,ENSG00000124172,-0.1090871563385229,-0.1391324268256034
BC24044,BC24044_E1,ENSG00000142173,0.1545145256353681,0.1873350836870811
BC24044,BC24044_E1,ENSG00000168528,0.0804951385102331,0.0978430961390486
BC24044,BC24044_E1,ENSG00000131143,0.0727935194174483,0.0953520098686499
BC24044,BC24044_E1,ENSG00000142949,0.1030736092627516,0.1657299453280202
BC24044,BC24044_E1,ENSG00000114391,-0.0197016521295698,-0.0097862042021471
BC24044,BC24044_E1,ENSG00000143420,0.02610190292832,0.0499294640108658
BC24044,BC24044_E1,__ambiguous[ENSG00000241343+ENSG00000257529],0.0251066813599011,0.0280246081101164
BC24044,BC24044_E1,__ambiguous[ENSG00000219200+ENSG00000161939],0.0648041153188666,0.0736069289489398
BC24044,BC24044_E1,ENSG00000173272,-0.0104947933102108,-0.0123901973714155
BC24044,BC24044_E1,__ambiguous[ENSG00000262526+ENSG00000170296],0.0722584284915494,0.0936520893721249
BC24044,BC24044_E1,ENSG00000197956,0.2213860563475994,0.2269879883578696
BC24044,BC24044_E1,ENSG00000160180,-0.0361609294358029,-0.0385410838269872
BC24044,BC24044_E1,ENSG00000173801,-0.1377053509386563,-0.1627817579873421
BC24044,BC24044_E1,ENSG00000126247,0.0527636602351913,0.0756160666502784
BC24044,BC24044_E1,ENSG00000173369,0.0203587154682028,0.0245218686801668
BC24044,BC24044_E1,ENSG00000174444,0.1478256625772871,0.1717928700477261
BC24044,BC24044_E1,ENSG00000147684,0.0133209975124954,0.000795231238148
BC24044,BC24044_E1,ENSG00000161960,0.3050669554705127,0.3214747000881343
BC24044,BC24044_E1,ENSG00000177700,-0.0417777504151398,-0.0202075843068774
BC24044,BC24044_E1,ENSG00000188846,0.0429520516326395,0.0382113684794465
BC24044,BC24044_E1,ENSG00000196576,0.2581021692805043,0.2731691648355068
BC24044,BC24044_E1,ENSG00000170421,0.0740204578046646,0.0793506944441388
BC24044,BC24044_E1,ENSG00000111669,0.0729698493988788,0.1007989314590477
BC24044,BC24044_E1,ENSG00000171222,0.0514916521357821,0.0692057285232353
BC24044,BC24044_E1,ENSG00000113140,-0.155379379075802,-0.1916591321910211
BC24044,BC24044_E1,ENSG00000125970,0.1265438647701401,0.152366090662947
BC24044,BC24044_E1,ENSG00000171863,0.2549534426395697,0.3059653565962678
BC24044,BC24044_E1,ENSG00000186468,-0.1519452159799942,-0.1878576036320972
BC24044,BC24044_E1,ENSG00000174886,0.0067502205011268,0.0164949928716529
BC24044,BC24044_E1,ENSG00000125730,0.175995394314523,0.1983553130729775
BC24044,BC24044_E1,ENSG00000168542,-0.0581628061036065,-0.0964505912491524
BC24044,BC24044_E1,ENSG00000106153,-3.696864252044943e-05,-0.0130923733646199
BC24044,BC24044_E1,ENSG00000130725,0.0791570207970496,0.0980687884075776
BC24044,BC24044_E1,ENSG00000135390,0.1087264082155567,0.1366727828063241
BC24044,BC24044_E1,ENSG00000141738,0.1971465819353825,0.2218781261669703
BC24044,BC24044_E1,ENSG00000132475,0.2462576244515225,0.2820076696907336
BC24044,BC24044_E1,ENSG00000132507,0.0580325832070421,0.0698446030985311
BC24044,BC24044_E1,ENSG00000145494,-0.1200378946554142,-0.1104478210424677
BC24044,BC24044_E1,ENSG00000213988,0.0394618528922025,0.0337080613461573
BC24044,BC24044_E1,ENSG00000184840,-0.1752333073020203,-0.2039308342673922
BC24044,BC24044_E1,ENSG00000147604,-0.1232585744410079,-0.1284344049052674
BC24044,BC24044_E1,ENSG00000186010,-0.0212215474593836,-0.0181004362664067
BC24044,BC24044_E1,ENSG00000129226,0.0960739501441333,0.1105799068668516
BC24044,BC24044_E1,ENSG00000172270,0.0619062536641196,0.0981863494905093
BC24044,BC24044_E1,ENSG00000176046,0.0339815018779926,0.0288715951190575
BC24044,BC24044_E1,ENSG00000109475,0.2727143565801986,0.2782034483554663
BC24044,BC24044_E1,ENSG00000096384,0.1989121930719478,0.1916297827976116
BC24044,BC24044_E1,ENSG00000123416,0.1504610049927763,0.1889152192270769
BC24044,BC24044_E2,ENSG00000034510,0.1022698774559093,0.1594935695993166
BC24044,BC24044_E2,ENSG00000171345,-0.0074155610884066,0.0150983179782998
BC24044,BC24044_E2,ENSG00000137818,0.269355923558029,0.338055611852036
BC24044,BC24044_E2,ENSG00000111640,-0.0775351613047083,-0.1017358428336013
BC24044,BC24044_E2,ENSG00000254709,-0.3211773184173622,-0.3908250994939842
BC24044,BC24044_E2,ENSG00000177600,0.1911461083035885,0.2310803742229528
BC24044,BC24044_E2,ENSG00000075624,0.1698568792954339,0.2020907868319426
BC24044,BC24044_E2,ENSG00000231500,0.0875085958966613,0.0700119064532393
BC24044,BC24044_E2,ENSG00000164587,0.039092811197357,0.0493266616941465
BC24044,BC24044_E2,ENSG00000108107,-0.1548078471913695,-0.1896303634032625
BC24044,BC24044_E2,ENSG00000197756,0.132634323366879,0.1222289038252482
BC24044,BC24044_E2,ENSG00000087086,0.1426960183878329,0.1583228317506345
BC24044,BC24044_E2,ENSG00000141736,0.2389513420756367,0.2868964418446023
BC24044,BC24044_E2,ENSG00000161016,-0.0616379067437578,-0.096041492498474
BC24044,BC24044_E2,ENSG00000108298,-0.0942449399131487,-0.1082246535012747
BC24044,BC24044_E2,ENSG00000105372,-0.2248677005239445,-0.2623629512350974
BC24044,BC24044_E2,ENSG00000108518,0.1999580674924567,0.2417067019330226
BC24044,BC24044_E2,ENSG00000117984,0.0817982379395746,0.0688133814649017
BC24044,BC24044_E2,ENSG00000197746,0.2300234584399844,0.254876297579367
BC24044,BC24044_E2,ENSG00000167526,-0.0471844915338412,-0.0692840060776085
BC24044,BC24044_E2,__ambiguous[ENSG00000251357+ENSG00000240972],-0.1739738306150289,-0.1766085867651812
BC24044,BC24044_E2,ENSG00000130255,-0.2336859108522352,-0.2765982578658464
BC24044,BC24044_E2,ENSG00000130203,0.0997909684501274,0.1265650660678649
BC24044,BC24044_E2,ENSG00000140264,0.031223127098174,0.0486582882065187
BC24044,BC24044_E2,ENSG00000179218,-0.0211489790917807,-0.0161634674994705
BC24044,BC24044_E2,ENSG00000136942,-0.3655665428007444,-0.4226061918859579
BC24044,BC24044_E2,ENSG00000063177,-0.027333123148592,-0.041068588012072
BC24044,BC24044_E2,ENSG00000185624,0.1030206239700125,0.1335676934481446
BC24044,BC24044_E2,ENSG00000180879,-0.1634082753007924,-0.2072262036713935
BC24044,BC24044_E2,ENSG00000109062,0.0186811639335501,-0.0193875302469672
BC24044,BC24044_E2,ENSG00000149273,-0.0030880688963331,-0.0048518474220941
BC24044,BC24044_E2,ENSG00000234745,0.1638225200308234,0.1715333046633342
BC24044,BC24044_E2,ENSG00000105193,0.0963615207625982,0.1242376577357523
BC24044,BC24044_E2,ENSG00000221983,0.0538951302794209,0.0692441572959639
BC24044,BC24044_E2,ENSG00000167996,-0.0871407556797708,-0.1207995157003008
BC24044,BC24044_E2,ENSG00000204628,-0.1030321858644972,-0.1149659215614224
BC24044,BC24044_E2,ENSG00000166441,-0.1532972521691411,-0.1830090885649986
BC24044,BC24044_E2,ENSG00000147403,0.0802155225375413,0.0780705714936336
BC24044,BC24044_E2,ENSG00000142541,0.1666639981594728,0.1839978596582715
BC24044,BC24044_E2,ENSG00000089157,0.0741434125556039,0.0906097947666883
BC24044,BC24044_E2,ENSG00000140988,0.0553838249837911,0.051701796986239
BC24044,BC24044_E2,ENSG00000171858,0.0013787013127766,-0.0010384876197195
BC24044,BC24044_E2,ENSG00000142534,0.0245211883704273,0.0315394005142682
BC24044,BC24044_E2,ENSG00000198034,0.1448834885924086,0.1606767375685279
BC24044,BC24044_E2,ENSG00000115268,0.0478369792422853,0.0351538389639739
BC24044,BC24044_E2,ENSG00000112306,0.0166583511877724,0.0095646695482061
BC24044,BC24044_E2,ENSG00000204525,0.2121550734601685,0.2368722642578843
BC24044,BC24044_E2,ENSG00000125691,0.1148633767852462,0.1467021862093182
BC24044,BC24044_E2,ENSG00000182774,-0.0416327066926209,-0.0272944216500037
BC24044,BC24044_E2,ENSG00000233927,0.0029460878454232,0.0232688010612737
BC24044,BC24044_E2,ENSG00000105640,-0.2636457203387173,-0.3284211442887046
BC24044,BC24044_E2,ENSG00000213741,0.0194482028887912,-0.0146361477181014
BC24044,BC24044_E2,ENSG00000184009,-0.0564855693373093,-0.0819774380995195
BC24044,BC24044_E2,ENSG00000108821,0.1094202006409909,0.1159461571945187
BC24044,BC24044_E2,ENSG00000172809,0.0219126037072007,0.0380715941148329
BC24044,BC24044_E2,ENSG00000169710,0.2141755907727607,0.2525286556156826
BC24044,BC24044_E2,ENSG00000142676,0.1025386750448477,0.1013362114335217
BC24044,BC24044_E2,ENSG00000149806,0.0941251298467623,0.1293519675196934
BC24044,BC24044_E2,ENSG00000137154,0.21783308550492,0.2339794312534547
BC24044,BC24044_E2,ENSG00000019582,0.0236701769936845,0.0378479343357885
BC24044,BC24044_E2,ENSG00000111341,-0.1807183810120701,-0.2219373868629537
BC24044,BC24044_E2,ENSG00000224389,-0.0365708322116588,-0.0362141822313816
BC24044,BC24044_E2,ENSG00000167995,-0.0784263795715147,-0.0979658742818745
BC24044,BC24044_E2,ENSG00000101439,-0.0753163285508795,-0.0728837144939968
BC24044,BC24044_E2,ENSG00000177954,0.1276290327052777,0.1482652079983649
BC24044,BC24044_E2,ENSG00000170889,-0.0781149333667095,-0.114482515274542
BC24044,BC24044_E2,ENSG00000204592,-0.0016208422394659,-0.0162872448568979
BC24044,BC24044_E2,ENSG00000185499,-0.0201571897493838,-0.0262260010833972
BC24044,BC24044_E2,ENSG00000172757,-0.0019696731471428,-0.0129902248951268
BC24044,BC24044_E2,ENSG00000100316,0.1182797281694566,0.1433082705562307
BC24044,BC24044_E2,ENSG00000108344,0.0599157158869684,0.0618936433730503
BC24044,BC24044_E2,ENSG00000165949,0.1167596349482899,0.1566272660570406
BC24044,BC24044_E2,ENSG00000206503,0.0379103632036911,0.0600443244244843
BC24044,BC24044_E2,ENSG00000231925,0.1406261405639125,0.1593925975404984
BC24044,BC24044_E2,ENSG00000163191,0.1247533607263968,0.1408141386695197
BC24044,BC24044_E2,__ambiguous[ENSG00000185883+ENSG00000260272],0.0681137616864796,0.0829969352816693
BC24044,BC24044_E2,ENSG00000106624,0.0929195314277739,0.1207369387103194
BC24044,BC24044_E2,ENSG00000135404,0.029369050458584,0.0617639758758158
BC24044,BC24044_E2,ENSG00000108639,0.0871394295188715,0.1165836964997092
BC24044,BC24044_E2,ENSG00000156482,-0.0397676432320327,-0.0371168643465205
BC24044,BC24044_E2,ENSG00000149925,0.0967949602868245,0.1057720712069024
BC24044,BC24044_E2,ENSG00000108679,-0.0029639762831875,0.0079007864857894
BC24044,BC24044_E2,ENSG00000142937,0.0483169868332446,0.067899312718745
BC24044,BC24044_E2,ENSG00000167468,-0.0671955609125915,-0.064931233020565
BC24044,BC24044_E2,ENSG00000083845,0.0992303714623895,0.1417761200586881
BC24044,BC24044_E2,ENSG00000166710,0.2730693643082528,0.2958469248964672
BC24044,BC24044_E2,ENSG00000197958,0.1267654687240201,0.1425625801207678
BC24044,BC24044_E2,ENSG00000143947,0.0415714926547992,0.0554831370384796
BC24044,BC24044_E2,ENSG00000106211,0.0757968318118805,0.0848524245714526
BC24044,BC24044_E2,__ambiguous[ENSG00000254772+ENSG00000255508],-0.1276128603707094,-0.1410379108174159
BC24044,BC24044_E2,ENSG00000131469,-0.0882805591061554,-0.0961052478929794
BC24044,BC24044_E2,ENSG00000160862,-0.0635058377004684,-0.1209967708607283
BC24044,BC24044_E2,ENSG00000107223,0.0601709198474994,0.0829021746508025
BC24044,BC24044_E2,ENSG00000167658,-0.0106389118162494,-0.0098813211201938
BC24044,BC24044_E2,ENSG00000174748,0.1582040609507436,0.1872468848141329
BC24044,BC24044_E2,ENSG00000172531,0.0648609184983273,0.0969723376933918
BC24044,BC24044_E2,ENSG00000162244,0.0296496272606402,0.0164061681513675
BC24044,BC24044_E2,ENSG00000185825,0.0102614784600125,0.0127311523262755
BC24044,BC24044_E2,ENSG00000158710,-0.0653597948640281,-0.0588545336696766
BC24044,BC24044_E2,ENSG00000130208,0.0302917614771591,0.039131757911319
BC24044,BC24044_E2,__ambiguous[ENSG00000243678+ENSG00000011052],0.0651445110511605,0.1174602104614384
BC24044,BC24044_E2,ENSG00000198242,-0.0034693565809868,-0.0182891041683433
BC24044,BC24044_E2,__ambiguous[ENSG00000185885+ENSG00000185201],0.0295884344771481,0.0336142007434014
BC24044,BC24044_E2,ENSG00000145592,0.0005008414923683,0.0077694013475492
BC24044,BC24044_E2,ENSG00000115884,0.1112792856840871,0.135402920800901
BC24044,BC24044_E2,ENSG00000130303,0.0107122704279056,0.0279418186271607
BC24044,BC24044_E2,ENSG00000144713,0.0384303891423786,0.0672259126037342
BC24044,BC24044_E2,ENSG00000141741,-0.0210259127828685,-0.0011279321038559
BC24044,BC24044_E2,ENSG00000246705,-0.0503977322493573,-0.0436550957220717
BC24044,BC24044_E2,ENSG00000104904,0.0817143789444522,0.1133324291610002
BC24044,BC24044_E2,ENSG00000152082,0.0565740985972358,0.0587360269653108
BC24044,BC24044_E2,ENSG00000115457,-0.0129352392356417,0.0031688829674054
BC24044,BC24044_E2,ENSG00000148303,0.040617497123413,0.0603147628408385
BC24044,BC24044_E2,__ambiguous[ENSG00000257341+ENSG00000213145],-0.0402052674201834,-0.0468154263148328
BC24044,BC24044_E2,ENSG00000118181,0.2238672235599533,0.251608121265631
BC24044,BC24044_E2,ENSG00000277972,0.0480675574257721,0.064652815856438
BC24044,BC24044_E2,ENSG00000030582,0.110216313985684,0.1304474448721848
BC24044,BC24044_E2,ENSG00000133112,-0.0034501431817279,-0.0054636512865906
BC24044,BC24044_E2,ENSG00000173372,0.037019730529993,0.0497241472599799
BC24044,BC24044_E2,ENSG00000110651,0.0054564847465514,0.0001910675493574
BC24044,BC24044_E2,ENSG00000115414,0.0042157572023375,-0.0176324640748476
BC24044,BC24044_E2,ENSG00000071553,0.0759552552157096,0.081594170114963
BC24044,BC24044_E2,ENSG00000074800,0.004856123256134,0.0166451076089627
BC24044,BC24044_E2,ENSG00000117410,0.1900296179690219,0.2398826807551184
BC24044,BC24044_E2,ENSG00000178719,-0.0109087489493851,-0.0110114964655895
BC24044,BC24044_E2,ENSG00000205542,0.1624239146018131,0.2275395483187979
BC24044,BC24044_E2,ENSG00000150991,0.0946579305924015,0.1342162583516007
BC24044,BC24044_E2,ENSG00000126267,0.0759265326318801,0.1104899568582496
BC24044,BC24044_E2,ENSG00000111057,0.0075077310963325,0.0007209721993862
BC24044,BC24044_E2,ENSG00000071082,0.0262233339963426,0.0304015277117521
BC24044,BC24044_E2,ENSG00000143774,0.0401771118159676,0.0468304143826327
BC24044,BC24044_E2,ENSG00000105223,0.1184421245804826,0.1190835359100421
BC24044,BC24044_E2,ENSG00000142669,0.1191343140612585,0.1477750149077908
BC24044,BC24044_E2,ENSG00000279483,0.2632048059369319,0.2882088159080855
BC24044,BC24044_E2,ENSG00000092841,0.0316339755433608,0.0301087737666201
BC24044,BC24044_E2,ENSG00000277791,0.1874640245341249,0.2186060327188755
BC24044,BC24044_E2,ENSG00000160789,-0.0237739137666666,0.0033196362194885
BC24044,BC24044_E2,ENSG00000117450,0.2952436271922206,0.3447799693761235
BC24044,BC24044_E2,ENSG00000165215,0.1655248291238029,0.1922863975724187
BC24044,BC24044_E2,ENSG00000169100,0.0498409179561834,0.0667276166324715
BC24044,BC24044_E2,ENSG00000070756,-0.1358116914617539,-0.2137964954304637
BC24044,BC24044_E2,ENSG00000164733,0.0465268785671548,0.0686348633904196
BC24044,BC24044_E2,ENSG00000272196,0.0645474127832162,0.0518101902497572
BC24044,BC24044_E2,ENSG00000124664,0.0618668148808195,0.0950131466441375
BC24044,BC24044_E2,ENSG00000182492,0.0761640493351397,0.1112030858837005
BC24044,BC24044_E2,ENSG00000162511,0.0178871501698969,0.0233029337919158
BC24044,BC24044_E2,ENSG00000164692,-0.0164615763264601,-0.06041806199028
BC24044,BC24044_E2,ENSG00000204287,0.3379394512206651,0.3741607944316107
BC24044,BC24044_E2,ENSG00000102265,0.1128841654397741,0.149827853422772
BC24044,BC24044_E2,ENSG00000163682,0.1387914750518619,0.1933707792920227
BC24044,BC24044_E2,__ambiguous[ENSG00000124614+ENSG00000270800],0.0312035784698066,0.0214148469908295
BC24044,BC24044_E2,ENSG00000182809,0.0691086088314115,0.0930796947549542
BC24044,BC24044_E2,ENSG00000138326,0.118148026115357,0.1604644202213271
BC24044,BC24044_E2,ENSG00000145425,0.0493327625330647,0.0515910524794942
BC24044,BC24044_E2,ENSG00000142089,0.0343353685564378,0.0256273170164395
BC24044,BC24044_E2,ENSG00000251562,-0.1503956350878429,-0.149233518392413
BC24044,BC24044_E2,ENSG00000149591,-0.0133999535617673,0.0308866743148126
BC24044,BC24044_E2,ENSG00000187514,0.164862329915561,0.2172877974183792
BC24044,BC24044_E2,ENSG00000176340,-0.0653324454213861,-0.0784204350664488
BC24044,BC24044_E2,ENSG00000255823,0.1884998879672709,0.235861960310212
BC24044,BC24044_E2,ENSG00000141522,0.004239896177848,0.0211086377545126
BC24044,BC24044_E2,__ambiguous[ENSG00000277957+ENSG00000161960],0.1455152021885622,0.1766389048130548
BC24044,BC24044_E2,ENSG00000058262,0.1436296848516621,0.1494442396947737
BC24044,BC24044_E2,ENSG00000125534,-0.0836598263880387,-0.0850589722827281
BC24044,BC24044_E2,ENSG00000178980,0.0580098960495996,0.0761609265163299
BC24044,BC24044_E2,ENSG00000052344,0.0320413814226003,0.0427798811329614
BC24044,BC24044_E2,ENSG00000169223,0.0737478496612104,0.1219025196658708
BC24044,BC24044_E2,ENSG00000131748,0.047409303880903,0.0713327711808951
BC24044,BC24044_E2,ENSG00000087460,0.1179676184044697,0.1474043353161466
BC24044,BC24044_E2,ENSG00000114867,0.0511473442543855,0.0542431365068281
BC24044,BC24044_E2,ENSG00000127540,-0.0362076405919373,-0.035571018403237
BC24044,BC24044_E2,__ambiguous[ENSG00000273259+ENSG00000196136],-0.0529270121243757,-0.0306679056164463
BC24044,BC24044_E2,ENSG00000100219,0.1500508209385127,0.1932367387148956
BC24044,BC24044_E2,ENSG00000196924,0.0040619978678683,0.0020502239462836
BC24044,BC24044_E2,ENSG00000144426,0.0105947249357051,0.0051109004732725
BC24044,BC24044_E2,ENSG00000026025,-0.0426511030651625,-0.0554705333801586
BC24044,BC24044_E2,ENSG00000114353,0.1333787646507311,0.1750300084641934
BC24044,BC24044_E2,ENSG00000163220,-0.2924863924625208,-0.2888522462610747
BC24044,BC24044_E2,ENSG00000172354,0.0828057771527794,0.1157378587449767
BC24044,BC24044_E2,ENSG00000269028,0.1766780456584661,0.2344936047675539
BC24044,BC24044_E2,ENSG00000104529,0.0140712352323326,0.0236089480460544
BC24044,BC24044_E2,ENSG00000170315,-0.0712426972441859,-0.0897555758885878
BC24044,BC24044_E2,ENSG00000103363,-0.0213635426954636,-0.0361243039723977
BC24044,BC24044_E2,ENSG00000164919,-0.0452008818975964,-0.0537092143821547
BC24044,BC24044_E2,ENSG00000184897,0.0660586708221281,0.0941177513349616
BC24044,BC24044_E2,ENSG00000124614,-0.117374878599903,-0.1453981884916886
BC24044,BC24044_E2,ENSG00000008988,-0.1763511956055176,-0.2092815130732944
BC24044,BC24044_E2,ENSG00000178952,0.0221868971896343,0.0308545103753472
BC24044,BC24044_E2,ENSG00000100300,0.029343647204983,0.0457787216975383
BC24044,BC24044_E2,ENSG00000182899,-0.0079195814275292,-0.0285921037235281
BC24044,BC24044_E2,ENSG00000135480,0.037472934288914,0.0605244224755602
BC24044,BC24044_E2,ENSG00000187608,-0.1096417338952439,-0.1147968978703028
BC24044,BC24044_E2,ENSG00000163399,0.2179861037029516,0.263860123515629
BC24044,BC24044_E2,ENSG00000167815,0.0798543585295583,0.1117444727289658
BC24044,BC24044_E2,ENSG00000214530,-0.0075802902516574,-0.0067058967246161
BC24044,BC24044_E2,ENSG00000163479,-0.0101061704037569,0.0030967104086196
BC24044,BC24044_E2,ENSG00000104964,0.0168309957756906,-0.0010240486558948
BC24044,BC24044_E2,ENSG00000051523,-0.0608834108958807,-0.0566123477976763
BC24044,BC24044_E2,ENSG00000123349,-0.0818310985787035,-0.0718854095132238
BC24044,BC24044_E2,ENSG00000160932,0.0244297422184062,0.0347619204907775
BC24044,BC24044_E2,ENSG00000155366,-0.0436096387700889,-0.0371900905960966
BC24044,BC24044_E2,ENSG00000124172,-0.0516767990880743,-0.0612159212886524
BC24044,BC24044_E2,ENSG00000142173,0.1399895303776848,0.1559630443860529
BC24044,BC24044_E2,ENSG00000168528,0.077935136807951,0.0961520820083759
BC24044,BC24044_E2,ENSG00000131143,0.133388028995256,0.1459118377202904
BC24044,BC24044_E2,ENSG00000142949,0.0371252825430675,0.0638909614097722
BC24044,BC24044_E2,ENSG00000114391,-0.0129358345860642,-0.003165648378614
BC24044,BC24044_E2,ENSG00000143420,0.0689958792495484,0.0806623486870666
BC24044,BC24044_E2,__ambiguous[ENSG00000241343+ENSG00000257529],0.038226690347242,0.0334399374258494
BC24044,BC24044_E2,__ambiguous[ENSG00000219200+ENSG00000161939],0.0470903400587952,0.0478898062508084
BC24044,BC24044_E2,ENSG00000173272,0.0716924701089609,0.0814897924609555
BC24044,BC24044_E2,__ambiguous[ENSG00000262526+ENSG00000170296],0.0309154924773638,0.048908225803566
BC24044,BC24044_E2,ENSG00000197956,0.0870722861707828,0.0808779019653895
BC24044,BC24044_E2,ENSG00000160180,-0.0283685395946325,-0.0350817816322438
BC24044,BC24044_E2,ENSG00000173801,-0.1666219266470489,-0.1799474265593258
BC24044,BC24044_E2,ENSG00000126247,-0.0352698085112708,-0.0303996604554735
BC24044,BC24044_E2,ENSG00000173369,0.0174795793058594,0.0199753124790163
BC24044,BC24044_E2,ENSG00000174444,0.1049480866462506,0.1046879446334305
BC24044,BC24044_E2,ENSG00000147684,0.0400601848027635,0.0231121238540178
BC24044,BC24044_E2,ENSG00000161960,0.1076009313536816,0.120731304698258
BC24044,BC24044_E2,ENSG00000177700,-0.0418720671288361,-0.0550502544996871
BC24044,BC24044_E2,ENSG00000188846,0.0141804884844763,0.0190667887553246
BC24044,BC24044_E2,ENSG00000196576,0.1872575390700248,0.2424634691726835
BC24044,BC24044_E2,ENSG00000170421,0.0666864946178015,0.0953524364508602
BC24044,BC24044_E2,ENSG00000111669,-0.0863059026955408,-0.0393639641162415
BC24044,BC24044_E2,ENSG00000171222,0.0490104235177709,0.0627520938144703
BC24044,BC24044_E2,ENSG00000113140,-0.1395383743886065,-0.1437229993775652
BC24044,BC24044_E2,ENSG00000125970,0.0355863482684055,0.0688540363665086
BC24044,BC24044_E2,ENSG00000171863,0.0707919547348058,0.1041182274464138
BC24044,BC24044_E2,ENSG00000186468,-0.0812290370939884,-0.1085930250545638
BC24044,BC24044_E2,ENSG00000174886,0.0695887241141075,0.0684381001084242
BC24044,BC24044_E2,ENSG00000125730,0.2025307932697717,0.2230651341229148
BC24044,BC24044_E2,ENSG00000168542,0.0138656894870929,0.0228438737692818
BC24044,BC24044_E2,ENSG00000106153,0.0226859153502629,0.000269889066668
BC24044,BC24044_E2,ENSG00000130725,0.065548841239014,0.0930112735339065
BC24044,BC24044_E2,ENSG00000135390,0.0856976074899441,0.0754344503245892
BC24044,BC24044_E2,ENSG00000141738,0.1186796605308559,0.1505369961420872
BC24044,BC24044_E2,ENSG00000132475,0.1054696354787172,0.1395064612041149
BC24044,BC24044_E2,ENSG00000132507,0.0552841320701806,0.063186161824678
BC24044,BC24044_E2,ENSG00000145494,-0.0174115111750909,-0.0128972185099188
BC24044,BC24044_E2,ENSG00000213988,0.0134563901464338,0.0151151657487507
BC24044,BC24044_E2,ENSG00000184840,-0.0704669096744192,-0.1102299946392049
BC24044,BC24044_E2,ENSG00000147604,-0.1359610388667065,-0.176447974410622
BC24044,BC24044_E2,ENSG00000186010,-0.0833615104677983,-0.0887654414041714
BC24044,BC24044_E2,ENSG00000129226,0.1338900274162876,0.1369416841047196
BC24044,BC24044_E2,ENSG00000172270,0.1229098199480506,0.146437216085779
BC24044,BC24044_E2,ENSG00000176046,0.0182735746544898,0.0379630581145698
BC24044,BC24044_E2,ENSG00000109475,0.2275916242325117,0.2488858269538514
BC24044,BC24044_E2,ENSG00000096384,0.0792758772775661,0.1063624166656622
BC24044,BC24044_E2,ENSG00000123416,0.0530471388931289,0.080833839305834
BC24105,BC24105_C1,ENSG00000034510,-0.1751348111748881,-0.1947357391374388
BC24105,BC24105_C1,ENSG00000137818,0.1143900855326352,0.1276488386048839
BC24105,BC24105_C1,ENSG00000111640,-0.2686249188893356,-0.3469100020463589
BC24105,BC24105_C1,ENSG00000254709,-0.0716862041984446,-0.0519719203322295
BC24105,BC24105_C1,ENSG00000171345,0.0076061372041812,0.0352916884986756
BC24105,BC24105_C1,ENSG00000177600,-0.075534755768611,-0.0784706969184521
BC24105,BC24105_C1,ENSG00000231500,-0.0804550316661833,-0.0926497344931922
BC24105,BC24105_C1,ENSG00000164587,-0.1675545681986776,-0.1890717083992397
BC24105,BC24105_C1,ENSG00000075624,0.0606617412250808,0.0849620886248417
BC24105,BC24105_C1,ENSG00000108107,-0.057442324807295,-0.09329147282997
BC24105,BC24105_C1,ENSG00000105372,-0.1275722784812632,-0.144974905735664
BC24105,BC24105_C1,ENSG00000197756,-0.0281187581489624,-0.0011950815584945
BC24105,BC24105_C1,ENSG00000108298,-0.0575645754421639,-0.0360634508305338
BC24105,BC24105_C1,ENSG00000161016,0.1019947376506204,0.1087641087231797
BC24105,BC24105_C1,ENSG00000141736,-0.1334055181200811,-0.1266376533416262
BC24105,BC24105_C1,ENSG00000167526,-0.0273894038345509,-0.0576395751226523
BC24105,BC24105_C1,ENSG00000087086,-0.1052559159811478,-0.1273506735446992
BC24105,BC24105_C1,ENSG00000130255,-0.0458664314608763,-0.0598444468603355
BC24105,BC24105_C1,ENSG00000108518,-0.1756995255896704,-0.1909245696056267
BC24105,BC24105_C1,ENSG00000136942,-0.0322021072149632,-0.0335522049202673
BC24105,BC24105_C1,__ambiguous[ENSG00000251357+ENSG00000240972],-0.1027969125343606,-0.1301156809032118
BC24105,BC24105_C1,ENSG00000117984,-0.1359757800273834,-0.2135700549385294
BC24105,BC24105_C1,ENSG00000149273,-0.2178504201820625,-0.2566804755444302
BC24105,BC24105_C1,ENSG00000063177,-0.1546155041785437,-0.1721058711401371
BC24105,BC24105_C1,ENSG00000197746,-0.1819310243125616,-0.2228235953939981
BC24105,BC24105_C1,ENSG00000140264,0.121002049067316,0.103086616141236
BC24105,BC24105_C1,ENSG00000180879,-0.1792478916875189,-0.2148057528592453
BC24105,BC24105_C1,ENSG00000221983,-0.0242085729529689,-0.044919261316401
BC24105,BC24105_C1,ENSG00000179218,-0.2266288831185319,-0.2821260225199274
BC24105,BC24105_C1,ENSG00000105193,0.0718523650961999,0.1030912506200402
BC24105,BC24105_C1,ENSG00000142534,0.1036374179170416,0.1209411738144962
BC24105,BC24105_C1,ENSG00000109062,0.0358218783514482,0.0747316655596525
BC24105,BC24105_C1,ENSG00000204628,-0.0094452778038188,-0.0267640358712311
BC24105,BC24105_C1,ENSG00000130203,-0.1850816746179076,-0.2064224373751511
BC24105,BC24105_C1,ENSG00000166441,-0.0495786407474329,-0.0227734594323111
BC24105,BC24105_C1,ENSG00000142541,-0.0098874717404171,-0.0042401910026232
BC24105,BC24105_C1,ENSG00000167996,-0.0483276207718212,-0.0803474075508902
BC24105,BC24105_C1,ENSG00000185624,0.0405879143598316,0.0267902116850178
BC24105,BC24105_C1,ENSG00000147403,-0.063489159365745,-0.0624429300387546
BC24105,BC24105_C1,ENSG00000089157,0.1504814639367558,0.1715490879084617
BC24105,BC24105_C1,ENSG00000234745,-0.050859551290536,-0.057888923897485
BC24105,BC24105_C1,ENSG00000140988,0.0075515532076327,0.0260942481455994
BC24105,BC24105_C1,ENSG00000105640,-0.0449011182966322,-0.043753293550118
BC24105,BC24105_C1,ENSG00000171858,0.1284127646724761,0.1103357568738527
BC24105,BC24105_C1,ENSG00000115268,-0.0531580833834796,-0.0755294693642303
BC24105,BC24105_C1,ENSG00000233927,-0.0214883351267233,-0.0200600966402648
BC24105,BC24105_C1,ENSG00000111341,0.0337683328583259,0.044675766857357
BC24105,BC24105_C1,ENSG00000125691,0.0563013222196247,0.0623217427560453
BC24105,BC24105_C1,ENSG00000213741,-0.1537548272475399,-0.1648094600072485
BC24105,BC24105_C1,ENSG00000112306,0.0461954506066758,0.0463461816698508
BC24105,BC24105_C1,ENSG00000149806,0.0449093939606082,0.0464662607814533
BC24105,BC24105_C1,ENSG00000142676,0.0463539712149129,0.0292582043230151
BC24105,BC24105_C1,ENSG00000198034,0.0545474000105775,0.0543262289052392
BC24105,BC24105_C1,ENSG00000182774,0.1018892097223566,0.1264655776468246
BC24105,BC24105_C1,ENSG00000170889,-0.0758897186584171,-0.1150053704080156
BC24105,BC24105_C1,ENSG00000101439,0.0878821371628983,0.1223614138268732
BC24105,BC24105_C1,ENSG00000172809,0.0720361169519529,0.0417103033205402
BC24105,BC24105_C1,ENSG00000172757,0.0266810109082907,0.0229554135135159
BC24105,BC24105_C1,ENSG00000100316,-0.0724929548149539,-0.0581722512549928
BC24105,BC24105_C1,ENSG00000204525,-0.0045426752281338,-0.0189481888573831
BC24105,BC24105_C1,ENSG00000177954,0.0797396849517961,0.0685235597149332
BC24105,BC24105_C1,ENSG00000019582,-0.0931774052398922,-0.1095787875667095
BC24105,BC24105_C1,ENSG00000204592,-0.0974507066665171,-0.1255707834875337
BC24105,BC24105_C1,ENSG00000184009,0.0158973189537116,0.0171654278577716
BC24105,BC24105_C1,ENSG00000137154,-0.0021552567385502,-0.00093049622084
BC24105,BC24105_C1,ENSG00000083845,0.0546629616427154,0.0599702597557419
BC24105,BC24105_C1,__ambiguous[ENSG00000254772+ENSG00000255508],-0.0507377303880997,-0.0582554200525907
BC24105,BC24105_C1,__ambiguous[ENSG00000185883+ENSG00000260272],-0.0493506075589279,-0.0417238051932331
BC24105,BC24105_C1,ENSG00000206503,0.0089335512537982,0.0346992916322277
BC24105,BC24105_C1,ENSG00000165949,-0.1230743573640066,-0.1056029816391197
BC24105,BC24105_C1,ENSG00000163191,0.0737687943656681,0.0947238740611255
BC24105,BC24105_C1,ENSG00000142937,0.0710618947931592,0.0699628997972002
BC24105,BC24105_C1,ENSG00000231925,-0.2249919984991914,-0.2243559459058422
BC24105,BC24105_C1,ENSG00000108821,0.1454985395591593,0.2496813900430192
BC24105,BC24105_C1,ENSG00000107223,-0.1551675636129922,-0.1685219605336
BC24105,BC24105_C1,ENSG00000135404,-0.0278504316934156,-0.0441857302335152
BC24105,BC24105_C1,ENSG00000115457,0.0238138288816594,0.0189754377327944
BC24105,BC24105_C1,ENSG00000167468,-0.0385301722277565,-0.0550608432083652
BC24105,BC24105_C1,ENSG00000108639,0.0236775196275774,0.0185357159076629
BC24105,BC24105_C1,ENSG00000169710,-0.1257737114853779,-0.1115798874893706
BC24105,BC24105_C1,ENSG00000106624,-0.1779207020338025,-0.2286442957946853
BC24105,BC24105_C1,ENSG00000167995,-0.0419795878252792,-0.0322603975357795
BC24105,BC24105_C1,ENSG00000149925,-0.0777027603756541,-0.0794993160362139
BC24105,BC24105_C1,ENSG00000156482,-0.0560361739377229,-0.0709498407078783
BC24105,BC24105_C1,ENSG00000197958,0.1271079986028661,0.118681433523353
BC24105,BC24105_C1,ENSG00000172531,-0.1494146921367999,-0.1481788885780077
BC24105,BC24105_C1,ENSG00000144713,-0.0217432892379062,-0.0102649433799607
BC24105,BC24105_C1,ENSG00000162244,0.0369779294619175,0.0335715136959364
BC24105,BC24105_C1,ENSG00000167658,-0.030709773916669,-0.0364665927155688
BC24105,BC24105_C1,ENSG00000224389,0.1661846636519817,0.2193167435234845
BC24105,BC24105_C1,ENSG00000108679,-0.1179490706099678,-0.0965190326405144
BC24105,BC24105_C1,ENSG00000108344,-0.0163812025333578,-0.0491358511058357
BC24105,BC24105_C1,ENSG00000185825,-0.1652179671705096,-0.1856709679472866
BC24105,BC24105_C1,ENSG00000148303,0.0360877636837318,0.0396527308833323
BC24105,BC24105_C1,ENSG00000174748,-0.0423682149648741,-0.0248493271765296
BC24105,BC24105_C1,ENSG00000185499,-0.0455109905605945,-0.0610200827332935
BC24105,BC24105_C1,ENSG00000131469,0.0206208841218192,0.0195671074427758
BC24105,BC24105_C1,ENSG00000246705,-0.1341283114243916,-0.1362642192034494
BC24105,BC24105_C1,ENSG00000115884,-0.164830894508107,-0.1691059266191778
BC24105,BC24105_C1,ENSG00000198242,-0.0042736295157288,-0.0255459683687197
BC24105,BC24105_C1,ENSG00000130303,-0.1273574822716376,-0.129215562328922
BC24105,BC24105_C1,ENSG00000143947,0.0765543555395827,0.103405135146262
BC24105,BC24105_C1,ENSG00000117410,-0.096709957135641,-0.0959258304380938
BC24105,BC24105_C1,ENSG00000158710,0.0190413923960281,0.0125346929316813
BC24105,BC24105_C1,ENSG00000145592,0.010858272956976,0.0014522559665253
BC24105,BC24105_C1,__ambiguous[ENSG00000185885+ENSG00000185201],0.094112591768604,0.1292235700757409
BC24105,BC24105_C1,ENSG00000279483,-0.004635115585318,0.0018799113559043
BC24105,BC24105_C1,ENSG00000104904,-0.0466811985119836,-0.0183125499129316
BC24105,BC24105_C1,ENSG00000152082,0.0668044505804629,0.0984970262844473
BC24105,BC24105_C1,__ambiguous[ENSG00000257341+ENSG00000213145],0.0321213802335423,0.011038631742488
BC24105,BC24105_C1,__ambiguous[ENSG00000243678+ENSG00000011052],0.0233886554878395,0.0232140924031615
BC24105,BC24105_C1,ENSG00000141741,-0.0167439608521752,-0.0270201198496498
BC24105,BC24105_C1,ENSG00000277972,0.1044623118393618,0.1057086093544853
BC24105,BC24105_C1,ENSG00000092841,0.009755252735415,0.0550310802079712
BC24105,BC24105_C1,ENSG00000106211,0.0532873216784734,0.088312869648264
BC24105,BC24105_C1,ENSG00000110651,0.0679925759894679,0.0897554079624439
BC24105,BC24105_C1,ENSG00000173372,-0.2187386817306164,-0.2313936266913992
BC24105,BC24105_C1,ENSG00000074800,0.009034700234946,0.0552700211011991
BC24105,BC24105_C1,ENSG00000111057,-0.0484970378593177,-0.0567953456107043
BC24105,BC24105_C1,ENSG00000130208,-0.1546036513346538,-0.1511315831158174
BC24105,BC24105_C1,__ambiguous[ENSG00000124614+ENSG00000270800],-0.0436770271319056,-0.0357745489216061
BC24105,BC24105_C1,ENSG00000030582,-0.0345115895766469,-0.0545227298905618
BC24105,BC24105_C1,ENSG00000142669,-0.1452525868773926,-0.1437548466487451
BC24105,BC24105_C1,ENSG00000071553,-0.0595681245606736,-0.0741496009120806
BC24105,BC24105_C1,ENSG00000118181,-0.0069265860554653,-0.0054505265672036
BC24105,BC24105_C1,ENSG00000126267,-0.0782894075438821,-0.1068007411940572
BC24105,BC24105_C1,ENSG00000160862,-0.0938248713729049,-0.1318019045323005
BC24105,BC24105_C1,ENSG00000124664,-0.1073904922894736,-0.1247869112739354
BC24105,BC24105_C1,ENSG00000166710,-0.0664026828185696,-0.0795965923644653
BC24105,BC24105_C1,ENSG00000169100,-0.0155489576024304,-0.0173247992445462
BC24105,BC24105_C1,ENSG00000178719,-0.0405662175173571,-0.0472842434914113
BC24105,BC24105_C1,ENSG00000277791,-0.037347037762883,-0.0117666780311623
BC24105,BC24105_C1,ENSG00000150991,2.3944460223860808e-05,0.0105249335868065
BC24105,BC24105_C1,ENSG00000163220,0.1506214110602632,0.1756164280140991
BC24105,BC24105_C1,ENSG00000071082,-0.0397241146480309,-0.0254185038915117
BC24105,BC24105_C1,ENSG00000102265,-0.127758620618367,-0.1400833029971545
BC24105,BC24105_C1,ENSG00000141522,-0.1821556451093029,-0.2064970849175555
BC24105,BC24105_C1,ENSG00000117450,-0.1775322015847445,-0.171858846052179
BC24105,BC24105_C1,ENSG00000160789,-0.020376234272803,0.0043375633347535
BC24105,BC24105_C1,ENSG00000149591,-0.0305232326310117,-0.0387933480812054
BC24105,BC24105_C1,ENSG00000182492,-0.1535867015768386,-0.1709396634787359
BC24105,BC24105_C1,ENSG00000165215,0.0802363930608939,0.0663161072826096
BC24105,BC24105_C1,ENSG00000133112,-0.125446204102173,-0.1488708533604978
BC24105,BC24105_C1,ENSG00000182809,-0.071319521470099,-0.0715109079234396
BC24105,BC24105_C1,ENSG00000143774,-0.132824310071754,-0.1523247189521812
BC24105,BC24105_C1,ENSG00000125534,0.1146778094213441,0.1189062124930878
BC24105,BC24105_C1,ENSG00000162511,-0.2230261979645278,-0.2451239758962325
BC24105,BC24105_C1,ENSG00000205542,-0.0577034531107037,-0.0495957214508808
BC24105,BC24105_C1,ENSG00000070756,-0.0387344210492988,-0.0237874460733476
BC24105,BC24105_C1,ENSG00000124614,0.0413340302633083,0.0350851255754464
BC24105,BC24105_C1,ENSG00000105223,-0.103406574610882,-0.1138014335764042
BC24105,BC24105_C1,ENSG00000176340,0.0314454023500182,0.0528472559906668
BC24105,BC24105_C1,ENSG00000196924,-0.2971537880016251,-0.3162163389249682
BC24105,BC24105_C1,ENSG00000187514,-0.0161037612969413,-0.0411035771609583
BC24105,BC24105_C1,ENSG00000052344,-0.0558414250322011,-0.0174429422422778
BC24105,BC24105_C1,ENSG00000142089,0.0820490046692101,0.0891877702401002
BC24105,BC24105_C1,ENSG00000051523,-0.0751156363064358,-0.0715140184986973
BC24105,BC24105_C1,ENSG00000123349,0.0058821964274731,-0.0017030240745213
BC24105,BC24105_C1,ENSG00000255823,-0.2346005365972563,-0.2762318527331726
BC24105,BC24105_C1,ENSG00000058262,-0.0375172630808192,-0.0649483060365527
BC24105,BC24105_C1,ENSG00000131748,0.1086653338698108,0.1252118857757415
BC24105,BC24105_C1,ENSG00000178980,-0.0205470085914272,-0.0133721943665565
BC24105,BC24105_C1,ENSG00000184897,0.0167501399288418,0.0114804332269233
BC24105,BC24105_C1,ENSG00000114353,-0.0594813571657901,-0.0606952712402387
BC24105,BC24105_C1,ENSG00000103363,0.0355020383972138,0.0382775489233013
BC24105,BC24105_C1,ENSG00000145425,-0.0720133547992301,-0.0439662048757562
BC24105,BC24105_C1,ENSG00000164733,0.0731453894584876,0.1042313380206404
BC24105,BC24105_C1,__ambiguous[ENSG00000277957+ENSG00000161960],-0.0950542648214255,-0.1298850307721973
BC24105,BC24105_C1,ENSG00000138326,-0.0449879431749207,-0.0329752938534491
BC24105,BC24105_C1,ENSG00000111669,-0.0104902799874118,-0.0026522789683437
BC24105,BC24105_C1,ENSG00000178952,0.0087005081970966,0.0006232081697394
BC24105,BC24105_C1,ENSG00000163682,-0.0153104090473911,-0.0156810699155648
BC24105,BC24105_C1,ENSG00000272196,-0.0614851776254432,-0.0993898089646804
BC24105,BC24105_C1,ENSG00000104529,-0.0734666023698861,-0.0596638643004697
BC24105,BC24105_C1,__ambiguous[ENSG00000262526+ENSG00000170296],0.07876511820697,0.0360648546712607
BC24105,BC24105_C1,ENSG00000127540,0.1009860416773327,0.1147011209819533
BC24105,BC24105_C1,ENSG00000125730,-0.0883359818805266,-0.0681161291863791
BC24105,BC24105_C1,ENSG00000114867,-0.0158124448063232,-0.0271959818635641
BC24105,BC24105_C1,ENSG00000169223,-0.0288067728030788,-0.044763627926108
BC24105,BC24105_C1,ENSG00000144426,0.1750907002368506,0.1639915205889028
BC24105,BC24105_C1,__ambiguous[ENSG00000219200+ENSG00000161939],-0.014693736440083,-0.0406070941380636
BC24105,BC24105_C1,ENSG00000269028,-0.2818409825344715,-0.3427006857279233
BC24105,BC24105_C1,ENSG00000115414,0.201705721596663,0.232462697773176
BC24105,BC24105_C1,ENSG00000251562,-0.2767898785372532,-0.3462053841572803
BC24105,BC24105_C1,ENSG00000142949,-0.0285482419714376,-0.0181793723907023
BC24105,BC24105_C1,ENSG00000155366,0.0508073755153846,0.0781491921503379
BC24105,BC24105_C1,ENSG00000182899,0.0604235362804841,0.0465002936043494
BC24105,BC24105_C1,ENSG00000204287,-0.1248795806856986,-0.1239497196154331
BC24105,BC24105_C1,ENSG00000170315,0.0559713930812473,0.02783782352235
BC24105,BC24105_C1,ENSG00000172354,-0.0917572306554256,-0.0748947421759687
BC24105,BC24105_C1,ENSG00000008988,0.0633121660815421,0.0590791136009278
BC24105,BC24105_C1,ENSG00000142173,-0.1629529733417471,-0.1983766840994777
BC24105,BC24105_C1,ENSG00000126247,0.0532860511667958,0.0670761870389358
BC24105,BC24105_C1,ENSG00000135480,-0.0357623277915411,-0.0349102867262485
BC24105,BC24105_C1,ENSG00000188846,0.0626522564985522,0.0571396279218022
BC24105,BC24105_C1,ENSG00000104964,0.03679770633628,0.0341866565931279
BC24105,BC24105_C1,ENSG00000131143,0.0278180490027631,0.0297426220768366
BC24105,BC24105_C1,ENSG00000187608,-0.0903524586885045,-0.0872251765507927
BC24105,BC24105_C1,ENSG00000167815,-0.1163866239703893,-0.1631248317695225
BC24105,BC24105_C1,ENSG00000026025,-0.0969529381135869,-0.0888411837262461
BC24105,BC24105_C1,ENSG00000164692,0.1424046836477016,0.1890609420271692
BC24105,BC24105_C1,ENSG00000145494,0.0394562122471485,0.0500202635937047
BC24105,BC24105_C1,ENSG00000163479,0.0338694338121935,0.020132442574427
BC24105,BC24105_C1,ENSG00000197956,-0.1488263807075528,-0.1580177768294438
BC24105,BC24105_C1,ENSG00000100300,-0.0370082071790998,-0.0287493706346417
BC24105,BC24105_C1,ENSG00000214530,-0.0104975109395794,-0.0083601227668936
BC24105,BC24105_C1,ENSG00000174886,-0.0831341858044939,-0.075193170768568
BC24105,BC24105_C1,ENSG00000171222,-0.041087991289247,-0.0506750190493894
BC24105,BC24105_C1,ENSG00000087460,-0.1100738759686057,-0.1388376912747278
BC24105,BC24105_C1,ENSG00000135390,0.0272363027369949,0.0401097295533247
BC24105,BC24105_C1,ENSG00000114391,-0.0067481143745555,0.0168675287351074
BC24105,BC24105_C1,__ambiguous[ENSG00000273259+ENSG00000196136],-0.0536321511178043,-0.0823474878900777
BC24105,BC24105_C1,ENSG00000177700,-0.0516395721824678,-0.0625774459189457
BC24105,BC24105_C1,ENSG00000100219,-0.1505994347890411,-0.1496577245513464
BC24105,BC24105_C1,ENSG00000125970,-0.0110965542410885,-0.0146350756059067
BC24105,BC24105_C1,ENSG00000160932,-0.0395795558079796,-0.0535087355884293
BC24105,BC24105_C1,ENSG00000130725,0.0173808252097436,-0.0041784526232213
BC24105,BC24105_C1,ENSG00000170421,0.1244575313471322,0.1152400413896692
BC24105,BC24105_C1,ENSG00000173272,0.0929829325887837,0.0995022274314977
BC24105,BC24105_C1,ENSG00000173369,-0.1778441138280095,-0.1904582651173116
BC24105,BC24105_C1,ENSG00000160180,0.1055528088595947,0.1067516808099641
BC24105,BC24105_C1,ENSG00000101335,-0.0564854838970272,-0.0974859817853631
BC24105,BC24105_C1,ENSG00000186010,-0.0134797502808893,0.0063060182872899
BC24105,BC24105_C1,ENSG00000011304,-0.0276832952070892,-0.0553750046581732
BC24105,BC24105_C1,ENSG00000174444,0.0315300951994492,0.0018548641513554
BC24105,BC24105_C1,ENSG00000173801,-0.0823517459500518,-0.0721824952940696
BC24105,BC24105_C1,ENSG00000196576,0.0533479788788104,0.0384853394979747
BC24105,BC24105_C1,ENSG00000110492,-0.1200379252561281,-0.1162721350922008
BC24105,BC24105_C1,ENSG00000141753,0.1440900345373162,0.1695519734866234
BC24105,BC24105_C1,ENSG00000164919,-0.107831361218368,-0.1157267468419033
BC24105,BC24105_C1,ENSG00000172270,-0.0297960434878288,-0.0295379577570315
BC24105,BC24105_C1,ENSG00000130520,0.0933188680269353,0.0767016444954368
BC24105,BC24105_C1,__ambiguous[ENSG00000241343+ENSG00000257529],-0.041519778589626,-0.0210371506429102
BC24105,BC24105_C1,ENSG00000186468,-0.0666023099087269,-0.0608471945300611
BC24105,BC24105_C1,ENSG00000213988,0.0363280244893818,0.0436238138663833
BC24105,BC24105_C1,ENSG00000025708,-0.0105784547096056,-0.0181943318666898
BC24105,BC24105_C1,ENSG00000124172,-0.0455903388403524,-0.0499039366197956
BC24105,BC24105_C1,ENSG00000168528,-0.0092499611472664,-0.0054420694866808
BC24105,BC24105_C1,ENSG00000147684,-0.0196218946280953,-0.0148335340311983
BC24105,BC24105_C1,ENSG00000279274,-0.0296808025601714,-0.0476448936591065
BC24105,BC24105_C1,ENSG00000143420,0.0855017246581454,0.0861252259659588
BC24105,BC24105_C1,ENSG00000140990,0.0159904592743142,0.0099380265423532
BC24105,BC24105_C1,ENSG00000233276,0.0061109602102662,-0.0190625480203595
BC24105,BC24105_C1,ENSG00000163399,0.0291970194472399,0.0312130296510524
BC24105,BC24105_C1,ENSG00000161960,0.030425007821227,0.0166247692748215
BC24105,BC24105_C1,ENSG00000132507,0.0543445412723228,0.0595704994843976
BC24105,BC24105_C1,ENSG00000176046,0.0235779516967221,0.0206635140386392
BC24105,BC24105_C1,ENSG00000184110,-0.0930261083290798,-0.06627432632496
BC24105,BC24105_C1,ENSG00000135940,0.0154734891509453,0.0235119252641993
BC24105,BC24105_C1,ENSG00000184840,0.0260608182747066,0.0557803742496023
BC24105,BC24105_C2,ENSG00000034510,-0.3235272417519416,-0.3714463254244991
BC24105,BC24105_C2,ENSG00000137818,0.0331538218245819,0.0388079631257757
BC24105,BC24105_C2,ENSG00000111640,-0.1377900652244732,-0.1418790678885375
BC24105,BC24105_C2,ENSG00000254709,0.0539618606788697,0.074881579659221
BC24105,BC24105_C2,ENSG00000171345,0.0893834548964903,0.1013197583045121
BC24105,BC24105_C2,ENSG00000177600,-0.0168336211208763,-0.0213041028899703
BC24105,BC24105_C2,ENSG00000231500,-0.0030908582520906,-0.0058717035010913
BC24105,BC24105_C2,ENSG00000164587,0.0459339421831215,0.0509778993382002
BC24105,BC24105_C2,ENSG00000075624,-0.0827979514571265,-0.0912093105903562
BC24105,BC24105_C2,ENSG00000108107,-0.0087454077908887,-0.0166474076018646
BC24105,BC24105_C2,ENSG00000105372,0.0427088604252592,0.0349322676913822
BC24105,BC24105_C2,ENSG00000197756,0.1232867455068038,0.1294936139449188
BC24105,BC24105_C2,ENSG00000108298,-0.0448233396616639,-0.0147232542279584
BC24105,BC24105_C2,ENSG00000161016,-0.0018175424424174,-0.0092773616367506
BC24105,BC24105_C2,ENSG00000141736,0.0761536856792437,0.0996456737804489
BC24105,BC24105_C2,ENSG00000167526,-0.0043944434945823,-0.0219440926071697
BC24105,BC24105_C2,ENSG00000087086,0.0641780553706765,0.0981350426900055
BC24105,BC24105_C2,ENSG00000130255,-0.0341112516804716,-0.0272800290568594
BC24105,BC24105_C2,ENSG00000108518,-0.1526693127524046,-0.1527856338107192
BC24105,BC24105_C2,ENSG00000136942,-0.0464188840755553,-0.0264434980944891
BC24105,BC24105_C2,__ambiguous[ENSG00000251357+ENSG00000240972],-0.1629647448183425,-0.1779130133648291
BC24105,BC24105_C2,ENSG00000117984,-0.2744080969142133,-0.2666903498847957
BC24105,BC24105_C2,ENSG00000149273,0.0644699437709447,0.0925733817838693
BC24105,BC24105_C2,ENSG00000063177,0.0397543742708738,0.0602521912021985
BC24105,BC24105_C2,ENSG00000197746,0.096910297320229,0.102729598808988
BC24105,BC24105_C2,ENSG00000140264,0.0010685056632507,-0.0115499670962463
BC24105,BC24105_C2,ENSG00000180879,-0.0918196895509858,-0.0833780240710267
BC24105,BC24105_C2,ENSG00000221983,-0.0445457219464885,-0.0713609873591006
BC24105,BC24105_C2,ENSG00000179218,-0.244458940186014,-0.2612244242483944
BC24105,BC24105_C2,ENSG00000105193,0.0409975080724733,0.0215938671305545
BC24105,BC24105_C2,ENSG00000142534,-0.0110384453330209,-0.0028349417592856
BC24105,BC24105_C2,ENSG00000109062,-0.0038371403786056,-0.0223594399934259
BC24105,BC24105_C2,ENSG00000204628,-0.0448357813900797,-0.0352085907525504
BC24105,BC24105_C2,ENSG00000130203,-0.1311755886462728,-0.1550946069833894
BC24105,BC24105_C2,ENSG00000166441,-0.0221400680578087,-0.0578586932494707
BC24105,BC24105_C2,ENSG00000142541,-0.0574144803016175,-0.0730493167485159
BC24105,BC24105_C2,ENSG00000167996,-0.1771329017183391,-0.1959605290738998
BC24105,BC24105_C2,ENSG00000185624,-0.0880424047593861,-0.1318894178041397
BC24105,BC24105_C2,ENSG00000147403,0.0647314187867926,0.0706369826598282
BC24105,BC24105_C2,ENSG00000089157,-0.074974892736482,-0.0812014674034109
BC24105,BC24105_C2,ENSG00000234745,-0.0422538019959132,-0.040797088494852
BC24105,BC24105_C2,ENSG00000140988,0.0358989299960867,0.0228625197630632
BC24105,BC24105_C2,ENSG00000105640,-0.0419736101762784,-0.0492974335241513
BC24105,BC24105_C2,ENSG00000171858,0.0997978793927105,0.0906766611472591
BC24105,BC24105_C2,ENSG00000115268,0.0775770768364473,0.1269848348057166
BC24105,BC24105_C2,ENSG00000233927,0.0451550036960328,0.047219655133066
BC24105,BC24105_C2,ENSG00000111341,-0.1039765510840354,-0.1073652816611555
BC24105,BC24105_C2,ENSG00000125691,-0.0448158946199912,-0.0684139529350961
BC24105,BC24105_C2,ENSG00000213741,0.0068328302544322,-0.0256939713798657
BC24105,BC24105_C2,ENSG00000112306,-0.0325119549061001,-0.0603393812500632
BC24105,BC24105_C2,ENSG00000149806,0.0627761507142738,0.0942051200681476
BC24105,BC24105_C2,ENSG00000142676,-0.0292290239764836,-0.0080128776759925
BC24105,BC24105_C2,ENSG00000198034,-0.1130692206449861,-0.1259638877734374
BC24105,BC24105_C2,ENSG00000182774,0.0243656970100284,0.0056823616930597
BC24105,BC24105_C2,ENSG00000170889,-0.0243387871167802,-0.0274618703133252
BC24105,BC24105_C2,ENSG00000101439,0.1505414505136657,0.1613885996401576
BC24105,BC24105_C2,ENSG00000172809,0.0119072473474739,0.02458987738728
BC24105,BC24105_C2,ENSG00000172757,-0.0247192016425661,-0.0444558498538357
BC24105,BC24105_C2,ENSG00000100316,0.0978525769009447,0.09229825744951
BC24105,BC24105_C2,ENSG00000204525,-0.0179621349489429,-0.0368518050542725
BC24105,BC24105_C2,ENSG00000177954,-0.0408798167694623,-0.0618827039479143
BC24105,BC24105_C2,ENSG00000019582,-0.027625006104458,-0.0313836747840867
BC24105,BC24105_C2,ENSG00000204592,-0.1568713851649694,-0.1475061792950332
BC24105,BC24105_C2,ENSG00000184009,-0.0878872038012977,-0.0924103727280493
BC24105,BC24105_C2,ENSG00000137154,-0.0229444798482616,-0.0029375345051047
BC24105,BC24105_C2,ENSG00000083845,0.0795745718525096,0.108160357364426
BC24105,BC24105_C2,__ambiguous[ENSG00000254772+ENSG00000255508],-0.0305317139113671,-0.0459576940752348
BC24105,BC24105_C2,__ambiguous[ENSG00000185883+ENSG00000260272],-0.099894726394324,-0.1198025064589485
BC24105,BC24105_C2,ENSG00000206503,-0.0380887162317384,-0.0343330132986479
BC24105,BC24105_C2,ENSG00000165949,-0.123407471566285,-0.107350569989337
BC24105,BC24105_C2,ENSG00000163191,0.0720476104088896,0.0928738397822902
BC24105,BC24105_C2,ENSG00000142937,-0.0228265908992524,-0.0217749165915968
BC24105,BC24105_C2,ENSG00000231925,0.0167969906309658,0.0007939517684934
BC24105,BC24105_C2,ENSG00000108821,0.1526662375812809,0.1481873275751017
BC24105,BC24105_C2,ENSG00000107223,-0.0799818251132406,-0.10409510277854
BC24105,BC24105_C2,ENSG00000135404,-0.0493493363721413,-0.041719587764746
BC24105,BC24105_C2,ENSG00000115457,0.0242471133222146,0.0291884018641773
BC24105,BC24105_C2,ENSG00000167468,-0.1440413261388971,-0.1416584011304479
BC24105,BC24105_C2,ENSG00000108639,0.0323755244088278,0.041198574685795
BC24105,BC24105_C2,ENSG00000169710,-0.1382242477924875,-0.1354767727303795
BC24105,BC24105_C2,ENSG00000106624,-0.230408494855751,-0.2700277938002257
BC24105,BC24105_C2,ENSG00000167995,0.0429146381753115,0.0292370377279427
BC24105,BC24105_C2,ENSG00000149925,0.0266402568510121,0.0232797847657781
BC24105,BC24105_C2,ENSG00000156482,0.0653638871442648,0.0749530831248568
BC24105,BC24105_C2,ENSG00000197958,-0.0369627683284047,-0.0532810943285317
BC24105,BC24105_C2,ENSG00000172531,-0.0563202775135496,-0.0746431205163845
BC24105,BC24105_C2,ENSG00000144713,0.1306858199809174,0.1008078312570191
BC24105,BC24105_C2,ENSG00000162244,0.0357800950095228,0.0457411691827213
BC24105,BC24105_C2,ENSG00000167658,-0.0075072485658437,0.0171324963038451
BC24105,BC24105_C2,ENSG00000224389,-0.1922952345137786,-0.2500616369574859
BC24105,BC24105_C2,ENSG00000108679,-0.1166359876817344,-0.1313373449409842
BC24105,BC24105_C2,ENSG00000108344,-0.0322815943976962,-0.0102737827481993
BC24105,BC24105_C2,ENSG00000185825,0.0019417663507436,-0.0065305285601089
BC24105,BC24105_C2,ENSG00000148303,0.0219298990971574,0.0063098810039276
BC24105,BC24105_C2,ENSG00000174748,-0.033019714701306,-0.0255750658174585
BC24105,BC24105_C2,ENSG00000185499,-0.0135289525084438,-0.012102596382181
BC24105,BC24105_C2,ENSG00000131469,-0.0611901818384924,-0.0619351163933211
BC24105,BC24105_C2,ENSG00000246705,-0.0607219057973441,-0.0592075996631843
BC24105,BC24105_C2,ENSG00000115884,-0.0102549760097048,-0.0101128608934646
BC24105,BC24105_C2,ENSG00000198242,-0.0062783646787215,0.0337725885919946
BC24105,BC24105_C2,ENSG00000130303,-0.0158115579775462,-0.0125518587184227
BC24105,BC24105_C2,ENSG00000143947,-0.0415870644249231,-0.0498297096239385
BC24105,BC24105_C2,ENSG00000117410,0.0191986611806792,0.018217360063324
BC24105,BC24105_C2,ENSG00000158710,-0.0786104512298712,-0.0582830733253343
BC24105,BC24105_C2,ENSG00000145592,-0.1020113475691817,-0.1210486855002892
BC24105,BC24105_C2,__ambiguous[ENSG00000185885+ENSG00000185201],-0.0768185700889692,-0.1163149693891279
BC24105,BC24105_C2,ENSG00000279483,-0.0551982033326874,-0.0297616989038795
BC24105,BC24105_C2,ENSG00000104904,0.0964324808929019,0.1025442609905436
BC24105,BC24105_C2,ENSG00000152082,0.0322615987489899,0.0294025211932131
BC24105,BC24105_C2,__ambiguous[ENSG00000257341+ENSG00000213145],-0.0369198030157906,-0.0286744741527509
BC24105,BC24105_C2,__ambiguous[ENSG00000243678+ENSG00000011052],-0.0238858277654365,-0.0174514657301692
BC24105,BC24105_C2,ENSG00000141741,-0.0557805686907709,-0.0613506855876338
BC24105,BC24105_C2,ENSG00000277972,0.0078734643062871,0.003242029208728
BC24105,BC24105_C2,ENSG00000092841,0.0441922350021534,0.0660849330822439
BC24105,BC24105_C2,ENSG00000106211,0.0158169125741444,0.0331459202331289
BC24105,BC24105_C2,ENSG00000110651,0.0419094127717049,0.0258599099366555
BC24105,BC24105_C2,ENSG00000173372,-0.0938951642520697,-0.116250215066773
BC24105,BC24105_C2,ENSG00000074800,-0.0280079320900787,-0.0218529650158461
BC24105,BC24105_C2,ENSG00000111057,0.0239868893026925,0.0159662004491014
BC24105,BC24105_C2,ENSG00000130208,-0.0644171360258973,-0.0819832853698551
BC24105,BC24105_C2,__ambiguous[ENSG00000124614+ENSG00000270800],0.0255015613279201,0.0106641585078622
BC24105,BC24105_C2,ENSG00000030582,-0.1435883035486606,-0.1381821336612803
BC24105,BC24105_C2,ENSG00000142669,-0.0623669150140651,-0.0746208681823908
BC24105,BC24105_C2,ENSG00000071553,-0.0452780585009194,-0.0420996520365594
BC24105,BC24105_C2,ENSG00000118181,-0.0121090220175993,-0.0044492282277307
BC24105,BC24105_C2,ENSG00000126267,-0.0510692530214546,-0.0622394434452103
BC24105,BC24105_C2,ENSG00000160862,0.0929765107114066,0.1177230977581727
BC24105,BC24105_C2,ENSG00000124664,-0.0710773673582477,-0.0362260776895717
BC24105,BC24105_C2,ENSG00000166710,0.0617225098978345,0.064778986150988
BC24105,BC24105_C2,ENSG00000169100,-0.1595943941061697,-0.1861518566058942
BC24105,BC24105_C2,ENSG00000178719,0.0143013986590896,0.0168510975937516
BC24105,BC24105_C2,ENSG00000277791,0.074472250860592,0.0760173708980947
BC24105,BC24105_C2,ENSG00000150991,-0.0377766955829889,-0.0364729378468036
BC24105,BC24105_C2,ENSG00000163220,-0.0344167649687632,-0.0367456339255127
BC24105,BC24105_C2,ENSG00000071082,0.0401777867060091,0.0342964774089121
BC24105,BC24105_C2,ENSG00000102265,0.0765742514510013,0.0872089969417635
BC24105,BC24105_C2,ENSG00000141522,-0.0583705055806493,-0.0649044122236724
BC24105,BC24105_C2,ENSG00000117450,0.0338440685007757,0.0656854921077438
BC24105,BC24105_C2,ENSG00000160789,0.0095727371759997,0.0351248549071717
BC24105,BC24105_C2,ENSG00000149591,-0.1112975924302535,-0.156533817526231
BC24105,BC24105_C2,ENSG00000182492,-0.0379894957950424,-0.0473541590199328
BC24105,BC24105_C2,ENSG00000165215,0.0326184385382911,0.0711678927225612
BC24105,BC24105_C2,ENSG00000133112,-0.0988229248339878,-0.1242741553968061
BC24105,BC24105_C2,ENSG00000182809,-0.014794187536134,-0.0250677262006589
BC24105,BC24105_C2,ENSG00000143774,-0.0701566483808501,-0.0774163983629487
BC24105,BC24105_C2,ENSG00000125534,-0.1192476688871736,-0.1417479386741363
BC24105,BC24105_C2,ENSG00000162511,-0.0215899222706004,-0.0347095653122537
BC24105,BC24105_C2,ENSG00000205542,-0.0630732599728803,-0.0993186863305883
BC24105,BC24105_C2,ENSG00000070756,-0.0634146981620149,-0.0587996267738005
BC24105,BC24105_C2,ENSG00000124614,0.008750129692098,-0.0094451027556078
BC24105,BC24105_C2,ENSG00000105223,-0.023625924290849,-0.0236436967215668
BC24105,BC24105_C2,ENSG00000176340,-0.0376554978960221,-0.0455263194993617
BC24105,BC24105_C2,ENSG00000196924,-0.077524510312201,-0.0976759631592253
BC24105,BC24105_C2,ENSG00000187514,0.0026180463530422,-0.0261111810853509
BC24105,BC24105_C2,ENSG00000052344,0.0333353203959381,0.0457153227314226
BC24105,BC24105_C2,ENSG00000142089,-0.1836449919401005,-0.1972864647803694
BC24105,BC24105_C2,ENSG00000051523,-0.0940685937891798,-0.0775744676812241
BC24105,BC24105_C2,ENSG00000123349,0.0758513008613711,0.0731802029809571
BC24105,BC24105_C2,ENSG00000255823,-0.1278302142371778,-0.156229771663869
BC24105,BC24105_C2,ENSG00000058262,-0.1437857696487584,-0.1426081403923632
BC24105,BC24105_C2,ENSG00000131748,-0.041973170424784,-0.0640457801151177
BC24105,BC24105_C2,ENSG00000178980,-0.0448123758731803,-0.0499505312505375
BC24105,BC24105_C2,ENSG00000184897,-0.0760810168854481,-0.0628235147748208
BC24105,BC24105_C2,ENSG00000114353,-0.0243274598094554,-0.0670617720159747
BC24105,BC24105_C2,ENSG00000103363,0.0480468624652188,0.0488480574907156
BC24105,BC24105_C2,ENSG00000145425,0.0575420079328756,0.0511129543627713
BC24105,BC24105_C2,ENSG00000164733,0.1333457530068653,0.1474121866601403
BC24105,BC24105_C2,__ambiguous[ENSG00000277957+ENSG00000161960],-0.0111439520825315,0.0110638346643994
BC24105,BC24105_C2,ENSG00000138326,-0.1624815038171935,-0.178463413268162
BC24105,BC24105_C2,ENSG00000111669,-0.0746430751209354,-0.0698021343900572
BC24105,BC24105_C2,ENSG00000178952,-0.0480591962684515,-0.0500063215419284
BC24105,BC24105_C2,ENSG00000163682,0.0088684004332819,0.0119686329455584
BC24105,BC24105_C2,ENSG00000272196,-0.023052128039972,-0.0125550739373368
BC24105,BC24105_C2,ENSG00000104529,0.0742878627184961,0.0575765960643571
BC24105,BC24105_C2,__ambiguous[ENSG00000262526+ENSG00000170296],0.0412900114894315,0.0473112128124897
BC24105,BC24105_C2,ENSG00000127540,0.0494418761324002,0.0480781598379841
BC24105,BC24105_C2,ENSG00000125730,0.0392887012860531,0.0547353809663658
BC24105,BC24105_C2,ENSG00000114867,0.0131424913999594,0.0047795383331291
BC24105,BC24105_C2,ENSG00000169223,0.0467970498398469,0.0378687185348595
BC24105,BC24105_C2,ENSG00000144426,0.0307111357190878,0.0368005258472102
BC24105,BC24105_C2,__ambiguous[ENSG00000219200+ENSG00000161939],-0.0095597886570557,-0.0089736237218965
BC24105,BC24105_C2,ENSG00000269028,-0.1543696420091956,-0.1795710389123366
BC24105,BC24105_C2,ENSG00000115414,0.1196011088027417,0.137440459716557
BC24105,BC24105_C2,ENSG00000251562,-0.1069967871950531,-0.1463833938515825
BC24105,BC24105_C2,ENSG00000142949,0.0715360582810588,0.0740649607688408
BC24105,BC24105_C2,ENSG00000155366,0.0525034629741827,0.0650872022085974
BC24105,BC24105_C2,ENSG00000182899,-0.0357295877914379,-0.0363633416683663
BC24105,BC24105_C2,ENSG00000204287,-0.0138082198737985,-0.0314592774877088
BC24105,BC24105_C2,ENSG00000170315,-0.0529259056907212,-0.0685375169049355
BC24105,BC24105_C2,ENSG00000172354,-0.0944959743616093,-0.0918525734890422
BC24105,BC24105_C2,ENSG00000008988,-0.0680558931205194,-0.0465701532437815
BC24105,BC24105_C2,ENSG00000142173,-0.1015488630090198,-0.1134212515873231
BC24105,BC24105_C2,ENSG00000126247,0.0367403491188093,0.0501288887821323
BC24105,BC24105_C2,ENSG00000135480,-0.0342322081718481,-0.0672765518381762
BC24105,BC24105_C2,ENSG00000188846,-0.0462767875021271,-0.056987139242748
BC24105,BC24105_C2,ENSG00000104964,0.017796777408797,-0.0048192337407176
BC24105,BC24105_C2,ENSG00000131143,0.0092489817914207,0.0160502674448246
BC24105,BC24105_C2,ENSG00000187608,-0.0754998435701315,-0.0670573746531253
BC24105,BC24105_C2,ENSG00000167815,-0.0837518973298181,-0.1027982082164536
BC24105,BC24105_C2,ENSG00000026025,-0.0906227604950626,-0.1140061116957806
BC24105,BC24105_C2,ENSG00000164692,0.0880507025691741,0.1193978680468349
BC24105,BC24105_C2,ENSG00000145494,0.1369497980136756,0.1350213070714101
BC24105,BC24105_C2,ENSG00000163479,0.0263802005432115,0.0361741779949684
BC24105,BC24105_C2,ENSG00000197956,-0.0917235305441324,-0.1056242790438823
BC24105,BC24105_C2,ENSG00000100300,0.1156513771223545,0.1405053432834984
BC24105,BC24105_C2,ENSG00000214530,-0.0155797915319125,0.0183326202671658
BC24105,BC24105_C2,ENSG00000174886,-0.1066125613534647,-0.1009064772441633
BC24105,BC24105_C2,ENSG00000171222,-0.0092817953382002,-0.0005081610525292
BC24105,BC24105_C2,ENSG00000087460,-0.1054083565169508,-0.1253761160143936
BC24105,BC24105_C2,ENSG00000135390,0.0605454542254309,0.051999060322476
BC24105,BC24105_C2,ENSG00000114391,0.0317855186833416,0.0230962839447636
BC24105,BC24105_C2,__ambiguous[ENSG00000273259+ENSG00000196136],0.0892561781003067,0.080566995330611
BC24105,BC24105_C2,ENSG00000177700,0.1379661945930428,0.1400475428606727
BC24105,BC24105_C2,ENSG00000100219,-0.0489248425346691,-0.0646319084334927
BC24105,BC24105_C2,ENSG00000125970,0.0126576364635228,-0.0247937623642486
BC24105,BC24105_C2,ENSG00000160932,-0.0241396816607644,-0.0205301670294438
BC24105,BC24105_C2,ENSG00000130725,0.059808076853179,0.0591701703704181
BC24105,BC24105_C2,ENSG00000170421,-0.0363571852599425,-0.0370983101814895
BC24105,BC24105_C2,ENSG00000173272,-0.0412610258974107,-0.0413037925720976
BC24105,BC24105_C2,ENSG00000173369,0.0626264133605423,0.0565744619326405
BC24105,BC24105_C2,ENSG00000160180,-0.0803450229297519,-0.0823785083163902
BC24105,BC24105_C2,ENSG00000101335,-0.0989454652951055,-0.1000372283162724
BC24105,BC24105_C2,ENSG00000186010,-0.0568889389349823,-0.0632577854192333
BC24105,BC24105_C2,ENSG00000011304,-0.0639317002292227,-0.054673609576209
BC24105,BC24105_C2,ENSG00000174444,-0.1666822076495008,-0.1558635183236866
BC24105,BC24105_C2,ENSG00000173801,-0.0205866201142887,-0.0101154504516011
BC24105,BC24105_C2,ENSG00000196576,-0.0449402597993098,-0.0363041617198287
BC24105,BC24105_C2,ENSG00000110492,0.0830165524851022,0.0735501633492504
BC24105,BC24105_C2,ENSG00000141753,0.0014727135990788,0.0007528031859654
BC24105,BC24105_C2,ENSG00000164919,-0.1084823667979999,-0.0975711912670172
BC24105,BC24105_C2,ENSG00000172270,0.0167023165784805,0.0122076777496971
BC24105,BC24105_C2,ENSG00000130520,0.0467041844393888,0.0917775151515187
BC24105,BC24105_C2,__ambiguous[ENSG00000241343+ENSG00000257529],-0.1238708855090066,-0.1210116670702565
BC24105,BC24105_C2,ENSG00000186468,0.0391409270141579,0.0471154862458542
BC24105,BC24105_C2,ENSG00000213988,-0.0718705509823312,-0.0878172285813986
BC24105,BC24105_C2,ENSG00000025708,0.0543603188637206,0.0384432212257272
BC24105,BC24105_C2,ENSG00000124172,-0.0987140775341784,-0.1012109459799696
BC24105,BC24105_C2,ENSG00000168528,0.0235890360796286,0.0488886286124552
BC24105,BC24105_C2,ENSG00000147684,0.0143431924693455,0.0300924581730092
BC24105,BC24105_C2,ENSG00000279274,-0.0005844683705507,-0.0083020021581223
BC24105,BC24105_C2,ENSG00000143420,-0.0464954708976282,-0.0378024928096002
BC24105,BC24105_C2,ENSG00000140990,-0.1216741942753075,-0.1021486325052017
BC24105,BC24105_C2,ENSG00000233276,-0.2087301539475805,-0.2522248578406906
BC24105,BC24105_C2,ENSG00000163399,-0.0685702371427869,-0.0566499786256572
BC24105,BC24105_C2,ENSG00000161960,-0.0637425639076635,-0.0576160392851419
BC24105,BC24105_C2,ENSG00000132507,0.0224540571260496,0.0306683251132167
BC24105,BC24105_C2,ENSG00000176046,0.0155099297718966,0.0022876695961129
BC24105,BC24105_C2,ENSG00000184110,0.0249630059194282,0.056044585632416
BC24105,BC24105_C2,ENSG00000135940,0.0841111166396867,0.0869589189579839
BC24105,BC24105_C2,ENSG00000184840,0.0184726231711176,0.0224736186582776
BC24105,BC24105_D1,ENSG00000034510,0.0680860493383736,0.0688547566094076
BC24105,BC24105_D1,ENSG00000137818,0.2168961740921082,0.2850854035080388
BC24105,BC24105_D1,ENSG00000111640,-0.0087850000868535,0.0001340495032148
BC24105,BC24105_D1,ENSG00000254709,-0.1178136275560797,-0.1300719727473692
BC24105,BC24105_D1,ENSG00000171345,-0.0219069495009201,-0.0121715370592059
BC24105,BC24105_D1,ENSG00000177600,0.1511896956927468,0.1837301666167866
BC24105,BC24105_D1,ENSG00000231500,0.0517818834660164,0.0839748092515449
BC24105,BC24105_D1,ENSG00000164587,0.0891048181082068,0.0849640116110214
BC24105,BC24105_D1,ENSG00000075624,-0.082485625562496,-0.0950113540537978
BC24105,BC24105_D1,ENSG00000108107,-0.1490397767093524,-0.1767637676069355
BC24105,BC24105_D1,ENSG00000105372,-0.0844578101314376,-0.1019613668838452
BC24105,BC24105_D1,ENSG00000197756,0.0720900945560688,0.1273261481564339
BC24105,BC24105_D1,ENSG00000108298,-0.0667693940436442,-0.0879200482547503
BC24105,BC24105_D1,ENSG00000161016,-0.0562992157440601,-0.0948660676330628
BC24105,BC24105_D1,ENSG00000141736,0.0889614643511855,0.1312713517144123
BC24105,BC24105_D1,ENSG00000167526,0.0095090869647753,-0.0204700912523496
BC24105,BC24105_D1,ENSG00000087086,-0.0349678599952812,-0.0077767589156346
BC24105,BC24105_D1,ENSG00000130255,-0.0317718373493929,-0.0889865619057112
BC24105,BC24105_D1,ENSG00000108518,-0.1034249328642281,-0.1389274580374442
BC24105,BC24105_D1,ENSG00000136942,-0.0587081380540575,-0.0736150037302641
BC24105,BC24105_D1,__ambiguous[ENSG00000251357+ENSG00000240972],-0.0094150906080565,-0.0125012954885216
BC24105,BC24105_D1,ENSG00000117984,0.0126339307765238,0.0024238423799048
BC24105,BC24105_D1,ENSG00000149273,0.0162294759918162,-0.0193004130666237
BC24105,BC24105_D1,ENSG00000063177,-0.1949656253928929,-0.1869416610696381
BC24105,BC24105_D1,ENSG00000197746,0.0030639185898937,-0.0106079419435448
BC24105,BC24105_D1,ENSG00000140264,0.0730404594229466,0.076766170036271
BC24105,BC24105_D1,ENSG00000180879,-0.0578785095005001,-0.1136921270652189
BC24105,BC24105_D1,ENSG00000221983,-0.1419847683690978,-0.1370750757320172
BC24105,BC24105_D1,ENSG00000179218,0.0015433307098302,0.029453933234507
BC24105,BC24105_D1,ENSG00000105193,0.0054445953258219,-0.0091818757351313
BC24105,BC24105_D1,ENSG00000142534,-0.1795265642211689,-0.2124505580572995
BC24105,BC24105_D1,ENSG00000109062,0.0248597794950328,0.0708266091113126
BC24105,BC24105_D1,ENSG00000204628,-0.0284324685134616,-0.0430594992658052
BC24105,BC24105_D1,ENSG00000130203,-0.0836042133256289,-0.1293618624122502
BC24105,BC24105_D1,ENSG00000166441,-0.0816726464560982,-0.0770348683323768
BC24105,BC24105_D1,ENSG00000142541,-0.0174184876137093,-0.0244102579315472
BC24105,BC24105_D1,ENSG00000167996,0.0345181168114239,0.0776734578132977
BC24105,BC24105_D1,ENSG00000185624,0.0297292172184089,0.0197304183370275
BC24105,BC24105_D1,ENSG00000147403,-0.0558175222384815,-0.0568121800549761
BC24105,BC24105_D1,ENSG00000089157,0.102216175576143,0.1573659616162659
BC24105,BC24105_D1,ENSG00000234745,0.0674546285178019,0.0801306025883408
BC24105,BC24105_D1,ENSG00000140988,0.0912721884147101,0.081749683210915
BC24105,BC24105_D1,ENSG00000105640,-0.0372158086556693,-0.0222583959003814
BC24105,BC24105_D1,ENSG00000171858,0.0383727798698819,0.0972816471697837
BC24105,BC24105_D1,ENSG00000115268,-0.0378153725624722,-0.0122381835222621
BC24105,BC24105_D1,ENSG00000233927,0.0142601164964387,0.0042045586062369
BC24105,BC24105_D1,ENSG00000111341,0.1100409647669624,0.1519657753227307
BC24105,BC24105_D1,ENSG00000125691,-0.0797553877232053,-0.0734387528884421
BC24105,BC24105_D1,ENSG00000213741,0.0185330814778195,0.0280890941134354
BC24105,BC24105_D1,ENSG00000112306,0.0104715347604851,0.0276469230721334
BC24105,BC24105_D1,ENSG00000149806,0.0693509635104053,0.0825533452162195
BC24105,BC24105_D1,ENSG00000142676,0.0444176798043925,0.0132295357323974
BC24105,BC24105_D1,ENSG00000198034,-0.0276931591929593,-0.0346919134273367
BC24105,BC24105_D1,ENSG00000182774,0.0576617782663108,0.1020394386592123
BC24105,BC24105_D1,ENSG00000170889,0.0434830923245468,-0.0067263338905604
BC24105,BC24105_D1,ENSG00000101439,-0.0670705915164061,-0.1018267743307443
BC24105,BC24105_D1,ENSG00000172809,0.0341635013366995,0.0269387602621514
BC24105,BC24105_D1,ENSG00000172757,0.0377417672113762,0.0402898814921079
BC24105,BC24105_D1,ENSG00000100316,-0.0433790454132333,-0.0297146657773707
BC24105,BC24105_D1,ENSG00000204525,0.0635898157975752,0.0955826023815255
BC24105,BC24105_D1,ENSG00000177954,0.1227310425168146,0.1849645583140336
BC24105,BC24105_D1,ENSG00000019582,0.122862304036929,0.1187223810447246
BC24105,BC24105_D1,ENSG00000204592,-0.0367382951966627,-0.0777487121711955
BC24105,BC24105_D1,ENSG00000184009,-0.1963756432855424,-0.2404822930668664
BC24105,BC24105_D1,ENSG00000137154,0.0344725855643677,0.072944299982484
BC24105,BC24105_D1,ENSG00000083845,0.0187177020672566,-0.0002138965343052
BC24105,BC24105_D1,__ambiguous[ENSG00000254772+ENSG00000255508],-0.0809708849644756,-0.1150778892342058
BC24105,BC24105_D1,__ambiguous[ENSG00000185883+ENSG00000260272],0.0341565733981568,0.0065690145422423
BC24105,BC24105_D1,ENSG00000206503,-0.0868869315327707,-0.0750346492235004
BC24105,BC24105_D1,ENSG00000165949,-0.054317579691524,-0.0485364553734045
BC24105,BC24105_D1,ENSG00000163191,0.1010542582894266,0.1120681109276683
BC24105,BC24105_D1,ENSG00000142937,0.0380854394229723,0.046492316083605
BC24105,BC24105_D1,ENSG00000231925,-0.0808466710137886,-0.1300066173222605
BC24105,BC24105_D1,ENSG00000108821,0.1575579430345803,0.1784471833818354
BC24105,BC24105_D1,ENSG00000107223,-0.1186605704206571,-0.129483462050174
BC24105,BC24105_D1,ENSG00000135404,-0.0626374216799371,-0.1034243479211125
BC24105,BC24105_D1,ENSG00000115457,-0.1002999492683255,-0.1225249816609546
BC24105,BC24105_D1,ENSG00000167468,-0.0102105480843964,-0.0251913975924549
BC24105,BC24105_D1,ENSG00000108639,-0.1727899531051776,-0.1934615341836999
BC24105,BC24105_D1,ENSG00000169710,-0.1009116854278806,-0.0833113047971182
BC24105,BC24105_D1,ENSG00000106624,-0.0113211669248962,-0.0613381663408551
BC24105,BC24105_D1,ENSG00000167995,-0.0051308350447885,-0.0071853847561177
BC24105,BC24105_D1,ENSG00000149925,-0.0327299316824627,-0.0419496583656726
BC24105,BC24105_D1,ENSG00000156482,0.0827834956476586,0.0777113704733475
BC24105,BC24105_D1,ENSG00000197958,0.1369891499811911,0.1468924628045684
BC24105,BC24105_D1,ENSG00000172531,-0.0294546084133005,-0.0408477117253507
BC24105,BC24105_D1,ENSG00000144713,-0.0568256395324714,-0.0431093715938155
BC24105,BC24105_D1,ENSG00000162244,0.0255573289075969,0.0463442283702501
BC24105,BC24105_D1,ENSG00000167658,0.0290121380887811,0.0059807588529217
BC24105,BC24105_D1,ENSG00000224389,-0.0450396620096272,-0.0537636090906917
BC24105,BC24105_D1,ENSG00000108679,-0.0435884198563065,-0.0770708719011809
BC24105,BC24105_D1,ENSG00000108344,0.0549519775567267,0.0244824343395505
BC24105,BC24105_D1,ENSG00000185825,-0.0851378297254892,-0.078682918797074
BC24105,BC24105_D1,ENSG00000148303,-0.0027094560082626,-0.0050982426698848
BC24105,BC24105_D1,ENSG00000174748,-0.0290204615361367,-0.0178406588358847
BC24105,BC24105_D1,ENSG00000185499,-0.1035666618733049,-0.1163881055610828
BC24105,BC24105_D1,ENSG00000131469,-0.0380513327961137,-0.0488909113078697
BC24105,BC24105_D1,ENSG00000246705,-0.0168005879276075,-0.0195643021868192
BC24105,BC24105_D1,ENSG00000115884,-0.0933679637658313,-0.1622299363901904
BC24105,BC24105_D1,ENSG00000198242,0.0172065301700761,0.0336159301467892
BC24105,BC24105_D1,ENSG00000130303,0.0713918970334743,0.0696108754629547
BC24105,BC24105_D1,ENSG00000143947,0.0112466695505681,0.0338760299684523
BC24105,BC24105_D1,ENSG00000117410,-0.0723377732814277,-0.1022590583214434
BC24105,BC24105_D1,ENSG00000158710,0.0604741349248323,0.0894169514636199
BC24105,BC24105_D1,ENSG00000145592,0.0999310900507315,0.0947625268478323
BC24105,BC24105_D1,__ambiguous[ENSG00000185885+ENSG00000185201],-0.0213175284721073,-0.0836809405428653
BC24105,BC24105_D1,ENSG00000279483,0.1069675003990995,0.1289417715664363
BC24105,BC24105_D1,ENSG00000104904,0.0660877655991246,0.0623800744095751
BC24105,BC24105_D1,ENSG00000152082,-0.0054516890428436,0.0150182897143185
BC24105,BC24105_D1,__ambiguous[ENSG00000257341+ENSG00000213145],0.0321757832542321,0.0029370727558752
BC24105,BC24105_D1,__ambiguous[ENSG00000243678+ENSG00000011052],0.0876513455606399,0.0941975232480281
BC24105,BC24105_D1,ENSG00000141741,-0.0204254708642951,0.0071767117903115
BC24105,BC24105_D1,ENSG00000277972,-0.0146088427098615,-0.0221183344575452
BC24105,BC24105_D1,ENSG00000092841,0.1021548317241292,0.1122886146100548
BC24105,BC24105_D1,ENSG00000106211,0.1726245653881198,0.2227690677671802
BC24105,BC24105_D1,ENSG00000110651,-0.0262038395857358,-0.0267996931702503
BC24105,BC24105_D1,ENSG00000173372,-0.1231622443489652,-0.1317390072215846
BC24105,BC24105_D1,ENSG00000074800,-0.1653404213033222,-0.1629526595029
BC24105,BC24105_D1,ENSG00000111057,0.0093518323549949,0.0153129420777028
BC24105,BC24105_D1,ENSG00000130208,-0.0823076519651496,-0.0948123290394128
BC24105,BC24105_D1,__ambiguous[ENSG00000124614+ENSG00000270800],-0.0103217282020914,-0.0220018220307461
BC24105,BC24105_D1,ENSG00000030582,-0.143846232206105,-0.1526111328251074
BC24105,BC24105_D1,ENSG00000142669,0.0070030593878813,0.0200419552512813
BC24105,BC24105_D1,ENSG00000071553,-0.2054596197042968,-0.2386136376857597
BC24105,BC24105_D1,ENSG00000118181,0.0641901568716539,0.0604821858944235
BC24105,BC24105_D1,ENSG00000126267,-0.052728019648832,-0.0393827842177449
BC24105,BC24105_D1,ENSG00000160862,0.109174055276741,0.1276824965718326
BC24105,BC24105_D1,ENSG00000124664,-0.0163633686438262,-0.020561744346945
BC24105,BC24105_D1,ENSG00000166710,-0.0050294081277687,0.0188022148669118
BC24105,BC24105_D1,ENSG00000169100,0.0264743830027822,0.0490289691714585
BC24105,BC24105_D1,ENSG00000178719,-0.00225278847341,0.011385124930498
BC24105,BC24105_D1,ENSG00000277791,0.0709266087347996,0.0509977504251085
BC24105,BC24105_D1,ENSG00000150991,-0.0324655890039166,-0.0374268724369949
BC24105,BC24105_D1,ENSG00000163220,0.0284273723455189,0.051444325672018
BC24105,BC24105_D1,ENSG00000071082,0.0642708486540387,0.08027294508033
BC24105,BC24105_D1,ENSG00000102265,-0.0759094066289783,-0.0781967323836014
BC24105,BC24105_D1,ENSG00000141522,-0.1315630108020086,-0.1703212814919289
BC24105,BC24105_D1,ENSG00000117450,-0.1130508915461244,-0.1013313434811757
BC24105,BC24105_D1,ENSG00000160789,0.1042400897654422,0.1229286052152758
BC24105,BC24105_D1,ENSG00000149591,0.0109711356249544,0.022020915246152
BC24105,BC24105_D1,ENSG00000182492,-0.0228613006208348,-0.0535742337865616
BC24105,BC24105_D1,ENSG00000165215,-0.0623036870646215,-0.0760236433579604
BC24105,BC24105_D1,ENSG00000133112,-0.0754949629018854,-0.1143193723953963
BC24105,BC24105_D1,ENSG00000182809,-0.0448416147286085,-0.0445145768772874
BC24105,BC24105_D1,ENSG00000143774,0.0257848671594215,0.0251890869631681
BC24105,BC24105_D1,ENSG00000125534,0.0395520882282391,0.0464628754238352
BC24105,BC24105_D1,ENSG00000162511,-0.0897706072058066,-0.1578251324562201
BC24105,BC24105_D1,ENSG00000205542,-0.0114903062800633,-0.0107180720494848
BC24105,BC24105_D1,ENSG00000070756,0.0125071733199646,-0.0047908840914663
BC24105,BC24105_D1,ENSG00000124614,-0.1218939373557446,-0.153536611650848
BC24105,BC24105_D1,ENSG00000105223,-0.0779271693594264,-0.0919469042550809
BC24105,BC24105_D1,ENSG00000176340,-0.0090552758492649,-0.0453841660725758
BC24105,BC24105_D1,ENSG00000196924,-0.1300758338398279,-0.2235424361359473
BC24105,BC24105_D1,ENSG00000187514,-0.1010883633000673,-0.0934355148876347
BC24105,BC24105_D1,ENSG00000052344,0.0757037993848647,0.0963871642090843
BC24105,BC24105_D1,ENSG00000142089,-0.1408089260850875,-0.1869052763650143
BC24105,BC24105_D1,ENSG00000051523,0.0158218449542964,-0.0141661409192338
BC24105,BC24105_D1,ENSG00000123349,-0.1518418166383154,-0.1621001069173902
BC24105,BC24105_D1,ENSG00000255823,0.0165947021434959,-0.0538449644168945
BC24105,BC24105_D1,ENSG00000058262,-0.0768013497165271,-0.0689598603425466
BC24105,BC24105_D1,ENSG00000131748,0.0476054121705126,0.0638818755882694
BC24105,BC24105_D1,ENSG00000178980,0.0821832130183152,0.0794844110123988
BC24105,BC24105_D1,ENSG00000184897,-0.1042182524763099,-0.099503585723211
BC24105,BC24105_D1,ENSG00000114353,0.0028784103785537,0.0053009272651959
BC24105,BC24105_D1,ENSG00000103363,-0.0441032655033173,-0.0452899734577581
BC24105,BC24105_D1,ENSG00000145425,0.0549446924389064,0.0558778512829269
BC24105,BC24105_D1,ENSG00000164733,0.1116073305838856,0.1613375612759531
BC24105,BC24105_D1,__ambiguous[ENSG00000277957+ENSG00000161960],-0.0530311643132306,-0.0541420300669188
BC24105,BC24105_D1,ENSG00000138326,0.0336819649241929,0.0167063035614454
BC24105,BC24105_D1,ENSG00000111669,-0.0051684159487859,-0.0483144145713041
BC24105,BC24105_D1,ENSG00000178952,-0.0511997297722722,-0.0744871257796499
BC24105,BC24105_D1,ENSG00000163682,-0.0480741996692748,-0.0610693837449908
BC24105,BC24105_D1,ENSG00000272196,0.0061139180858126,0.025169176592558
BC24105,BC24105_D1,ENSG00000104529,-0.1405769648579718,-0.1195943306084914
BC24105,BC24105_D1,__ambiguous[ENSG00000262526+ENSG00000170296],0.0377835256134551,-0.0076486980997857
BC24105,BC24105_D1,ENSG00000127540,-0.0149786193545004,-0.0225778659025991
BC24105,BC24105_D1,ENSG00000125730,0.0099407601713296,0.0429780632212166
BC24105,BC24105_D1,ENSG00000114867,0.0045820393123475,0.0267195080415918
BC24105,BC24105_D1,ENSG00000169223,0.0031251574641716,-0.0173068105440122
BC24105,BC24105_D1,ENSG00000144426,0.08941311037256,0.1120147999712392
BC24105,BC24105_D1,__ambiguous[ENSG00000219200+ENSG00000161939],-0.0543945525269996,-0.0619331165444552
BC24105,BC24105_D1,ENSG00000269028,0.0345372650996923,-0.0559513668044205
BC24105,BC24105_D1,ENSG00000115414,0.0029418083984011,-0.0009152991403354
BC24105,BC24105_D1,ENSG00000251562,-0.0455619101900147,-0.103986752705383
BC24105,BC24105_D1,ENSG00000142949,-0.032139451297361,0.0141935923753966
BC24105,BC24105_D1,ENSG00000155366,-0.0305593511311304,-0.0375338889771753
BC24105,BC24105_D1,ENSG00000182899,0.065902219246157,0.0625431298856577
BC24105,BC24105_D1,ENSG00000204287,0.1159869904899747,0.1184063642012379
BC24105,BC24105_D1,ENSG00000170315,0.1024331834094089,0.0609606805681706
BC24105,BC24105_D1,ENSG00000172354,0.0205897959226471,0.0803417520768665
BC24105,BC24105_D1,ENSG00000008988,0.0281957155905157,0.0507296371520125
BC24105,BC24105_D1,ENSG00000142173,-0.0456425140511166,-0.0302668111945149
BC24105,BC24105_D1,ENSG00000126247,0.0154605188093012,-0.0278938633672694
BC24105,BC24105_D1,ENSG00000135480,0.0011886018386751,-0.0389777029870786
BC24105,BC24105_D1,ENSG00000188846,0.0970546756438368,0.1081371887785559
BC24105,BC24105_D1,ENSG00000104964,-0.0650782421308713,-0.0931413187210393
BC24105,BC24105_D1,ENSG00000131143,-0.0723979985660564,-0.0631497875469387
BC24105,BC24105_D1,ENSG00000187608,-0.0336897855389137,-0.0352328173969916
BC24105,BC24105_D1,ENSG00000167815,-0.0619229092786932,-0.0636362215994118
BC24105,BC24105_D1,ENSG00000026025,0.1078810271337737,0.1422934224209726
BC24105,BC24105_D1,ENSG00000164692,0.070760382835408,0.0708091166093457
BC24105,BC24105_D1,ENSG00000145494,-0.0023733355621051,-0.0100882572039764
BC24105,BC24105_D1,ENSG00000163479,0.0729052553568099,0.0924178656408622
BC24105,BC24105_D1,ENSG00000197956,-0.1619748969583088,-0.1509003668244491
BC24105,BC24105_D1,ENSG00000100300,0.1862409612179869,0.2026878694515631
BC24105,BC24105_D1,ENSG00000214530,-0.0225066141863281,-0.0430066038178724
BC24105,BC24105_D1,ENSG00000174886,-0.0501815070276401,-0.078010769601555
BC24105,BC24105_D1,ENSG00000171222,-0.0221780171892448,-0.0071216076627125
BC24105,BC24105_D1,ENSG00000087460,-0.1917790467856015,-0.2513551128591407
BC24105,BC24105_D1,ENSG00000135390,0.0497815519509124,0.0401316405633008
BC24105,BC24105_D1,ENSG00000114391,0.0504672986342005,0.0584499164651342
BC24105,BC24105_D1,__ambiguous[ENSG00000273259+ENSG00000196136],-0.2196540240811024,-0.3194041545931195
BC24105,BC24105_D1,ENSG00000177700,-0.038435631133373,-0.05665065654481
BC24105,BC24105_D1,ENSG00000100219,0.0314351744143448,0.033871100707872
BC24105,BC24105_D1,ENSG00000125970,0.0795490168923522,0.090588770872169
BC24105,BC24105_D1,ENSG00000160932,-0.0289019532375522,-0.0255730115683909
BC24105,BC24105_D1,ENSG00000130725,-0.0336531455864642,-0.0464114295879156
BC24105,BC24105_D1,ENSG00000170421,0.0960145664210111,0.1290102402188804
BC24105,BC24105_D1,ENSG00000173272,-0.0076855193119225,0.0056280576434718
BC24105,BC24105_D1,ENSG00000173369,-0.0615027286261393,-0.0694067977371088
BC24105,BC24105_D1,ENSG00000160180,0.1680021600248821,0.162413272323901
BC24105,BC24105_D1,ENSG00000101335,-0.0912047297053455,-0.1026451342200457
BC24105,BC24105_D1,ENSG00000186010,-0.0713368987605549,-0.0432430434475862
BC24105,BC24105_D1,ENSG00000011304,-0.0354082117160501,-0.0429465098043734
BC24105,BC24105_D1,ENSG00000174444,0.0288659459357304,0.031635269541038
BC24105,BC24105_D1,ENSG00000173801,0.0357829457829319,-0.010031937488214
BC24105,BC24105_D1,ENSG00000196576,-0.0578960694935647,-0.0559174723400161
BC24105,BC24105_D1,ENSG00000110492,-0.0104600366194736,-0.0143865511029186
BC24105,BC24105_D1,ENSG00000141753,0.2250930433841538,0.2477053018426248
BC24105,BC24105_D1,ENSG00000164919,0.0144377666817358,0.0094337114252822
BC24105,BC24105_D1,ENSG00000172270,-0.0151997566203714,-0.0423699415052096
BC24105,BC24105_D1,ENSG00000130520,0.0338958089243964,0.0009550555211811
BC24105,BC24105_D1,__ambiguous[ENSG00000241343+ENSG00000257529],0.0599558305493862,0.0530652757422191
BC24105,BC24105_D1,ENSG00000186468,0.118880335090453,0.1269687590724581
BC24105,BC24105_D1,ENSG00000213988,0.0914838341275033,0.0740556819517605
BC24105,BC24105_D1,ENSG00000025708,0.0771869089503198,0.0503504871871699
BC24105,BC24105_D1,ENSG00000124172,-0.0041597117814011,-0.0417629611891707
BC24105,BC24105_D1,ENSG00000168528,0.0971317558624798,0.1213636537502289
BC24105,BC24105_D1,ENSG00000147684,0.034569998654709,0.0275059412401327
BC24105,BC24105_D1,ENSG00000279274,0.1487805571283452,0.1629005167615821
BC24105,BC24105_D1,ENSG00000143420,-0.0692772010906882,-0.06760533435347
BC24105,BC24105_D1,ENSG00000140990,-0.0674428545665743,-0.0546441815963813
BC24105,BC24105_D1,ENSG00000233276,-0.0587581096225757,-0.1060982907458267
BC24105,BC24105_D1,ENSG00000163399,-0.0236180295666287,-0.0237776388385757
BC24105,BC24105_D1,ENSG00000161960,0.0124409313267612,0.000820485998268
BC24105,BC24105_D1,ENSG00000132507,0.0246939590709824,0.0282605225583159
BC24105,BC24105_D1,ENSG00000176046,-0.0495325119081239,-0.0659201898799253
BC24105,BC24105_D1,ENSG00000184110,-0.1133805930062972,-0.1143831999514679
BC24105,BC24105_D1,ENSG00000135940,-0.0336900983170657,-0.0505283334866675
BC24105,BC24105_D1,ENSG00000184840,-0.0227571318086589,-0.0595601296577204
BC24220,BC24220_D2,ENSG00000254709,0.0184560368957057,0.0232681541100818
BC24220,BC24220_D2,ENSG00000034510,0.0962309591317175,0.1147337480662068
BC24220,BC24220_D2,ENSG00000137818,0.0441385885079748,0.0601700039328967
BC24220,BC24220_D2,ENSG00000231500,0.2122194420651875,0.2676649537888542
BC24220,BC24220_D2,ENSG00000111640,0.338884796367005,0.4421570896321329
BC24220,BC24220_D2,ENSG00000177600,0.2242216406511611,0.252495185077916
BC24220,BC24220_D2,ENSG00000164587,0.0239025926676393,0.0561994901541322
BC24220,BC24220_D2,ENSG00000108107,0.073111775115895,0.1140856218907603
BC24220,BC24220_D2,ENSG00000075624,-0.1461394578190657,-0.1813544511611779
BC24220,BC24220_D2,ENSG00000171345,-0.3586278467580171,-0.4198445696428627
BC24220,BC24220_D2,ENSG00000105372,0.1225250929873446,0.164625689124966
BC24220,BC24220_D2,ENSG00000108298,-0.0086676696283829,-0.0426033133873059
BC24220,BC24220_D2,ENSG00000167526,0.0938962361260273,0.1175400580251788
BC24220,BC24220_D2,ENSG00000197756,-0.0493079839392434,-0.0097014879512782
BC24220,BC24220_D2,ENSG00000161016,0.0168734627016065,0.0093770161210689
BC24220,BC24220_D2,ENSG00000130255,0.2020659621631519,0.2141094044573138
BC24220,BC24220_D2,ENSG00000108518,0.0037810502606277,0.0066161745082308
BC24220,BC24220_D2,ENSG00000087086,0.067535809999767,0.0871771357061731
BC24220,BC24220_D2,ENSG00000136942,0.2304994411801885,0.2671122176515238
BC24220,BC24220_D2,ENSG00000141736,-0.141849499480185,-0.1678182583461022
BC24220,BC24220_D2,__ambiguous[ENSG00000251357+ENSG00000240972],0.2677558809209678,0.3118996265223737
BC24220,BC24220_D2,ENSG00000063177,0.0878233430957877,0.098796049530633
BC24220,BC24220_D2,ENSG00000149273,0.1407829619687111,0.1665456298891499
BC24220,BC24220_D2,ENSG00000197746,0.0810066450673203,0.0908852605920377
BC24220,BC24220_D2,ENSG00000180879,0.1026150500997073,0.1455210366126741
BC24220,BC24220_D2,ENSG00000140264,0.0432549238270871,0.0541517488425047
BC24220,BC24220_D2,ENSG00000105193,-0.0134827532806241,0.0034162443689181
BC24220,BC24220_D2,ENSG00000221983,0.1145822290822397,0.1242240018654949
BC24220,BC24220_D2,ENSG00000117984,0.0302948582707939,0.0482197228794516
BC24220,BC24220_D2,ENSG00000130203,0.0901611630867089,0.1535044134756038
BC24220,BC24220_D2,ENSG00000142534,0.0484698795201266,0.0526095472208117
BC24220,BC24220_D2,ENSG00000142541,0.1145162676660219,0.133349406158834
BC24220,BC24220_D2,ENSG00000179218,0.0003532812850297,0.0243509221794346
BC24220,BC24220_D2,ENSG00000204628,-0.0232695171254549,-0.0347480448579115
BC24220,BC24220_D2,ENSG00000234745,0.1066718507083954,0.1322619370950348
BC24220,BC24220_D2,ENSG00000185624,0.0189940833588015,0.0369269541140148
BC24220,BC24220_D2,ENSG00000147403,-0.0355741925858214,-0.0286415491488624
BC24220,BC24220_D2,ENSG00000166441,0.1737796828162513,0.2233880945566961
BC24220,BC24220_D2,ENSG00000167996,0.0324947774767117,0.0494719040935853
BC24220,BC24220_D2,ENSG00000105640,0.2377776006217786,0.281601625271584
BC24220,BC24220_D2,ENSG00000109062,0.1031613307515743,0.1062452497763047
BC24220,BC24220_D2,ENSG00000140988,-0.0248809471710352,-0.0325521384010081
BC24220,BC24220_D2,ENSG00000115268,0.0639515337468139,0.0577717109122706
BC24220,BC24220_D2,ENSG00000089157,0.1599800168191331,0.1844588364537094
BC24220,BC24220_D2,ENSG00000233927,0.0841677070731026,0.0872854381489003
BC24220,BC24220_D2,ENSG00000171858,-0.0181309175807397,-0.0444812073939692
BC24220,BC24220_D2,ENSG00000213741,0.0065822619685257,0.0174606657611972
BC24220,BC24220_D2,ENSG00000112306,-0.0899622891058955,-0.1207093340551573
BC24220,BC24220_D2,ENSG00000198034,-0.0280390554943546,-0.0281774107032919
BC24220,BC24220_D2,ENSG00000170889,0.0132380565873432,0.033935736866664
BC24220,BC24220_D2,ENSG00000125691,-0.0211035763399178,-0.0447591539133721
BC24220,BC24220_D2,ENSG00000019582,-0.1212700950105351,-0.1709450501789003
BC24220,BC24220_D2,ENSG00000149806,-0.0314443677980754,-0.0122981150692294
BC24220,BC24220_D2,ENSG00000182774,0.004985950542859,0.0002873805589315
BC24220,BC24220_D2,ENSG00000101439,0.1494701987042052,0.1764211835986673
BC24220,BC24220_D2,ENSG00000204592,0.0126980504526498,-0.0186043411850956
BC24220,BC24220_D2,ENSG00000142676,0.0301771244748385,0.0342416739801459
BC24220,BC24220_D2,ENSG00000204525,-0.0051039744335349,0.0103655862647078
BC24220,BC24220_D2,ENSG00000100316,-0.0107762856683722,0.0129986777703448
BC24220,BC24220_D2,ENSG00000172809,0.0674743351602624,0.084045214001862
BC24220,BC24220_D2,ENSG00000111341,-0.0557555673995139,-0.1002486567533831
BC24220,BC24220_D2,ENSG00000206503,0.0548158909856931,0.0727951568445061
BC24220,BC24220_D2,ENSG00000137154,0.089566735802879,0.1141200127931586
BC24220,BC24220_D2,ENSG00000172757,0.0274204021873635,0.0711830438594563
BC24220,BC24220_D2,ENSG00000142937,0.0163134623396795,0.0155864051066553
BC24220,BC24220_D2,ENSG00000083845,0.0750050947699549,0.1358512402754612
BC24220,BC24220_D2,ENSG00000167468,0.089583815153411,0.1069593402460613
BC24220,BC24220_D2,__ambiguous[ENSG00000185883+ENSG00000260272],0.0464414424883375,0.0490867887551942
BC24220,BC24220_D2,ENSG00000177954,-0.1642067501004193,-0.1782358868682904
BC24220,BC24220_D2,ENSG00000165949,0.1231421996647159,0.1430845333484379
BC24220,BC24220_D2,__ambiguous[ENSG00000254772+ENSG00000255508],0.1473793741625594,0.1812050483417236
BC24220,BC24220_D2,ENSG00000184009,0.3196788562268992,0.3969566042891166
BC24220,BC24220_D2,ENSG00000231925,0.0905530576484159,0.1289708398264741
BC24220,BC24220_D2,ENSG00000162244,0.1048577018739664,0.1346651185981525
BC24220,BC24220_D2,ENSG00000107223,-0.0112293599302284,-0.0065814844080681
BC24220,BC24220_D2,ENSG00000108821,0.1381049282485079,0.1724527220960458
BC24220,BC24220_D2,ENSG00000108639,0.0823462512099712,0.1137173002161054
BC24220,BC24220_D2,ENSG00000167658,-0.0213664804648733,-0.0301868518361672
BC24220,BC24220_D2,ENSG00000135404,-0.1016692941570874,-0.157041417636717
BC24220,BC24220_D2,ENSG00000197958,-0.0032660796565488,-0.0180657022948523
BC24220,BC24220_D2,ENSG00000163220,0.0315502434534713,0.0407006899751487
BC24220,BC24220_D2,ENSG00000106624,-0.000418405270376,0.0220753485601975
BC24220,BC24220_D2,ENSG00000172531,0.0301258941543007,0.0241622192946222
BC24220,BC24220_D2,ENSG00000167995,0.0955100725050788,0.0868403652182015
BC24220,BC24220_D2,ENSG00000163191,-0.0625602850765315,-0.0373901871634184
BC24220,BC24220_D2,ENSG00000156482,-0.0368337111652248,-0.054114782755961
BC24220,BC24220_D2,ENSG00000108679,0.1603291216356862,0.1645574838304279
BC24220,BC24220_D2,ENSG00000246705,-0.1032937043512134,-0.1215054137664913
BC24220,BC24220_D2,ENSG00000149925,-0.1947955704625215,-0.2330490141168717
BC24220,BC24220_D2,ENSG00000169710,0.1900291818038009,0.2473214083843565
BC24220,BC24220_D2,ENSG00000115884,-0.0170301139780845,-0.0057735919477221
BC24220,BC24220_D2,ENSG00000144713,0.0123053480785779,0.03412765716433
BC24220,BC24220_D2,ENSG00000185825,-0.0117364488395456,-0.0441618064060386
BC24220,BC24220_D2,ENSG00000148303,-0.1075680519091934,-0.0822572956270736
BC24220,BC24220_D2,ENSG00000174748,0.1247415074997387,0.12390778536254
BC24220,BC24220_D2,ENSG00000130303,0.0272821259314745,0.0500369281137062
BC24220,BC24220_D2,ENSG00000143947,0.0467492672216837,0.036904338332237
BC24220,BC24220_D2,ENSG00000104904,-0.0016799092964532,0.0002768060431554
BC24220,BC24220_D2,ENSG00000173372,0.0714487854086095,0.0474174028611446
BC24220,BC24220_D2,ENSG00000224389,0.004090510514887,-0.0030977855911388
BC24220,BC24220_D2,ENSG00000166710,0.278073672862515,0.3396471227777134
BC24220,BC24220_D2,ENSG00000117410,-4.742885833016539e-05,0.0009772324638012
BC24220,BC24220_D2,ENSG00000198242,-0.0476767576006069,-0.0630806636262324
BC24220,BC24220_D2,ENSG00000145592,0.1049106434749152,0.1056171986059042
BC24220,BC24220_D2,ENSG00000130208,0.0304801693264422,0.0336280559304293
BC24220,BC24220_D2,ENSG00000165215,0.1547907023740538,0.1600847351660298
BC24220,BC24220_D2,ENSG00000152082,0.090745717674598,0.0900327185611485
BC24220,BC24220_D2,__ambiguous[ENSG00000185885+ENSG00000185201],0.0443595935778636,0.0540388671825538
BC24220,BC24220_D2,ENSG00000131469,-0.1667510493900394,-0.1841724869306438
BC24220,BC24220_D2,ENSG00000115457,0.021645763460541,0.0428415683693346
BC24220,BC24220_D2,ENSG00000277972,-0.0195537146969458,-0.000945738398854
BC24220,BC24220_D2,ENSG00000279483,0.0290785194037652,0.0272258272285292
BC24220,BC24220_D2,ENSG00000118181,0.0189774804459601,0.006048932470448
BC24220,BC24220_D2,__ambiguous[ENSG00000124614+ENSG00000270800],0.0618817322507801,0.0719191865081197
BC24220,BC24220_D2,__ambiguous[ENSG00000243678+ENSG00000011052],-0.0289454697689094,-0.0061654384576815
BC24220,BC24220_D2,ENSG00000142669,-0.1176094031161123,-0.1110982199567161
BC24220,BC24220_D2,ENSG00000126267,-0.0636749098133926,-0.0458057267198058
BC24220,BC24220_D2,ENSG00000160862,0.0119905327527311,0.0296296690250279
BC24220,BC24220_D2,ENSG00000071553,0.038495197478569,0.0579301391945542
BC24220,BC24220_D2,ENSG00000110651,-0.0104400707603074,-0.0099550923134691
BC24220,BC24220_D2,ENSG00000092841,0.0144639093851655,0.0302375164660228
BC24220,BC24220_D2,ENSG00000106211,0.164980876222562,0.1813905254353398
BC24220,BC24220_D2,ENSG00000074800,0.1261381460304285,0.159763720351228
BC24220,BC24220_D2,ENSG00000169100,-0.0200534871553107,-0.0265961522009015
BC24220,BC24220_D2,ENSG00000108344,0.0305049315284484,0.0406928050677731
BC24220,BC24220_D2,ENSG00000162511,-0.0095046944064409,0.0085361351895502
BC24220,BC24220_D2,ENSG00000158710,0.0781290697095442,0.0748411142210488
BC24220,BC24220_D2,ENSG00000133112,0.1604953214799944,0.1904768108113702
BC24220,BC24220_D2,ENSG00000111057,-0.0715838408562274,-0.0896211113624092
BC24220,BC24220_D2,ENSG00000277791,-0.0492669665926128,-0.0672500014430508
BC24220,BC24220_D2,ENSG00000205542,-0.0429105457757748,-0.0486859352147943
BC24220,BC24220_D2,ENSG00000030582,0.0885879756228392,0.096735437037121
BC24220,BC24220_D2,ENSG00000124664,0.0965991579202555,0.1096244458011099
BC24220,BC24220_D2,ENSG00000185499,-0.2046793893903591,-0.2231849121920458
BC24220,BC24220_D2,ENSG00000070756,-0.023605886317174,-0.0299569782265452
BC24220,BC24220_D2,ENSG00000178719,0.0026386398864205,0.0228337055096406
BC24220,BC24220_D2,ENSG00000117450,0.1240876269096019,0.1437697100706103
BC24220,BC24220_D2,ENSG00000196924,0.0358140991581717,0.0461195220499259
BC24220,BC24220_D2,ENSG00000105223,-0.0068099167423582,-0.0163034706314851
BC24220,BC24220_D2,ENSG00000071082,0.0549905676882228,0.0705539788309448
BC24220,BC24220_D2,ENSG00000051523,0.0374801172098462,0.0471435479300303
BC24220,BC24220_D2,ENSG00000143774,0.1311450158638518,0.1535651488103072
BC24220,BC24220_D2,__ambiguous[ENSG00000257341+ENSG00000213145],0.0354970053796966,0.0343636563267641
BC24220,BC24220_D2,ENSG00000182492,-0.027788533289177,-0.0429383801394468
BC24220,BC24220_D2,ENSG00000150991,0.0522199359522126,0.0518512930270132
BC24220,BC24220_D2,ENSG00000149591,-0.0389694616270494,-0.0072342800239986
BC24220,BC24220_D2,ENSG00000141522,0.0207941804729109,0.0555293049308654
BC24220,BC24220_D2,ENSG00000141741,-0.0188632531065458,-0.0398196197781439
BC24220,BC24220_D2,ENSG00000102265,-0.0221969472424368,-0.0046362574904038
BC24220,BC24220_D2,ENSG00000125534,-0.0252858667974626,-0.0392992423333442
BC24220,BC24220_D2,ENSG00000160789,0.0686575572463732,0.0867058969488963
BC24220,BC24220_D2,ENSG00000182809,-0.0234713627167099,-0.0051091460394993
BC24220,BC24220_D2,ENSG00000184897,0.0195004363417909,0.0138048456200057
BC24220,BC24220_D2,ENSG00000124614,0.0590383797511957,0.0931462959594578
BC24220,BC24220_D2,__ambiguous[ENSG00000277957+ENSG00000161960],-0.0061074666331549,0.023385582342414
BC24220,BC24220_D2,ENSG00000187514,0.0521234497790288,0.0358830903456952
BC24220,BC24220_D2,ENSG00000204287,0.068519965982202,0.1362638312327323
BC24220,BC24220_D2,ENSG00000125730,-0.1750406481080611,-0.1831215292049088
BC24220,BC24220_D2,ENSG00000145425,-0.0317789641725336,-0.0428193717154228
BC24220,BC24220_D2,ENSG00000163682,0.1049678692437639,0.1287622128649688
BC24220,BC24220_D2,ENSG00000058262,0.0182977889190593,0.0262145152903352
BC24220,BC24220_D2,ENSG00000176340,0.0240443116586379,0.039362338565213
BC24220,BC24220_D2,ENSG00000123349,0.0127863066029955,0.0170247657223986
BC24220,BC24220_D2,ENSG00000138326,-0.0030022166540148,0.0471402658110138
BC24220,BC24220_D2,ENSG00000104529,-0.046316451266291,-0.0453511456966782
BC24220,BC24220_D2,ENSG00000114353,-0.0056299537513994,-0.0103890267401682
BC24220,BC24220_D2,__ambiguous[ENSG00000219200+ENSG00000161939],0.0993331426935806,0.0828522123092346
BC24220,BC24220_D2,ENSG00000127540,0.0166194362214911,0.0014396725466117
BC24220,BC24220_D2,ENSG00000164733,0.0015078538558885,0.001809135565253
BC24220,BC24220_D2,ENSG00000169223,0.0224349297675774,0.0082053198714604
BC24220,BC24220_D2,ENSG00000114867,-0.0083563065680329,-0.0091919525520118
BC24220,BC24220_D2,ENSG00000103363,-0.0112930051551962,-0.0199707598207569
BC24220,BC24220_D2,ENSG00000135480,0.0246143000000173,0.0185818992265057
BC24220,BC24220_D2,ENSG00000178980,0.0285755531492377,0.0662781764647018
BC24220,BC24220_D2,ENSG00000178952,0.0050881750088916,-0.0022633537460525
BC24220,BC24220_D2,ENSG00000052344,-0.025778188041751,-0.0411314905016191
BC24220,BC24220_D2,ENSG00000272196,-0.0579504855450211,-0.0737724526988005
BC24220,BC24220_D2,ENSG00000144426,0.0070333814644902,-0.0083850639947209
BC24220,BC24220_D2,ENSG00000104964,-0.0422308317247348,-0.035254980663654
BC24220,BC24220_D2,__ambiguous[ENSG00000262526+ENSG00000170296],-0.0072089846953339,0.0040395067704638
BC24220,BC24220_D2,ENSG00000111669,0.0564030580892827,0.0919017175402154
BC24220,BC24220_D2,ENSG00000255823,0.0178066721539712,0.0336738952786181
BC24220,BC24220_D2,ENSG00000172354,0.0017653887212579,-0.0220190201401596
BC24220,BC24220_D2,ENSG00000142089,0.1753251981883007,0.1806698596129498
BC24220,BC24220_D2,ENSG00000026025,0.0645465201348842,0.1056127166784345
BC24220,BC24220_D2,ENSG00000126247,0.0071292001635505,0.0052072184237473
BC24220,BC24220_D2,ENSG00000115414,0.1524050642863968,0.2194630093518357
BC24220,BC24220_D2,ENSG00000008988,0.0199649733085984,0.0298019104019242
BC24220,BC24220_D2,ENSG00000182899,-0.017729766057154,-0.00770545482936
BC24220,BC24220_D2,ENSG00000131143,-0.0802079689420433,-0.0614139661780194
BC24220,BC24220_D2,ENSG00000167815,-0.0144321287933549,0.0039217495325004
BC24220,BC24220_D2,ENSG00000100300,0.0554705098801854,0.0834582544247735
BC24220,BC24220_D2,ENSG00000173369,0.0756179592401562,0.0705092061420701
BC24220,BC24220_D2,ENSG00000171222,0.0340074820967907,0.0394231232521864
BC24220,BC24220_D2,ENSG00000131748,-0.0305524687870734,-0.0150271592864601
BC24220,BC24220_D2,ENSG00000188846,0.0025133296599456,-0.0262461247587095
BC24220,BC24220_D2,ENSG00000251562,-0.08555995145388,-0.1009674556029225
BC24220,BC24220_D2,ENSG00000170315,0.0537646562317768,0.0611396561831555
BC24220,BC24220_D2,ENSG00000174886,0.0502465170160082,0.0665450020904477
BC24220,BC24220_D2,ENSG00000142949,0.0427561850386355,0.0533180383674124
BC24220,BC24220_D2,ENSG00000142173,-0.0024519669732223,0.0110944927495307
BC24220,BC24220_D2,ENSG00000143546,-0.0860192594394907,-0.072996008692833
BC24220,BC24220_D2,ENSG00000197956,0.0363993035576537,0.0683064724301313
BC24220,BC24220_D2,ENSG00000214530,0.0622363184188226,0.0864020742499603
BC24220,BC24220_D2,ENSG00000269028,0.0156189753455097,0.0467802888191572
BC24220,BC24220_D2,ENSG00000145494,-0.0701260142891712,-0.0450339489781548
BC24220,BC24220_D2,ENSG00000187608,-0.0251875991879385,-0.0422737775108409
BC24220,BC24220_D2,ENSG00000172270,-0.0277383097472945,-0.0211946094010337
BC24220,BC24220_D2,ENSG00000164692,0.1013164170729638,0.1500702939179371
BC24220,BC24220_D2,ENSG00000130725,-0.0230754644169665,-0.0173290059381275
BC24220,BC24220_D2,ENSG00000155366,-0.0292086273870999,0.0066190557984022
BC24220,BC24220_D2,ENSG00000100219,0.2551928625404939,0.2931917392594098
BC24220,BC24220_D2,ENSG00000213988,-0.0431474322698752,-0.0610691909918825
BC24220,BC24220_D2,ENSG00000174444,0.0231468045655165,0.0001691930732015
BC24220,BC24220_D2,ENSG00000196576,0.0072560229047309,0.0101347484117404
BC24220,BC24220_D2,ENSG00000125970,-0.0095506263129282,0.0069036251650293
BC24220,BC24220_D2,ENSG00000011304,0.0495721217514382,0.089250551208845
BC24220,BC24220_D2,ENSG00000186010,0.0088478770113626,0.0022332799287164
BC24220,BC24220_D2,ENSG00000168528,0.0747345535363989,0.0987952945925975
BC24220,BC24220_D2,ENSG00000110492,-0.041468324178018,-0.0513855593042036
BC24220,BC24220_D2,ENSG00000025708,0.0545102090153926,0.068340004001324
BC24220,BC24220_D2,ENSG00000114391,0.085171767451515,0.0520130816000676
BC24220,BC24220_D2,ENSG00000087460,0.1750147865284277,0.2505516543894479
BC24220,BC24220_D2,ENSG00000101335,0.0368400300289774,0.062390323295941
BC24220,BC24220_D2,ENSG00000163399,0.0111307606274018,0.0473103648402237
BC24220,BC24220_D2,ENSG00000173272,0.0212632818705965,0.0182301666283174
BC24220,BC24220_D2,__ambiguous[ENSG00000241343+ENSG00000257529],-0.0138224835345743,-0.0259606645597039
BC24220,BC24220_D2,ENSG00000160932,-0.0072491361849851,-0.0108586510188847
BC24220,BC24220_D2,ENSG00000135390,0.0158010396820491,0.0047932715340106
BC24220,BC24220_D2,ENSG00000161960,0.1692901999497833,0.2180525751287221
BC24220,BC24220_D2,ENSG00000170421,0.1306475228229295,0.1370149436559836
BC24220,BC24220_D2,ENSG00000171863,0.0441227688421586,0.0268554349770809
BC24220,BC24220_D2,ENSG00000129226,0.0145341416918691,0.0579854241530294
BC24220,BC24220_D2,ENSG00000132507,-0.0820272293153081,-0.0781282869315417
BC24220,BC24220_D2,ENSG00000177700,-0.0188064298244388,-0.0283673330486281
BC24220,BC24220_D2,ENSG00000130520,0.0564109582528816,0.0714412248560547
BC24220,BC24220_D2,ENSG00000130402,-0.0074217027214379,0.0054002726619868
BC24220,BC24220_D2,ENSG00000135940,0.0232274028741073,0.0051900520683882
BC24220,BC24220_D2,ENSG00000176046,0.121844630557122,0.1231245520462332
BC24220,BC24220_D2,ENSG00000123989,0.0611626035960061,0.0621273992561022
BC24220,BC24220_D2,ENSG00000163479,-0.0301037074031472,-0.0386722924800587
BC24220,BC24220_D2,ENSG00000204469,-0.0183267487979204,-0.0054835366901335
BC24220,BC24220_D2,ENSG00000279274,0.0173694292476716,0.0484214446390737
BC24220,BC24220_D2,ENSG00000140990,0.0739620806933251,0.056116577374784
BC24220,BC24220_D2,ENSG00000124172,0.1338992053501351,0.1747642357373167
BC24220,BC24220_D2,__ambiguous[ENSG00000273259+ENSG00000196136],-0.0866939390510632,-0.0744676354399979
BC24220,BC24220_D2,ENSG00000159335,-0.0126069010084125,-0.0134835119454071
BC24220,BC24220_D2,ENSG00000143420,0.1315875021654884,0.1576456666634011
BC24220,BC24220_D2,ENSG00000147684,0.0155573493036277,0.0082072908876045
BC24220,BC24220_D2,ENSG00000128322,0.0607904074857688,0.0459677875683533
BC24220,BC24220_E1,ENSG00000254709,0.0186270521309067,0.0136360457689942
BC24220,BC24220_E1,ENSG00000034510,0.1832854931984943,0.2015901670034886
BC24220,BC24220_E1,ENSG00000137818,0.1879988066205714,0.2394823544511273
BC24220,BC24220_E1,ENSG00000231500,0.1653705809080241,0.199087064296756
BC24220,BC24220_E1,ENSG00000111640,0.4545342233349691,0.536842475024858
BC24220,BC24220_E1,ENSG00000177600,0.3457255587777202,0.389359939943563
BC24220,BC24220_E1,ENSG00000164587,0.1451111618301618,0.1688711413929751
BC24220,BC24220_E1,ENSG00000108107,0.131985449573969,0.1439327043321758
BC24220,BC24220_E1,ENSG00000075624,-0.0816583776032342,-0.1051604503742661
BC24220,BC24220_E1,ENSG00000171345,-0.2156872840727374,-0.3039906724970202
BC24220,BC24220_E1,ENSG00000105372,0.0799561334799604,0.0780230651482424
BC24220,BC24220_E1,ENSG00000108298,-0.0313073626813905,-0.0445910828578658
BC24220,BC24220_E1,ENSG00000167526,0.1216727534854273,0.1455846029444781
BC24220,BC24220_E1,ENSG00000197756,0.2037516258446896,0.2554944091547404
BC24220,BC24220_E1,ENSG00000161016,0.1050991247575677,0.1212293716050374
BC24220,BC24220_E1,ENSG00000130255,0.2322426857567347,0.2569501907739481
BC24220,BC24220_E1,ENSG00000108518,0.0559181399539068,0.0514523342961918
BC24220,BC24220_E1,ENSG00000087086,0.1881051964594648,0.2299132245966166
BC24220,BC24220_E1,ENSG00000136942,0.1797964958751298,0.2064102927318403
BC24220,BC24220_E1,ENSG00000141736,-0.0173584567451286,-0.0243250266709385
BC24220,BC24220_E1,__ambiguous[ENSG00000251357+ENSG00000240972],0.0834345004901754,0.1101676506984246
BC24220,BC24220_E1,ENSG00000063177,0.0191511913900688,0.0205821177554607
BC24220,BC24220_E1,ENSG00000149273,0.1552984101971967,0.1822390556731619
BC24220,BC24220_E1,ENSG00000197746,0.0293871041817557,0.0215575965739714
BC24220,BC24220_E1,ENSG00000180879,0.1440059100739027,0.1685193679428402
BC24220,BC24220_E1,ENSG00000140264,-0.0200130392783488,-0.0230218150294194
BC24220,BC24220_E1,ENSG00000105193,0.0678019050003611,0.0633852430263474
BC24220,BC24220_E1,ENSG00000221983,0.0278772940410204,0.0340136071202458
BC24220,BC24220_E1,ENSG00000117984,0.0080808216093238,-0.0084081465853875
BC24220,BC24220_E1,ENSG00000130203,0.2589043693339227,0.3072976306927589
BC24220,BC24220_E1,ENSG00000142534,0.1680476796373216,0.202251689846491
BC24220,BC24220_E1,ENSG00000142541,0.1697672144403353,0.1634108984247067
BC24220,BC24220_E1,ENSG00000179218,0.0519287433649435,0.0772583669177748
BC24220,BC24220_E1,ENSG00000204628,0.0436339163150704,0.092221198348847
BC24220,BC24220_E1,ENSG00000234745,0.0870672989678053,0.1575228219055683
BC24220,BC24220_E1,ENSG00000185624,0.0006593042768842,0.018134033178803
BC24220,BC24220_E1,ENSG00000147403,0.0452325661623131,0.0284623154840034
BC24220,BC24220_E1,ENSG00000166441,0.2244004122916484,0.2569923400029961
BC24220,BC24220_E1,ENSG00000167996,0.074941749678015,0.1090860361180238
BC24220,BC24220_E1,ENSG00000105640,0.22778979908937,0.2394859152990294
BC24220,BC24220_E1,ENSG00000109062,-0.0505463924658641,-0.0472305687542522
BC24220,BC24220_E1,ENSG00000140988,-0.001556024950469,0.0159958259924008
BC24220,BC24220_E1,ENSG00000115268,0.0038782067617164,-0.0066654957569288
BC24220,BC24220_E1,ENSG00000089157,0.1347220380426369,0.1976327394494269
BC24220,BC24220_E1,ENSG00000233927,0.0561619986114515,0.0632755785024465
BC24220,BC24220_E1,ENSG00000171858,-0.0429676557323345,-0.0295820577666226
BC24220,BC24220_E1,ENSG00000213741,-0.0428687672883922,-0.0340405653315207
BC24220,BC24220_E1,ENSG00000112306,-0.0216764425944504,-0.0403089888743195
BC24220,BC24220_E1,ENSG00000198034,-0.0374302167157876,-0.0391840836538907
BC24220,BC24220_E1,ENSG00000170889,0.0839386008338485,0.0822333471383451
BC24220,BC24220_E1,ENSG00000125691,-0.0647862765272623,-0.0952773253611651
BC24220,BC24220_E1,ENSG00000019582,-0.1477916276937761,-0.1843657711898719
BC24220,BC24220_E1,ENSG00000149806,0.0485408122229531,0.0756063034844203
BC24220,BC24220_E1,ENSG00000182774,-0.0787520086114415,-0.0628045117502961
BC24220,BC24220_E1,ENSG00000101439,0.1052815618010466,0.1297126591366951
BC24220,BC24220_E1,ENSG00000204592,-0.0179210314458523,-0.048853668417887
BC24220,BC24220_E1,ENSG00000142676,-0.0374144842448061,-0.0233522045159991
BC24220,BC24220_E1,ENSG00000204525,0.0958180713818541,0.1113564476878524
BC24220,BC24220_E1,ENSG00000100316,0.1263911053363711,0.1455279200191509
BC24220,BC24220_E1,ENSG00000172809,-0.0042677729456701,-0.0279702886626624
BC24220,BC24220_E1,ENSG00000111341,-0.1958252897057743,-0.2419845701826426
BC24220,BC24220_E1,ENSG00000206503,0.0223471317978351,0.0043228138171409
BC24220,BC24220_E1,ENSG00000137154,-0.021117283297466,-0.0283425659387893
BC24220,BC24220_E1,ENSG00000172757,0.1658841730527425,0.190506618449491
BC24220,BC24220_E1,ENSG00000142937,0.0617762161453623,0.0720785906242229
BC24220,BC24220_E1,ENSG00000083845,0.1151652414210535,0.1342096809854177
BC24220,BC24220_E1,ENSG00000167468,0.0386808036502666,0.0262192423153878
BC24220,BC24220_E1,__ambiguous[ENSG00000185883+ENSG00000260272],0.0576464990287471,0.0443078932613697
BC24220,BC24220_E1,ENSG00000177954,-0.0956140144696714,-0.0807085043417016
BC24220,BC24220_E1,ENSG00000165949,0.0891840843400922,0.1170643055836232
BC24220,BC24220_E1,__ambiguous[ENSG00000254772+ENSG00000255508],0.1196185586561835,0.1504364200148432
BC24220,BC24220_E1,ENSG00000184009,0.2774424857049048,0.3206090919831831
BC24220,BC24220_E1,ENSG00000231925,-0.0221535865353148,-0.0235414414051656
BC24220,BC24220_E1,ENSG00000162244,0.1796169617640795,0.2333484279867846
BC24220,BC24220_E1,ENSG00000107223,0.0165851949547966,0.019553780256319
BC24220,BC24220_E1,ENSG00000108821,0.2395844512738568,0.2974425167924468
BC24220,BC24220_E1,ENSG00000108639,0.0977505110015753,0.1166909799807534
BC24220,BC24220_E1,ENSG00000167658,0.003322959766598,0.0135393364629794
BC24220,BC24220_E1,ENSG00000135404,-0.1419669686272565,-0.138645733421434
BC24220,BC24220_E1,ENSG00000197958,0.0369100635631087,0.0294946479931387
BC24220,BC24220_E1,ENSG00000163220,-0.0013913451452984,-0.0071074437838959
BC24220,BC24220_E1,ENSG00000106624,-0.0070575456958382,-0.0059843897615314
BC24220,BC24220_E1,ENSG00000172531,-0.0989600091750412,-0.0910736901618923
BC24220,BC24220_E1,ENSG00000167995,0.0470925428042273,0.0734791449940903
BC24220,BC24220_E1,ENSG00000163191,-0.0019285623110469,0.0014378653141855
BC24220,BC24220_E1,ENSG00000156482,0.0174507520617643,0.0087523264860336
BC24220,BC24220_E1,ENSG00000108679,0.0582624172028497,0.0597739005780468
BC24220,BC24220_E1,ENSG00000246705,0.0052965389094221,0.0333345147375512
BC24220,BC24220_E1,ENSG00000149925,-0.2303602416978279,-0.2479114859294384
BC24220,BC24220_E1,ENSG00000169710,0.1279604146890486,0.1789713608117455
BC24220,BC24220_E1,ENSG00000115884,-0.0056875425547857,0.0019354824391735
BC24220,BC24220_E1,ENSG00000144713,0.0116719874376805,0.0286152603502804
BC24220,BC24220_E1,ENSG00000185825,-0.1801548983024739,-0.2148823499641865
BC24220,BC24220_E1,ENSG00000148303,0.0254934786404353,0.030335301660584
BC24220,BC24220_E1,ENSG00000174748,-0.0209350537955051,-0.011084410231264
BC24220,BC24220_E1,ENSG00000130303,0.0366834075551536,0.0330785076247627
BC24220,BC24220_E1,ENSG00000143947,0.0040610087625992,0.0193139636639461
BC24220,BC24220_E1,ENSG00000104904,-0.0892330720085027,-0.107707569017088
BC24220,BC24220_E1,ENSG00000173372,-0.0620486486893376,-0.0767070463024632
BC24220,BC24220_E1,ENSG00000224389,0.0385117399226966,0.0530714541978661
BC24220,BC24220_E1,ENSG00000166710,0.2828699722856401,0.3423006654000152
BC24220,BC24220_E1,ENSG00000117410,0.0157811889940688,0.0230502955028497
BC24220,BC24220_E1,ENSG00000198242,-0.1161466167555577,-0.1149048936421448
BC24220,BC24220_E1,ENSG00000145592,-0.0418265010011548,-0.0380638059835755
BC24220,BC24220_E1,ENSG00000130208,0.0151799784810851,0.0454252354415012
BC24220,BC24220_E1,ENSG00000165215,0.0897416653292434,0.1297072586615857
BC24220,BC24220_E1,ENSG00000152082,0.0834235848865988,0.1131498044566653
BC24220,BC24220_E1,__ambiguous[ENSG00000185885+ENSG00000185201],-0.019314025814873,-0.0293746908558345
BC24220,BC24220_E1,ENSG00000131469,-0.1670811618054875,-0.1807249724998042
BC24220,BC24220_E1,ENSG00000115457,0.0384657450223441,0.0544607982617076
BC24220,BC24220_E1,ENSG00000277972,0.050444456741349,0.0394821593544851
BC24220,BC24220_E1,ENSG00000279483,0.1087550955797866,0.1311624105673292
BC24220,BC24220_E1,ENSG00000118181,-0.0213212055355042,-0.0101320814997461
BC24220,BC24220_E1,__ambiguous[ENSG00000124614+ENSG00000270800],0.0781115884176247,0.0688541302554875
BC24220,BC24220_E1,__ambiguous[ENSG00000243678+ENSG00000011052],0.0269437882609424,0.0255331724519776
BC24220,BC24220_E1,ENSG00000142669,-0.021635231017195,-0.0399535129733785
BC24220,BC24220_E1,ENSG00000126267,0.012819664084762,0.0142501345331864
BC24220,BC24220_E1,ENSG00000160862,0.0928346680510739,0.105686771475143
BC24220,BC24220_E1,ENSG00000071553,0.019199851069524,0.0376560010348176
BC24220,BC24220_E1,ENSG00000110651,-0.0566421070232059,-0.0540797434852792
BC24220,BC24220_E1,ENSG00000092841,0.006986995342363,0.0064048199366629
BC24220,BC24220_E1,ENSG00000106211,0.0287669757677333,0.0409209737641685
BC24220,BC24220_E1,ENSG00000074800,0.0172517122025065,0.0366347369100317
BC24220,BC24220_E1,ENSG00000169100,-0.0286481367518208,-0.024199804837776
BC24220,BC24220_E1,ENSG00000108344,0.1448866503915976,0.1852317909633453
BC24220,BC24220_E1,ENSG00000162511,-0.0968920511567859,-0.1312152829508228
BC24220,BC24220_E1,ENSG00000158710,0.0396187803031377,0.0309344177719199
BC24220,BC24220_E1,ENSG00000133112,0.1332156053004118,0.1566061932167085
BC24220,BC24220_E1,ENSG00000111057,-0.0865833945241064,-0.1013011223162817
BC24220,BC24220_E1,ENSG00000277791,-0.0770078748083517,-0.1093811483642242
BC24220,BC24220_E1,ENSG00000205542,0.1420441340019666,0.1744907723597357
BC24220,BC24220_E1,ENSG00000030582,0.0888944406013049,0.101237161128798
BC24220,BC24220_E1,ENSG00000124664,0.0662339865043987,0.0980554306827371
BC24220,BC24220_E1,ENSG00000185499,-0.2556303201818071,-0.3025640415053853
BC24220,BC24220_E1,ENSG00000070756,-0.0055722989237278,0.008767136281014
BC24220,BC24220_E1,ENSG00000178719,0.0034504192743763,0.0193547214449803
BC24220,BC24220_E1,ENSG00000117450,0.0506525752999381,0.0841204194966674
BC24220,BC24220_E1,ENSG00000196924,-0.0804963261198773,-0.0799701069711898
BC24220,BC24220_E1,ENSG00000105223,0.0709098270802947,0.0544011323970068
BC24220,BC24220_E1,ENSG00000071082,0.1259925218204882,0.1305851862792514
BC24220,BC24220_E1,ENSG00000051523,-0.0415580276523921,-0.0470652610969795
BC24220,BC24220_E1,ENSG00000143774,0.0507347211041048,0.0597673211044792
BC24220,BC24220_E1,__ambiguous[ENSG00000257341+ENSG00000213145],-0.0167963214092804,-0.0398969283377702
BC24220,BC24220_E1,ENSG00000182492,0.054699028582692,0.0281846126628481
BC24220,BC24220_E1,ENSG00000150991,-0.0803974047182217,-0.0686710883052258
BC24220,BC24220_E1,ENSG00000149591,0.0211905281281502,0.0214366237528865
BC24220,BC24220_E1,ENSG00000141522,-0.0653541464096586,-0.0839877598117303
BC24220,BC24220_E1,ENSG00000141741,-0.052557408552458,-0.066348514078193
BC24220,BC24220_E1,ENSG00000102265,-0.0512203199218188,-0.076692169857667
BC24220,BC24220_E1,ENSG00000125534,0.0942316418392251,0.1223930743002982
BC24220,BC24220_E1,ENSG00000160789,-0.0405433040980099,-0.0480064569067401
BC24220,BC24220_E1,ENSG00000182809,0.045807296625148,0.0463719079433459
BC24220,BC24220_E1,ENSG00000184897,-0.0064490506513027,0.0019543307143686
BC24220,BC24220_E1,ENSG00000124614,0.0080653087241913,0.0198538545203908
BC24220,BC24220_E1,__ambiguous[ENSG00000277957+ENSG00000161960],0.0234334134158225,0.0209451825098321
BC24220,BC24220_E1,ENSG00000187514,0.1416371319441993,0.1795766222612285
BC24220,BC24220_E1,ENSG00000204287,0.1756301371664121,0.2709824603371533
BC24220,BC24220_E1,ENSG00000125730,-0.1794468890888203,-0.2283349810681227
BC24220,BC24220_E1,ENSG00000145425,-0.0767281238367365,-0.0843397846266919
BC24220,BC24220_E1,ENSG00000163682,0.1063754022788821,0.133186943873051
BC24220,BC24220_E1,ENSG00000058262,0.0640382237436979,0.0598619573521755
BC24220,BC24220_E1,ENSG00000176340,-0.0086669255115646,-0.0084625334437805
BC24220,BC24220_E1,ENSG00000123349,-0.0119665657613335,0.0018690043473251
BC24220,BC24220_E1,ENSG00000138326,0.1054539377892599,0.1469773815035228
BC24220,BC24220_E1,ENSG00000104529,0.0158299134938634,0.0036141043339811
BC24220,BC24220_E1,ENSG00000114353,-0.0252475691453727,-0.0572135231318751
BC24220,BC24220_E1,__ambiguous[ENSG00000219200+ENSG00000161939],0.0948790179429082,0.0840071742747982
BC24220,BC24220_E1,ENSG00000127540,-0.0048347017268216,0.0005118078413998
BC24220,BC24220_E1,ENSG00000164733,0.1381011858810087,0.169817501747769
BC24220,BC24220_E1,ENSG00000169223,-0.0395067331598033,-0.0238152362366239
BC24220,BC24220_E1,ENSG00000114867,-0.0347702683881857,-0.0423911025524804
BC24220,BC24220_E1,ENSG00000103363,0.0315989749361144,0.0405431478636799
BC24220,BC24220_E1,ENSG00000135480,-0.0008336684044029,0.0018865098502584
BC24220,BC24220_E1,ENSG00000178980,0.0556331379483413,0.0725031863137271
BC24220,BC24220_E1,ENSG00000178952,0.0405422760388771,0.0219402838310874
BC24220,BC24220_E1,ENSG00000052344,-0.0384006431875344,-0.0226766936969906
BC24220,BC24220_E1,ENSG00000272196,-0.1158317478616392,-0.1165897931577985
BC24220,BC24220_E1,ENSG00000144426,0.0272824984888622,0.039023911105263
BC24220,BC24220_E1,ENSG00000104964,0.0647895005613712,0.0437795333662723
BC24220,BC24220_E1,__ambiguous[ENSG00000262526+ENSG00000170296],0.0049721848986881,0.0114844330753788
BC24220,BC24220_E1,ENSG00000111669,0.1398814183628415,0.1577942823840444
BC24220,BC24220_E1,ENSG00000255823,0.0264655913432555,0.0502813524633133
BC24220,BC24220_E1,ENSG00000172354,0.073582808806469,0.1165775551504868
BC24220,BC24220_E1,ENSG00000142089,0.0095290982163756,0.0004874984755219
BC24220,BC24220_E1,ENSG00000026025,0.0493693535007887,0.069840254390127
BC24220,BC24220_E1,ENSG00000126247,-0.0128146746599993,-0.0252270562303647
BC24220,BC24220_E1,ENSG00000115414,0.1623565298335894,0.2109859020893741
BC24220,BC24220_E1,ENSG00000008988,0.0697766591356364,0.075342535727445
BC24220,BC24220_E1,ENSG00000182899,0.0773419162597243,0.0926847487049588
BC24220,BC24220_E1,ENSG00000131143,-0.0376991017066627,-0.0302614899136771
BC24220,BC24220_E1,ENSG00000167815,0.0110890961354995,-0.0014747077394354
BC24220,BC24220_E1,ENSG00000100300,0.0195397390739489,0.0025757945879446
BC24220,BC24220_E1,ENSG00000173369,0.0746157473275374,0.0401986709179194
BC24220,BC24220_E1,ENSG00000171222,-0.0045192524886076,0.0192814176546128
BC24220,BC24220_E1,ENSG00000131748,-0.0732194548496299,-0.080983435201542
BC24220,BC24220_E1,ENSG00000188846,0.0611606535929778,0.0778670201035956
BC24220,BC24220_E1,ENSG00000251562,-0.0288379863687818,-0.0464007143790443
BC24220,BC24220_E1,ENSG00000170315,0.0950212186313936,0.0937770125619453
BC24220,BC24220_E1,ENSG00000174886,0.0595121838786528,0.064588758106357
BC24220,BC24220_E1,ENSG00000142949,-0.0026618494810695,0.0075499796323745
BC24220,BC24220_E1,ENSG00000142173,0.092505174654386,0.0684415114183104
BC24220,BC24220_E1,ENSG00000143546,0.0282046429469175,0.0191342878064815
BC24220,BC24220_E1,ENSG00000197956,-0.0324700568273292,-0.0451229576128208
BC24220,BC24220_E1,ENSG00000214530,0.0418605175709734,0.0536960232386954
BC24220,BC24220_E1,ENSG00000269028,0.0502979100840318,0.0673720581896094
BC24220,BC24220_E1,ENSG00000145494,-0.0234350313956815,-0.0062555767332443
BC24220,BC24220_E1,ENSG00000187608,-0.0562748670484731,-0.0700956367788717
BC24220,BC24220_E1,ENSG00000172270,-0.0089521337662292,-0.0236106919938871
BC24220,BC24220_E1,ENSG00000164692,0.1720046735741449,0.2035886050300248
BC24220,BC24220_E1,ENSG00000130725,0.0388229683192204,0.0295590868148339
BC24220,BC24220_E1,ENSG00000155366,-0.1201390941355743,-0.1166913431248998
BC24220,BC24220_E1,ENSG00000100219,0.2890038476206101,0.3237549073286112
BC24220,BC24220_E1,ENSG00000213988,-0.0402967414024528,-0.0454240728753353
BC24220,BC24220_E1,ENSG00000174444,0.0246998732409163,0.0121700868691897
BC24220,BC24220_E1,ENSG00000196576,0.1003222598436784,0.117055871383084
BC24220,BC24220_E1,ENSG00000125970,-0.0297456581908064,-0.0206247123363227
BC24220,BC24220_E1,ENSG00000011304,0.0343774243389476,0.0320967755149935
BC24220,BC24220_E1,ENSG00000186010,-0.0157215522317058,-0.0181301175326491
BC24220,BC24220_E1,ENSG00000168528,0.0793070223399088,0.0833191406609733
BC24220,BC24220_E1,ENSG00000110492,-0.074098349409104,-0.0728889061879455
BC24220,BC24220_E1,ENSG00000025708,-0.0844349134830098,-0.0925530174537439
BC24220,BC24220_E1,ENSG00000114391,-0.1075959132024081,-0.1050761153112403
BC24220,BC24220_E1,ENSG00000087460,0.2251651383888369,0.3120768240816355
BC24220,BC24220_E1,ENSG00000101335,-0.0459405328256203,-0.0653450113273854
BC24220,BC24220_E1,ENSG00000163399,0.1237433947546649,0.151414894422004
BC24220,BC24220_E1,ENSG00000173272,0.0660170261394505,0.0981342523323377
BC24220,BC24220_E1,__ambiguous[ENSG00000241343+ENSG00000257529],0.0134679310563269,0.0215052545454388
BC24220,BC24220_E1,ENSG00000160932,-0.0457922386118165,-0.0755772807738631
BC24220,BC24220_E1,ENSG00000135390,-0.0315844800899792,-0.0241019828827574
BC24220,BC24220_E1,ENSG00000161960,0.1572824464582517,0.2046052902044846
BC24220,BC24220_E1,ENSG00000170421,0.0130928747675761,0.0150084433095354
BC24220,BC24220_E1,ENSG00000171863,0.0150929091193111,0.0176975773662289
BC24220,BC24220_E1,ENSG00000129226,-0.048423268991543,-0.0774466507630636
BC24220,BC24220_E1,ENSG00000132507,0.104070675137684,0.077898606461116
BC24220,BC24220_E1,ENSG00000177700,0.0094680091081659,-0.0086481462591725
BC24220,BC24220_E1,ENSG00000130520,0.0037726829993094,0.0270470662218267
BC24220,BC24220_E1,ENSG00000130402,-0.0384577278984738,-0.0080402783645518
BC24220,BC24220_E1,ENSG00000135940,0.0359060513059286,0.0290922535151028
BC24220,BC24220_E1,ENSG00000176046,0.067152638191296,0.0568900654999379
BC24220,BC24220_E1,ENSG00000123989,-0.0165259574330002,-0.003741574871051
BC24220,BC24220_E1,ENSG00000163479,-0.0572412242792605,-0.067202270710348
BC24220,BC24220_E1,ENSG00000204469,0.0065037124880103,0.0081224249304106
BC24220,BC24220_E1,ENSG00000279274,0.0346934695771121,0.0291880018773559
BC24220,BC24220_E1,ENSG00000140990,0.0574532121085734,0.0718428181457535
BC24220,BC24220_E1,ENSG00000124172,0.2011302242754707,0.2207472813185188
BC24220,BC24220_E1,__ambiguous[ENSG00000273259+ENSG00000196136],0.0033925990350941,0.0034843857296087
BC24220,BC24220_E1,ENSG00000159335,-0.0180057288468687,-0.0103360501346069
BC24220,BC24220_E1,ENSG00000143420,0.1226462512054683,0.1550131135153673
BC24220,BC24220_E1,ENSG00000147684,-0.0407296776553205,-0.0416289477456098
BC24220,BC24220_E1,ENSG00000128322,-0.0071239791107003,-0.0405329173340907
BC24220,BC24220_E2,ENSG00000254709,-0.0099401623968693,-0.024977903854265
BC24220,BC24220_E2,ENSG00000034510,0.2950128777951662,0.3703102513159459
BC24220,BC24220_E2,ENSG00000137818,0.0681585413443395,0.0757377420360886
BC24220,BC24220_E2,ENSG00000231500,0.2442001093870955,0.2817682335597282
BC24220,BC24220_E2,ENSG00000111640,0.4082675752752889,0.4759869110955634
BC24220,BC24220_E2,ENSG00000177600,0.1939158303234211,0.2818988402883699
BC24220,BC24220_E2,ENSG00000164587,0.022430642511038,0.0272303267298207
BC24220,BC24220_E2,ENSG00000108107,0.2444662512826475,0.2595785196324433
BC24220,BC24220_E2,ENSG00000075624,0.1112700610119757,0.1652291669543638
BC24220,BC24220_E2,ENSG00000171345,0.1667899301720599,0.1996535723364283
BC24220,BC24220_E2,ENSG00000105372,0.2054578980123444,0.201542030924293
BC24220,BC24220_E2,ENSG00000108298,-0.148027444018915,-0.1925130327776582
BC24220,BC24220_E2,ENSG00000167526,0.2302223108781435,0.2696300921770644
BC24220,BC24220_E2,ENSG00000197756,0.1559655521124637,0.2140029817421618
BC24220,BC24220_E2,ENSG00000161016,0.1547088178696208,0.1596142579580462
BC24220,BC24220_E2,ENSG00000130255,0.2672420349082721,0.3238437757515709
BC24220,BC24220_E2,ENSG00000108518,0.0638928648584464,0.069839267398971
BC24220,BC24220_E2,ENSG00000087086,0.081123619163493,0.0805041311037023
BC24220,BC24220_E2,ENSG00000136942,0.2009848549517693,0.2351942867961618
BC24220,BC24220_E2,ENSG00000141736,-0.0260661052558418,-0.0204109536925339
BC24220,BC24220_E2,__ambiguous[ENSG00000251357+ENSG00000240972],0.3076101907184125,0.358784861722587
BC24220,BC24220_E2,ENSG00000063177,0.1458765223815575,0.1836848260797915
BC24220,BC24220_E2,ENSG00000149273,-0.1329963216403326,-0.1665219004980158
BC24220,BC24220_E2,ENSG00000197746,0.1087227078600616,0.1019688402711405
BC24220,BC24220_E2,ENSG00000180879,0.0336151110727304,0.0577199289801068
BC24220,BC24220_E2,ENSG00000140264,0.0133809106255502,0.0071247613771714
BC24220,BC24220_E2,ENSG00000105193,0.0216555169890959,0.0440696403248217
BC24220,BC24220_E2,ENSG00000221983,0.1027013702347939,0.1183511787579716
BC24220,BC24220_E2,ENSG00000117984,0.1444894890712184,0.1739541353366301
BC24220,BC24220_E2,ENSG00000130203,-0.0153315517970987,-0.0194383284478258
BC24220,BC24220_E2,ENSG00000142534,0.1615580854399831,0.2012237654403336
BC24220,BC24220_E2,ENSG00000142541,0.1984945638801389,0.2267462591262493
BC24220,BC24220_E2,ENSG00000179218,-0.035945057392845,0.0014181414904384
BC24220,BC24220_E2,ENSG00000204628,0.0307475154021078,0.043337709522642
BC24220,BC24220_E2,ENSG00000234745,0.0032734529897498,0.0294751093968629
BC24220,BC24220_E2,ENSG00000185624,0.089715279498444,0.107841407490181
BC24220,BC24220_E2,ENSG00000147403,0.0888896727949769,0.0841618407937049
BC24220,BC24220_E2,ENSG00000166441,0.0805047596209358,0.1392975067794821
BC24220,BC24220_E2,ENSG00000167996,0.0298981095660184,0.0083690070834529
BC24220,BC24220_E2,ENSG00000105640,0.2345188398990828,0.2791124865530411
BC24220,BC24220_E2,ENSG00000109062,-0.2234401494776963,-0.3110311508512771
BC24220,BC24220_E2,ENSG00000140988,-0.0259483154855764,-0.0466458669915865
BC24220,BC24220_E2,ENSG00000115268,0.102891848599481,0.1226635415436852
BC24220,BC24220_E2,ENSG00000089157,0.0847712568920109,0.1178037589870875
BC24220,BC24220_E2,ENSG00000233927,0.0910534091670277,0.1207087249605891
BC24220,BC24220_E2,ENSG00000171858,0.0433864483752461,0.0318713327131238
BC24220,BC24220_E2,ENSG00000213741,0.0272463241112428,0.0075867491141606
BC24220,BC24220_E2,ENSG00000112306,0.0167667263701209,0.0065991972685072
BC24220,BC24220_E2,ENSG00000198034,-0.0522381427829155,-0.0516709700416535
BC24220,BC24220_E2,ENSG00000170889,0.1118003376649046,0.139167316816816
BC24220,BC24220_E2,ENSG00000125691,-0.038116646594118,-0.0881093562775895
BC24220,BC24220_E2,ENSG00000019582,0.0326074218568978,-0.0165099947855728
BC24220,BC24220_E2,ENSG00000149806,0.203107621268376,0.2450538916524847
BC24220,BC24220_E2,ENSG00000182774,-0.0682656265827136,-0.0832419944327974
BC24220,BC24220_E2,ENSG00000101439,-0.0095606757489826,-0.0162559721210708
BC24220,BC24220_E2,ENSG00000204592,0.0300143524619386,0.0171479719041287
BC24220,BC24220_E2,ENSG00000142676,0.0134447667183931,0.0080217429469442
BC24220,BC24220_E2,ENSG00000204525,0.0249257914347336,0.0488711739554694
BC24220,BC24220_E2,ENSG00000100316,0.0974840720512968,0.1365868110565587
BC24220,BC24220_E2,ENSG00000172809,0.0037667085257562,0.0003266061098809
BC24220,BC24220_E2,ENSG00000111341,-0.0857772785339939,-0.1244822052992884
BC24220,BC24220_E2,ENSG00000206503,-0.1180728123399633,-0.1357592358080989
BC24220,BC24220_E2,ENSG00000137154,0.0264193046279606,-0.0024389485595621
BC24220,BC24220_E2,ENSG00000172757,0.0456278794991546,0.0576177766728098
BC24220,BC24220_E2,ENSG00000142937,0.0604250391628957,0.0517303866067177
BC24220,BC24220_E2,ENSG00000083845,0.1992932663383325,0.2253035054225635
BC24220,BC24220_E2,ENSG00000167468,0.2125111464649306,0.2632283604179719
BC24220,BC24220_E2,__ambiguous[ENSG00000185883+ENSG00000260272],-0.0487606165760135,-0.0444035092317249
BC24220,BC24220_E2,ENSG00000177954,-0.0827590451127748,-0.0781697869021586
BC24220,BC24220_E2,ENSG00000165949,0.1300401504249841,0.1525385460305759
BC24220,BC24220_E2,__ambiguous[ENSG00000254772+ENSG00000255508],0.0941906034463172,0.1610002888719203
BC24220,BC24220_E2,ENSG00000184009,0.2834450045618527,0.3413322961003076
BC24220,BC24220_E2,ENSG00000231925,-0.0432290380691953,-0.0354531076824503
BC24220,BC24220_E2,ENSG00000162244,0.1803075429088966,0.2179980066942623
BC24220,BC24220_E2,ENSG00000107223,0.1892386655527771,0.1958647732217484
BC24220,BC24220_E2,ENSG00000108821,0.1446819768416185,0.2075410192388891
BC24220,BC24220_E2,ENSG00000108639,-0.0233772689890782,-0.0161880044746895
BC24220,BC24220_E2,ENSG00000167658,-0.0065715746107467,-0.0144839103637939
BC24220,BC24220_E2,ENSG00000135404,-0.0290238208804964,-0.0487858986326914
BC24220,BC24220_E2,ENSG00000197958,-0.0502808799753996,-0.0552067921108318
BC24220,BC24220_E2,ENSG00000163220,0.068850964505138,0.0928524556693568
BC24220,BC24220_E2,ENSG00000106624,0.1841707176991416,0.2342764227319585
BC24220,BC24220_E2,ENSG00000172531,-0.182977355589852,-0.185169718593807
BC24220,BC24220_E2,ENSG00000167995,0.0259277405630412,0.0012199403842961
BC24220,BC24220_E2,ENSG00000163191,0.0915718561465638,0.088513096412438
BC24220,BC24220_E2,ENSG00000156482,-0.032302037535517,-0.0217533535681121
BC24220,BC24220_E2,ENSG00000108679,-0.0039324545516917,0.011483067670162
BC24220,BC24220_E2,ENSG00000246705,-0.0284717274324855,-0.0608169091411121
BC24220,BC24220_E2,ENSG00000149925,-0.1566992765756609,-0.203911289797686
BC24220,BC24220_E2,ENSG00000169710,0.1128100982005164,0.1675823684912626
BC24220,BC24220_E2,ENSG00000115884,0.1074874844173785,0.1474035370943498
BC24220,BC24220_E2,ENSG00000144713,-0.0247139577557583,-0.0410862700469037
BC24220,BC24220_E2,ENSG00000185825,-0.0569649406706719,-0.0963973740009222
BC24220,BC24220_E2,ENSG00000148303,-0.030883523650992,-0.0329485877327223
BC24220,BC24220_E2,ENSG00000174748,0.0294053184386971,0.04607427886862
BC24220,BC24220_E2,ENSG00000130303,0.1008314238571006,0.1317332910618992
BC24220,BC24220_E2,ENSG00000143947,-0.00327002459067,0.0364533070422293
BC24220,BC24220_E2,ENSG00000104904,-0.0459392412676324,-0.0339459750892665
BC24220,BC24220_E2,ENSG00000173372,0.0641019581409086,0.0591877623511139
BC24220,BC24220_E2,ENSG00000224389,0.0809025056103299,0.1257038884995983
BC24220,BC24220_E2,ENSG00000166710,0.2385484371427068,0.3590188198190961
BC24220,BC24220_E2,ENSG00000117410,0.0130545225567367,0.0288506409442097
BC24220,BC24220_E2,ENSG00000198242,0.1228617591703206,0.1171356019707397
BC24220,BC24220_E2,ENSG00000145592,0.1004925918458289,0.1425825271691186
BC24220,BC24220_E2,ENSG00000130208,-0.0420229413505697,-0.0584779815267192
BC24220,BC24220_E2,ENSG00000165215,0.0379219641184507,0.0625778339585151
BC24220,BC24220_E2,ENSG00000152082,-0.0455259093651442,-0.0113835765442527
BC24220,BC24220_E2,__ambiguous[ENSG00000185885+ENSG00000185201],-0.0018343379450812,0.0190067695799597
BC24220,BC24220_E2,ENSG00000131469,-0.0224313738284553,-0.033522757634336
BC24220,BC24220_E2,ENSG00000115457,0.0848862703574021,0.1304415924459714
BC24220,BC24220_E2,ENSG00000277972,-0.0787456911333369,-0.0818921172601437
BC24220,BC24220_E2,ENSG00000279483,0.1292770571495594,0.142078663625425
BC24220,BC24220_E2,ENSG00000118181,-0.0364171626670672,-0.0524788893804784
BC24220,BC24220_E2,__ambiguous[ENSG00000124614+ENSG00000270800],0.1590872999869538,0.1765570790014428
BC24220,BC24220_E2,__ambiguous[ENSG00000243678+ENSG00000011052],-0.1119300265102976,-0.1173260555322014
BC24220,BC24220_E2,ENSG00000142669,0.0170923825103209,0.0422479588144337
BC24220,BC24220_E2,ENSG00000126267,0.1469854555930959,0.1667524178637505
BC24220,BC24220_E2,ENSG00000160862,-0.0273287423067737,-0.0682456084237401
BC24220,BC24220_E2,ENSG00000071553,0.0889169049841963,0.0504660790314768
BC24220,BC24220_E2,ENSG00000110651,-0.0533005528612292,-0.069591261049452
BC24220,BC24220_E2,ENSG00000092841,0.0880318821599358,0.0953627940165966
BC24220,BC24220_E2,ENSG00000106211,-0.0821027663517684,-0.0698056121385054
BC24220,BC24220_E2,ENSG00000074800,-0.0472972431712892,-0.0685198038943307
BC24220,BC24220_E2,ENSG00000169100,0.0808433509736463,0.0951470025724344
BC24220,BC24220_E2,ENSG00000108344,0.2519375280256533,0.2917379755909391
BC24220,BC24220_E2,ENSG00000162511,-0.0770860887431288,-0.0830743053914774
BC24220,BC24220_E2,ENSG00000158710,0.0923204117163424,0.0998559555284267
BC24220,BC24220_E2,ENSG00000133112,0.2526170733357968,0.2897338667723438
BC24220,BC24220_E2,ENSG00000111057,-0.0410717885079194,-0.0985418474667746
BC24220,BC24220_E2,ENSG00000277791,-0.0433412928234802,-0.0725643745602768
BC24220,BC24220_E2,ENSG00000205542,0.2916462725217992,0.3432631293339599
BC24220,BC24220_E2,ENSG00000030582,-0.0475491267444798,-0.0686079252666305
BC24220,BC24220_E2,ENSG00000124664,0.0024003888249009,0.0022764858692836
BC24220,BC24220_E2,ENSG00000185499,-0.1678908136591527,-0.2235977136565454
BC24220,BC24220_E2,ENSG00000070756,0.0432001674256418,0.0634426413311377
BC24220,BC24220_E2,ENSG00000178719,-0.0363539451518865,0.0095832350185819
BC24220,BC24220_E2,ENSG00000117450,0.1387233899279148,0.1536454407600448
BC24220,BC24220_E2,ENSG00000196924,0.0949907661789772,0.1179225312767453
BC24220,BC24220_E2,ENSG00000105223,0.1156241662100163,0.1295767671812344
BC24220,BC24220_E2,ENSG00000071082,0.0641093298994949,0.0629186238540721
BC24220,BC24220_E2,ENSG00000051523,-0.0157076158817824,-0.0003968938002103
BC24220,BC24220_E2,ENSG00000143774,0.0193920560717652,0.0269654537680151
BC24220,BC24220_E2,__ambiguous[ENSG00000257341+ENSG00000213145],-0.0905820085597668,-0.1240111971112565
BC24220,BC24220_E2,ENSG00000182492,0.0223210342653623,0.0594959189491106
BC24220,BC24220_E2,ENSG00000150991,0.0011591965816711,0.0165583496898024
BC24220,BC24220_E2,ENSG00000149591,0.0295344801595414,0.0381554715711851
BC24220,BC24220_E2,ENSG00000141522,0.1351075317187021,0.1202231325019638
BC24220,BC24220_E2,ENSG00000141741,-0.0726375918166548,-0.0704572641922712
BC24220,BC24220_E2,ENSG00000102265,0.0780965674122108,0.1055708439063665
BC24220,BC24220_E2,ENSG00000125534,-0.0786563353930369,-0.1026135533774374
BC24220,BC24220_E2,ENSG00000160789,0.0655952562965764,0.055142574731614
BC24220,BC24220_E2,ENSG00000182809,-0.0900282548689751,-0.1020340056653343
BC24220,BC24220_E2,ENSG00000184897,-0.0600220728845264,-0.0973790921547558
BC24220,BC24220_E2,ENSG00000124614,0.0610523902351446,0.0683606232077667
BC24220,BC24220_E2,__ambiguous[ENSG00000277957+ENSG00000161960],-0.0586041163631916,-0.0595313579240463
BC24220,BC24220_E2,ENSG00000187514,0.209386341791493,0.2332958061998493
BC24220,BC24220_E2,ENSG00000204287,0.0574063745565579,0.0791197394173351
BC24220,BC24220_E2,ENSG00000125730,-0.0562717949849743,-0.0549390802775798
BC24220,BC24220_E2,ENSG00000145425,-0.0416370747367142,-0.065193435339422
BC24220,BC24220_E2,ENSG00000163682,0.0107194703184979,0.0539977504879372
BC24220,BC24220_E2,ENSG00000058262,0.1215253048684075,0.1225034259001389
BC24220,BC24220_E2,ENSG00000176340,0.0842820412021599,0.0480053285793443
BC24220,BC24220_E2,ENSG00000123349,0.1600591663431269,0.1863210446632117
BC24220,BC24220_E2,ENSG00000138326,0.0892046191977632,0.0998510751986111
BC24220,BC24220_E2,ENSG00000104529,0.1416568523287923,0.1400490502790074
BC24220,BC24220_E2,ENSG00000114353,0.0512462928166416,0.0759435610852954
BC24220,BC24220_E2,__ambiguous[ENSG00000219200+ENSG00000161939],0.0897821767955574,0.117032509840038
BC24220,BC24220_E2,ENSG00000127540,-0.0799854874155597,-0.1004294149612939
BC24220,BC24220_E2,ENSG00000164733,0.0038593537697693,0.0072391500346291
BC24220,BC24220_E2,ENSG00000169223,0.0361144492346935,0.0406212271475182
BC24220,BC24220_E2,ENSG00000114867,0.0929434194473605,0.1107911873580894
BC24220,BC24220_E2,ENSG00000103363,0.0070132645046811,-0.0253453727540336
BC24220,BC24220_E2,ENSG00000135480,-0.0058956560351767,0.0053680409797276
BC24220,BC24220_E2,ENSG00000178980,0.1214836628339375,0.1284457776441885
BC24220,BC24220_E2,ENSG00000178952,-0.1006058222183572,-0.1053289239389061
BC24220,BC24220_E2,ENSG00000052344,-0.1004627250117532,-0.1146908651477608
BC24220,BC24220_E2,ENSG00000272196,-0.1995994559955253,-0.2593884057632042
BC24220,BC24220_E2,ENSG00000144426,-0.135919780173629,-0.1738209085771898
BC24220,BC24220_E2,ENSG00000104964,0.0216488384667378,0.0470088924145439
BC24220,BC24220_E2,__ambiguous[ENSG00000262526+ENSG00000170296],0.0247752723625518,0.0505909964193761
BC24220,BC24220_E2,ENSG00000111669,0.1493989212234115,0.1785755552124508
BC24220,BC24220_E2,ENSG00000255823,0.3203947294574176,0.3577078710362478
BC24220,BC24220_E2,ENSG00000172354,-0.0796075755317057,-0.1164126922203943
BC24220,BC24220_E2,ENSG00000142089,-0.0405477685980263,-0.031468264114061
BC24220,BC24220_E2,ENSG00000026025,0.0473093804531069,0.068656799496159
BC24220,BC24220_E2,ENSG00000126247,0.0271566655352549,0.0325376936390588
BC24220,BC24220_E2,ENSG00000115414,0.0277638604288383,0.1000691221311857
BC24220,BC24220_E2,ENSG00000008988,0.05155682102101,0.0581255117611837
BC24220,BC24220_E2,ENSG00000182899,0.0825832787757384,0.0882725115898396
BC24220,BC24220_E2,ENSG00000131143,-0.007130065203217,-0.0227405439574778
BC24220,BC24220_E2,ENSG00000167815,0.0564277524125457,0.070820713791559
BC24220,BC24220_E2,ENSG00000100300,0.037203313244973,0.0408530429282609
BC24220,BC24220_E2,ENSG00000173369,-0.0045547026576793,0.0051191132824371
BC24220,BC24220_E2,ENSG00000171222,0.0264879270147187,0.03795988861229
BC24220,BC24220_E2,ENSG00000131748,-0.1404173425562317,-0.1784137642757472
BC24220,BC24220_E2,ENSG00000188846,-0.0130143852169522,-0.0145989858678724
BC24220,BC24220_E2,ENSG00000251562,0.19770725654008,0.223173273275896
BC24220,BC24220_E2,ENSG00000170315,0.0632928399680165,0.0815860494917194
BC24220,BC24220_E2,ENSG00000174886,0.0817058583686499,0.0920100640230395
BC24220,BC24220_E2,ENSG00000142949,0.0766041904889379,0.0858345054968123
BC24220,BC24220_E2,ENSG00000142173,0.0003945528890336,0.0571279061792582
BC24220,BC24220_E2,ENSG00000143546,0.0097458695622363,0.0061589591177365
BC24220,BC24220_E2,ENSG00000197956,-0.0051385963299306,-0.023005355521977
BC24220,BC24220_E2,ENSG00000214530,-0.0502009622956543,-0.0937831725508332
BC24220,BC24220_E2,ENSG00000269028,0.3065877818128019,0.3577046321663802
BC24220,BC24220_E2,ENSG00000145494,0.0934571148188824,0.0855630854505928
BC24220,BC24220_E2,ENSG00000187608,-0.0288555746204635,-0.0510857025875099
BC24220,BC24220_E2,ENSG00000172270,-0.0410336978345582,-0.0377084943692091
BC24220,BC24220_E2,ENSG00000164692,0.1665171379865117,0.2186177980898781
BC24220,BC24220_E2,ENSG00000130725,0.0954113751912712,0.0966165602705311
BC24220,BC24220_E2,ENSG00000155366,-0.0885278646102979,-0.1030849224421953
BC24220,BC24220_E2,ENSG00000100219,0.2120016134706753,0.2626427608454426
BC24220,BC24220_E2,ENSG00000213988,-0.0146136410565711,-0.0273085654082743
BC24220,BC24220_E2,ENSG00000174444,0.1235247993787206,0.12108326226635
BC24220,BC24220_E2,ENSG00000196576,0.052146879870038,0.1038026283823086
BC24220,BC24220_E2,ENSG00000125970,0.0109968255230888,0.0291599876412836
BC24220,BC24220_E2,ENSG00000011304,0.0679907660181967,0.1145825889171742
BC24220,BC24220_E2,ENSG00000186010,-0.0784686374969163,-0.0982463251727677
BC24220,BC24220_E2,ENSG00000168528,-0.1382253248948925,-0.1423310729857302
BC24220,BC24220_E2,ENSG00000110492,0.0361092820348055,0.0367327369581965
BC24220,BC24220_E2,ENSG00000025708,0.0528714441635817,0.0538716506790023
BC24220,BC24220_E2,ENSG00000114391,-0.0398725781674369,-0.0380615583014948
BC24220,BC24220_E2,ENSG00000087460,0.4090463092130487,0.4531852984201762
BC24220,BC24220_E2,ENSG00000101335,-0.0295370378514078,-0.0442231983077595
BC24220,BC24220_E2,ENSG00000163399,0.1248253914624688,0.1706062824361005
BC24220,BC24220_E2,ENSG00000173272,-0.0691662218285061,-0.0370221609725192
BC24220,BC24220_E2,__ambiguous[ENSG00000241343+ENSG00000257529],-0.1236796176258614,-0.1119121194917873
BC24220,BC24220_E2,ENSG00000160932,0.1149048008454584,0.1379096640923116
BC24220,BC24220_E2,ENSG00000135390,0.048601268648492,0.0644945040285981
BC24220,BC24220_E2,ENSG00000161960,0.166352414959134,0.192345423718729
BC24220,BC24220_E2,ENSG00000170421,-0.0082963776774266,0.0166210334560295
BC24220,BC24220_E2,ENSG00000171863,0.0328155888057267,0.0418942643528551
BC24220,BC24220_E2,ENSG00000129226,0.0184673513617576,0.0477222061029195
BC24220,BC24220_E2,ENSG00000132507,0.0165181729150172,0.0275228255165782
BC24220,BC24220_E2,ENSG00000177700,0.0720728762750722,0.071162607784777
BC24220,BC24220_E2,ENSG00000130520,0.0374740821947192,0.0373379941012035
BC24220,BC24220_E2,ENSG00000130402,0.0063776192802868,0.0332619474928975
BC24220,BC24220_E2,ENSG00000135940,-0.0924675318527866,-0.1015718253939256
BC24220,BC24220_E2,ENSG00000176046,0.0731877053483579,0.0848527879552517
BC24220,BC24220_E2,ENSG00000123989,0.0734055795631684,0.1138956283133521
BC24220,BC24220_E2,ENSG00000163479,-0.1058465575980877,-0.1453397278262629
BC24220,BC24220_E2,ENSG00000204469,0.1512709715127969,0.1370161115117626
BC24220,BC24220_E2,ENSG00000279274,0.0989420366469182,0.1112267280339306
BC24220,BC24220_E2,ENSG00000140990,-0.0326429543861635,-0.0456995968269913
BC24220,BC24220_E2,ENSG00000124172,0.175183637096331,0.2367801453496495
BC24220,BC24220_E2,__ambiguous[ENSG00000273259+ENSG00000196136],-0.1943018148826698,-0.2148135183298886
BC24220,BC24220_E2,ENSG00000159335,-0.0103116284327343,-0.0078586774193054
BC24220,BC24220_E2,ENSG00000143420,0.0812403587632738,0.1424409328488203
BC24220,BC24220_E2,ENSG00000147684,0.0428239414104252,0.0357568136878339
BC24220,BC24220_E2,ENSG00000128322,,
