patient,section,gene,r_m1,r_m2
BC23287,BC23287_C1,ENSG00000034510,0.10639701981654466,0.14388021377641688
BC23287,BC23287_C1,ENSG00000254709,-0.11544043903079068,-0.11741894770066753
BC23287,BC23287_C1,ENSG00000111640,-0.048620239546581075,-0.09126482069597106
BC23287,BC23287_C1,ENSG00000137818,0.09680143003068976,0.0943487364857812
BC23287,BC23287_C1,ENSG00000177600,0.1209290096044826,0.11561168325560293
BC23287,BC23287_C1,ENSG00000171345,-0.07222679898065641,-0.08795332466872838
BC23287,BC23287_C1,ENSG00000231500,0.01958073593223144,0.046971155768124696
BC23287,BC23287_C1,ENSG00000075624,0.06094153207877375,0.08113895315313248
BC23287,BC23287_C1,ENSG00000164587,0.06655882936472687,0.047123088811968195
BC23287,BC23287_C1,ENSG00000108107,0.14342132101813443,0.1770287119012728
BC23287,BC23287_C1,ENSG00000105372,0.06261379261878704,0.08568771319453088
BC23287,BC23287_C1,ENSG00000197756,0.081918766025757,0.07849323532029416
BC23287,BC23287_C1,ENSG00000108298,0.017917279654623856,0.044417778126911486
BC23287,BC23287_C1,ENSG00000141736,0.14374940491026544,0.1798152956945662
BC23287,BC23287_C1,ENSG00000161016,0.003276138393316601,0.009144065124143856
BC23287,BC23287_C1,ENSG00000087086,-0.13955118986213402,-0.14247688533861075
BC23287,BC23287_C1,ENSG00000167526,0.10591980546206554,0.12683787900714608
BC23287,BC23287_C1,ENSG00000108518,0.017282970463079608,0.0557853876179756
BC23287,BC23287_C1,ENSG00000130255,0.19869075393826588,0.20167304285713045
BC23287,BC23287_C1,ENSG00000136942,0.07625702603753243,0.09594180070082557
BC23287,BC23287_C1,ENSG00000117984,-0.10635273895449272,-0.09122947251533046
BC23287,BC23287_C1,__ambiguous[ENSG00000251357+ENSG00000240972],-0.09625609258694386,-0.09028404650446056
BC23287,BC23287_C1,ENSG00000149273,0.06027028315665184,0.08490674937404204
BC23287,BC23287_C1,ENSG00000197746,0.018473274620342595,0.012346033080390922
BC23287,BC23287_C1,ENSG00000063177,0.18429198648669792,0.19701235480858706
BC23287,BC23287_C1,ENSG00000140264,-0.045742205425733505,-0.04599200657550362
BC23287,BC23287_C1,ENSG00000180879,0.004264648197767288,0.018413735164593336
BC23287,BC23287_C1,ENSG00000179218,0.20987137366637088,0.20805062791330417
BC23287,BC23287_C1,ENSG00000105193,0.05560856402787174,0.08413491566604615
BC23287,BC23287_C1,ENSG00000130203,0.15386189029696365,0.16816942425763196
BC23287,BC23287_C1,ENSG00000221983,0.20902167509482497,0.23516512697292022
BC23287,BC23287_C1,ENSG00000142534,0.06807799014579688,0.09524450870449418
BC23287,BC23287_C1,ENSG00000185624,0.2443598922859179,0.2716072327242822
BC23287,BC23287_C1,ENSG00000204628,0.10159093448961028,0.0915451853739494
BC23287,BC23287_C1,ENSG00000167996,0.07823543315029141,0.07100632953956475
BC23287,BC23287_C1,ENSG00000166441,0.10733275614378292,0.08458933807807019
BC23287,BC23287_C1,ENSG00000234745,0.04239565681303492,0.06447231638543903
BC23287,BC23287_C1,ENSG00000142541,0.05198661881184392,0.06417085243950055
BC23287,BC23287_C1,ENSG00000140988,-0.11486126426409926,-0.14631671159501752
BC23287,BC23287_C1,ENSG00000147403,0.2646192962645754,0.27623654265442427
BC23287,BC23287_C1,ENSG00000089157,-0.06446796165808401,-0.07102541147407473
BC23287,BC23287_C1,ENSG00000109062,-0.1522376157531208,-0.16536338651615046
BC23287,BC23287_C1,ENSG00000105640,-0.042912421952872884,-0.047487391805810165
BC23287,BC23287_C1,ENSG00000171858,-0.13373311750874806,-0.15551202228518032
BC23287,BC23287_C1,ENSG00000115268,0.1988177867993206,0.22648571062034
BC23287,BC23287_C1,ENSG00000233927,0.11173408679952194,0.13446990563063171
BC23287,BC23287_C1,ENSG00000198034,0.13848032862848872,0.1449888555658274
BC23287,BC23287_C1,ENSG00000112306,0.10184721102619661,0.07685105413910452
BC23287,BC23287_C1,ENSG00000213741,-0.005554437743920169,-0.017570615203798226
BC23287,BC23287_C1,ENSG00000182774,-0.10543981073018684,-0.11172451277130258
BC23287,BC23287_C1,ENSG00000149806,0.10326042367863135,0.07178278863806378
BC23287,BC23287_C1,ENSG00000125691,0.13677757565531817,0.14526536368963672
BC23287,BC23287_C1,ENSG00000204525,0.19593361827629954,0.21369188355312552
BC23287,BC23287_C1,ENSG00000142676,0.07398150742000775,0.06790662860163742
BC23287,BC23287_C1,ENSG00000019582,0.043922492049026776,0.061490985805414074
BC23287,BC23287_C1,ENSG00000170889,0.044313384477491106,0.07152717998986331
BC23287,BC23287_C1,ENSG00000111341,-0.007166611761493902,0.04451194595660647
BC23287,BC23287_C1,ENSG00000172809,-0.16739988669278966,-0.1802391838823651
BC23287,BC23287_C1,ENSG00000172757,7.88256018860077e-05,-0.00632954768043173
BC23287,BC23287_C1,ENSG00000177954,0.12435750648522749,0.16184776608048637
BC23287,BC23287_C1,ENSG00000204592,-0.05621992070150844,-0.048548655511864824
BC23287,BC23287_C1,ENSG00000100316,0.020454438884335163,-0.009040766668794052
BC23287,BC23287_C1,ENSG00000137154,0.138013502439266,0.13665258058659924
BC23287,BC23287_C1,ENSG00000101439,0.09910961282620581,0.138217005839916
BC23287,BC23287_C1,ENSG00000184009,0.20244981851341665,0.2742712571266084
BC23287,BC23287_C1,ENSG00000108821,0.0005527912606490937,0.0026847596783292054
BC23287,BC23287_C1,ENSG00000165949,0.053412294196732046,0.056636212732245686
BC23287,BC23287_C1,__ambiguous[ENSG00000254772+ENSG00000255508],0.024941916573841535,0.029470481403791132
BC23287,BC23287_C1,ENSG00000206503,0.15605457949357973,0.16885359806627376
BC23287,BC23287_C1,ENSG00000169710,-0.009813214365455895,-0.036589430198476526
BC23287,BC23287_C1,ENSG00000231925,0.16319105148754315,0.1723519935222702
BC23287,BC23287_C1,ENSG00000163191,-0.09023190127051665,-0.09654412303760128
BC23287,BC23287_C1,ENSG00000083845,0.06656140292745477,0.05698008482815398
BC23287,BC23287_C1,__ambiguous[ENSG00000185883+ENSG00000260272],0.10781222396708241,0.14018208015387568
BC23287,BC23287_C1,ENSG00000224389,0.017657548761161494,0.028747682577654976
BC23287,BC23287_C1,ENSG00000142937,0.17779400634930506,0.17371704791251272
BC23287,BC23287_C1,ENSG00000167995,-0.07543579772449298,-0.08867237465021789
BC23287,BC23287_C1,ENSG00000135404,0.1299122844425533,0.13655304203728078
BC23287,BC23287_C1,ENSG00000107223,0.050128465179179446,0.08964927357583835
BC23287,BC23287_C1,ENSG00000108639,0.16191623245056425,0.15047994324551547
BC23287,BC23287_C1,ENSG00000106624,0.07553323297605836,0.0634375993470504
BC23287,BC23287_C1,ENSG00000197958,-0.11587521559287171,-0.1451677099426751
BC23287,BC23287_C1,ENSG00000167468,0.13696664846871642,0.1645853989481379
BC23287,BC23287_C1,ENSG00000167658,0.08837943712412138,0.10014642130881393
BC23287,BC23287_C1,ENSG00000162244,0.15640622101015184,0.15641141136475117
BC23287,BC23287_C1,ENSG00000108679,0.17149588961092083,0.18747050005170318
BC23287,BC23287_C1,ENSG00000156482,-0.07364506259222428,-0.07582923216250696
BC23287,BC23287_C1,ENSG00000172531,0.1338187655155953,0.1563469061442622
BC23287,BC23287_C1,ENSG00000144713,0.056787320272545815,0.043094151351471516
BC23287,BC23287_C1,ENSG00000148303,-0.07715491629495191,-0.11468893563031242
BC23287,BC23287_C1,ENSG00000115884,0.1254544879205704,0.16348173848422595
BC23287,BC23287_C1,ENSG00000149925,-0.07508225425048735,-0.11709646659916473
BC23287,BC23287_C1,ENSG00000143947,-0.06338610081982914,-0.044189102220008596
BC23287,BC23287_C1,ENSG00000185499,-0.2403154531603441,-0.2628316870744038
BC23287,BC23287_C1,ENSG00000174748,0.11714133405490317,0.16005600789587515
BC23287,BC23287_C1,ENSG00000115457,-0.03690886491393898,-0.07327694945072667
BC23287,BC23287_C1,ENSG00000108344,-0.049426297477209176,-0.0523747968789897
BC23287,BC23287_C1,ENSG00000185825,0.039013801118520014,0.08090851497816712
BC23287,BC23287_C1,ENSG00000131469,-0.10103229484822486,-0.14100576403643278
BC23287,BC23287_C1,ENSG00000130303,0.12298104422604175,0.12337880703625688
BC23287,BC23287_C1,__ambiguous[ENSG00000185885+ENSG00000185201],0.14199933715605514,0.16269367902314175
BC23287,BC23287_C1,ENSG00000166710,0.18914939008787118,0.21992087270264912
BC23287,BC23287_C1,ENSG00000145592,-0.1318696484896634,-0.13177769256882138
BC23287,BC23287_C1,ENSG00000198242,-0.018543049813377798,-0.038209753312558346
BC23287,BC23287_C1,ENSG00000163220,0.0594840301785256,0.06376077230616602
BC23287,BC23287_C1,ENSG00000104904,0.3528942282080565,0.3479651019765377
BC23287,BC23287_C1,ENSG00000152082,0.051450888775861375,0.053221906643065774
BC23287,BC23287_C1,ENSG00000158710,0.10706428794019161,0.097895929035268
BC23287,BC23287_C1,ENSG00000246705,0.084189282800984,0.09244354554137799
BC23287,BC23287_C1,ENSG00000141741,-0.0928173098634419,-0.13218890803294336
BC23287,BC23287_C1,ENSG00000106211,0.03824540415826339,0.06882031342627708
BC23287,BC23287_C1,ENSG00000117410,0.1764710709786951,0.19579633921850623
BC23287,BC23287_C1,ENSG00000074800,0.049774363173467805,0.03374684293019293
BC23287,BC23287_C1,__ambiguous[ENSG00000243678+ENSG00000011052],-0.07816705060039486,-0.06510864361720377
BC23287,BC23287_C1,ENSG00000118181,0.058818706535771294,0.04010152783131536
BC23287,BC23287_C1,ENSG00000173372,-0.11833368471207656,-0.12816010995062418
BC23287,BC23287_C1,ENSG00000130208,0.12266775556709111,0.16484601647456024
BC23287,BC23287_C1,ENSG00000110651,0.011524860406357895,-0.01101182612081231
BC23287,BC23287_C1,ENSG00000279483,0.03260644759793485,0.014608668497751543
BC23287,BC23287_C1,ENSG00000030582,-0.024210859836717887,-0.047349381445348164
BC23287,BC23287_C1,__ambiguous[ENSG00000257341+ENSG00000213145],0.020551430846276177,0.0019585003107646447
BC23287,BC23287_C1,ENSG00000142669,0.09963632813636901,0.09863352521752505
BC23287,BC23287_C1,ENSG00000160862,-0.05326441141009401,-0.053611371857251164
BC23287,BC23287_C1,ENSG00000092841,0.13016337670422512,0.11863367296569069
BC23287,BC23287_C1,__ambiguous[ENSG00000124614+ENSG00000270800],0.0578969334369762,0.0693218952730839
BC23287,BC23287_C1,ENSG00000126267,0.010047731280912025,0.01584118737545239
BC23287,BC23287_C1,ENSG00000111057,0.049955611461639474,0.04505163503869483
BC23287,BC23287_C1,ENSG00000277972,0.2410481334185802,0.26148012756715244
BC23287,BC23287_C1,ENSG00000165215,0.22391222061027385,0.2553996243551541
BC23287,BC23287_C1,ENSG00000150991,0.025101812679522714,0.052435161701045174
BC23287,BC23287_C1,ENSG00000205542,0.06925740018439525,0.07914932908868716
BC23287,BC23287_C1,ENSG00000169100,0.060109274085198894,0.05917890686456952
BC23287,BC23287_C1,ENSG00000133112,0.07517763540977428,0.07546235874547394
BC23287,BC23287_C1,ENSG00000071082,-0.017580425273663405,-0.04249170175773052
BC23287,BC23287_C1,ENSG00000071553,0.12196959155680566,0.1687487622717423
BC23287,BC23287_C1,ENSG00000178719,-0.05167202730952454,-0.007960048474690949
BC23287,BC23287_C1,ENSG00000070756,0.07020625405197338,0.10058603710158537
BC23287,BC23287_C1,ENSG00000117450,0.16758628924728872,0.2091699970430215
BC23287,BC23287_C1,ENSG00000124664,0.1560351586621222,0.15867810007271188
BC23287,BC23287_C1,ENSG00000102265,-0.09697468246638667,-0.10176010249148734
BC23287,BC23287_C1,ENSG00000162511,0.040331202760880557,0.025686283763093145
BC23287,BC23287_C1,ENSG00000277791,0.15879764148977862,0.19206601134233126
BC23287,BC23287_C1,ENSG00000143774,0.06394244466930633,0.08429307151974201
BC23287,BC23287_C1,ENSG00000149591,-0.02788299518872265,0.01545291227241027
BC23287,BC23287_C1,ENSG00000105223,0.05261506648770751,0.07715058389242851
BC23287,BC23287_C1,ENSG00000182492,-0.015171534490976099,0.0091927103318323
BC23287,BC23287_C1,ENSG00000182809,0.1201878809313946,0.12539258790302588
BC23287,BC23287_C1,ENSG00000141522,0.0342894797949387,0.05286377243943513
BC23287,BC23287_C1,ENSG00000115414,0.11104382416960579,0.1164802524736366
BC23287,BC23287_C1,ENSG00000160789,0.027500117311439937,0.03557192635079489
BC23287,BC23287_C1,ENSG00000142089,-0.04285363586187847,-0.04243847288709242
BC23287,BC23287_C1,ENSG00000176340,0.07948073203114976,0.07373353590141153
BC23287,BC23287_C1,ENSG00000196924,0.09306618243634797,0.09572016064298519
BC23287,BC23287_C1,ENSG00000145425,-0.16605743735250494,-0.19393503347137744
BC23287,BC23287_C1,ENSG00000187514,0.3117111967149642,0.3164150018106955
BC23287,BC23287_C1,ENSG00000125534,0.12862563953571954,0.1342062058839678
BC23287,BC23287_C1,ENSG00000051523,0.0874806131331757,0.08623256278002922
BC23287,BC23287_C1,ENSG00000124614,-0.07940956825788523,-0.08334776377804277
BC23287,BC23287_C1,ENSG00000163682,-0.11876836532586632,-0.11302009936241063
BC23287,BC23287_C1,ENSG00000204287,0.05206043042585954,0.0815662427663984
BC23287,BC23287_C1,ENSG00000272196,0.09608727331734083,0.13491379935928507
BC23287,BC23287_C1,ENSG00000164733,-0.1389360435402937,-0.15840739662949274
BC23287,BC23287_C1,__ambiguous[ENSG00000277957+ENSG00000161960],0.17229504859366926,0.17065473214402765
BC23287,BC23287_C1,ENSG00000058262,0.28476543163356244,0.2856775266741499
BC23287,BC23287_C1,ENSG00000052344,0.08600495840322757,0.0999315079233127
BC23287,BC23287_C1,ENSG00000131748,-0.00950731645383557,0.01208551183673899
BC23287,BC23287_C1,ENSG00000138326,0.07745088150306392,0.10288559883061901
BC23287,BC23287_C1,ENSG00000169223,0.35539098236680755,0.379098424111318
BC23287,BC23287_C1,ENSG00000135480,0.03230778154684096,0.010933478902731542
BC23287,BC23287_C1,ENSG00000114353,0.03390494847066248,0.04416328349110761
BC23287,BC23287_C1,ENSG00000111669,-0.07594451721151028,-0.08580635459258383
BC23287,BC23287_C1,ENSG00000103363,-0.17418974744535373,-0.18578932579194982
BC23287,BC23287_C1,ENSG00000127540,-0.05198738510505502,-0.06865179203481798
BC23287,BC23287_C1,ENSG00000184897,0.16110007255493916,0.17587377700959794
BC23287,BC23287_C1,ENSG00000144426,-0.10757637490767552,-0.125789378231428
BC23287,BC23287_C1,ENSG00000255823,0.5784406252594909,0.5599257307429466
BC23287,BC23287_C1,ENSG00000123349,0.05660883648277086,0.08769342580566013
BC23287,BC23287_C1,ENSG00000164692,0.08587727671528297,0.08635609189688292
BC23287,BC23287_C1,ENSG00000104529,0.14371042939900852,0.1579183345301608
BC23287,BC23287_C1,ENSG00000114867,0.11919388595012141,0.13597932932881976
BC23287,BC23287_C1,ENSG00000172354,0.029121383424697268,0.03653099439690323
BC23287,BC23287_C1,ENSG00000178952,0.21770528504334702,0.2401054762147549
BC23287,BC23287_C1,ENSG00000178980,0.27070698600065113,0.3066548944458498
BC23287,BC23287_C1,ENSG00000251562,-0.0010709432848609946,-0.04743905878027073
BC23287,BC23287_C1,ENSG00000125730,0.0986299623640546,0.12877572443307067
BC23287,BC23287_C1,ENSG00000182899,-0.01923399246622277,-0.04363611008432473
BC23287,BC23287_C1,__ambiguous[ENSG00000262526+ENSG00000170296],0.13021620933676173,0.15695408683158077
BC23287,BC23287_C1,ENSG00000026025,-0.08448579969435258,-0.09797669828321434
BC23287,BC23287_C1,ENSG00000142949,0.19146773719719434,0.22612566300843615
BC23287,BC23287_C1,ENSG00000008988,-0.07307796106579006,-0.08280186936632523
BC23287,BC23287_C1,ENSG00000104964,0.17032979191804495,0.19332054619245415
BC23287,BC23287_C1,ENSG00000167815,0.1128338591765441,0.07779765846092516
BC23287,BC23287_C1,__ambiguous[ENSG00000273259+ENSG00000196136],0.021539468040426803,0.008421487947609423
BC23287,BC23287_C1,ENSG00000142173,0.12430404504678516,0.1533081819453038
BC23287,BC23287_C1,ENSG00000155366,0.020082673611860804,0.01902815876733216
BC23287,BC23287_C1,ENSG00000131143,-0.05137378014060928,-0.024676579538813904
BC23287,BC23287_C1,ENSG00000269028,0.6420596912283004,0.6166668247449733
BC23287,BC23287_C1,ENSG00000170315,-0.06925345758668332,-0.09050520946321909
BC23287,BC23287_C1,ENSG00000100300,0.113260478314049,0.14827583923489335
BC23287,BC23287_C1,ENSG00000163479,0.040778733742570364,0.024370388178579713
BC23287,BC23287_C1,ENSG00000087460,0.2866152838767597,0.3239600478136624
BC23287,BC23287_C1,ENSG00000160932,0.11287753253806958,0.10647749424340032
BC23287,BC23287_C1,ENSG00000187608,0.06723800163302163,0.0660546994179444
BC23287,BC23287_C1,ENSG00000126247,0.009325573189654067,0.024390266309082777
BC23287,BC23287_C1,__ambiguous[ENSG00000219200+ENSG00000161939],0.12940050351884785,0.16277844386156956
BC23287,BC23287_C1,ENSG00000188846,-0.0015648587065591004,0.00658419036020961
BC23287,BC23287_C1,ENSG00000100219,0.20654885576344395,0.2478501892366851
BC23287,BC23287_C1,ENSG00000174886,0.08240102830898018,0.09647891139230634
BC23287,BC23287_C1,ENSG00000173272,0.030024215144540466,0.06294700538649528
BC23287,BC23287_C1,ENSG00000163399,0.21088041264590573,0.23578636802445016
BC23287,BC23287_C1,ENSG00000171222,0.1970011869878346,0.2058633954951246
BC23287,BC23287_C1,ENSG00000173369,0.05492087236576951,0.044610904913878105
BC23287,BC23287_C1,ENSG00000214530,0.17336554914632088,0.19847747064113128
BC23287,BC23287_C1,ENSG00000145494,0.06087900002457851,0.06569238615498808
BC23287,BC23287_C1,ENSG00000174444,0.041083677186887574,0.017118109250043048
BC23287,BC23287_C1,ENSG00000197956,-0.012190491726491288,-0.014655926585893948
BC23287,BC23287_C1,ENSG00000114391,-0.006338302128306346,-0.04422008885766029
BC23287,BC23287_C1,__ambiguous[ENSG00000241343+ENSG00000257529],-0.00562886394314553,-0.020078498138700857
BC23287,BC23287_C1,ENSG00000125970,0.20785098381217992,0.2245713319521981
BC23287,BC23287_C1,ENSG00000196576,0.2658949391116132,0.2874931782516342
BC23287,BC23287_C1,ENSG00000213988,0.07038881808277515,0.0930691653063722
BC23287,BC23287_C1,ENSG00000135390,0.013553742701524981,0.03325679595331519
BC23287,BC23287_C1,ENSG00000130725,0.0962713118612678,0.09906702079350077
BC23287,BC23287_C1,ENSG00000172270,0.21080594557650448,0.23168909107289587
BC23287,BC23287_C1,ENSG00000011304,0.27341748080758044,0.278016691149923
BC23287,BC23287_C1,ENSG00000177700,0.060507162042401474,0.06331060235734588
BC23287,BC23287_C1,ENSG00000025708,0.04883071651238033,0.058163300394768976
BC23287,BC23287_C1,ENSG00000143420,-0.016000194786467484,-0.01663906629682464
BC23287,BC23287_C1,ENSG00000171863,-0.04594578656054421,-0.04754555318868037
BC23287,BC23287_C1,ENSG00000170421,0.1888749549880006,0.22319998355879433
BC23287,BC23287_C1,ENSG00000124172,-0.05161286337369158,-0.04841473374369415
BC23287,BC23287_C1,ENSG00000110492,0.2443560728706205,0.24584825128885834
BC23287,BC23287_C1,ENSG00000186468,-0.100459059358579,-0.11996937469554107
BC23287,BC23287_C1,ENSG00000101335,0.07271939095265444,0.06896203676146792
BC23287,BC23287_C1,ENSG00000186010,0.12160237638473788,0.12939311291979783
BC23287,BC23287_C1,ENSG00000143546,-0.04973390933850348,-0.052859184714587365
BC23287,BC23287_C1,ENSG00000168528,0.18825234688357964,0.23058098086486442
BC23287,BC23287_C1,ENSG00000130520,0.10042047580323253,0.15173458944479687
BC23287,BC23287_C1,ENSG00000106153,-0.009358624331868397,-0.0006713634288854078
BC23287,BC23287_C1,ENSG00000173801,-0.09985022825252936,-0.13356272977462916
BC23287,BC23287_C1,ENSG00000147684,-0.16368917329618965,-0.17194471958893479
BC23287,BC23287_C1,ENSG00000161960,0.3138415961647772,0.33085657743034697
BC23287,BC23287_C1,ENSG00000134419,-0.04399132394407768,-0.02617494119046688
BC23287,BC23287_C1,ENSG00000159840,0.08410974901633511,0.0770953534480437
BC23287,BC23287_C1,ENSG00000123989,0.17801755981674663,0.18593448853555522
BC23287,BC23287_C1,ENSG00000141753,-0.09332861338922514,-0.10905773296265263
BC23287,BC23287_C1,ENSG00000132507,0.11298970687709912,0.14288683844896125
BC23287,BC23287_C1,ENSG00000140990,0.03736953301697242,0.03873663554743102
BC23287,BC23287_C1,ENSG00000135940,0.13020994281945106,0.17424376167342875
BC23287,BC23287_C1,ENSG00000176046,0.0032051528272903766,0.042586264529048984
BC23287,BC23287_C2,ENSG00000034510,0.08075192666515577,0.08336325723814457
BC23287,BC23287_C2,ENSG00000254709,-0.037031870094955566,-0.02310683873817064
BC23287,BC23287_C2,ENSG00000111640,0.02137327970219419,-0.019050710729966152
BC23287,BC23287_C2,ENSG00000137818,0.001908798961453957,0.029908017517128568
BC23287,BC23287_C2,ENSG00000177600,0.08219147684618067,0.07264702407208867
BC23287,BC23287_C2,ENSG00000171345,0.0005964949561382183,-0.0282525129694397
BC23287,BC23287_C2,ENSG00000231500,-0.03523517339110005,-0.04883606938795415
BC23287,BC23287_C2,ENSG00000075624,0.03846737928239705,0.051899291036707464
BC23287,BC23287_C2,ENSG00000164587,-0.051318102105279005,-0.04590465764661047
BC23287,BC23287_C2,ENSG00000108107,0.14339468532094876,0.16023092830845173
BC23287,BC23287_C2,ENSG00000105372,0.17052743645318447,0.18989934144113285
BC23287,BC23287_C2,ENSG00000197756,-0.015472710126522836,-0.025239531058046674
BC23287,BC23287_C2,ENSG00000108298,0.017351025495629415,0.01115408288106812
BC23287,BC23287_C2,ENSG00000141736,0.015337008958682537,-0.004672888779036718
BC23287,BC23287_C2,ENSG00000161016,0.11803674862651228,0.14025744681567834
BC23287,BC23287_C2,ENSG00000087086,-0.13240379317202816,-0.15062714569498242
BC23287,BC23287_C2,ENSG00000167526,-0.03233570540602434,-0.04040743649628223
BC23287,BC23287_C2,ENSG00000108518,0.2604646132588819,0.3099643180593755
BC23287,BC23287_C2,ENSG00000130255,-0.018547411472084344,-0.01379627865558524
BC23287,BC23287_C2,ENSG00000136942,-0.03774505410968192,-0.017349296121588243
BC23287,BC23287_C2,ENSG00000117984,-0.06028350035000974,-0.060790390709971345
BC23287,BC23287_C2,__ambiguous[ENSG00000251357+ENSG00000240972],0.040917855815533165,0.03752982103695282
BC23287,BC23287_C2,ENSG00000149273,0.10905120500860746,0.11486174247943938
BC23287,BC23287_C2,ENSG00000197746,0.08562563520431038,0.12840048452297817
BC23287,BC23287_C2,ENSG00000063177,0.13858542024242412,0.18043560749516654
BC23287,BC23287_C2,ENSG00000140264,-0.10065938313443915,-0.10133137459958137
BC23287,BC23287_C2,ENSG00000180879,-0.00033547599991490983,0.036924915765008164
BC23287,BC23287_C2,ENSG00000179218,0.07045466788770184,0.07095441518080527
BC23287,BC23287_C2,ENSG00000105193,0.16221629050734784,0.1938875553174722
BC23287,BC23287_C2,ENSG00000130203,0.0880472923810646,0.10236077567924964
BC23287,BC23287_C2,ENSG00000221983,0.16316871295833266,0.19702412228770771
BC23287,BC23287_C2,ENSG00000142534,0.10062917159064434,0.12495824926971923
BC23287,BC23287_C2,ENSG00000185624,0.16478415709403804,0.18000311772821742
BC23287,BC23287_C2,ENSG00000204628,0.05564710332628992,0.07231386009273204
BC23287,BC23287_C2,ENSG00000167996,0.0727674721962303,0.055738934793821866
BC23287,BC23287_C2,ENSG00000166441,0.011644705314403283,0.017836425480821823
BC23287,BC23287_C2,ENSG00000234745,0.1561043444898766,0.17303728954618391
BC23287,BC23287_C2,ENSG00000142541,0.0617019724769691,0.08253928979824192
BC23287,BC23287_C2,ENSG00000140988,-0.1375271444946577,-0.14545348267085578
BC23287,BC23287_C2,ENSG00000147403,0.22484740941645984,0.26307964063015876
BC23287,BC23287_C2,ENSG00000089157,-0.02409627333905083,-0.026308473758690876
BC23287,BC23287_C2,ENSG00000109062,0.07423152251892763,0.08965780484169394
BC23287,BC23287_C2,ENSG00000105640,-0.031451057130714256,-0.035655362210145855
BC23287,BC23287_C2,ENSG00000171858,0.09126701255580759,0.08940554265332731
BC23287,BC23287_C2,ENSG00000115268,0.13757830892732545,0.16636794956182754
BC23287,BC23287_C2,ENSG00000233927,-0.03567807950930186,-0.013285094756490827
BC23287,BC23287_C2,ENSG00000198034,0.25100436744945587,0.2756097448899761
BC23287,BC23287_C2,ENSG00000112306,0.07544917133209364,0.08623607725579735
BC23287,BC23287_C2,ENSG00000213741,0.11452004260360765,0.11416941896490392
BC23287,BC23287_C2,ENSG00000182774,-0.0280743481692725,0.002653578241541946
BC23287,BC23287_C2,ENSG00000149806,0.04280473542878118,0.02652860465580089
BC23287,BC23287_C2,ENSG00000125691,0.06298214347031193,0.09340822604095428
BC23287,BC23287_C2,ENSG00000204525,0.12986745942746822,0.15670997652087224
BC23287,BC23287_C2,ENSG00000142676,0.0050114967965505346,0.007438639313839198
BC23287,BC23287_C2,ENSG00000019582,-0.07315112110803532,-0.0667342037557141
BC23287,BC23287_C2,ENSG00000170889,0.06843642565807691,0.09471369294483402
BC23287,BC23287_C2,ENSG00000111341,0.05548182379874232,0.024340375110011764
BC23287,BC23287_C2,ENSG00000172809,-0.012500014958111505,-0.011953538370099983
BC23287,BC23287_C2,ENSG00000172757,-0.02697117924568316,-0.03930931116836761
BC23287,BC23287_C2,ENSG00000177954,0.024106474170923823,-0.0012614882226817542
BC23287,BC23287_C2,ENSG00000204592,0.008822794714843851,0.008455134325437407
BC23287,BC23287_C2,ENSG00000100316,0.06237474466279319,0.07281761308364419
BC23287,BC23287_C2,ENSG00000137154,0.08812878931871396,0.1110566311051775
BC23287,BC23287_C2,ENSG00000101439,0.17422473838896124,0.21598206566928915
BC23287,BC23287_C2,ENSG00000184009,0.13116340288620595,0.1947647909123176
BC23287,BC23287_C2,ENSG00000108821,-0.008428617455405532,-0.014909989617968357
BC23287,BC23287_C2,ENSG00000165949,-0.012210995969421356,-0.006701866175318507
BC23287,BC23287_C2,__ambiguous[ENSG00000254772+ENSG00000255508],0.026841148374377493,0.03660682753542618
BC23287,BC23287_C2,ENSG00000206503,0.09395307359242887,0.14527191738019746
BC23287,BC23287_C2,ENSG00000169710,-0.11451547714746022,-0.13246910575659848
BC23287,BC23287_C2,ENSG00000231925,0.2943954256539448,0.33192845506851715
BC23287,BC23287_C2,ENSG00000163191,0.03480633164629909,0.02679893087768602
BC23287,BC23287_C2,ENSG00000083845,0.18850800510060317,0.20290915130215628
BC23287,BC23287_C2,__ambiguous[ENSG00000185883+ENSG00000260272],0.14085553230185366,0.17819470406245863
BC23287,BC23287_C2,ENSG00000224389,-0.0034465586149011462,-0.016275828156398223
BC23287,BC23287_C2,ENSG00000142937,0.07492492790581505,0.07620765821863566
BC23287,BC23287_C2,ENSG00000167995,-0.06856068493852913,-0.11382436818806409
BC23287,BC23287_C2,ENSG00000135404,0.06503423109246552,0.09204545910174661
BC23287,BC23287_C2,ENSG00000107223,0.17098021477687297,0.19611663269505114
BC23287,BC23287_C2,ENSG00000108639,0.17539181271823173,0.17864741096840853
BC23287,BC23287_C2,ENSG00000106624,0.051601839661435826,0.07077745410569117
BC23287,BC23287_C2,ENSG00000197958,-0.1006882473829878,-0.10297163828905757
BC23287,BC23287_C2,ENSG00000167468,0.15963381765820245,0.1892707496721799
BC23287,BC23287_C2,ENSG00000167658,0.13007980128950208,0.1491277706560971
BC23287,BC23287_C2,ENSG00000162244,-0.03328593228841167,0.022625648170179362
BC23287,BC23287_C2,ENSG00000108679,0.14678569840548497,0.1926305233820597
BC23287,BC23287_C2,ENSG00000156482,0.004078651381902013,-0.02215782287419421
BC23287,BC23287_C2,ENSG00000172531,0.20516365915793947,0.20995712862602617
BC23287,BC23287_C2,ENSG00000144713,0.165967049223274,0.1835753718049377
BC23287,BC23287_C2,ENSG00000148303,0.0162272402546374,-0.023184736099238244
BC23287,BC23287_C2,ENSG00000115884,0.06826240566467177,0.08222784811134212
BC23287,BC23287_C2,ENSG00000149925,0.05637216724520898,0.03211897827831784
BC23287,BC23287_C2,ENSG00000143947,0.16297720355295223,0.1565130659875774
BC23287,BC23287_C2,ENSG00000185499,-0.09813086663300692,-0.11637816743919818
BC23287,BC23287_C2,ENSG00000174748,0.29836752654056475,0.33628953755417945
BC23287,BC23287_C2,ENSG00000115457,-0.05919424283891147,-0.06972270416572898
BC23287,BC23287_C2,ENSG00000108344,-0.051940864955731705,-0.0938215533113302
BC23287,BC23287_C2,ENSG00000185825,0.033636498144478846,0.08492224747823839
BC23287,BC23287_C2,ENSG00000131469,-0.11250550960103585,-0.12376218516217952
BC23287,BC23287_C2,ENSG00000130303,0.04184393418795448,0.06445026095543024
BC23287,BC23287_C2,__ambiguous[ENSG00000185885+ENSG00000185201],-0.012039996152366369,0.010639641503091681
BC23287,BC23287_C2,ENSG00000166710,0.22593258174955083,0.2646367782728797
BC23287,BC23287_C2,ENSG00000145592,0.02575908321214164,0.0014143162665504487
BC23287,BC23287_C2,ENSG00000198242,-0.05857166077963305,-0.08909360875968615
BC23287,BC23287_C2,ENSG00000163220,-0.08271745666049103,-0.08132498080919318
BC23287,BC23287_C2,ENSG00000104904,0.26309315256330806,0.28207376644219245
BC23287,BC23287_C2,ENSG00000152082,0.07801394820929332,0.09816508597477723
BC23287,BC23287_C2,ENSG00000158710,-0.03534408135270214,-0.06987815537531175
BC23287,BC23287_C2,ENSG00000246705,0.08374128953752648,0.11541980883179634
BC23287,BC23287_C2,ENSG00000141741,-0.16177848355484148,-0.20193392170960842
BC23287,BC23287_C2,ENSG00000106211,0.051732317903383125,0.03096196409027543
BC23287,BC23287_C2,ENSG00000117410,0.21501993073684,0.24764975417662916
BC23287,BC23287_C2,ENSG00000074800,-0.04820589008951277,-0.046193134910692525
BC23287,BC23287_C2,__ambiguous[ENSG00000243678+ENSG00000011052],-0.16324585991776702,-0.2008005462078373
BC23287,BC23287_C2,ENSG00000118181,0.08869294957890998,0.09990592491159057
BC23287,BC23287_C2,ENSG00000173372,-0.033369095633269966,-0.04540928107728851
BC23287,BC23287_C2,ENSG00000130208,0.005615575162907193,-0.016007881873622763
BC23287,BC23287_C2,ENSG00000110651,0.14174420024176607,0.14129229471337776
BC23287,BC23287_C2,ENSG00000279483,0.001616456711737733,-0.005970977998807509
BC23287,BC23287_C2,ENSG00000030582,0.04716900585672259,0.06179001615219716
BC23287,BC23287_C2,__ambiguous[ENSG00000257341+ENSG00000213145],0.012189397140446909,0.034796378528361926
BC23287,BC23287_C2,ENSG00000142669,0.03340507136588243,0.07809324810475687
BC23287,BC23287_C2,ENSG00000160862,-0.003492346484420644,0.016000066313432773
BC23287,BC23287_C2,ENSG00000092841,0.18349479846108246,0.19483720752534878
BC23287,BC23287_C2,__ambiguous[ENSG00000124614+ENSG00000270800],0.11023638931153643,0.11898779554014105
BC23287,BC23287_C2,ENSG00000126267,0.17914542466448216,0.2447255894175796
BC23287,BC23287_C2,ENSG00000111057,0.060404713692178924,0.11542559787420005
BC23287,BC23287_C2,ENSG00000277972,0.15662863090176862,0.1947413775881326
BC23287,BC23287_C2,ENSG00000165215,0.3494508387771115,0.37560122141485897
BC23287,BC23287_C2,ENSG00000150991,0.09206125260019883,0.11260401723867101
BC23287,BC23287_C2,ENSG00000205542,0.01945391185435809,0.04371941296307497
BC23287,BC23287_C2,ENSG00000169100,0.10895379350005407,0.1363393546439958
BC23287,BC23287_C2,ENSG00000133112,0.019015764805017606,0.030097213680737787
BC23287,BC23287_C2,ENSG00000071082,-0.011409191595076987,-0.010996917429979545
BC23287,BC23287_C2,ENSG00000071553,0.33283180087753983,0.35370038882039917
BC23287,BC23287_C2,ENSG00000178719,0.11056143339844923,0.1375196411574217
BC23287,BC23287_C2,ENSG00000070756,-0.0033947643396827583,-0.018230456939424843
BC23287,BC23287_C2,ENSG00000117450,0.16250321988714334,0.21615020000467428
BC23287,BC23287_C2,ENSG00000124664,0.24991541730780692,0.2905631698320962
BC23287,BC23287_C2,ENSG00000102265,0.018477312709872983,-0.026372232406531308
BC23287,BC23287_C2,ENSG00000162511,0.016485690351154086,0.00016440975347504057
BC23287,BC23287_C2,ENSG00000277791,0.16105151692215777,0.19784111876932217
BC23287,BC23287_C2,ENSG00000143774,0.07043676995494483,0.11462453300046396
BC23287,BC23287_C2,ENSG00000149591,0.11386919580033224,0.13836914220391228
BC23287,BC23287_C2,ENSG00000105223,0.14017474020538573,0.16204328034630777
BC23287,BC23287_C2,ENSG00000182492,0.14911230483290736,0.1693111722957316
BC23287,BC23287_C2,ENSG00000182809,0.2581558439179218,0.2722303160101077
BC23287,BC23287_C2,ENSG00000141522,0.04364910288848914,0.10006754604348359
BC23287,BC23287_C2,ENSG00000115414,-0.04422961888815847,-0.05261743677732861
BC23287,BC23287_C2,ENSG00000160789,-0.020370662716630673,-0.0074915990591475756
BC23287,BC23287_C2,ENSG00000142089,0.018111001437029414,0.04102434988038711
BC23287,BC23287_C2,ENSG00000176340,0.07469871683679735,0.03492190724799518
BC23287,BC23287_C2,ENSG00000196924,0.12941886956837598,0.13975111384620673
BC23287,BC23287_C2,ENSG00000145425,-0.01017458637433376,-0.033924583836370745
BC23287,BC23287_C2,ENSG00000187514,0.17651070925096193,0.2160136185739527
BC23287,BC23287_C2,ENSG00000125534,0.08200267565723576,0.09277763801013594
BC23287,BC23287_C2,ENSG00000051523,0.032769826662231445,0.026567166254582775
BC23287,BC23287_C2,ENSG00000124614,0.12601762557627558,0.1476416738510097
BC23287,BC23287_C2,ENSG00000163682,0.02055288961109436,0.014884362000144109
BC23287,BC23287_C2,ENSG00000204287,0.10751413019162717,0.09725279134116399
BC23287,BC23287_C2,ENSG00000272196,0.10415898401725253,0.13850658365196725
BC23287,BC23287_C2,ENSG00000164733,-0.10566706118759155,-0.12911338420121085
BC23287,BC23287_C2,__ambiguous[ENSG00000277957+ENSG00000161960],0.3710051742777272,0.4100126562043423
BC23287,BC23287_C2,ENSG00000058262,0.23807464304757386,0.248725185051115
BC23287,BC23287_C2,ENSG00000052344,0.1920239284248598,0.26819579441065283
BC23287,BC23287_C2,ENSG00000131748,-0.05069071162092452,-0.03425024764566586
BC23287,BC23287_C2,ENSG00000138326,0.0750242888109924,0.08381449928425702
BC23287,BC23287_C2,ENSG00000169223,0.21463328245507307,0.24241365371024415
BC23287,BC23287_C2,ENSG00000135480,-0.11203791742607704,-0.13570662907888345
BC23287,BC23287_C2,ENSG00000114353,0.0520557850815164,0.06833468308877114
BC23287,BC23287_C2,ENSG00000111669,-0.059218258542112885,-0.05853262687817983
BC23287,BC23287_C2,ENSG00000103363,0.008910937165498152,-0.0007868349010489329
BC23287,BC23287_C2,ENSG00000127540,-0.11344021332292559,-0.12572422616513218
BC23287,BC23287_C2,ENSG00000184897,0.35311796755431984,0.3794011178926901
BC23287,BC23287_C2,ENSG00000144426,-0.006006879454689448,-0.010621017563857188
BC23287,BC23287_C2,ENSG00000255823,0.5657679807869092,0.5923693667220635
BC23287,BC23287_C2,ENSG00000123349,0.009751401679324668,0.029662797061314982
BC23287,BC23287_C2,ENSG00000164692,0.014595059686323136,-0.0028927747260944353
BC23287,BC23287_C2,ENSG00000104529,0.21533158009252543,0.25000558761107056
BC23287,BC23287_C2,ENSG00000114867,0.08619859600215903,0.11538336935713472
BC23287,BC23287_C2,ENSG00000172354,-0.04354125179101554,-0.03751546899302408
BC23287,BC23287_C2,ENSG00000178952,0.20798414469905238,0.2272016062752648
BC23287,BC23287_C2,ENSG00000178980,0.2776460316103077,0.3119598491350198
BC23287,BC23287_C2,ENSG00000251562,-0.1594645680124035,-0.18881490243732918
BC23287,BC23287_C2,ENSG00000125730,-0.057438243735546284,-0.09295473429790803
BC23287,BC23287_C2,ENSG00000182899,0.01423990109790683,0.009403837245220913
BC23287,BC23287_C2,__ambiguous[ENSG00000262526+ENSG00000170296],0.18093310354067446,0.19771105564103855
BC23287,BC23287_C2,ENSG00000026025,0.09106632163473195,0.07738103781265551
BC23287,BC23287_C2,ENSG00000142949,0.07819418056790906,0.1135859089166801
BC23287,BC23287_C2,ENSG00000008988,-0.025129319898256137,-0.030470942407311276
BC23287,BC23287_C2,ENSG00000104964,0.07437673813301098,0.09293161741851877
BC23287,BC23287_C2,ENSG00000167815,0.11387925449064418,0.08352022566158027
BC23287,BC23287_C2,__ambiguous[ENSG00000273259+ENSG00000196136],0.022339078882822338,0.03330232388145253
BC23287,BC23287_C2,ENSG00000142173,0.14384541888767413,0.1314240106815251
BC23287,BC23287_C2,ENSG00000155366,0.13006728566231504,0.13943449079007883
BC23287,BC23287_C2,ENSG00000131143,0.0854139701648548,0.11483755166982115
BC23287,BC23287_C2,ENSG00000269028,0.623900887099299,0.6473683612810667
BC23287,BC23287_C2,ENSG00000170315,0.09462906082983659,0.09464084901087755
BC23287,BC23287_C2,ENSG00000100300,-0.0014720131950975205,0.03536383440838861
BC23287,BC23287_C2,ENSG00000163479,0.0732268005122648,0.06156282597488604
BC23287,BC23287_C2,ENSG00000087460,0.16899936590107903,0.22640749804455038
BC23287,BC23287_C2,ENSG00000160932,0.14544391875913296,0.14771130443386254
BC23287,BC23287_C2,ENSG00000187608,-0.017842610982850806,-0.03662789828695287
BC23287,BC23287_C2,ENSG00000126247,0.20388186687418408,0.2316484002491439
BC23287,BC23287_C2,__ambiguous[ENSG00000219200+ENSG00000161939],0.15296996203392266,0.1832126977093251
BC23287,BC23287_C2,ENSG00000188846,0.06531114073791748,0.07706633445532217
BC23287,BC23287_C2,ENSG00000100219,0.24178213675355173,0.30824309896611696
BC23287,BC23287_C2,ENSG00000174886,0.07950655067939201,0.10102099278530358
BC23287,BC23287_C2,ENSG00000173272,0.07443260013744814,0.0902434770198764
BC23287,BC23287_C2,ENSG00000163399,0.05278708185166182,0.06224215751684925
BC23287,BC23287_C2,ENSG00000171222,0.2865191022481192,0.2969522979694757
BC23287,BC23287_C2,ENSG00000173369,0.007302286963555901,-0.024684155606923747
BC23287,BC23287_C2,ENSG00000214530,0.17125513489950997,0.21911500701643122
BC23287,BC23287_C2,ENSG00000145494,0.11138468211385237,0.15760159837789386
BC23287,BC23287_C2,ENSG00000174444,-0.04865806883210791,-0.0742564714338617
BC23287,BC23287_C2,ENSG00000197956,0.1497154186097185,0.16479445525510525
BC23287,BC23287_C2,ENSG00000114391,-0.08910100646870146,-0.07752330421989065
BC23287,BC23287_C2,__ambiguous[ENSG00000241343+ENSG00000257529],-0.017697855706836747,-0.01941389350876682
BC23287,BC23287_C2,ENSG00000125970,0.2613329312068196,0.2618367553041372
BC23287,BC23287_C2,ENSG00000196576,0.282424983743511,0.35847943037064683
BC23287,BC23287_C2,ENSG00000213988,0.1385787381372099,0.18704387884513493
BC23287,BC23287_C2,ENSG00000135390,0.19618197911732596,0.1887152787779676
BC23287,BC23287_C2,ENSG00000130725,0.3877363584049929,0.386248170890441
BC23287,BC23287_C2,ENSG00000172270,0.21128770630690216,0.23280148761908018
BC23287,BC23287_C2,ENSG00000011304,0.31133845848016733,0.33896457472424546
BC23287,BC23287_C2,ENSG00000177700,0.08441987363531264,0.07819180299085607
BC23287,BC23287_C2,ENSG00000025708,0.05895650790169039,0.08550305373985732
BC23287,BC23287_C2,ENSG00000143420,-0.05599702700842731,-0.034116472855673985
BC23287,BC23287_C2,ENSG00000171863,0.03295583956955787,0.008410267677773193
BC23287,BC23287_C2,ENSG00000170421,0.3442219881682061,0.3915689456962384
BC23287,BC23287_C2,ENSG00000124172,-0.04194741486933088,-0.05245546174987337
BC23287,BC23287_C2,ENSG00000110492,0.12607721788520276,0.1533398847915508
BC23287,BC23287_C2,ENSG00000186468,0.07529530782012898,0.10449408956973466
BC23287,BC23287_C2,ENSG00000101335,0.1042326353483846,0.10006696195965545
BC23287,BC23287_C2,ENSG00000186010,0.11188214571614896,0.14376420804827017
BC23287,BC23287_C2,ENSG00000143546,-0.040876863623277034,-0.038701375294657434
BC23287,BC23287_C2,ENSG00000168528,0.1912105396183738,0.23200581222985237
BC23287,BC23287_C2,ENSG00000130520,0.20133954645294772,0.23829008419607417
BC23287,BC23287_C2,ENSG00000106153,0.1801484025014021,0.2040725641314212
BC23287,BC23287_C2,ENSG00000173801,-0.07254850982502067,-0.10296806990325652
BC23287,BC23287_C2,ENSG00000147684,0.06904818805932371,0.049933189018287145
BC23287,BC23287_C2,ENSG00000161960,0.08662942544975037,0.1476159743476078
BC23287,BC23287_C2,ENSG00000134419,0.07190757308137335,0.08870901290116404
BC23287,BC23287_C2,ENSG00000159840,0.01785804107736815,0.009260009670739613
BC23287,BC23287_C2,ENSG00000123989,0.1960835827782762,0.21640078276409813
BC23287,BC23287_C2,ENSG00000141753,-0.0030961788760634767,0.007700037437480125
BC23287,BC23287_C2,ENSG00000132507,0.2923371529353147,0.32769343099413106
BC23287,BC23287_C2,ENSG00000140990,0.07736514456507312,0.13760918482046836
BC23287,BC23287_C2,ENSG00000135940,0.00046238860729177263,0.01041932045137986
BC23287,BC23287_C2,ENSG00000176046,0.09655068510156183,0.12136947846370734
BC23287,BC23287_D1,ENSG00000034510,-0.034097500554722764,-0.07232873692509037
BC23287,BC23287_D1,ENSG00000254709,-0.05781634538050348,-0.05998115562258436
BC23287,BC23287_D1,ENSG00000111640,-0.0865840267424763,-0.11206859150653856
BC23287,BC23287_D1,ENSG00000137818,0.16897899890920345,0.1922120180300958
BC23287,BC23287_D1,ENSG00000177600,0.06800191989147021,0.07100299476355536
BC23287,BC23287_D1,ENSG00000171345,-0.18249447226412313,-0.1760663434520317
BC23287,BC23287_D1,ENSG00000231500,0.00014397119540477679,0.014269079828071352
BC23287,BC23287_D1,ENSG00000075624,0.11150421560510677,0.1130734831346067
BC23287,BC23287_D1,ENSG00000164587,-0.027786894968805032,-0.005847995927482186
BC23287,BC23287_D1,ENSG00000108107,0.06018596660180261,0.06906092080018579
BC23287,BC23287_D1,ENSG00000105372,0.032958084066869314,0.03346282604902721
BC23287,BC23287_D1,ENSG00000197756,-0.07923639250623159,-0.10217179288210317
BC23287,BC23287_D1,ENSG00000108298,-0.0262315428486471,-0.01688034518961046
BC23287,BC23287_D1,ENSG00000141736,-0.22561475937876618,-0.26857148658699015
BC23287,BC23287_D1,ENSG00000161016,-0.015950493502600693,0.021016282785453016
BC23287,BC23287_D1,ENSG00000087086,-0.1428447046706628,-0.16734802094879203
BC23287,BC23287_D1,ENSG00000167526,0.022403494962279127,0.012047346521378524
BC23287,BC23287_D1,ENSG00000108518,0.17068300785191043,0.21347498048465977
BC23287,BC23287_D1,ENSG00000130255,0.06950836862036912,0.0764216403394348
BC23287,BC23287_D1,ENSG00000136942,-0.10804455164364932,-0.1128105712829304
BC23287,BC23287_D1,ENSG00000117984,-0.0686826535104563,-0.08714242647985254
BC23287,BC23287_D1,__ambiguous[ENSG00000251357+ENSG00000240972],-0.062205889063507616,-0.06504288368438554
BC23287,BC23287_D1,ENSG00000149273,-0.13778711448051298,-0.1539102198486947
BC23287,BC23287_D1,ENSG00000197746,0.13825086497260392,0.13431628829726244
BC23287,BC23287_D1,ENSG00000063177,0.15411959182123106,0.18110405957709425
BC23287,BC23287_D1,ENSG00000140264,0.11233240502764734,0.0927969074526099
BC23287,BC23287_D1,ENSG00000180879,0.011605108434696206,0.019175558992036323
BC23287,BC23287_D1,ENSG00000179218,0.10469266476051811,0.07791539892523185
BC23287,BC23287_D1,ENSG00000105193,0.03087722325317841,0.04484248415730057
BC23287,BC23287_D1,ENSG00000130203,0.32431956557732844,0.3542754686342242
BC23287,BC23287_D1,ENSG00000221983,0.12098565475253055,0.14737030379793178
BC23287,BC23287_D1,ENSG00000142534,0.11772596289013497,0.15296911791265808
BC23287,BC23287_D1,ENSG00000185624,0.18033075474274118,0.2076993228808478
BC23287,BC23287_D1,ENSG00000204628,-0.0464316163900415,-0.04802152333613819
BC23287,BC23287_D1,ENSG00000167996,0.06214321863962837,0.022641371635480276
BC23287,BC23287_D1,ENSG00000166441,-0.03589880135914924,-0.02330714401058417
BC23287,BC23287_D1,ENSG00000234745,0.10852662443531873,0.12210513308380852
BC23287,BC23287_D1,ENSG00000142541,0.011321871879195857,0.01659726541703685
BC23287,BC23287_D1,ENSG00000140988,-0.18256509551456088,-0.1911235424599089
BC23287,BC23287_D1,ENSG00000147403,0.14717461054402886,0.1669769097906507
BC23287,BC23287_D1,ENSG00000089157,0.00034175852709764196,-0.005662530065422912
BC23287,BC23287_D1,ENSG00000109062,-0.10484342883999241,-0.1516016512460795
BC23287,BC23287_D1,ENSG00000105640,-0.016445412425847405,-0.01444589227767941
BC23287,BC23287_D1,ENSG00000171858,-0.0010748954639880194,-0.025466384156385122
BC23287,BC23287_D1,ENSG00000115268,-0.04097867066335945,-0.0315646982625035
BC23287,BC23287_D1,ENSG00000233927,-0.03586066922047791,-0.04993166535899897
BC23287,BC23287_D1,ENSG00000198034,0.11147876941805517,0.12419718522713544
BC23287,BC23287_D1,ENSG00000112306,0.06788905960736842,0.03681489619614632
BC23287,BC23287_D1,ENSG00000213741,-0.0679015981907956,-0.076465082361242
BC23287,BC23287_D1,ENSG00000182774,-0.07919932232588403,-0.10928188111956824
BC23287,BC23287_D1,ENSG00000149806,-0.05032395388816247,-0.07734204990811136
BC23287,BC23287_D1,ENSG00000125691,0.02950644665842832,0.03523416808264558
BC23287,BC23287_D1,ENSG00000204525,0.18553744681986067,0.19723620212913887
BC23287,BC23287_D1,ENSG00000142676,-0.06102433444306812,-0.06856998530964278
BC23287,BC23287_D1,ENSG00000019582,-0.03513630275875963,-0.04259900205127191
BC23287,BC23287_D1,ENSG00000170889,0.03564413591094423,0.051592603935965875
BC23287,BC23287_D1,ENSG00000111341,0.06064475278651741,0.0898472665965282
BC23287,BC23287_D1,ENSG00000172809,-0.10350524573302818,-0.1016076146661635
BC23287,BC23287_D1,ENSG00000172757,-0.06589941905438591,-0.07095424973034707
BC23287,BC23287_D1,ENSG00000177954,-0.09769591162953602,-0.10698931515924165
BC23287,BC23287_D1,ENSG00000204592,0.0983836574457192,0.11567688290792916
BC23287,BC23287_D1,ENSG00000100316,-0.12813662008546586,-0.1548500861303309
BC23287,BC23287_D1,ENSG00000137154,0.0738216904259979,0.06651016702519925
BC23287,BC23287_D1,ENSG00000101439,0.3277896541873542,0.35623181254449876
BC23287,BC23287_D1,ENSG00000184009,0.1444185689578847,0.1713060546324105
BC23287,BC23287_D1,ENSG00000108821,0.03961905014212062,-0.002702753776445055
BC23287,BC23287_D1,ENSG00000165949,-0.07698074000942226,-0.0740561065520685
BC23287,BC23287_D1,__ambiguous[ENSG00000254772+ENSG00000255508],-0.042584511941934675,-0.047676741875055925
BC23287,BC23287_D1,ENSG00000206503,0.10554888454471312,0.12717429603510724
BC23287,BC23287_D1,ENSG00000169710,0.02609893619187,0.015418428469709292
BC23287,BC23287_D1,ENSG00000231925,0.230597482476339,0.26378252743125236
BC23287,BC23287_D1,ENSG00000163191,-0.07144824337452876,-0.06850969122232559
BC23287,BC23287_D1,ENSG00000083845,0.023445703578573493,0.025633690749744514
BC23287,BC23287_D1,__ambiguous[ENSG00000185883+ENSG00000260272],0.22506976834504375,0.23751412932390684
BC23287,BC23287_D1,ENSG00000224389,0.06103203500157937,0.10272721472905309
BC23287,BC23287_D1,ENSG00000142937,0.048472204627838376,0.05171136309320592
BC23287,BC23287_D1,ENSG00000167995,-0.022634267163370397,-0.0574059189756151
BC23287,BC23287_D1,ENSG00000135404,0.09902296293835482,0.12589261013119393
BC23287,BC23287_D1,ENSG00000107223,0.16768955295396162,0.17405029558574428
BC23287,BC23287_D1,ENSG00000108639,0.2237497449991442,0.24791982935632406
BC23287,BC23287_D1,ENSG00000106624,0.16119966057452426,0.16684324334423803
BC23287,BC23287_D1,ENSG00000197958,-0.012469908908784801,0.0004983059793534557
BC23287,BC23287_D1,ENSG00000167468,0.09442366721266916,0.09696132072612612
BC23287,BC23287_D1,ENSG00000167658,0.056798896889653804,0.06631552538037491
BC23287,BC23287_D1,ENSG00000162244,0.08346612640033488,0.0792553800369745
BC23287,BC23287_D1,ENSG00000108679,0.1566694372325433,0.16515219658728636
BC23287,BC23287_D1,ENSG00000156482,0.08662389877640321,0.08131619098493974
BC23287,BC23287_D1,ENSG00000172531,0.17817746558763278,0.20275683263236588
BC23287,BC23287_D1,ENSG00000144713,-0.12840865730289786,-0.12536125297999143
BC23287,BC23287_D1,ENSG00000148303,-0.11726314705877837,-0.14202901962673
BC23287,BC23287_D1,ENSG00000115884,0.1035485607646027,0.12827525624270622
BC23287,BC23287_D1,ENSG00000149925,0.027935057924714925,0.02136365527575015
BC23287,BC23287_D1,ENSG00000143947,-0.09959830766818804,-0.11413884276294432
BC23287,BC23287_D1,ENSG00000185499,-0.029401851740485516,-0.046089012247527913
BC23287,BC23287_D1,ENSG00000174748,0.09773041719909337,0.12980714193494325
BC23287,BC23287_D1,ENSG00000115457,-0.0876993261293673,-0.10154151183494721
BC23287,BC23287_D1,ENSG00000108344,-0.13238574305420478,-0.18784145169539632
BC23287,BC23287_D1,ENSG00000185825,0.05933499316928909,0.07835174499703844
BC23287,BC23287_D1,ENSG00000131469,-0.07580131024177608,-0.07583443083410302
BC23287,BC23287_D1,ENSG00000130303,0.1009413327930005,0.10123920758409552
BC23287,BC23287_D1,__ambiguous[ENSG00000185885+ENSG00000185201],0.07399204568874305,0.08421288775050746
BC23287,BC23287_D1,ENSG00000166710,0.2648507330708739,0.2799146812737972
BC23287,BC23287_D1,ENSG00000145592,-0.0924298990071093,-0.11374806287531714
BC23287,BC23287_D1,ENSG00000198242,0.0199745792146685,0.016464732467802952
BC23287,BC23287_D1,ENSG00000163220,-0.013194139361405758,-0.03151785713487331
BC23287,BC23287_D1,ENSG00000104904,0.2525398923911459,0.28080683041483845
BC23287,BC23287_D1,ENSG00000152082,0.09340769194744601,0.11759193100869203
BC23287,BC23287_D1,ENSG00000158710,-0.09092911894294195,-0.12565874377791442
BC23287,BC23287_D1,ENSG00000246705,0.018620813583536466,0.04153441073279945
BC23287,BC23287_D1,ENSG00000141741,-0.1946353614747297,-0.20768516731590347
BC23287,BC23287_D1,ENSG00000106211,-0.23624848364409728,-0.2775304722267376
BC23287,BC23287_D1,ENSG00000117410,0.2986202386615253,0.326802314266069
BC23287,BC23287_D1,ENSG00000074800,0.04295624985970412,0.027034569252501982
BC23287,BC23287_D1,__ambiguous[ENSG00000243678+ENSG00000011052],-0.13045147459350923,-0.18649868230192496
BC23287,BC23287_D1,ENSG00000118181,-0.08875443095282427,-0.0930319931698185
BC23287,BC23287_D1,ENSG00000173372,-0.10358170293793394,-0.09549874526126675
BC23287,BC23287_D1,ENSG00000130208,0.013733462389781953,0.020142579176078902
BC23287,BC23287_D1,ENSG00000110651,0.08978781773230517,0.07178112135469294
BC23287,BC23287_D1,ENSG00000279483,-0.027597074039610914,-0.031146291210722803
BC23287,BC23287_D1,ENSG00000030582,0.014247961930757492,0.001991995852506212
BC23287,BC23287_D1,__ambiguous[ENSG00000257341+ENSG00000213145],0.06764458239477972,0.06074360138827636
BC23287,BC23287_D1,ENSG00000142669,0.023280258380072402,0.047279087641969586
BC23287,BC23287_D1,ENSG00000160862,0.07245148926099548,0.07738412339967675
BC23287,BC23287_D1,ENSG00000092841,0.08789301649553978,0.08650165793253997
BC23287,BC23287_D1,__ambiguous[ENSG00000124614+ENSG00000270800],-0.004546421157302813,0.007282041880250956
BC23287,BC23287_D1,ENSG00000126267,-0.0011978169741163089,0.04490093055617213
BC23287,BC23287_D1,ENSG00000111057,0.02420456615089135,0.01913127134295803
BC23287,BC23287_D1,ENSG00000277972,0.05190228324713132,0.05314990597818065
BC23287,BC23287_D1,ENSG00000165215,0.33268316120577346,0.3448008015568767
BC23287,BC23287_D1,ENSG00000150991,0.07864934084723117,0.0717982153000137
BC23287,BC23287_D1,ENSG00000205542,0.13719352846093558,0.13578082263794644
BC23287,BC23287_D1,ENSG00000169100,-0.0821416568939236,-0.060754564950736493
BC23287,BC23287_D1,ENSG00000133112,-0.0006767783795733969,0.0022575584881173788
BC23287,BC23287_D1,ENSG00000071082,-0.05673655353449427,-0.09493630052148617
BC23287,BC23287_D1,ENSG00000071553,0.22742635881660508,0.24520688676797653
BC23287,BC23287_D1,ENSG00000178719,0.19379186450089278,0.24246557946151343
BC23287,BC23287_D1,ENSG00000070756,-0.0578805330276537,-0.07634941562906228
BC23287,BC23287_D1,ENSG00000117450,0.17735759907742094,0.19008863704302564
BC23287,BC23287_D1,ENSG00000124664,0.2971263009936726,0.33050114578514134
BC23287,BC23287_D1,ENSG00000102265,-0.08524567713415059,-0.11872045529343637
BC23287,BC23287_D1,ENSG00000162511,0.023992069272342608,0.02202574269119514
BC23287,BC23287_D1,ENSG00000277791,0.12028696199766857,0.16469124440059732
BC23287,BC23287_D1,ENSG00000143774,0.09439288602417939,0.09227753044965055
BC23287,BC23287_D1,ENSG00000149591,0.04849157090429355,0.012214363045007386
BC23287,BC23287_D1,ENSG00000105223,0.0947714591684694,0.11594298224619974
BC23287,BC23287_D1,ENSG00000182492,0.12289032744715542,0.13861788929233684
BC23287,BC23287_D1,ENSG00000182809,0.1527912253762614,0.18785941676459958
BC23287,BC23287_D1,ENSG00000141522,0.13168187646874732,0.1484994140180376
BC23287,BC23287_D1,ENSG00000115414,-0.13790704017306865,-0.19691504499727686
BC23287,BC23287_D1,ENSG00000160789,0.002288406160590951,-0.013501376022321215
BC23287,BC23287_D1,ENSG00000142089,0.07454268259900818,0.08271769452518911
BC23287,BC23287_D1,ENSG00000176340,0.04163695804910199,0.038620077347208175
BC23287,BC23287_D1,ENSG00000196924,0.10962749359016703,0.11063717651721731
BC23287,BC23287_D1,ENSG00000145425,-0.051635082866750705,-0.07902364531484869
BC23287,BC23287_D1,ENSG00000187514,0.1683795635090335,0.18304976760751526
BC23287,BC23287_D1,ENSG00000125534,-0.06675935913192253,-0.08521789166316823
BC23287,BC23287_D1,ENSG00000051523,-0.0065899065408698805,0.011676568772785322
BC23287,BC23287_D1,ENSG00000124614,-0.02926900796884892,-0.04212983481711205
BC23287,BC23287_D1,ENSG00000163682,0.027490221797393185,0.012364369302940529
BC23287,BC23287_D1,ENSG00000204287,0.06706099886343805,0.08722082191229553
BC23287,BC23287_D1,ENSG00000272196,0.0940947998997524,0.1297120369643379
BC23287,BC23287_D1,ENSG00000164733,-0.09778345426635428,-0.12296436316497666
BC23287,BC23287_D1,__ambiguous[ENSG00000277957+ENSG00000161960],0.3186674600427403,0.3506394040470498
BC23287,BC23287_D1,ENSG00000058262,0.19870893816791438,0.19863587567660734
BC23287,BC23287_D1,ENSG00000052344,0.17077046450126906,0.21569551020559655
BC23287,BC23287_D1,ENSG00000131748,-0.1381354228003192,-0.14890736334972018
BC23287,BC23287_D1,ENSG00000138326,-0.002539966885273829,-0.009567450721757277
BC23287,BC23287_D1,ENSG00000169223,0.19733127485541385,0.20643849406251194
BC23287,BC23287_D1,ENSG00000135480,-0.13396193117979568,-0.14126662315854646
BC23287,BC23287_D1,ENSG00000114353,0.0006176003803315151,-0.005570766964889851
BC23287,BC23287_D1,ENSG00000111669,0.02956268575193408,0.011219470522424519
BC23287,BC23287_D1,ENSG00000103363,-0.08497876636866425,-0.07261393801911734
BC23287,BC23287_D1,ENSG00000127540,-0.03522833160903563,-0.06798120138575806
BC23287,BC23287_D1,ENSG00000184897,0.29454965839389713,0.3050853152585079
BC23287,BC23287_D1,ENSG00000144426,0.02595729579360343,-0.005379493736603777
BC23287,BC23287_D1,ENSG00000255823,0.7732563652872728,0.7898182152842984
BC23287,BC23287_D1,ENSG00000123349,0.014305321345988045,0.02430082949479181
BC23287,BC23287_D1,ENSG00000164692,0.06144633659637923,0.03785964796400993
BC23287,BC23287_D1,ENSG00000104529,0.24095675092041377,0.25336309430288206
BC23287,BC23287_D1,ENSG00000114867,0.13751708524912074,0.16438292318818282
BC23287,BC23287_D1,ENSG00000172354,0.014317358833680233,-0.004990096049258747
BC23287,BC23287_D1,ENSG00000178952,0.12569840674730037,0.159712545486401
BC23287,BC23287_D1,ENSG00000178980,0.27219020348900946,0.30775806180982823
BC23287,BC23287_D1,ENSG00000251562,-0.11908142976813335,-0.13134248854673478
BC23287,BC23287_D1,ENSG00000125730,0.052192987541508785,0.020393634225096907
BC23287,BC23287_D1,ENSG00000182899,0.0648342840966122,0.042472314699309704
BC23287,BC23287_D1,__ambiguous[ENSG00000262526+ENSG00000170296],-0.0010825513304562782,0.020129474882310497
BC23287,BC23287_D1,ENSG00000026025,0.1370438692852938,0.12770568279466354
BC23287,BC23287_D1,ENSG00000142949,0.0053908988860910355,0.014828528377250969
BC23287,BC23287_D1,ENSG00000008988,-0.0418388845108037,-0.03198281026398897
BC23287,BC23287_D1,ENSG00000104964,0.06956876931573869,0.08465555684107536
BC23287,BC23287_D1,ENSG00000167815,0.09531022761776999,0.09816264026544966
BC23287,BC23287_D1,__ambiguous[ENSG00000273259+ENSG00000196136],-0.08116328174792156,-0.10419195368154491
BC23287,BC23287_D1,ENSG00000142173,0.1420678367619292,0.156073169580639
BC23287,BC23287_D1,ENSG00000155366,-0.041044716325898324,-0.06826098869367656
BC23287,BC23287_D1,ENSG00000131143,0.012840653526487883,0.029197819833018043
BC23287,BC23287_D1,ENSG00000269028,0.8032925652777649,0.8178114199956927
BC23287,BC23287_D1,ENSG00000170315,0.005376582865582846,-0.015530590025661756
BC23287,BC23287_D1,ENSG00000100300,0.12199246447108097,0.13646675240870496
BC23287,BC23287_D1,ENSG00000163479,-0.08326747563738929,-0.10111207792195827
BC23287,BC23287_D1,ENSG00000087460,0.10122543261007337,0.12049560189194698
BC23287,BC23287_D1,ENSG00000160932,0.0482073693438831,0.06604144853411999
BC23287,BC23287_D1,ENSG00000187608,-0.02906976638953425,-0.02147571688118415
BC23287,BC23287_D1,ENSG00000126247,0.14304120923602104,0.1476581775484163
BC23287,BC23287_D1,__ambiguous[ENSG00000219200+ENSG00000161939],0.1437537769475285,0.16148881676504706
BC23287,BC23287_D1,ENSG00000188846,-0.047193136752949644,-0.04149896256804989
BC23287,BC23287_D1,ENSG00000100219,0.3323750022358601,0.36889156583726795
BC23287,BC23287_D1,ENSG00000174886,0.001895272952254347,0.03212514176949961
BC23287,BC23287_D1,ENSG00000173272,0.1510844896603554,0.16295088455358978
BC23287,BC23287_D1,ENSG00000163399,0.10884770197458843,0.1434473523666099
BC23287,BC23287_D1,ENSG00000171222,0.14467892268620586,0.18278920031320464
BC23287,BC23287_D1,ENSG00000173369,0.004178064875062119,0.012442064441924014
BC23287,BC23287_D1,ENSG00000214530,0.2097070122581187,0.26244097436755265
BC23287,BC23287_D1,ENSG00000145494,0.025762091820242,0.04710986256131233
BC23287,BC23287_D1,ENSG00000174444,0.05498139850498233,0.05593527454764075
BC23287,BC23287_D1,ENSG00000197956,0.01835310415409525,0.002259155631270413
BC23287,BC23287_D1,ENSG00000114391,-0.07895249571220227,-0.08055151114048925
BC23287,BC23287_D1,__ambiguous[ENSG00000241343+ENSG00000257529],-0.09754992770879668,-0.12936494294697007
BC23287,BC23287_D1,ENSG00000125970,0.26417333769344103,0.2762262879780037
BC23287,BC23287_D1,ENSG00000196576,0.1599418456128753,0.20366642842621868
BC23287,BC23287_D1,ENSG00000213988,0.07672179353227955,0.08001176688799927
BC23287,BC23287_D1,ENSG00000135390,0.043930954583999,0.03578539888710774
BC23287,BC23287_D1,ENSG00000130725,0.25106094736087686,0.27548068452188684
BC23287,BC23287_D1,ENSG00000172270,0.14553152991390564,0.15614095936433578
BC23287,BC23287_D1,ENSG00000011304,0.2939491389387915,0.3088500374730209
BC23287,BC23287_D1,ENSG00000177700,0.07418055415984727,0.0812072322447974
BC23287,BC23287_D1,ENSG00000025708,0.018907340532555158,0.027339665289852367
BC23287,BC23287_D1,ENSG00000143420,-0.02305751954302932,-0.029822346867483536
BC23287,BC23287_D1,ENSG00000171863,-0.022062284233741524,-0.03419340954779684
BC23287,BC23287_D1,ENSG00000170421,0.27084429093595014,0.3272141343059107
BC23287,BC23287_D1,ENSG00000124172,-0.045197465558552585,-0.062146512352308315
BC23287,BC23287_D1,ENSG00000110492,0.07212385519929523,0.09444252526189198
BC23287,BC23287_D1,ENSG00000186468,-0.08981515324039617,-0.1379836264500112
BC23287,BC23287_D1,ENSG00000101335,0.12910209610580461,0.13624706122907151
BC23287,BC23287_D1,ENSG00000186010,0.00044611896887950024,0.021590210046497346
BC23287,BC23287_D1,ENSG00000143546,0.0024730741755735574,0.010689217643517684
BC23287,BC23287_D1,ENSG00000168528,0.17094814174724474,0.19937422909983485
BC23287,BC23287_D1,ENSG00000130520,0.1684534995556725,0.20468670380887602
BC23287,BC23287_D1,ENSG00000106153,-0.0788571552642038,-0.10379584197895546
BC23287,BC23287_D1,ENSG00000173801,-0.03458588896782803,-0.07147192128234243
BC23287,BC23287_D1,ENSG00000147684,0.017662035236152143,0.0324985471143999
BC23287,BC23287_D1,ENSG00000161960,0.0984588957101763,0.1470548089579729
BC23287,BC23287_D1,ENSG00000134419,-0.06468020764615984,-0.07687513700361136
BC23287,BC23287_D1,ENSG00000159840,-0.03264561701042039,-0.05622814135954067
BC23287,BC23287_D1,ENSG00000123989,0.09747814984865938,0.11025359161345806
BC23287,BC23287_D1,ENSG00000141753,-0.20113485919429655,-0.22566960298892333
BC23287,BC23287_D1,ENSG00000132507,0.11064584199288391,0.15867333375349119
BC23287,BC23287_D1,ENSG00000140990,0.060515577190609855,0.08412813326187521
BC23287,BC23287_D1,ENSG00000135940,-0.035907066169990884,-0.032061730674206826
BC23287,BC23287_D1,ENSG00000176046,0.1611489364267313,0.19608534957085838
BC23450,BC23450_D2,ENSG00000034510,0.041407083354291024,0.04959978540439491
BC23450,BC23450_D2,ENSG00000171345,0.09444769608763198,0.11805754636089716
BC23450,BC23450_D2,ENSG00000111640,0.02645383445923208,0.024588991957945127
BC23450,BC23450_D2,ENSG00000137818,0.16513627334776476,0.1492206186959565
BC23450,BC23450_D2,ENSG00000254709,0.07253966764271935,0.11303753164738517
BC23450,BC23450_D2,ENSG00000177600,0.2739979227550529,0.28718382542088056
BC23450,BC23450_D2,ENSG00000231500,0.04541157743243455,0.02267039238393025
BC23450,BC23450_D2,ENSG00000164587,-0.011040681755765043,-0.062208155473994525
BC23450,BC23450_D2,ENSG00000075624,-0.03990328984399812,-0.05034576525130529
BC23450,BC23450_D2,ENSG00000108107,-0.02021467145415424,-0.040918004856908274
BC23450,BC23450_D2,ENSG00000105372,0.03442965167601832,0.018722768318766694
BC23450,BC23450_D2,ENSG00000197756,0.13548303731044117,0.14524592407707018
BC23450,BC23450_D2,ENSG00000161016,-0.008915197921065212,0.017800910112386947
BC23450,BC23450_D2,ENSG00000108298,-0.27103873118269023,-0.30972384251902246
BC23450,BC23450_D2,ENSG00000167526,0.027350142338717798,0.03212118667691449
BC23450,BC23450_D2,ENSG00000108518,0.10227841821620039,0.11738499490974681
BC23450,BC23450_D2,ENSG00000130255,-0.05651756770047975,-0.0503758183547828
BC23450,BC23450_D2,ENSG00000141736,-0.0007649580266499485,-0.02312979884081881
BC23450,BC23450_D2,ENSG00000087086,0.36454822217325533,0.408146040482769
BC23450,BC23450_D2,__ambiguous[ENSG00000251357+ENSG00000240972],-0.009510068330104716,-0.009199763389406012
BC23450,BC23450_D2,ENSG00000136942,0.049385539465304176,0.07739422818076987
BC23450,BC23450_D2,ENSG00000063177,-0.013131711254483201,-0.014251579496486278
BC23450,BC23450_D2,ENSG00000117984,0.2151652798198157,0.2387277461058397
BC23450,BC23450_D2,ENSG00000197746,0.10716307599793264,0.1158782579105257
BC23450,BC23450_D2,ENSG00000140264,0.007212448611380376,0.0025038296644625123
BC23450,BC23450_D2,ENSG00000105193,0.09172685709331485,0.1068402991087407
BC23450,BC23450_D2,ENSG00000180879,0.006852527550063716,0.040697719264529246
BC23450,BC23450_D2,ENSG00000179218,-0.04927067615875827,-0.11440688308862773
BC23450,BC23450_D2,ENSG00000149273,-0.1567795207715933,-0.20879214692901527
BC23450,BC23450_D2,ENSG00000221983,-0.03669119874372054,-0.05845880610351757
BC23450,BC23450_D2,ENSG00000204628,0.04743189262519968,0.052189374491568706
BC23450,BC23450_D2,ENSG00000185624,-0.11722771642000608,-0.08451609231276348
BC23450,BC23450_D2,ENSG00000142534,0.0953894081838792,0.11477156334689155
BC23450,BC23450_D2,ENSG00000142541,0.023928270305620458,0.021995909600631594
BC23450,BC23450_D2,ENSG00000130203,0.16142460797205854,0.18871978242770426
BC23450,BC23450_D2,ENSG00000109062,-0.2050093038797703,-0.24273989598270587
BC23450,BC23450_D2,ENSG00000166441,0.0915837403241039,0.0897474765210325
BC23450,BC23450_D2,ENSG00000147403,0.11573564091840073,0.0982514230431328
BC23450,BC23450_D2,ENSG00000234745,0.023031327475332698,0.04186524656792338
BC23450,BC23450_D2,ENSG00000167996,-0.03205471621052328,0.004999326438687238
BC23450,BC23450_D2,ENSG00000089157,0.058900322035614905,0.06589433467007091
BC23450,BC23450_D2,ENSG00000140988,0.0523649662502306,0.03637615191255894
BC23450,BC23450_D2,ENSG00000105640,-0.03129309765476982,-0.05967700766116448
BC23450,BC23450_D2,ENSG00000115268,0.05831645735120207,0.05295606948412007
BC23450,BC23450_D2,ENSG00000171858,0.005342556869417746,0.0304076855820253
BC23450,BC23450_D2,ENSG00000112306,0.06132030017736321,0.06361560613720926
BC23450,BC23450_D2,ENSG00000233927,0.061879426134200145,0.03941002735821568
BC23450,BC23450_D2,ENSG00000182774,-0.08917408775032565,-0.11348745950619589
BC23450,BC23450_D2,ENSG00000111341,0.07324829525811868,0.08528228132950841
BC23450,BC23450_D2,ENSG00000198034,0.06432730619362083,0.0756455216255144
BC23450,BC23450_D2,ENSG00000149806,0.12709148092332428,0.13339384474947485
BC23450,BC23450_D2,ENSG00000142676,0.05599107371977488,0.06083963941693998
BC23450,BC23450_D2,ENSG00000213741,0.033357429291586416,0.053414282443693784
BC23450,BC23450_D2,ENSG00000125691,0.05036505285896183,0.08376968374791896
BC23450,BC23450_D2,ENSG00000101439,-0.055497324071014494,-0.07788953996200332
BC23450,BC23450_D2,ENSG00000204525,0.05022623745970796,0.07221180848023308
BC23450,BC23450_D2,ENSG00000019582,0.0686925677033956,0.09056968926189486
BC23450,BC23450_D2,ENSG00000170889,0.114478025765537,0.12254205809581743
BC23450,BC23450_D2,ENSG00000172809,0.1432467474568068,0.14152582994052243
BC23450,BC23450_D2,ENSG00000177954,0.06330914298436702,0.07318283056201298
BC23450,BC23450_D2,ENSG00000100316,0.0405642875650228,0.049658565227389
BC23450,BC23450_D2,ENSG00000184009,0.16375462617042616,0.17323700329598354
BC23450,BC23450_D2,ENSG00000172757,0.0394616170811765,0.03955481773875184
BC23450,BC23450_D2,ENSG00000204592,-0.0813888458169565,-0.08788090173220281
BC23450,BC23450_D2,ENSG00000169710,0.1674432797910861,0.154042601302192
BC23450,BC23450_D2,ENSG00000137154,0.02004653303549504,0.024691782662097487
BC23450,BC23450_D2,ENSG00000108821,0.22679255231183862,0.2541155611062061
BC23450,BC23450_D2,ENSG00000083845,0.07391398015654008,0.05941538235756201
BC23450,BC23450_D2,__ambiguous[ENSG00000185883+ENSG00000260272],-0.06408390134457631,-0.06999381688887454
BC23450,BC23450_D2,ENSG00000142937,0.08150958674961772,0.08580841296287181
BC23450,BC23450_D2,__ambiguous[ENSG00000254772+ENSG00000255508],0.11325242777703454,0.09117775146234539
BC23450,BC23450_D2,ENSG00000231925,-0.06450605004802025,-0.0556363602214571
BC23450,BC23450_D2,ENSG00000206503,0.007106856767723273,0.004757591556365885
BC23450,BC23450_D2,ENSG00000135404,0.021890802598805065,0.0010387513524493736
BC23450,BC23450_D2,ENSG00000224389,-0.045993411521243234,-0.0751610259516691
BC23450,BC23450_D2,ENSG00000167468,-0.12807905704642578,-0.12023326123077367
BC23450,BC23450_D2,ENSG00000163191,0.013044154604103747,-0.0173262497568142
BC23450,BC23450_D2,ENSG00000167995,0.06342405039323515,0.04703318882814907
BC23450,BC23450_D2,ENSG00000107223,0.01868234554898235,0.02543719305549146
BC23450,BC23450_D2,ENSG00000156482,-0.07373449193871022,-0.0759007914164888
BC23450,BC23450_D2,ENSG00000149925,0.00812386818299457,0.001856053073922445
BC23450,BC23450_D2,ENSG00000167658,0.15122773843414053,0.15065503962350718
BC23450,BC23450_D2,ENSG00000197958,0.04636824868552523,0.05704734264730863
BC23450,BC23450_D2,ENSG00000162244,0.053783754645004546,0.04876232297045316
BC23450,BC23450_D2,ENSG00000148303,0.11168370074374707,0.11291781857431252
BC23450,BC23450_D2,ENSG00000106624,0.18459429042531547,0.1600094461224362
BC23450,BC23450_D2,ENSG00000144713,0.04039566019559552,0.050700332040586195
BC23450,BC23450_D2,ENSG00000108679,0.018589777704471618,0.009121346834636971
BC23450,BC23450_D2,ENSG00000108639,0.0368775958344772,0.04617770708478993
BC23450,BC23450_D2,ENSG00000165949,-0.09682611086946899,-0.1156901389432121
BC23450,BC23450_D2,ENSG00000143947,-0.0038152896654659605,-0.021322818662602813
BC23450,BC23450_D2,ENSG00000185499,-0.039168394798747584,-0.05458278611789825
BC23450,BC23450_D2,ENSG00000174748,0.10766502644856614,0.1208047347862016
BC23450,BC23450_D2,ENSG00000198242,0.15853963243615493,0.15968638118315034
BC23450,BC23450_D2,ENSG00000115884,-0.04027248702376802,-0.056200329872763785
BC23450,BC23450_D2,ENSG00000131469,-0.15236218769036747,-0.15308056038252318
BC23450,BC23450_D2,ENSG00000185825,-0.1212735156532605,-0.15923408848434786
BC23450,BC23450_D2,ENSG00000160862,-0.029172788770335627,-0.030459010062735752
BC23450,BC23450_D2,ENSG00000115457,-0.017027723803354083,-0.03786206915416042
BC23450,BC23450_D2,ENSG00000166710,0.18134277015256914,0.17818600829274717
BC23450,BC23450_D2,ENSG00000130303,0.05278045935248441,0.0773918444452775
BC23450,BC23450_D2,ENSG00000163220,0.044937038775451923,0.06455864326292637
BC23450,BC23450_D2,__ambiguous[ENSG00000185885+ENSG00000185201],0.018604610337871894,0.03563491144280623
BC23450,BC23450_D2,ENSG00000145592,0.10555016396066402,0.10330276391801849
BC23450,BC23450_D2,ENSG00000104904,-0.058806813570250104,-0.046901288141471965
BC23450,BC23450_D2,ENSG00000108344,0.07787191656334871,0.06331724819601042
BC23450,BC23450_D2,ENSG00000246705,-0.08330689603254697,-0.08588587304702233
BC23450,BC23450_D2,ENSG00000117410,-0.025864111704844307,-0.012736661474820716
BC23450,BC23450_D2,ENSG00000172531,0.07064371668399282,0.09211587589962546
BC23450,BC23450_D2,ENSG00000152082,0.08002940876373903,0.0846656064592409
BC23450,BC23450_D2,ENSG00000279483,0.13450848893947254,0.13418390208987424
BC23450,BC23450_D2,ENSG00000158710,-0.02082149117844157,-0.04351632937428789
BC23450,BC23450_D2,ENSG00000074800,0.01139840624494442,-0.010830987359415189
BC23450,BC23450_D2,__ambiguous[ENSG00000243678+ENSG00000011052],0.0615576212542714,0.0747004676893892
BC23450,BC23450_D2,ENSG00000106211,0.039143333892609065,0.004721099863809661
BC23450,BC23450_D2,ENSG00000118181,0.06322820811421946,0.06616645216728825
BC23450,BC23450_D2,ENSG00000173372,0.13273510772899244,0.14397139590875987
BC23450,BC23450_D2,ENSG00000030582,0.006104319620452109,-0.033365409750527084
BC23450,BC23450_D2,ENSG00000141741,0.05636461455087964,0.04412221089699225
BC23450,BC23450_D2,ENSG00000110651,0.09812031666007925,0.08009995892902577
BC23450,BC23450_D2,ENSG00000126267,0.027472537525612965,0.045973718951740815
BC23450,BC23450_D2,ENSG00000142669,0.05145908840439055,0.02490688370549476
BC23450,BC23450_D2,ENSG00000130208,-0.07937781557367066,-0.08235430005054942
BC23450,BC23450_D2,ENSG00000092841,0.07556490523785844,0.07293757734972953
BC23450,BC23450_D2,ENSG00000111057,0.1734488798172516,0.1784416286906239
BC23450,BC23450_D2,ENSG00000169100,0.014277177628664144,0.013113275112601063
BC23450,BC23450_D2,__ambiguous[ENSG00000124614+ENSG00000270800],-0.004576850221924561,0.0002392470711826498
BC23450,BC23450_D2,ENSG00000117450,0.06991335479501287,0.07594113207039656
BC23450,BC23450_D2,ENSG00000178719,0.018614816771947006,0.013065664210337863
BC23450,BC23450_D2,ENSG00000133112,0.0722966626337925,0.0918531594859501
BC23450,BC23450_D2,ENSG00000071553,-0.027909404173645205,-0.025716582279332136
BC23450,BC23450_D2,ENSG00000102265,0.05187399275252365,0.020226938304214306
BC23450,BC23450_D2,ENSG00000165215,0.05939363993700293,0.07746054035500076
BC23450,BC23450_D2,ENSG00000277972,0.0293675420899175,0.026661046002810017
BC23450,BC23450_D2,ENSG00000150991,-0.006539931397151066,-0.025320234931355722
BC23450,BC23450_D2,ENSG00000071082,0.07091397195337247,0.0702962943439101
BC23450,BC23450_D2,ENSG00000205542,0.15356245363434234,0.14852201483045024
BC23450,BC23450_D2,ENSG00000124664,-0.0037307478699215553,0.005196206766942358
BC23450,BC23450_D2,ENSG00000143774,-0.05777564162486893,-0.06954028248533352
BC23450,BC23450_D2,ENSG00000070756,0.007575823899096028,0.006502509457453458
BC23450,BC23450_D2,ENSG00000105223,-0.020900454809574205,-0.008323309994261502
BC23450,BC23450_D2,ENSG00000149591,0.289944918507907,0.2983038340507969
BC23450,BC23450_D2,ENSG00000277791,0.13031684394999446,0.14973870534545053
BC23450,BC23450_D2,ENSG00000162511,0.07977796273533522,0.0983684600879037
BC23450,BC23450_D2,ENSG00000141522,0.14277070375615672,0.15492976239313352
BC23450,BC23450_D2,ENSG00000125534,0.03753689659414593,0.04796185413790222
BC23450,BC23450_D2,ENSG00000163682,0.055636111403214894,0.07195364989054882
BC23450,BC23450_D2,ENSG00000145425,0.05008863553017314,0.06133366377987384
BC23450,BC23450_D2,ENSG00000160789,-0.021538248976337944,-0.04645801570743915
BC23450,BC23450_D2,ENSG00000182492,0.14377904029815988,0.1358936450472082
BC23450,BC23450_D2,ENSG00000176340,0.053259798072057406,0.0313731202327307
BC23450,BC23450_D2,ENSG00000142089,-0.04216973991159591,-0.04209347111498382
BC23450,BC23450_D2,ENSG00000204287,0.24242722272446693,0.25463580374149497
BC23450,BC23450_D2,ENSG00000124614,0.05824961023874312,0.07927018552145326
BC23450,BC23450_D2,ENSG00000127540,0.027346075497815026,0.03745046021754941
BC23450,BC23450_D2,__ambiguous[ENSG00000277957+ENSG00000161960],0.042494582803526824,0.047546273111947535
BC23450,BC23450_D2,ENSG00000164733,0.13081427320665173,0.14022863669279767
BC23450,BC23450_D2,ENSG00000115414,0.09347680469414248,0.07570483550154551
BC23450,BC23450_D2,ENSG00000196924,-0.0054878036227159685,-0.005530538044226341
BC23450,BC23450_D2,ENSG00000135480,-0.02711284108184341,-0.02800484872427469
BC23450,BC23450_D2,ENSG00000255823,0.14465361844159205,0.14575000622147252
BC23450,BC23450_D2,__ambiguous[ENSG00000257341+ENSG00000213145],0.07636593171818401,0.060296672401190694
BC23450,BC23450_D2,ENSG00000103363,-0.07015921831175162,-0.06753068175798486
BC23450,BC23450_D2,ENSG00000178980,-0.05662965624453913,-0.07412687841069948
BC23450,BC23450_D2,ENSG00000187514,0.12714291730667915,0.14076656782758118
BC23450,BC23450_D2,ENSG00000138326,0.14057177880812405,0.1212634144321663
BC23450,BC23450_D2,ENSG00000051523,0.09036814298461936,0.0923053299745796
BC23450,BC23450_D2,ENSG00000182809,0.03385187835700167,0.014021515942211989
BC23450,BC23450_D2,ENSG00000123349,0.043235210766616454,0.04446466362496528
BC23450,BC23450_D2,ENSG00000058262,0.09741190473415232,0.09706845354267672
BC23450,BC23450_D2,ENSG00000169223,0.017817054566283262,0.0201475204131171
BC23450,BC23450_D2,ENSG00000251562,0.2715944288486944,0.3223405085883403
BC23450,BC23450_D2,ENSG00000111669,-0.06388161684835406,-0.054704241667069484
BC23450,BC23450_D2,ENSG00000104529,0.06105558848287766,0.06769956894580262
BC23450,BC23450_D2,ENSG00000114353,0.13122614923480236,0.11345276131680827
BC23450,BC23450_D2,ENSG00000269028,0.12968807978154903,0.120996584811957
BC23450,BC23450_D2,__ambiguous[ENSG00000262526+ENSG00000170296],0.0478416653047026,0.05088818336521869
BC23450,BC23450_D2,ENSG00000170315,-0.03267775083003176,-0.04136621350666126
BC23450,BC23450_D2,ENSG00000144426,0.06601255919985836,0.05601638553693793
BC23450,BC23450_D2,ENSG00000114867,0.02314444566792605,0.00047827458363399676
BC23450,BC23450_D2,ENSG00000008988,0.07565969123595997,0.09089006425541664
BC23450,BC23450_D2,ENSG00000167815,0.002459880385855734,0.016477363646103062
BC23450,BC23450_D2,ENSG00000026025,0.03470315200099779,0.008991625216322406
BC23450,BC23450_D2,ENSG00000125730,-0.0461903679127559,-0.08395607989120767
BC23450,BC23450_D2,ENSG00000182899,-0.0029305640578482814,0.01050024202597456
BC23450,BC23450_D2,ENSG00000164692,0.16760337281348395,0.16703895867779545
BC23450,BC23450_D2,ENSG00000272196,-0.22452544459376203,-0.22805418274999129
BC23450,BC23450_D2,ENSG00000184897,0.10675016400654151,0.12456408314074872
BC23450,BC23450_D2,__ambiguous[ENSG00000219200+ENSG00000161939],0.03623427080390165,0.04240648482788185
BC23450,BC23450_D2,ENSG00000142949,-0.06186380673475871,-0.08028474852068367
BC23450,BC23450_D2,ENSG00000100219,0.14198125148449572,0.1255651812037139
BC23450,BC23450_D2,ENSG00000131143,0.04208481108506082,0.06089120413315225
BC23450,BC23450_D2,ENSG00000104964,0.15621419443906404,0.16768990194413105
BC23450,BC23450_D2,ENSG00000087460,0.09179197279207865,0.1037199206072038
BC23450,BC23450_D2,ENSG00000100300,0.05797664027960881,0.06235167756769237
BC23450,BC23450_D2,ENSG00000131748,0.03902062792071963,0.05792486138078449
BC23450,BC23450_D2,ENSG00000172354,0.046710713657782635,0.04748637612249182
BC23450,BC23450_D2,ENSG00000126247,-0.12893642573714165,-0.14721222984900098
BC23450,BC23450_D2,ENSG00000052344,0.06674518774647847,0.03683199786357423
BC23450,BC23450_D2,ENSG00000164919,0.011702075006992963,0.008867384662860875
BC23450,BC23450_D2,ENSG00000142173,0.1813756216899642,0.14787997240798062
BC23450,BC23450_D2,ENSG00000155366,-0.0011187765411838184,-0.01610302148113166
BC23450,BC23450_D2,ENSG00000178952,0.14624953985264955,0.1578641529579574
BC23450,BC23450_D2,ENSG00000188846,-0.06260077889925265,-0.08466565881777938
BC23450,BC23450_D2,ENSG00000160932,-0.0027299681303000136,0.008149413776450837
BC23450,BC23450_D2,ENSG00000145494,0.024345995612224027,0.016760196308746426
BC23450,BC23450_D2,ENSG00000174886,-0.008456818574487015,-0.023140979177133557
BC23450,BC23450_D2,ENSG00000163479,0.05697447996883111,0.047997882221771704
BC23450,BC23450_D2,__ambiguous[ENSG00000273259+ENSG00000196136],0.012167686862453488,0.05565508302754143
BC23450,BC23450_D2,ENSG00000114391,0.04313360134954315,0.03103013791389985
BC23450,BC23450_D2,ENSG00000213988,-0.0011125880238644407,0.008027575998000613
BC23450,BC23450_D2,ENSG00000214530,0.08911188046522105,0.09877192569087141
BC23450,BC23450_D2,ENSG00000171222,0.009175918345039901,0.03631956701435318
BC23450,BC23450_D2,__ambiguous[ENSG00000241343+ENSG00000257529],0.14915172781628416,0.1602778183747363
BC23450,BC23450_D2,ENSG00000130725,0.03669490601903947,0.06992428737301856
BC23450,BC23450_D2,ENSG00000173369,0.07911634972630438,0.09609809959382007
BC23450,BC23450_D2,ENSG00000135390,-0.0170173960206248,-0.026162674171161367
BC23450,BC23450_D2,ENSG00000174444,0.09054176436745691,0.09312812101039415
BC23450,BC23450_D2,ENSG00000197956,0.11850706940669663,0.12504584362003324
BC23450,BC23450_D2,ENSG00000163399,0.056842195190386996,0.0419967884411993
BC23450,BC23450_D2,ENSG00000173272,0.11602641414117325,0.121262387667238
BC23450,BC23450_D2,ENSG00000177700,0.048954067669742085,0.04027422655368871
BC23450,BC23450_D2,ENSG00000196576,0.08503917706978074,0.09203539034247506
BC23450,BC23450_D2,ENSG00000147684,0.045944016772791495,0.04683570514672585
BC23450,BC23450_D2,ENSG00000125970,-0.010859126701243246,-0.017416086440676506
BC23450,BC23450_D2,ENSG00000173801,-0.09232349433107535,-0.11355864451599328
BC23450,BC23450_D2,ENSG00000143420,-0.03981825570769892,-0.03986224383377969
BC23450,BC23450_D2,ENSG00000168528,0.046788261704171115,0.05959182004953689
BC23450,BC23450_D2,ENSG00000172270,-0.02888022851808313,-0.038772797897361634
BC23450,BC23450_D2,ENSG00000143546,-0.01526836202379743,-0.0169444137990018
BC23450,BC23450_D2,ENSG00000147604,0.04215862114659772,0.06507248347051688
BC23450,BC23450_D2,ENSG00000011304,-0.00786793335756101,0.023255557575367614
BC23450,BC23450_D2,ENSG00000124172,-0.05655329691443512,-0.06619025647741467
BC23450,BC23450_D2,ENSG00000187608,-0.004102789809772095,0.020320964756098372
BC23450,BC23450_D2,ENSG00000161960,0.05203843327269689,0.0772912237217143
BC23450,BC23450_D2,ENSG00000110492,-0.056689611342462747,-0.05119066443354964
BC23450,BC23450_D2,ENSG00000141753,0.11311780471045998,0.06803226912932905
BC23450,BC23450_D2,ENSG00000170421,0.12772480132567446,0.09127201669450592
BC23450,BC23450_D2,ENSG00000130520,0.07653885954132744,0.08278691339791226
BC23450,BC23450_D2,ENSG00000176046,-0.10950110876907779,-0.10919410051246374
BC23450,BC23450_D2,ENSG00000171863,-0.007795991246849102,-0.021453356981967413
BC23450,BC23450_D2,ENSG00000186468,0.1211651860299688,0.09857930565479421
BC23450,BC23450_D2,ENSG00000132507,0.05203125863660484,0.06755976683185971
BC23450,BC23450_D2,ENSG00000101335,0.11643701488839248,0.11189039774239323
BC23450,BC23450_D2,ENSG00000025708,0.10526033977294579,0.13491314520525724
BC23450,BC23450_D2,ENSG00000279274,0.1354710364634317,0.1248882711406486
BC23450,BC23450_D2,ENSG00000135940,-0.07455782598104645,-0.09486089126880617
BC23450,BC23450_D2,ENSG00000140990,-0.0019405969769016728,0.0165504814617622
BC23450,BC23450_D2,ENSG00000109475,-0.030808467746426066,-0.04309655769979715
BC23450,BC23450_D2,ENSG00000106153,-0.027328394928293004,-0.04139007606153723
BC23450,BC23450_E1,ENSG00000034510,0.2691651170952591,0.2938690475326609
BC23450,BC23450_E1,ENSG00000171345,0.10609344172391799,0.15177393558414062
BC23450,BC23450_E1,ENSG00000111640,0.03682537388411862,0.046700556809168535
BC23450,BC23450_E1,ENSG00000137818,0.201004182576942,0.184397772322736
BC23450,BC23450_E1,ENSG00000254709,-0.07102568774596968,-0.047956259602879456
BC23450,BC23450_E1,ENSG00000177600,0.25063222274643204,0.25021811108585157
BC23450,BC23450_E1,ENSG00000231500,0.10790529583196834,0.1193653832913483
BC23450,BC23450_E1,ENSG00000164587,-0.028147323213377023,-0.038206949592324554
BC23450,BC23450_E1,ENSG00000075624,0.11892309766920782,0.10787526410830876
BC23450,BC23450_E1,ENSG00000108107,0.11515586591026292,0.14208699688768747
BC23450,BC23450_E1,ENSG00000105372,0.10340245145566498,0.1345764530140942
BC23450,BC23450_E1,ENSG00000197756,0.11123786720084831,0.1720101634634895
BC23450,BC23450_E1,ENSG00000161016,-0.12279627672730625,-0.08763415002080113
BC23450,BC23450_E1,ENSG00000108298,-0.33076878725464526,-0.3742833532721506
BC23450,BC23450_E1,ENSG00000167526,0.17000625866261343,0.2118460274768593
BC23450,BC23450_E1,ENSG00000108518,0.15030323621084954,0.15936272885772831
BC23450,BC23450_E1,ENSG00000130255,0.1502270728925032,0.1604490470902603
BC23450,BC23450_E1,ENSG00000141736,0.037560358973234086,0.038983130356179806
BC23450,BC23450_E1,ENSG00000087086,0.28574445488724726,0.32189311884963845
BC23450,BC23450_E1,__ambiguous[ENSG00000251357+ENSG00000240972],0.031272174576366496,0.0315514593011352
BC23450,BC23450_E1,ENSG00000136942,-0.045874676963650184,-0.04687793182302366
BC23450,BC23450_E1,ENSG00000063177,0.05275917715591476,0.04200215894523772
BC23450,BC23450_E1,ENSG00000117984,0.11864280150994579,0.12821184296137736
BC23450,BC23450_E1,ENSG00000197746,0.1865507876031536,0.20736657741706677
BC23450,BC23450_E1,ENSG00000140264,0.18213389637883728,0.19415644138062033
BC23450,BC23450_E1,ENSG00000105193,-0.042853006808385066,-0.036759507902952064
BC23450,BC23450_E1,ENSG00000180879,-0.02826855312439406,-0.044609249942534915
BC23450,BC23450_E1,ENSG00000179218,0.16790248630620028,0.17868217617442456
BC23450,BC23450_E1,ENSG00000149273,-0.17470259363977414,-0.19601440487836205
BC23450,BC23450_E1,ENSG00000221983,-0.014917670152828515,-0.010328835219785082
BC23450,BC23450_E1,ENSG00000204628,0.087556774920074,0.1089207572859976
BC23450,BC23450_E1,ENSG00000185624,0.014593826999810544,0.02941294863103075
BC23450,BC23450_E1,ENSG00000142534,0.032668549736591806,0.0626991366166735
BC23450,BC23450_E1,ENSG00000142541,0.11759032587716163,0.13302345832184115
BC23450,BC23450_E1,ENSG00000130203,0.1289716266158833,0.16501569304938185
BC23450,BC23450_E1,ENSG00000109062,0.009821048769385858,0.01937410475775374
BC23450,BC23450_E1,ENSG00000166441,0.09931657375218249,0.13428413038480258
BC23450,BC23450_E1,ENSG00000147403,0.007767885231852767,0.02409951974841088
BC23450,BC23450_E1,ENSG00000234745,-0.010965167970166924,-0.0032654398544054064
BC23450,BC23450_E1,ENSG00000167996,0.01474584131369884,0.001664038130405741
BC23450,BC23450_E1,ENSG00000089157,0.11752455918741415,0.12314295737155116
BC23450,BC23450_E1,ENSG00000140988,-0.011019845245687318,-0.012073696448530773
BC23450,BC23450_E1,ENSG00000105640,0.04763072776766787,0.06755902256504648
BC23450,BC23450_E1,ENSG00000115268,0.011664565308900211,0.015816082722220057
BC23450,BC23450_E1,ENSG00000171858,-0.044454595035048165,-0.03694385700641627
BC23450,BC23450_E1,ENSG00000112306,0.01782369117479717,0.03398489682713965
BC23450,BC23450_E1,ENSG00000233927,0.10647771344801311,0.13736155101357095
BC23450,BC23450_E1,ENSG00000182774,0.1598657944482965,0.1710768571241344
BC23450,BC23450_E1,ENSG00000111341,0.017878102192304287,0.028114690195075384
BC23450,BC23450_E1,ENSG00000198034,0.18943502035937154,0.1734783462137138
BC23450,BC23450_E1,ENSG00000149806,0.1888509668473195,0.17730472395417696
BC23450,BC23450_E1,ENSG00000142676,0.14731314756402414,0.1505810875562253
BC23450,BC23450_E1,ENSG00000213741,0.2138573077113043,0.22860318030575838
BC23450,BC23450_E1,ENSG00000125691,-0.019389768686594776,-0.05114022500479353
BC23450,BC23450_E1,ENSG00000101439,-0.2014208560681193,-0.24374131647442918
BC23450,BC23450_E1,ENSG00000204525,0.12394596941448774,0.15251961508616071
BC23450,BC23450_E1,ENSG00000019582,0.16992614687562982,0.1771990052919895
BC23450,BC23450_E1,ENSG00000170889,0.051091109543007364,0.043973267773779585
BC23450,BC23450_E1,ENSG00000172809,0.012749203524163503,0.014043272216591941
BC23450,BC23450_E1,ENSG00000177954,0.23914239007711094,0.2572205469539263
BC23450,BC23450_E1,ENSG00000100316,0.0499860876861609,0.07305021840403329
BC23450,BC23450_E1,ENSG00000184009,0.24840265106856269,0.24443992004022705
BC23450,BC23450_E1,ENSG00000172757,-0.09397814913906415,-0.08261543165782795
BC23450,BC23450_E1,ENSG00000204592,0.013550677794623456,0.005500378773224216
BC23450,BC23450_E1,ENSG00000169710,0.2310471654734675,0.24373121399183276
BC23450,BC23450_E1,ENSG00000137154,0.06300514011282864,0.09012766222297316
BC23450,BC23450_E1,ENSG00000108821,0.0036322540645870893,-0.05140453407345328
BC23450,BC23450_E1,ENSG00000083845,0.06704742969854825,0.0893144830135153
BC23450,BC23450_E1,__ambiguous[ENSG00000185883+ENSG00000260272],0.028803153728595744,0.05284112025511343
BC23450,BC23450_E1,ENSG00000142937,0.08666191851906915,0.07602727511651185
BC23450,BC23450_E1,__ambiguous[ENSG00000254772+ENSG00000255508],0.0625137314492661,0.09078075622241652
BC23450,BC23450_E1,ENSG00000231925,0.06476517151443618,0.10424695377382742
BC23450,BC23450_E1,ENSG00000206503,-0.043688387317959994,-0.07467502012383657
BC23450,BC23450_E1,ENSG00000135404,0.11971120499575644,0.10265271728265661
BC23450,BC23450_E1,ENSG00000224389,0.10465004487280538,0.07568536298315176
BC23450,BC23450_E1,ENSG00000167468,-0.11823747078131135,-0.14384638685679127
BC23450,BC23450_E1,ENSG00000163191,-0.06600330778511228,-0.09661567666932043
BC23450,BC23450_E1,ENSG00000167995,0.11685206675636715,0.13620160391088296
BC23450,BC23450_E1,ENSG00000107223,0.07433922384699707,0.07653407485693722
BC23450,BC23450_E1,ENSG00000156482,0.06047474493751945,0.05115705469229179
BC23450,BC23450_E1,ENSG00000149925,-0.0916485164527027,-0.09541569536244246
BC23450,BC23450_E1,ENSG00000167658,0.07850466839345577,0.08148611804000139
BC23450,BC23450_E1,ENSG00000197958,0.17661114619822119,0.18808540799826295
BC23450,BC23450_E1,ENSG00000162244,-0.014351307172252997,0.0017835520595810446
BC23450,BC23450_E1,ENSG00000148303,0.11142056593894456,0.12707716226102758
BC23450,BC23450_E1,ENSG00000106624,0.3250118329337095,0.334628558291516
BC23450,BC23450_E1,ENSG00000144713,0.030283683423922816,0.028290739119930748
BC23450,BC23450_E1,ENSG00000108679,0.04334269587139955,0.055626530508742555
BC23450,BC23450_E1,ENSG00000108639,0.19151858600468646,0.21982854306762636
BC23450,BC23450_E1,ENSG00000165949,-0.20618499383738428,-0.196114558756131
BC23450,BC23450_E1,ENSG00000143947,0.11485146223542896,0.11436243941520163
BC23450,BC23450_E1,ENSG00000185499,-0.07724042574442423,-0.07913912609431671
BC23450,BC23450_E1,ENSG00000174748,0.0691591027188549,0.08375622476165855
BC23450,BC23450_E1,ENSG00000198242,0.13734006593631956,0.14845591650951406
BC23450,BC23450_E1,ENSG00000115884,0.23199416817102383,0.2497896431864417
BC23450,BC23450_E1,ENSG00000131469,-0.07245572186088824,-0.037869763236263815
BC23450,BC23450_E1,ENSG00000185825,-0.041622462824784046,-0.03231176797147377
BC23450,BC23450_E1,ENSG00000160862,0.13250211790118335,0.11611462375593118
BC23450,BC23450_E1,ENSG00000115457,0.04050698759092392,0.045441395385002435
BC23450,BC23450_E1,ENSG00000166710,0.2439153051658695,0.2386524283380287
BC23450,BC23450_E1,ENSG00000130303,0.14264867365041833,0.1503294841337866
BC23450,BC23450_E1,ENSG00000163220,-0.15643611786598166,-0.15580755758198372
BC23450,BC23450_E1,__ambiguous[ENSG00000185885+ENSG00000185201],0.03596315639610904,0.028229414757659377
BC23450,BC23450_E1,ENSG00000145592,0.02939705672396433,0.036238244566442694
BC23450,BC23450_E1,ENSG00000104904,-0.04488707725912612,-0.03686551956623978
BC23450,BC23450_E1,ENSG00000108344,-0.0037279733464188813,0.017883631989396798
BC23450,BC23450_E1,ENSG00000246705,0.03596128921135751,0.040493592104803786
BC23450,BC23450_E1,ENSG00000117410,-0.04296511798010142,-0.03395287603189242
BC23450,BC23450_E1,ENSG00000172531,0.12016435264623737,0.156038118077235
BC23450,BC23450_E1,ENSG00000152082,0.20611263252424838,0.2291969081225649
BC23450,BC23450_E1,ENSG00000279483,0.06948129227354786,0.07196668868972249
BC23450,BC23450_E1,ENSG00000158710,-0.009001970292296492,0.0027274105363039015
BC23450,BC23450_E1,ENSG00000074800,0.013939704693287744,0.029260092462911877
BC23450,BC23450_E1,__ambiguous[ENSG00000243678+ENSG00000011052],-0.012855276861299813,0.010489607015501733
BC23450,BC23450_E1,ENSG00000106211,0.07037395748086007,0.0768850179422681
BC23450,BC23450_E1,ENSG00000118181,0.049757384755982355,0.04171679445442769
BC23450,BC23450_E1,ENSG00000173372,0.026313823186652173,0.03782849889972408
BC23450,BC23450_E1,ENSG00000030582,-0.012956933526018977,-0.025918381441680516
BC23450,BC23450_E1,ENSG00000141741,-0.09148979716803536,-0.10771432853042932
BC23450,BC23450_E1,ENSG00000110651,0.13117555564284886,0.14616119496408225
BC23450,BC23450_E1,ENSG00000126267,-0.030225365592195724,-0.012707480138145273
BC23450,BC23450_E1,ENSG00000142669,0.018385144918714073,0.03914799976586919
BC23450,BC23450_E1,ENSG00000130208,0.05719687403321087,0.09671302821466322
BC23450,BC23450_E1,ENSG00000092841,0.07430334087629216,0.1025411427586569
BC23450,BC23450_E1,ENSG00000111057,0.03898324174385716,0.044785742203887875
BC23450,BC23450_E1,ENSG00000169100,0.12259466337359642,0.13321322666381613
BC23450,BC23450_E1,__ambiguous[ENSG00000124614+ENSG00000270800],0.054515918695305844,0.06708020183438322
BC23450,BC23450_E1,ENSG00000117450,0.042040698234452764,0.06571586572575602
BC23450,BC23450_E1,ENSG00000178719,0.08608343127590833,0.12310715974871868
BC23450,BC23450_E1,ENSG00000133112,0.10044338238516584,0.10129010383696742
BC23450,BC23450_E1,ENSG00000071553,-0.014076606572417773,-0.013634294728016874
BC23450,BC23450_E1,ENSG00000102265,0.029505942432814885,0.0036115824583284563
BC23450,BC23450_E1,ENSG00000165215,0.04441420857790234,0.05405816385465191
BC23450,BC23450_E1,ENSG00000277972,0.006320529911286693,0.006167573348430095
BC23450,BC23450_E1,ENSG00000150991,0.08520430706181165,0.11783129083229678
BC23450,BC23450_E1,ENSG00000071082,0.06448016303696752,0.10227614918517965
BC23450,BC23450_E1,ENSG00000205542,0.08751375552178384,0.11556539554656912
BC23450,BC23450_E1,ENSG00000124664,0.12370924084285387,0.1272317323087402
BC23450,BC23450_E1,ENSG00000143774,0.18210571887211785,0.168657015367574
BC23450,BC23450_E1,ENSG00000070756,0.01153480390670866,0.00816529048720223
BC23450,BC23450_E1,ENSG00000105223,0.019258848389577015,0.02116680177717018
BC23450,BC23450_E1,ENSG00000149591,0.3168803747154356,0.343435598758018
BC23450,BC23450_E1,ENSG00000277791,0.13551921793149654,0.13268069693556583
BC23450,BC23450_E1,ENSG00000162511,0.1610770330449092,0.18286123949178795
BC23450,BC23450_E1,ENSG00000141522,0.12270584606889288,0.1509927692836536
BC23450,BC23450_E1,ENSG00000125534,-0.06435363696111748,-0.044357612758806446
BC23450,BC23450_E1,ENSG00000163682,0.14910742021306117,0.16306342120265124
BC23450,BC23450_E1,ENSG00000145425,0.08349669544888291,0.08163182770578589
BC23450,BC23450_E1,ENSG00000160789,0.19478869662608223,0.19491259120936938
BC23450,BC23450_E1,ENSG00000182492,0.15278489774233653,0.1621196665674692
BC23450,BC23450_E1,ENSG00000176340,-0.06017052136520877,-0.056140430363887425
BC23450,BC23450_E1,ENSG00000142089,0.014515082143695214,-0.01988529524974942
BC23450,BC23450_E1,ENSG00000204287,0.18753315627862216,0.186180766012733
BC23450,BC23450_E1,ENSG00000124614,0.06052512920218204,0.06425227126700246
BC23450,BC23450_E1,ENSG00000127540,0.052235171454346446,0.051802223499476885
BC23450,BC23450_E1,__ambiguous[ENSG00000277957+ENSG00000161960],0.16426285037957508,0.18241909323290942
BC23450,BC23450_E1,ENSG00000164733,0.1087294999939382,0.11367402167891043
BC23450,BC23450_E1,ENSG00000115414,0.22476014574495887,0.19340573701510705
BC23450,BC23450_E1,ENSG00000196924,0.06895021666605049,0.08862099948591655
BC23450,BC23450_E1,ENSG00000135480,0.04204286869116472,0.04534502903250535
BC23450,BC23450_E1,ENSG00000255823,0.2999878279129974,0.3056493322311567
BC23450,BC23450_E1,__ambiguous[ENSG00000257341+ENSG00000213145],-0.05158994580557637,-0.057159411574045034
BC23450,BC23450_E1,ENSG00000103363,0.03331978839719854,0.051649857043566096
BC23450,BC23450_E1,ENSG00000178980,0.01687702046265494,0.030359639068714247
BC23450,BC23450_E1,ENSG00000187514,-0.03360594393463343,-0.035939228944316635
BC23450,BC23450_E1,ENSG00000138326,-0.03389481184691603,-0.01841729933037884
BC23450,BC23450_E1,ENSG00000051523,0.1276057918939688,0.13140617144982167
BC23450,BC23450_E1,ENSG00000182809,-0.05776866369153686,-0.04157417832255168
BC23450,BC23450_E1,ENSG00000123349,0.0212451735446713,0.03534700061336765
BC23450,BC23450_E1,ENSG00000058262,0.06954188215335413,0.09766089223871031
BC23450,BC23450_E1,ENSG00000169223,0.05916874287305738,0.0766322769694216
BC23450,BC23450_E1,ENSG00000251562,0.3019180576845487,0.3119288725692091
BC23450,BC23450_E1,ENSG00000111669,0.12987396067994997,0.13121863052274707
BC23450,BC23450_E1,ENSG00000104529,0.05137600191936149,0.06478018892505225
BC23450,BC23450_E1,ENSG00000114353,-0.029846169269494568,0.006103615219280346
BC23450,BC23450_E1,ENSG00000269028,0.3787991064602714,0.3752818682786164
BC23450,BC23450_E1,__ambiguous[ENSG00000262526+ENSG00000170296],-0.05527946018437515,-0.013809572527091014
BC23450,BC23450_E1,ENSG00000170315,0.08046902165737525,0.09061764994709204
BC23450,BC23450_E1,ENSG00000144426,0.23870145222434352,0.2588085236725444
BC23450,BC23450_E1,ENSG00000114867,-0.008270293236512866,0.0035620558508499167
BC23450,BC23450_E1,ENSG00000008988,0.00024211431483545356,0.0073603411572176125
BC23450,BC23450_E1,ENSG00000167815,0.0761031879161953,0.0873193739448594
BC23450,BC23450_E1,ENSG00000026025,0.21637020899271073,0.21314363860168725
BC23450,BC23450_E1,ENSG00000125730,-0.011204321588752232,-0.01627853208509499
BC23450,BC23450_E1,ENSG00000182899,-0.024181598057023152,-0.029782981058732855
BC23450,BC23450_E1,ENSG00000164692,0.06978844053257154,0.03257912171319429
BC23450,BC23450_E1,ENSG00000272196,-0.020846899268401456,0.0038570031309731715
BC23450,BC23450_E1,ENSG00000184897,0.06669675054596595,0.10042634602879008
BC23450,BC23450_E1,__ambiguous[ENSG00000219200+ENSG00000161939],-0.11950141024687158,-0.11865284808479462
BC23450,BC23450_E1,ENSG00000142949,-0.13007658120341428,-0.15080706465443275
BC23450,BC23450_E1,ENSG00000100219,0.2817484301344001,0.29150936190478277
BC23450,BC23450_E1,ENSG00000131143,0.03063036007538495,0.02616992036964694
BC23450,BC23450_E1,ENSG00000104964,0.14118586481984385,0.12780556994439968
BC23450,BC23450_E1,ENSG00000087460,0.2014329084680491,0.21714957383046152
BC23450,BC23450_E1,ENSG00000100300,0.08242298396874571,0.09731341307057281
BC23450,BC23450_E1,ENSG00000131748,0.077335687689699,0.08683971445383945
BC23450,BC23450_E1,ENSG00000172354,0.13489896996659498,0.13240859716673564
BC23450,BC23450_E1,ENSG00000126247,-0.0726130673753199,-0.04926329245025736
BC23450,BC23450_E1,ENSG00000052344,0.09697222755960037,0.13856483992864585
BC23450,BC23450_E1,ENSG00000164919,0.12630264810874206,0.12443434319442345
BC23450,BC23450_E1,ENSG00000142173,0.10019680592650365,0.11241793331607251
BC23450,BC23450_E1,ENSG00000155366,-0.07300208484976646,-0.06306278222795292
BC23450,BC23450_E1,ENSG00000178952,0.02528907541676869,0.034230539514264156
BC23450,BC23450_E1,ENSG00000188846,0.0779710767426987,0.08480022355943652
BC23450,BC23450_E1,ENSG00000160932,0.15093434615027554,0.180711428838042
BC23450,BC23450_E1,ENSG00000145494,-0.06911386177304399,-0.08286074001809524
BC23450,BC23450_E1,ENSG00000174886,-0.061125188414488725,-0.05382689677268416
BC23450,BC23450_E1,ENSG00000163479,0.05864750720762967,0.06825178200496615
BC23450,BC23450_E1,__ambiguous[ENSG00000273259+ENSG00000196136],-0.04900832505194468,-0.03805474518475811
BC23450,BC23450_E1,ENSG00000114391,0.10807095731771972,0.11201875976375768
BC23450,BC23450_E1,ENSG00000213988,0.01127842093353494,0.00011114460630180645
BC23450,BC23450_E1,ENSG00000214530,0.09232756436264059,0.09622944370944687
BC23450,BC23450_E1,ENSG00000171222,-0.012614343203270139,-0.01265913981584822
BC23450,BC23450_E1,__ambiguous[ENSG00000241343+ENSG00000257529],0.10151331977724101,0.12120845475657145
BC23450,BC23450_E1,ENSG00000130725,0.02346063377001851,0.0511083501247852
BC23450,BC23450_E1,ENSG00000173369,0.059969944322687124,0.057478277979357714
BC23450,BC23450_E1,ENSG00000135390,0.017696290641365194,0.006195645394020936
BC23450,BC23450_E1,ENSG00000174444,0.09209992697118544,0.09427998514588654
BC23450,BC23450_E1,ENSG00000197956,0.09675215975750127,0.10415982309841343
BC23450,BC23450_E1,ENSG00000163399,0.1791777690899734,0.19253035419831127
BC23450,BC23450_E1,ENSG00000173272,0.15626882389604924,0.1818004386738423
BC23450,BC23450_E1,ENSG00000177700,-0.1045940496363928,-0.09231333956065177
BC23450,BC23450_E1,ENSG00000196576,0.20046434584953146,0.19928254199546563
BC23450,BC23450_E1,ENSG00000147684,-0.046280627424373,-0.053011986372920726
BC23450,BC23450_E1,ENSG00000125970,0.1308842182141796,0.14804331499279366
BC23450,BC23450_E1,ENSG00000173801,0.10293687493117405,0.08262527579622331
BC23450,BC23450_E1,ENSG00000143420,0.033546942162887526,0.047888569883257986
BC23450,BC23450_E1,ENSG00000168528,0.1904694857480416,0.19967316637548124
BC23450,BC23450_E1,ENSG00000172270,0.009556652711641678,-0.0012170657572051974
BC23450,BC23450_E1,ENSG00000143546,0.009525803804715186,0.04040173826983284
BC23450,BC23450_E1,ENSG00000147604,0.023337178334151804,0.03211277819273083
BC23450,BC23450_E1,ENSG00000011304,0.2073224454661602,0.19493368297242958
BC23450,BC23450_E1,ENSG00000124172,0.013653541233060588,-0.015364824056179081
BC23450,BC23450_E1,ENSG00000187608,0.02921168132134866,0.04543262092423794
BC23450,BC23450_E1,ENSG00000161960,0.1624866904825627,0.17155606708519597
BC23450,BC23450_E1,ENSG00000110492,-0.02368375972399416,-0.03947837170281353
BC23450,BC23450_E1,ENSG00000141753,-0.07206127366598242,-0.0717970147549546
BC23450,BC23450_E1,ENSG00000170421,0.09498159632185245,0.09701988174496771
BC23450,BC23450_E1,ENSG00000130520,-0.010360588173534512,0.0033776318876502934
BC23450,BC23450_E1,ENSG00000176046,-0.05884869073099199,-0.061889202062720576
BC23450,BC23450_E1,ENSG00000171863,0.02070192763210119,0.0159908860610238
BC23450,BC23450_E1,ENSG00000186468,0.017499173025526425,0.014346760681936443
BC23450,BC23450_E1,ENSG00000132507,0.03459396409531674,0.058045794619950415
BC23450,BC23450_E1,ENSG00000101335,0.18195336384981226,0.16902102056429125
BC23450,BC23450_E1,ENSG00000025708,0.09757358266129407,0.10426522205472875
BC23450,BC23450_E1,ENSG00000279274,0.16728516176680722,0.16933397978762346
BC23450,BC23450_E1,ENSG00000135940,0.04532634992061532,0.041674104949792845
BC23450,BC23450_E1,ENSG00000140990,-0.06999294053763008,-0.044222440335228125
BC23450,BC23450_E1,ENSG00000109475,0.015479189557992108,0.007716514181959042
BC23450,BC23450_E1,ENSG00000106153,-0.0017257231580405704,-0.00511066760436831
BC23450,BC23450_E2,ENSG00000034510,0.05236836838516452,0.038834958406100635
BC23450,BC23450_E2,ENSG00000171345,-0.15384332335147963,-0.15635145432702374
BC23450,BC23450_E2,ENSG00000111640,0.13045881153094444,0.11970491731028464
BC23450,BC23450_E2,ENSG00000137818,0.09050424853939991,0.09408472890968472
BC23450,BC23450_E2,ENSG00000254709,0.0021000574145601976,-0.014458740206676772
BC23450,BC23450_E2,ENSG00000177600,0.10321985433987835,0.09865664669740944
BC23450,BC23450_E2,ENSG00000231500,0.04756543075360695,0.03334809990626654
BC23450,BC23450_E2,ENSG00000164587,0.031227963034165137,0.04525787933016615
BC23450,BC23450_E2,ENSG00000075624,0.07066016702989189,0.06978732220016941
BC23450,BC23450_E2,ENSG00000108107,0.11608488649814228,0.12419549322742553
BC23450,BC23450_E2,ENSG00000105372,-0.004893633433955282,0.02032346638420474
BC23450,BC23450_E2,ENSG00000197756,0.00983965198033759,0.01626306694159986
BC23450,BC23450_E2,ENSG00000161016,-0.0739235098643136,-0.08869585586003859
BC23450,BC23450_E2,ENSG00000108298,-0.038497467235544994,-0.02085727833344386
BC23450,BC23450_E2,ENSG00000167526,0.07488540780471536,0.09775673284380716
BC23450,BC23450_E2,ENSG00000108518,-0.09119425402718548,-0.1482320384325171
BC23450,BC23450_E2,ENSG00000130255,-0.015460966767023188,-0.0004265701819685287
BC23450,BC23450_E2,ENSG00000141736,0.0746790604816934,0.07144905037588527
BC23450,BC23450_E2,ENSG00000087086,-0.07816649787145633,-0.11526559334971605
BC23450,BC23450_E2,__ambiguous[ENSG00000251357+ENSG00000240972],0.1556521755740024,0.1390373705111746
BC23450,BC23450_E2,ENSG00000136942,0.1240462189240687,0.13805701221332392
BC23450,BC23450_E2,ENSG00000063177,0.05144375058199689,0.08065973170954954
BC23450,BC23450_E2,ENSG00000117984,0.03559153769612805,0.010791976119215724
BC23450,BC23450_E2,ENSG00000197746,-0.004994735444209326,-0.04507809451808608
BC23450,BC23450_E2,ENSG00000140264,0.1070367438519435,0.09190513252600675
BC23450,BC23450_E2,ENSG00000105193,-0.024070505234664953,-0.023042050041375127
BC23450,BC23450_E2,ENSG00000180879,0.024228326654460796,0.02340273907724277
BC23450,BC23450_E2,ENSG00000179218,-0.15917265723409946,-0.18254200450745378
BC23450,BC23450_E2,ENSG00000149273,0.001514818252495676,-0.00621751168582195
BC23450,BC23450_E2,ENSG00000221983,0.023928278312138007,0.03076578852763795
BC23450,BC23450_E2,ENSG00000204628,0.04416639850872585,0.059053191881821475
BC23450,BC23450_E2,ENSG00000185624,-0.08448146571800647,-0.11602315731846685
BC23450,BC23450_E2,ENSG00000142534,-0.023741062287336735,0.036926618127682956
BC23450,BC23450_E2,ENSG00000142541,0.05119884576889463,0.07680124088196122
BC23450,BC23450_E2,ENSG00000130203,-0.1413487356429537,-0.19626294867497904
BC23450,BC23450_E2,ENSG00000109062,0.1933073381547267,0.21502462448251547
BC23450,BC23450_E2,ENSG00000166441,0.04833267082249388,0.04070515706696837
BC23450,BC23450_E2,ENSG00000147403,0.14717087140631022,0.17585281141428566
BC23450,BC23450_E2,ENSG00000234745,-0.12200255134821562,-0.1749353254466391
BC23450,BC23450_E2,ENSG00000167996,-0.047582996047684616,-0.023825018689943064
BC23450,BC23450_E2,ENSG00000089157,0.05511680063142406,0.05864972810578764
BC23450,BC23450_E2,ENSG00000140988,-0.08905810121802894,-0.07449939212510812
BC23450,BC23450_E2,ENSG00000105640,0.08900444146862166,0.09184773539395613
BC23450,BC23450_E2,ENSG00000115268,0.04440135145810705,0.06187134652209559
BC23450,BC23450_E2,ENSG00000171858,0.002616381388503519,-0.015054994824798856
BC23450,BC23450_E2,ENSG00000112306,-0.034587057232041495,-0.038658681150443734
BC23450,BC23450_E2,ENSG00000233927,0.06280603604428753,0.08120820865617795
BC23450,BC23450_E2,ENSG00000182774,-0.04643876166783306,-0.057285011224540695
BC23450,BC23450_E2,ENSG00000111341,-0.19708790319748068,-0.21129529290954113
BC23450,BC23450_E2,ENSG00000198034,-0.04404943462577986,-0.06707979968358026
BC23450,BC23450_E2,ENSG00000149806,0.05441330995764676,0.052327146800340375
BC23450,BC23450_E2,ENSG00000142676,0.0396009252570988,0.05565152416775799
BC23450,BC23450_E2,ENSG00000213741,0.06230462684259978,0.07732621302641443
BC23450,BC23450_E2,ENSG00000125691,-0.08049816470484328,-0.07513407959215462
BC23450,BC23450_E2,ENSG00000101439,0.049899950416059886,0.07987475800717196
BC23450,BC23450_E2,ENSG00000204525,-0.02242819674018586,-0.04501433656955112
BC23450,BC23450_E2,ENSG00000019582,0.040097062213485975,0.046539838709531066
BC23450,BC23450_E2,ENSG00000170889,0.16782018718635952,0.1521091233715126
BC23450,BC23450_E2,ENSG00000172809,0.1274459592178208,0.11436591457187702
BC23450,BC23450_E2,ENSG00000177954,0.04995054435463165,0.0635869760013121
BC23450,BC23450_E2,ENSG00000100316,0.09968664309960258,0.09483798457405125
BC23450,BC23450_E2,ENSG00000184009,0.07122860959615519,0.07560693329325004
BC23450,BC23450_E2,ENSG00000172757,0.03256194489407765,0.03987031791371847
BC23450,BC23450_E2,ENSG00000204592,-0.05574343423763422,-0.06118099106150631
BC23450,BC23450_E2,ENSG00000169710,0.26399342577418206,0.27644292583363284
BC23450,BC23450_E2,ENSG00000137154,0.039689573042786225,0.025166594775642415
BC23450,BC23450_E2,ENSG00000108821,-0.17701372716419106,-0.20121658508912246
BC23450,BC23450_E2,ENSG00000083845,-0.04104983620466491,-0.01666820385649779
BC23450,BC23450_E2,__ambiguous[ENSG00000185883+ENSG00000260272],-0.039035753191547416,-0.023850528304547765
BC23450,BC23450_E2,ENSG00000142937,0.07912346492182112,0.07960506303088938
BC23450,BC23450_E2,__ambiguous[ENSG00000254772+ENSG00000255508],0.1097167534850051,0.11684618563128071
BC23450,BC23450_E2,ENSG00000231925,-0.09397711902837297,-0.1323603869139379
BC23450,BC23450_E2,ENSG00000206503,0.045081017439477074,0.042794489391794144
BC23450,BC23450_E2,ENSG00000135404,-0.029501814298612455,-0.03849570325399042
BC23450,BC23450_E2,ENSG00000224389,-0.08532638101924445,-0.0879865805475169
BC23450,BC23450_E2,ENSG00000167468,0.0883607148909875,0.06935833816723878
BC23450,BC23450_E2,ENSG00000163191,0.12968501410659805,0.09211212234101113
BC23450,BC23450_E2,ENSG00000167995,-0.02644859986457635,-0.028749816421308562
BC23450,BC23450_E2,ENSG00000107223,0.10846782569517235,0.10731701144349501
BC23450,BC23450_E2,ENSG00000156482,-0.047846534847747944,-0.03018581829871568
BC23450,BC23450_E2,ENSG00000149925,0.05353320143072368,0.042312751362383265
BC23450,BC23450_E2,ENSG00000167658,-0.010907645646330209,-0.0180437067409251
BC23450,BC23450_E2,ENSG00000197958,0.09346905350264757,0.09424602502794086
BC23450,BC23450_E2,ENSG00000162244,-0.02836662055976191,-0.01189366188432312
BC23450,BC23450_E2,ENSG00000148303,-0.05438807490873308,-0.05713693582651249
BC23450,BC23450_E2,ENSG00000106624,0.07091533932072441,0.042073898841367106
BC23450,BC23450_E2,ENSG00000144713,0.004943740425632011,0.022969294558390085
BC23450,BC23450_E2,ENSG00000108679,-0.08582312445498659,-0.11246164712784122
BC23450,BC23450_E2,ENSG00000108639,-0.04551987673362729,-0.06645250620118837
BC23450,BC23450_E2,ENSG00000165949,-0.15829384205778999,-0.17880056837761846
BC23450,BC23450_E2,ENSG00000143947,-0.039248064811739,-0.0455312112304644
BC23450,BC23450_E2,ENSG00000185499,-0.10782995597702782,-0.10446233110301785
BC23450,BC23450_E2,ENSG00000174748,0.0901733913401162,0.10559522454650182
BC23450,BC23450_E2,ENSG00000198242,-0.024161427227125352,-0.037943083007879505
BC23450,BC23450_E2,ENSG00000115884,-0.0048898414463171705,-0.010036916441890888
BC23450,BC23450_E2,ENSG00000131469,-0.03505795150987546,-0.06081183316869741
BC23450,BC23450_E2,ENSG00000185825,0.10513175074220155,0.06566532345553504
BC23450,BC23450_E2,ENSG00000160862,0.1463432149412706,0.14704407580111375
BC23450,BC23450_E2,ENSG00000115457,0.08382171928618584,0.10159128344742739
BC23450,BC23450_E2,ENSG00000166710,0.15505200438464495,0.1741798607621147
BC23450,BC23450_E2,ENSG00000130303,-0.0817277101988102,-0.10374774222021607
BC23450,BC23450_E2,ENSG00000163220,-0.07899331067452907,-0.06379635206816348
BC23450,BC23450_E2,__ambiguous[ENSG00000185885+ENSG00000185201],-0.06230058269844191,-0.08245572085062088
BC23450,BC23450_E2,ENSG00000145592,0.09362698791140141,0.08581309349684262
BC23450,BC23450_E2,ENSG00000104904,0.009802200382741417,-0.004527991364245802
BC23450,BC23450_E2,ENSG00000108344,0.16789503463966035,0.20003519696174768
BC23450,BC23450_E2,ENSG00000246705,0.03721847373833287,0.010462347452149892
BC23450,BC23450_E2,ENSG00000117410,0.07797568352370651,0.10360688903353522
BC23450,BC23450_E2,ENSG00000172531,0.018525621640228706,0.011860572077598216
BC23450,BC23450_E2,ENSG00000152082,-0.013788637682097515,-0.024501663888337757
BC23450,BC23450_E2,ENSG00000279483,-0.04284106273058729,-0.06427300734806635
BC23450,BC23450_E2,ENSG00000158710,0.10978237795880225,0.11602991157207927
BC23450,BC23450_E2,ENSG00000074800,0.09553039439701899,0.09679619728745502
BC23450,BC23450_E2,__ambiguous[ENSG00000243678+ENSG00000011052],0.1380908344819346,0.12345301580121541
BC23450,BC23450_E2,ENSG00000106211,0.09100453068307467,0.082280508268077
BC23450,BC23450_E2,ENSG00000118181,-0.006366965670619455,0.0019181843106709422
BC23450,BC23450_E2,ENSG00000173372,-0.09020870339186815,-0.11598870687291911
BC23450,BC23450_E2,ENSG00000030582,0.05372511126421817,0.03950417965876427
BC23450,BC23450_E2,ENSG00000141741,-0.11557316867371535,-0.09818656675743968
BC23450,BC23450_E2,ENSG00000110651,4.673896262601757e-05,0.02009984186117201
BC23450,BC23450_E2,ENSG00000126267,0.029425659576772824,0.017782559397033954
BC23450,BC23450_E2,ENSG00000142669,0.06880480246980938,0.07578341561484582
BC23450,BC23450_E2,ENSG00000130208,-0.02653064270100431,-0.04146389663167127
BC23450,BC23450_E2,ENSG00000092841,0.09979087282137605,0.11174174575587086
BC23450,BC23450_E2,ENSG00000111057,0.011082273379155013,0.026652159836697532
BC23450,BC23450_E2,ENSG00000169100,-0.043788055913171135,-0.03525058149652947
BC23450,BC23450_E2,__ambiguous[ENSG00000124614+ENSG00000270800],0.060210856559919645,0.06887646654625651
BC23450,BC23450_E2,ENSG00000117450,0.01961932277502719,0.012072333510720436
BC23450,BC23450_E2,ENSG00000178719,0.006018837918829819,-0.012722193695840244
BC23450,BC23450_E2,ENSG00000133112,0.07463926015039503,0.08249255548592276
BC23450,BC23450_E2,ENSG00000071553,-0.06464684132638208,-0.05605651902635801
BC23450,BC23450_E2,ENSG00000102265,0.04960264351081356,0.053969721086367745
BC23450,BC23450_E2,ENSG00000165215,0.07738850192222468,0.0577259333350215
BC23450,BC23450_E2,ENSG00000277972,-0.07401283939862795,-0.08951606904841299
BC23450,BC23450_E2,ENSG00000150991,0.05066002729498554,0.047586374534875214
BC23450,BC23450_E2,ENSG00000071082,0.018712520347531767,0.021047715756261715
BC23450,BC23450_E2,ENSG00000205542,0.08530111996532856,0.08589912159275934
BC23450,BC23450_E2,ENSG00000124664,0.045433310386997106,0.04869758100015794
BC23450,BC23450_E2,ENSG00000143774,-0.059710995890014995,-0.06352713211070568
BC23450,BC23450_E2,ENSG00000070756,0.011808085891022004,0.01676806200390608
BC23450,BC23450_E2,ENSG00000105223,-0.12761592609967504,-0.14680407327650927
BC23450,BC23450_E2,ENSG00000149591,0.09919515241479555,0.11101480940668743
BC23450,BC23450_E2,ENSG00000277791,0.08980151979763151,0.11491620247874616
BC23450,BC23450_E2,ENSG00000162511,0.05300432980967548,0.012013680281627661
BC23450,BC23450_E2,ENSG00000141522,0.05021874284150319,0.04178666264872111
BC23450,BC23450_E2,ENSG00000125534,-0.06025402736012777,-0.060252381156706586
BC23450,BC23450_E2,ENSG00000163682,0.004480474099377345,-0.009093969488797217
BC23450,BC23450_E2,ENSG00000145425,-0.023934683629370113,-0.03778199280176555
BC23450,BC23450_E2,ENSG00000160789,0.08319776666699372,0.08878425572163
BC23450,BC23450_E2,ENSG00000182492,0.16005275608959363,0.18263953948368808
BC23450,BC23450_E2,ENSG00000176340,0.0423162974137098,0.05701534768214468
BC23450,BC23450_E2,ENSG00000142089,-0.06746228821520366,-0.0946039134739598
BC23450,BC23450_E2,ENSG00000204287,-0.038456929813408744,-0.06774555780524646
BC23450,BC23450_E2,ENSG00000124614,0.04748316362215756,0.0441688179421527
BC23450,BC23450_E2,ENSG00000127540,0.054549857686345925,0.06606906951815081
BC23450,BC23450_E2,__ambiguous[ENSG00000277957+ENSG00000161960],0.004297482891167343,-0.0031003908278313115
BC23450,BC23450_E2,ENSG00000164733,-0.013685168897351293,-0.03583637323787675
BC23450,BC23450_E2,ENSG00000115414,-0.09872258351072881,-0.103046020388004
BC23450,BC23450_E2,ENSG00000196924,0.08758365370118529,0.08676566770514282
BC23450,BC23450_E2,ENSG00000135480,-0.039192043619563445,-0.05819528672173135
BC23450,BC23450_E2,ENSG00000255823,0.12016964703827389,0.08001252761514956
BC23450,BC23450_E2,__ambiguous[ENSG00000257341+ENSG00000213145],-0.05092913117137862,-0.06516689349702821
BC23450,BC23450_E2,ENSG00000103363,-0.026154403543381624,-0.01833226333222396
BC23450,BC23450_E2,ENSG00000178980,-0.020542462314282348,-0.007844046427416524
BC23450,BC23450_E2,ENSG00000187514,0.20640888609283867,0.2076342781061337
BC23450,BC23450_E2,ENSG00000138326,0.10207955814198146,0.11351881601115604
BC23450,BC23450_E2,ENSG00000051523,0.11044041852856339,0.1045247448428877
BC23450,BC23450_E2,ENSG00000182809,-0.04824318091827002,-0.073379773667671
BC23450,BC23450_E2,ENSG00000123349,-0.003749641714860377,0.007291717488056416
BC23450,BC23450_E2,ENSG00000058262,0.01583951314080562,-0.013768199874702245
BC23450,BC23450_E2,ENSG00000169223,-0.0914088185478237,-0.09932009635635249
BC23450,BC23450_E2,ENSG00000251562,0.01015686074765118,-0.02464415274272481
BC23450,BC23450_E2,ENSG00000111669,0.09285768876295886,0.10215255787894549
BC23450,BC23450_E2,ENSG00000104529,0.0985293920218655,0.08438539261257594
BC23450,BC23450_E2,ENSG00000114353,0.053713858617678086,0.05607610340921735
BC23450,BC23450_E2,ENSG00000269028,0.10783365363659413,0.06360259400477211
BC23450,BC23450_E2,__ambiguous[ENSG00000262526+ENSG00000170296],0.08042685711280333,0.07619156951830318
BC23450,BC23450_E2,ENSG00000170315,0.10564436584097285,0.12684849449232266
BC23450,BC23450_E2,ENSG00000144426,0.043103765752518675,0.05410830044601995
BC23450,BC23450_E2,ENSG00000114867,-0.01254684284014798,-0.021622577791076698
BC23450,BC23450_E2,ENSG00000008988,-0.013338222739984106,0.004401971928831887
BC23450,BC23450_E2,ENSG00000167815,0.04744221158083727,0.027814842525346342
BC23450,BC23450_E2,ENSG00000026025,0.06601622118903726,0.040047294886757956
BC23450,BC23450_E2,ENSG00000125730,0.22129716483115439,0.22347074531165922
BC23450,BC23450_E2,ENSG00000182899,-0.03158540544699475,-0.043987844733515906
BC23450,BC23450_E2,ENSG00000164692,-0.09909123561900292,-0.09130005086433594
BC23450,BC23450_E2,ENSG00000272196,-0.11089623340294114,-0.12387183222087716
BC23450,BC23450_E2,ENSG00000184897,0.11430201039962512,0.11084321254917892
BC23450,BC23450_E2,__ambiguous[ENSG00000219200+ENSG00000161939],0.0012593475711898023,0.008995725318196637
BC23450,BC23450_E2,ENSG00000142949,0.005527145757610699,0.013468423749898564
BC23450,BC23450_E2,ENSG00000100219,0.1213117585065399,0.14251571699970406
BC23450,BC23450_E2,ENSG00000131143,-0.021463700593412918,-0.03508987323610111
BC23450,BC23450_E2,ENSG00000104964,0.061569867040854265,0.047906634650530945
BC23450,BC23450_E2,ENSG00000087460,0.17038423579269063,0.15534432303818002
BC23450,BC23450_E2,ENSG00000100300,0.006388291639550382,-0.009121417589123755
BC23450,BC23450_E2,ENSG00000131748,0.06445647597881499,0.06072658926287637
BC23450,BC23450_E2,ENSG00000172354,0.04680719639855308,0.02377541659118214
BC23450,BC23450_E2,ENSG00000126247,0.08447735947715279,0.09234820193064266
BC23450,BC23450_E2,ENSG00000052344,0.10269180237560115,0.07527374790754841
BC23450,BC23450_E2,ENSG00000164919,0.005771648220578816,-0.008849109232001285
BC23450,BC23450_E2,ENSG00000142173,0.14435064765036718,0.1453158453123594
BC23450,BC23450_E2,ENSG00000155366,0.05345961397735047,0.050781188602338496
BC23450,BC23450_E2,ENSG00000178952,-0.03902016011463784,-0.035629560778650544
BC23450,BC23450_E2,ENSG00000188846,-0.081606682027052,-0.07814018726384579
BC23450,BC23450_E2,ENSG00000160932,-0.03203120218989009,-0.05415302030639695
BC23450,BC23450_E2,ENSG00000145494,-0.014901242395482758,-0.010571655116422158
BC23450,BC23450_E2,ENSG00000174886,0.14009085817854192,0.1304822612557735
BC23450,BC23450_E2,ENSG00000163479,0.09567981581845225,0.09702360207790947
BC23450,BC23450_E2,__ambiguous[ENSG00000273259+ENSG00000196136],-0.22631319213836945,-0.24854065917127935
BC23450,BC23450_E2,ENSG00000114391,0.1339418958505805,0.12989451404663507
BC23450,BC23450_E2,ENSG00000213988,0.04912466850906891,0.056178894411249146
BC23450,BC23450_E2,ENSG00000214530,-0.04593253621915114,-0.044463062587060405
BC23450,BC23450_E2,ENSG00000171222,0.03181985038131515,0.036474777204048105
BC23450,BC23450_E2,__ambiguous[ENSG00000241343+ENSG00000257529],-0.022748724478101588,-0.0234827820576113
BC23450,BC23450_E2,ENSG00000130725,-0.10384681216622736,-0.11040851379771804
BC23450,BC23450_E2,ENSG00000173369,0.029044831283342305,0.007303363692926085
BC23450,BC23450_E2,ENSG00000135390,-0.09099544047133655,-0.09923309765443991
BC23450,BC23450_E2,ENSG00000174444,-0.02086642627491783,-0.016464995020761337
BC23450,BC23450_E2,ENSG00000197956,0.06489988803724246,0.05560258203169602
BC23450,BC23450_E2,ENSG00000163399,0.1559616420484601,0.15312988702054064
BC23450,BC23450_E2,ENSG00000173272,-0.0571957011308142,-0.08405980085999855
BC23450,BC23450_E2,ENSG00000177700,0.10865107050452026,0.12406597121854593
BC23450,BC23450_E2,ENSG00000196576,0.040747472602093306,0.029247663914203925
BC23450,BC23450_E2,ENSG00000147684,3.9318813254929096e-05,-0.003682168104225711
BC23450,BC23450_E2,ENSG00000125970,-0.06559431364032209,-0.08395306144602499
BC23450,BC23450_E2,ENSG00000173801,0.10276319515512247,0.10815512535867179
BC23450,BC23450_E2,ENSG00000143420,0.000909689900165429,-7.959457436824736e-05
BC23450,BC23450_E2,ENSG00000168528,0.04284312265185443,0.04172052732650678
BC23450,BC23450_E2,ENSG00000172270,-0.051347714241523755,-0.05925906692219962
BC23450,BC23450_E2,ENSG00000143546,0.005017849768151006,-0.00015107622344842013
BC23450,BC23450_E2,ENSG00000147604,-0.05838483253944108,-0.04580697813635437
BC23450,BC23450_E2,ENSG00000011304,0.11200941551384669,0.11551751493382738
BC23450,BC23450_E2,ENSG00000124172,0.0717508171211743,0.06116825851868942
BC23450,BC23450_E2,ENSG00000187608,-0.017670321634386525,-0.036247600319800385
BC23450,BC23450_E2,ENSG00000161960,0.009085486884726515,0.007139604586453285
BC23450,BC23450_E2,ENSG00000110492,0.058179071777057195,0.038421279820793866
BC23450,BC23450_E2,ENSG00000141753,0.0763883541184947,0.0856708454828996
BC23450,BC23450_E2,ENSG00000170421,0.29179526543097917,0.3015734801570229
BC23450,BC23450_E2,ENSG00000130520,0.05061370669296609,0.049166163907497354
BC23450,BC23450_E2,ENSG00000176046,0.008855047776793374,-0.005289259782485579
BC23450,BC23450_E2,ENSG00000171863,-0.0024145909837866198,-0.016137183939484524
BC23450,BC23450_E2,ENSG00000186468,0.03776356781123725,0.04032149050448125
BC23450,BC23450_E2,ENSG00000132507,-0.06093489983703539,-0.0643581875224178
BC23450,BC23450_E2,ENSG00000101335,0.14367830027341835,0.14564796796408128
BC23450,BC23450_E2,ENSG00000025708,-0.015381545404054883,-0.035236911832853074
BC23450,BC23450_E2,ENSG00000279274,-0.024466638719655272,-0.034968835905860515
BC23450,BC23450_E2,ENSG00000135940,-0.030937117883837916,-0.03212432803942251
BC23450,BC23450_E2,ENSG00000140990,-0.004044480213812484,-0.021531716871166624
BC23450,BC23450_E2,ENSG00000109475,0.027458212413242488,-0.004058730710008744
BC23450,BC23450_E2,ENSG00000106153,-0.15937451537737796,-0.16854486430992163
BC23567,BC23567_D2,ENSG00000034510,-0.17155093738678262,-0.21795611215690966
BC23567,BC23567_D2,ENSG00000137818,0.13424507850632336,0.18894902084207613
BC23567,BC23567_D2,ENSG00000171345,-0.013874982305711894,-0.0011697942881610248
BC23567,BC23567_D2,ENSG00000111640,0.13705428650353826,0.20295148982900427
BC23567,BC23567_D2,ENSG00000177600,0.1935528698393427,0.24121001969933833
BC23567,BC23567_D2,ENSG00000231500,0.07450649747015085,0.08923214664217727
BC23567,BC23567_D2,ENSG00000164587,0.00671434070696863,0.03053883028950875
BC23567,BC23567_D2,ENSG00000197756,0.08355345448770493,0.08946024129325114
BC23567,BC23567_D2,ENSG00000075624,0.024666221702015243,0.01557371930275807
BC23567,BC23567_D2,ENSG00000108107,0.2939025402011044,0.34582923681984096
BC23567,BC23567_D2,ENSG00000105372,0.08135716170699284,0.10503327608046016
BC23567,BC23567_D2,ENSG00000254709,0.08725350824300998,0.1331526850802321
BC23567,BC23567_D2,ENSG00000161016,0.03616493340466186,0.029193289887710343
BC23567,BC23567_D2,ENSG00000167526,-0.010975020706833248,0.015426621401884279
BC23567,BC23567_D2,ENSG00000087086,0.14826774143275367,0.15683986325837324
BC23567,BC23567_D2,ENSG00000130255,0.04426370637488125,0.04084586069633961
BC23567,BC23567_D2,ENSG00000108298,-0.01772544418002139,-0.005021063021756863
BC23567,BC23567_D2,__ambiguous[ENSG00000251357+ENSG00000240972],0.06380435508101735,0.10960672508248684
BC23567,BC23567_D2,ENSG00000108518,0.08632436017553094,0.13786324026096575
BC23567,BC23567_D2,ENSG00000141736,-0.001949491247881682,-0.05343426428657916
BC23567,BC23567_D2,ENSG00000149273,0.05410733506194568,0.046702641020144424
BC23567,BC23567_D2,ENSG00000197746,0.0940175133695124,0.09678264257220516
BC23567,BC23567_D2,ENSG00000063177,0.10025330260794672,0.11537086630550925
BC23567,BC23567_D2,ENSG00000140264,0.06471691353383473,0.09459312417275016
BC23567,BC23567_D2,ENSG00000136942,0.07270307307927794,0.10315000238313131
BC23567,BC23567_D2,ENSG00000105193,-0.07669284811752201,-0.11779498270466256
BC23567,BC23567_D2,ENSG00000109062,0.11568645934152107,0.12162867972211486
BC23567,BC23567_D2,ENSG00000111341,0.12384393705100794,0.15271254540200155
BC23567,BC23567_D2,ENSG00000167996,-0.1781364402440501,-0.2286385581502384
BC23567,BC23567_D2,ENSG00000179218,-0.05796288918155683,-0.05732448490313388
BC23567,BC23567_D2,ENSG00000142541,0.07633196977331295,0.07845713219802036
BC23567,BC23567_D2,ENSG00000117984,0.27905313558053896,0.33420051730272327
BC23567,BC23567_D2,ENSG00000204628,-0.0007091250791926614,-0.005498108662649842
BC23567,BC23567_D2,ENSG00000142534,-0.11860706047462634,-0.15522716394339903
BC23567,BC23567_D2,ENSG00000140988,-0.2637789130734977,-0.3385190527543414
BC23567,BC23567_D2,ENSG00000221983,0.19472602616075615,0.2368055255165367
BC23567,BC23567_D2,ENSG00000089157,-0.02210239378276915,-0.02085227609116327
BC23567,BC23567_D2,ENSG00000171858,-0.1153192265102843,-0.16228386538403905
BC23567,BC23567_D2,ENSG00000166441,-0.020333760161022153,-0.03487866537474451
BC23567,BC23567_D2,ENSG00000147403,0.05474451123474252,0.03286251801309662
BC23567,BC23567_D2,ENSG00000180879,0.06662241387255093,0.09343346038908618
BC23567,BC23567_D2,ENSG00000115268,0.010460623617341099,0.03170612469659568
BC23567,BC23567_D2,ENSG00000213741,0.058032002200223885,0.0924060852168275
BC23567,BC23567_D2,ENSG00000112306,-0.032694596755999665,-0.03384842976499809
BC23567,BC23567_D2,ENSG00000185624,-0.07740850583701925,-0.11579716389434498
BC23567,BC23567_D2,ENSG00000233927,-0.02104112370745001,-0.027779842251297742
BC23567,BC23567_D2,ENSG00000182774,-0.08958243958458237,-0.08753312675090334
BC23567,BC23567_D2,ENSG00000234745,0.05480840648800715,0.07175367834481175
BC23567,BC23567_D2,ENSG00000130203,0.3695568909640483,0.46036719665507947
BC23567,BC23567_D2,ENSG00000105640,0.10092852150482999,0.12514785405366055
BC23567,BC23567_D2,ENSG00000101439,0.041538626358420754,0.07051349578821949
BC23567,BC23567_D2,ENSG00000149806,0.04099001345619082,0.04687823834330489
BC23567,BC23567_D2,ENSG00000198034,-0.1804066815084433,-0.2654370070764012
BC23567,BC23567_D2,ENSG00000142676,-0.04628285884652239,-0.060364913625067955
BC23567,BC23567_D2,ENSG00000177954,0.10957195420545525,0.14309250507519497
BC23567,BC23567_D2,ENSG00000184009,0.09318163092024641,0.10558221293470456
BC23567,BC23567_D2,ENSG00000172809,-0.11237941353114196,-0.1426267931651114
BC23567,BC23567_D2,ENSG00000100316,-0.06517233370183931,-0.059514331737029545
BC23567,BC23567_D2,ENSG00000170889,0.08261035686118175,0.10782992153041522
BC23567,BC23567_D2,ENSG00000019582,-0.044192582569463165,-0.07258432546558825
BC23567,BC23567_D2,ENSG00000125691,0.05185479711722354,0.04525449239034074
BC23567,BC23567_D2,ENSG00000167995,-0.0250647616150702,-0.03657405836509016
BC23567,BC23567_D2,ENSG00000142937,-0.19160355744102778,-0.22343385720240982
BC23567,BC23567_D2,ENSG00000137154,-0.11406932439562432,-0.11788652863193332
BC23567,BC23567_D2,ENSG00000083845,-0.029011589621724464,-0.01829970362395855
BC23567,BC23567_D2,ENSG00000172757,-0.02387902629961561,-0.02624711317753777
BC23567,BC23567_D2,ENSG00000156482,0.03876406035179445,0.009368344141661579
BC23567,BC23567_D2,ENSG00000204525,-0.09544104298982697,-0.09655823499652474
BC23567,BC23567_D2,ENSG00000108821,0.06939795445778785,0.04024271390362066
BC23567,BC23567_D2,ENSG00000169710,0.142088864453025,0.16673738408569064
BC23567,BC23567_D2,ENSG00000149925,0.022155398195374005,0.014457546999733872
BC23567,BC23567_D2,ENSG00000198242,0.012428415639905908,0.01041584567182401
BC23567,BC23567_D2,ENSG00000185499,-0.021674704100404743,-0.026409134971838933
BC23567,BC23567_D2,ENSG00000197958,-0.08779410471529271,-0.13245747933762492
BC23567,BC23567_D2,ENSG00000167468,-0.030317934779311967,-0.025121954538336287
BC23567,BC23567_D2,__ambiguous[ENSG00000254772+ENSG00000255508],-0.046803680772026374,-0.06697740134166125
BC23567,BC23567_D2,__ambiguous[ENSG00000185883+ENSG00000260272],-0.022794699280809416,0.00033603021789115533
BC23567,BC23567_D2,ENSG00000131469,0.038305179261640954,0.030145276783417153
BC23567,BC23567_D2,ENSG00000162244,0.0699799581944346,0.08006408862946922
BC23567,BC23567_D2,ENSG00000163191,-0.09977719991047432,-0.1168114735910006
BC23567,BC23567_D2,ENSG00000148303,-0.16281315770752625,-0.16422449152605964
BC23567,BC23567_D2,ENSG00000115457,0.05856039711601676,0.07398762857244273
BC23567,BC23567_D2,ENSG00000174748,-0.11259689136496483,-0.15010363172750152
BC23567,BC23567_D2,ENSG00000143947,-0.18035982100276013,-0.20410113474955816
BC23567,BC23567_D2,ENSG00000167658,-0.13001683807081826,-0.2040865149663787
BC23567,BC23567_D2,ENSG00000144713,-0.10048878804726456,-0.13757513543439187
BC23567,BC23567_D2,ENSG00000135404,-0.03199171391636903,-0.028148070048670343
BC23567,BC23567_D2,ENSG00000145592,-0.06542977494976951,-0.09230002102067955
BC23567,BC23567_D2,ENSG00000279483,0.13744207692745206,0.15807488377373136
BC23567,BC23567_D2,ENSG00000224389,0.01845836794164004,0.035014152717223614
BC23567,BC23567_D2,__ambiguous[ENSG00000243678+ENSG00000011052],-0.08829970305505094,-0.10536150125698329
BC23567,BC23567_D2,ENSG00000107223,0.17100593720546428,0.1722245469133248
BC23567,BC23567_D2,ENSG00000108639,0.018192579301439787,-0.014355908670433787
BC23567,BC23567_D2,ENSG00000204592,-0.02234253508005634,-0.03279129240269568
BC23567,BC23567_D2,ENSG00000206503,-0.054484067012878216,-0.11347672570746559
BC23567,BC23567_D2,ENSG00000106211,0.02372919623041264,0.014508368507509346
BC23567,BC23567_D2,ENSG00000152082,0.04447023959712415,0.062185914320424016
BC23567,BC23567_D2,ENSG00000110651,0.10833258986137917,0.1353441565037888
BC23567,BC23567_D2,ENSG00000231925,0.06688398547683636,0.09366229009399941
BC23567,BC23567_D2,ENSG00000166710,-0.05958037871412111,-0.09691887889947967
BC23567,BC23567_D2,ENSG00000106624,0.20998335422871492,0.1843455628530244
BC23567,BC23567_D2,ENSG00000165949,0.12466316325366217,0.17929603744572495
BC23567,BC23567_D2,ENSG00000172531,0.008095082060687339,0.021526311435773157
BC23567,BC23567_D2,ENSG00000070756,-0.09829631570549031,-0.1105335583939335
BC23567,BC23567_D2,ENSG00000108679,0.056033451447879634,0.07028796067127278
BC23567,BC23567_D2,ENSG00000108344,0.024297863202391086,0.006419656583996088
BC23567,BC23567_D2,ENSG00000133112,-0.06549054951155259,-0.11145917237243819
BC23567,BC23567_D2,ENSG00000118181,-0.06886659759030436,-0.08237248857542694
BC23567,BC23567_D2,ENSG00000115884,0.029735075024184248,0.01829620458293938
BC23567,BC23567_D2,ENSG00000071082,-0.09329556856959989,-0.10175898965371807
BC23567,BC23567_D2,ENSG00000092841,-0.03980234948992869,-0.029280345278711557
BC23567,BC23567_D2,ENSG00000246705,-0.03912024109006349,-0.05334347298868264
BC23567,BC23567_D2,ENSG00000104904,-0.02597604080178355,-0.01747788556209384
BC23567,BC23567_D2,__ambiguous[ENSG00000185885+ENSG00000185201],0.1653902090379113,0.17876222619461998
BC23567,BC23567_D2,ENSG00000158710,0.05862359504284176,0.040079961258029574
BC23567,BC23567_D2,__ambiguous[ENSG00000257341+ENSG00000213145],0.07145850612548893,0.06674473666224863
BC23567,BC23567_D2,ENSG00000111057,-0.019681998447169474,-0.023435155761438675
BC23567,BC23567_D2,ENSG00000185825,0.0013060623027163587,0.0321342217185559
BC23567,BC23567_D2,ENSG00000141741,-0.04160223370222419,-0.05421265129428272
BC23567,BC23567_D2,ENSG00000160862,0.03702940680096094,0.05962181810995628
BC23567,BC23567_D2,ENSG00000150991,-0.11748721637019882,-0.17977102795236805
BC23567,BC23567_D2,ENSG00000178719,-0.020749562897237367,-0.036210355262348996
BC23567,BC23567_D2,ENSG00000130303,0.12658368966594516,0.13879236325990582
BC23567,BC23567_D2,ENSG00000255823,0.13569799620014097,0.16167528216050114
BC23567,BC23567_D2,ENSG00000205542,-0.10120605969987718,-0.12271671779415518
BC23567,BC23567_D2,__ambiguous[ENSG00000124614+ENSG00000270800],-0.021640402674405885,-0.016420575368741013
BC23567,BC23567_D2,__ambiguous[ENSG00000273259+ENSG00000196136],-0.018588959865218163,-0.02508526113352189
BC23567,BC23567_D2,ENSG00000074800,-0.20154873161489187,-0.2511250626437956
BC23567,BC23567_D2,ENSG00000117410,0.03782596654870362,0.0347291395218963
BC23567,BC23567_D2,ENSG00000126267,-0.0006767648892158708,0.019282947793159266
BC23567,BC23567_D2,ENSG00000149591,0.22396733019015092,0.26716499768809504
BC23567,BC23567_D2,ENSG00000169100,0.006840108165570631,0.0108546410309301
BC23567,BC23567_D2,ENSG00000163682,-0.03454022413921603,-0.0767742515752858
BC23567,BC23567_D2,ENSG00000115414,-0.07945754348236096,-0.13934808351819963
BC23567,BC23567_D2,ENSG00000030582,0.027346175037958716,0.012702593676656382
BC23567,BC23567_D2,ENSG00000142669,0.11035567784920519,0.12546578826286592
BC23567,BC23567_D2,ENSG00000117450,-0.03204369104701804,-0.05070549523631694
BC23567,BC23567_D2,ENSG00000102265,0.19031472631676363,0.17656737221306712
BC23567,BC23567_D2,ENSG00000269028,0.19792241259943094,0.21147695606466843
BC23567,BC23567_D2,ENSG00000125534,-0.019533619454694704,-0.027265873161432006
BC23567,BC23567_D2,ENSG00000145425,-0.11593850867342141,-0.15046472295727029
BC23567,BC23567_D2,ENSG00000182809,0.041050549627273114,0.04414752229675493
BC23567,BC23567_D2,ENSG00000251562,0.14662639329621485,0.15420080694415372
BC23567,BC23567_D2,ENSG00000124664,-0.017151040461268776,-0.02452041733496249
BC23567,BC23567_D2,ENSG00000127540,-0.012812876292861828,-0.042809197346919084
BC23567,BC23567_D2,ENSG00000187514,0.007912131922942777,-0.006786131423085636
BC23567,BC23567_D2,ENSG00000160789,0.16421744079945472,0.18764884115927852
BC23567,BC23567_D2,ENSG00000142089,0.04235282303031938,0.0789434833834566
BC23567,BC23567_D2,ENSG00000143774,-0.039832990179772765,-0.05052737834172133
BC23567,BC23567_D2,ENSG00000164919,0.08617285454279877,0.06604071933076315
BC23567,BC23567_D2,ENSG00000170315,0.04366603031461389,0.046980839469905306
BC23567,BC23567_D2,ENSG00000272196,0.03198050650719401,-0.020243004227480883
BC23567,BC23567_D2,ENSG00000071553,0.07026207538305232,0.054735648238369614
BC23567,BC23567_D2,ENSG00000138326,-0.11996736231490555,-0.17908653030749927
BC23567,BC23567_D2,ENSG00000182899,-0.07390849514484088,-0.10751558247302706
BC23567,BC23567_D2,ENSG00000164733,-0.015279351788138001,-0.0709373934719821
BC23567,BC23567_D2,ENSG00000182492,0.2470868876888664,0.258378941215274
BC23567,BC23567_D2,ENSG00000124614,-0.02489317726640323,-0.035702888200888794
BC23567,BC23567_D2,ENSG00000144426,-0.08224935052161281,-0.10746889173031646
BC23567,BC23567_D2,ENSG00000176340,0.04087355182348345,0.054126714780641974
BC23567,BC23567_D2,ENSG00000103363,0.06688384817326999,0.057360109267334314
BC23567,BC23567_D2,ENSG00000008988,-0.029850111376738344,-0.04062097113016951
BC23567,BC23567_D2,ENSG00000130208,0.16304041303310307,0.2078265050272223
BC23567,BC23567_D2,ENSG00000165215,-0.027810399912582943,-0.04206432562611732
BC23567,BC23567_D2,ENSG00000164692,0.049169355658982214,0.009510582254045425
BC23567,BC23567_D2,ENSG00000100219,0.01558011943742515,-0.01208035824988095
BC23567,BC23567_D2,ENSG00000026025,0.09884614145739065,0.10747363717911897
BC23567,BC23567_D2,__ambiguous[ENSG00000277957+ENSG00000161960],0.0510307390562544,0.02350307280192066
BC23567,BC23567_D2,ENSG00000184897,-0.008031179667903593,-0.031303940836932366
BC23567,BC23567_D2,ENSG00000204287,-0.019284143701390477,-0.04254327814611188
BC23567,BC23567_D2,ENSG00000277972,0.09027615376476321,0.08467056271943792
BC23567,BC23567_D2,ENSG00000160180,-0.004534392608682045,-0.0057180281176853615
BC23567,BC23567_D2,ENSG00000105223,0.2767149001809267,0.30606135428683445
BC23567,BC23567_D2,ENSG00000052344,0.08033078159160335,0.08327374155925178
BC23567,BC23567_D2,ENSG00000162511,0.16824851265734236,0.19638562732141265
BC23567,BC23567_D2,ENSG00000114353,0.14318766013597503,0.15555315552581506
BC23567,BC23567_D2,ENSG00000178980,-0.0007898481539105521,-0.015623247450215167
BC23567,BC23567_D2,ENSG00000142949,0.026503109166228524,0.009046996719726228
BC23567,BC23567_D2,ENSG00000173372,0.31107904918394985,0.37251772659339455
BC23567,BC23567_D2,ENSG00000196924,0.06934448071537617,0.08758239356569252
BC23567,BC23567_D2,ENSG00000172354,-0.017683591685657234,-0.01926380126758956
BC23567,BC23567_D2,ENSG00000087460,0.08986929609503284,0.09776051481588909
BC23567,BC23567_D2,ENSG00000188846,-0.02949068733255303,-0.03346694801647651
BC23567,BC23567_D2,ENSG00000111669,0.04129448594107602,0.03572271688176566
BC23567,BC23567_D2,ENSG00000141522,0.03117543620166205,0.020181051421973743
BC23567,BC23567_D2,ENSG00000167815,-0.025040435295432276,-0.03259945818231301
BC23567,BC23567_D2,ENSG00000173272,0.023562077235820635,-0.00896616189547497
BC23567,BC23567_D2,__ambiguous[ENSG00000241343+ENSG00000257529],-0.09494657700845008,-0.11905902538101418
BC23567,BC23567_D2,ENSG00000186468,0.005039484883362798,-0.03211239387859683
BC23567,BC23567_D2,__ambiguous[ENSG00000262526+ENSG00000170296],-0.14889864562645042,-0.1660710840833244
BC23567,BC23567_D2,ENSG00000104529,0.04111637259760635,0.05232939212583181
BC23567,BC23567_D2,ENSG00000178952,-0.045268663659818194,-0.04102833234149728
BC23567,BC23567_D2,ENSG00000277791,-0.22588986250198514,-0.2481108516696923
BC23567,BC23567_D2,ENSG00000174444,-0.031128776023893485,-0.04507434654855744
BC23567,BC23567_D2,ENSG00000114867,0.1167829739780124,0.09294963057005287
BC23567,BC23567_D2,ENSG00000163479,-0.0055688692569255075,0.013803127144083906
BC23567,BC23567_D2,ENSG00000173801,-0.008624357667833042,0.017457285641793358
BC23567,BC23567_D2,ENSG00000169223,-0.0372845781894315,-0.0664621191969114
BC23567,BC23567_D2,ENSG00000213988,0.01660852714066055,-0.042405595989149725
BC23567,BC23567_D2,ENSG00000279274,0.044160476240540786,0.07034530468125122
BC23567,BC23567_D2,ENSG00000124172,0.023503873618618835,-0.00896024062826194
BC23567,BC23567_D2,ENSG00000126247,0.030247967915859184,0.016669069976849176
BC23567,BC23567_D2,ENSG00000155366,0.025029626833346606,0.02652010176182042
BC23567,BC23567_D2,ENSG00000123349,0.1694665544785057,0.19639503438953795
BC23567,BC23567_D2,__ambiguous[ENSG00000219200+ENSG00000161939],0.011645135722521792,0.042710021171367435
BC23567,BC23567_D2,ENSG00000131143,-0.09371782570224012,-0.14170579359338775
BC23567,BC23567_D2,ENSG00000170421,0.047114888670534046,0.037237280417730174
BC23567,BC23567_D2,ENSG00000114391,-0.07100170175968004,-0.05377330449751138
BC23567,BC23567_D2,ENSG00000125730,0.27116633578398097,0.31710264776605707
BC23567,BC23567_D2,ENSG00000135480,-0.11894453654552986,-0.15581962687187217
BC23567,BC23567_D2,ENSG00000132475,0.10660222936898135,0.09754296599412178
BC23567,BC23567_D2,ENSG00000058262,0.014642861260990028,0.044318319029276784
BC23567,BC23567_D2,ENSG00000147604,-0.018326108464115577,-0.0491318846396913
BC23567,BC23567_D2,ENSG00000134419,-0.126032494041393,-0.16351467575356443
BC23567,BC23567_D2,ENSG00000214530,-0.04853929338792723,-0.04373750649656573
BC23567,BC23567_D2,ENSG00000135390,0.049829603030768985,0.0572608798653291
BC23567,BC23567_D2,ENSG00000171863,-0.05507960744552935,-0.07973100904752303
BC23567,BC23567_D2,ENSG00000141753,0.10068588981405636,0.09545284492178933
BC23567,BC23567_D2,ENSG00000104964,0.08539194739391882,0.09885498441818782
BC23567,BC23567_D2,ENSG00000100300,-0.01516346508102353,-0.01902014736275067
BC23567,BC23567_D2,ENSG00000161960,0.08028923787263412,0.08259295454808901
BC23567,BC23567_D2,ENSG00000163399,-0.002126574179614667,-0.045488362850091564
BC23567,BC23567_D2,ENSG00000096384,0.10417078426805099,0.13443564872158226
BC23567,BC23567_D2,ENSG00000142173,0.21345387580379732,0.22355909520263872
BC23567,BC23567_D2,ENSG00000196576,0.04369226395312062,0.03531704089903746
BC23567,BC23567_D2,ENSG00000113140,0.07653769672925154,0.07865716760952231
BC23567,BC23567_D2,ENSG00000143420,-0.009334126438647106,-0.0332518492090589
BC23567,BC23567_D2,ENSG00000123416,0.08245062320102133,0.08752801780135602
BC23567,BC23567_D2,ENSG00000197956,-0.031767509500285195,-0.024017892395066045
BC23567,BC23567_D2,ENSG00000163220,0.06205894229772711,0.08174345946928692
BC23567,BC23567_D2,ENSG00000101335,0.17036539361936398,0.16931848624324192
BC23567,BC23567_D2,ENSG00000051523,0.2198443602636656,0.29228581930753567
BC23567,BC23567_D2,ENSG00000177700,-0.05021655457168218,-0.05795410257572996
BC23567,BC23567_D2,ENSG00000229117,-0.015154877011391094,-0.03280875335648942
BC23567,BC23567_D2,ENSG00000147684,-0.045042883161851836,-0.032493228497565294
BC23567,BC23567_D2,ENSG00000186010,-0.08349724581127484,-0.12138530811331683
BC23567,BC23567_D2,ENSG00000164405,-0.006081291861799117,-0.012568952299030135
BC23567,BC23567_D2,ENSG00000106153,0.05911084131705949,0.034513876828728904
BC23567,BC23567_D2,ENSG00000172270,0.08223135970121816,0.06752004184198453
BC23567,BC23567_D2,ENSG00000011304,0.0026790767830410173,0.012197779708246193
BC23567,BC23567_D2,ENSG00000135940,-0.07462377052329378,-0.08853372377343507
BC23567,BC23567_D2,ENSG00000125970,0.043577520103997076,0.05816442255492418
BC23567,BC23567_D2,ENSG00000176046,0.01964033454994384,0.04381743996304982
BC23567,BC23567_D2,ENSG00000131748,0.04970509861546185,0.06530469123492148
BC23567,BC23567_D2,ENSG00000174886,0.06833514502716716,0.07963339374590958
BC23567,BC23567_D2,ENSG00000130725,-0.03301974092857128,-0.022803524608763677
BC23567,BC23567_D2,ENSG00000110092,-0.013329756003778719,-0.047465317388877284
BC23567,BC23567_D2,ENSG00000159840,0.10023902875054126,0.12295691292756161
BC23567,BC23567_D2,ENSG00000196405,0.0004938237510548855,0.01919658631149167
BC23567,BC23567_D2,ENSG00000132507,0.01722758119027004,-0.0004461523077629101
BC23567,BC23567_E1,ENSG00000034510,0.013649174222829864,-0.004934017596230836
BC23567,BC23567_E1,ENSG00000137818,0.21826525906524902,0.24391196866975381
BC23567,BC23567_E1,ENSG00000171345,-0.06772416475387671,-0.08593681114312793
BC23567,BC23567_E1,ENSG00000111640,-0.008523803036588532,-0.019084505371554334
BC23567,BC23567_E1,ENSG00000177600,0.23395883465203202,0.2662424517512143
BC23567,BC23567_E1,ENSG00000231500,0.16354945628492037,0.1831278445654265
BC23567,BC23567_E1,ENSG00000164587,0.013843742276215182,-0.0014897163534673507
BC23567,BC23567_E1,ENSG00000197756,-0.03365832544297771,-0.010432117111769326
BC23567,BC23567_E1,ENSG00000075624,-0.05515217250601913,-0.07374377824646004
BC23567,BC23567_E1,ENSG00000108107,0.23778060254593986,0.27151227389337534
BC23567,BC23567_E1,ENSG00000105372,0.09288134280253382,0.11329043746329395
BC23567,BC23567_E1,ENSG00000254709,0.21012387566255336,0.30432691454748767
BC23567,BC23567_E1,ENSG00000161016,-0.03596406291313272,-0.06068217725714647
BC23567,BC23567_E1,ENSG00000167526,0.006117852322346958,0.004394174507206888
BC23567,BC23567_E1,ENSG00000087086,0.25522314398930646,0.2894192825212383
BC23567,BC23567_E1,ENSG00000130255,0.016406938548120864,-0.00047008220056855024
BC23567,BC23567_E1,ENSG00000108298,-0.006812157274694746,0.005934453740433747
BC23567,BC23567_E1,__ambiguous[ENSG00000251357+ENSG00000240972],0.14717872901041576,0.17924304903664004
BC23567,BC23567_E1,ENSG00000108518,0.16345766973299616,0.16426499440131181
BC23567,BC23567_E1,ENSG00000141736,0.07573274272153759,0.07335755529712998
BC23567,BC23567_E1,ENSG00000149273,0.017005561568750487,0.036242229803062714
BC23567,BC23567_E1,ENSG00000197746,0.21603175392656646,0.20626860583711185
BC23567,BC23567_E1,ENSG00000063177,0.03089107372981629,0.03506553619662163
BC23567,BC23567_E1,ENSG00000140264,-0.008102086176323279,-0.017392184897806105
BC23567,BC23567_E1,ENSG00000136942,-0.13470098184729198,-0.18606128337560954
BC23567,BC23567_E1,ENSG00000105193,0.07061178276638949,0.08972137406134112
BC23567,BC23567_E1,ENSG00000109062,0.046516071760966525,0.07628214935699397
BC23567,BC23567_E1,ENSG00000111341,0.10685054425328433,0.14054918901777036
BC23567,BC23567_E1,ENSG00000167996,-0.13817857188945296,-0.16336037750862428
BC23567,BC23567_E1,ENSG00000179218,0.06031757669810009,0.07463222473982335
BC23567,BC23567_E1,ENSG00000142541,-0.01736721844437199,-0.0033695699254944205
BC23567,BC23567_E1,ENSG00000117984,0.2190360626433988,0.22460553982632747
BC23567,BC23567_E1,ENSG00000204628,-0.0950972740938016,-0.12453149742306238
BC23567,BC23567_E1,ENSG00000142534,-0.14669042191069007,-0.18142098090795672
BC23567,BC23567_E1,ENSG00000140988,-0.07150950747264032,-0.08861918606395558
BC23567,BC23567_E1,ENSG00000221983,0.16267193301079244,0.20458329554080348
BC23567,BC23567_E1,ENSG00000089157,-0.1183613785694471,-0.1218936340892267
BC23567,BC23567_E1,ENSG00000171858,-0.0146887145844049,-0.010173691515836665
BC23567,BC23567_E1,ENSG00000166441,-0.19581517203246826,-0.23679296790299886
BC23567,BC23567_E1,ENSG00000147403,-0.06481279972065455,-0.09705900490008816
BC23567,BC23567_E1,ENSG00000180879,0.1873151432092102,0.20701605688288677
BC23567,BC23567_E1,ENSG00000115268,0.04576942401812795,0.01787450726716903
BC23567,BC23567_E1,ENSG00000213741,0.10671703806971561,0.14069170192190397
BC23567,BC23567_E1,ENSG00000112306,0.008195974703009623,-0.029235847819562795
BC23567,BC23567_E1,ENSG00000185624,-0.1093002225627047,-0.14466191223104333
BC23567,BC23567_E1,ENSG00000233927,-0.0010608351480813443,-0.008439864059625272
BC23567,BC23567_E1,ENSG00000182774,0.08576679395922296,0.08883571650957581
BC23567,BC23567_E1,ENSG00000234745,0.07596892002356215,0.09933288349262953
BC23567,BC23567_E1,ENSG00000130203,0.506674261629148,0.5364968043010043
BC23567,BC23567_E1,ENSG00000105640,0.04319961903123148,0.0184598569202095
BC23567,BC23567_E1,ENSG00000101439,-0.0537648217281035,-0.05349546236747897
BC23567,BC23567_E1,ENSG00000149806,-0.01661542742453831,0.004361191586039575
BC23567,BC23567_E1,ENSG00000198034,0.027260555177449262,0.02272192416551536
BC23567,BC23567_E1,ENSG00000142676,-0.002416662522339452,-0.003636488204762602
BC23567,BC23567_E1,ENSG00000177954,0.10972962607031728,0.13510054190552373
BC23567,BC23567_E1,ENSG00000184009,0.1044709382634297,0.12131870950215859
BC23567,BC23567_E1,ENSG00000172809,-0.10020838173935322,-0.09805978581725974
BC23567,BC23567_E1,ENSG00000100316,-0.02972071324159314,-0.03716929976817723
BC23567,BC23567_E1,ENSG00000170889,0.1370349525103757,0.1868685504055915
BC23567,BC23567_E1,ENSG00000019582,0.17213935481997406,0.17641049259680283
BC23567,BC23567_E1,ENSG00000125691,-0.10075297179239769,-0.13853093505930741
BC23567,BC23567_E1,ENSG00000167995,-0.02148983465358946,-0.03643431777788108
BC23567,BC23567_E1,ENSG00000142937,-0.030621486417227145,-0.057060653590074964
BC23567,BC23567_E1,ENSG00000137154,-0.015148855509313806,-0.0154931453065981
BC23567,BC23567_E1,ENSG00000083845,-0.011978302822622211,-0.0014779843970775845
BC23567,BC23567_E1,ENSG00000172757,-0.20525382260268102,-0.2341492810825081
BC23567,BC23567_E1,ENSG00000156482,-0.029176582610636673,-0.014867664245782845
BC23567,BC23567_E1,ENSG00000204525,0.021447659929236074,0.026252887260983352
BC23567,BC23567_E1,ENSG00000108821,0.26570304780770615,0.258736997810879
BC23567,BC23567_E1,ENSG00000169710,0.09708457238584507,0.1220935509786477
BC23567,BC23567_E1,ENSG00000149925,-0.034148611990703404,-0.030032256540637705
BC23567,BC23567_E1,ENSG00000198242,0.04196764362683624,0.059991850855968906
BC23567,BC23567_E1,ENSG00000185499,0.017944070880912367,0.021181535934991915
BC23567,BC23567_E1,ENSG00000197958,-0.02472549967955952,-0.03440107856662663
BC23567,BC23567_E1,ENSG00000167468,0.05158220555697324,0.05188915831960681
BC23567,BC23567_E1,__ambiguous[ENSG00000254772+ENSG00000255508],-0.14139971057251866,-0.17900609895432654
BC23567,BC23567_E1,__ambiguous[ENSG00000185883+ENSG00000260272],0.03950450447768028,0.046567228169087524
BC23567,BC23567_E1,ENSG00000131469,-0.023543999742030735,-0.006691037206127236
BC23567,BC23567_E1,ENSG00000162244,-0.044510437533842984,-0.07437326415064058
BC23567,BC23567_E1,ENSG00000163191,-0.2118715304974343,-0.2453329240980943
BC23567,BC23567_E1,ENSG00000148303,0.05220061723125982,0.05563873767167252
BC23567,BC23567_E1,ENSG00000115457,-0.023619206984822148,-0.006571114823948237
BC23567,BC23567_E1,ENSG00000174748,-0.02662651634210453,-0.03833157116434135
BC23567,BC23567_E1,ENSG00000143947,-0.007124264984745549,-0.011264210967841127
BC23567,BC23567_E1,ENSG00000167658,0.05354301088181323,0.07384882041237693
BC23567,BC23567_E1,ENSG00000144713,-0.026056889304590828,-0.026486771794191517
BC23567,BC23567_E1,ENSG00000135404,-0.01975538105644047,-0.02092392081850144
BC23567,BC23567_E1,ENSG00000145592,-0.01674925715359157,-0.05109006493944667
BC23567,BC23567_E1,ENSG00000279483,0.07905469949583561,0.11234438815435405
BC23567,BC23567_E1,ENSG00000224389,-0.04419021242019931,-0.04758713071052341
BC23567,BC23567_E1,__ambiguous[ENSG00000243678+ENSG00000011052],0.02174716637595974,0.03423503310970314
BC23567,BC23567_E1,ENSG00000107223,0.06401285301757692,0.0730916565100374
BC23567,BC23567_E1,ENSG00000108639,-0.1819319619006447,-0.19036226033484827
BC23567,BC23567_E1,ENSG00000204592,0.13682896596693442,0.18341989295275904
BC23567,BC23567_E1,ENSG00000206503,0.08986304532225724,0.13363169049347567
BC23567,BC23567_E1,ENSG00000106211,0.024446961074113115,0.02780452736858125
BC23567,BC23567_E1,ENSG00000152082,0.03028674102008668,0.04884774868024478
BC23567,BC23567_E1,ENSG00000110651,0.16691428587047089,0.1925472731549866
BC23567,BC23567_E1,ENSG00000231925,0.05115390938342826,0.034102950750800505
BC23567,BC23567_E1,ENSG00000166710,0.019941389868065956,0.0007077866596262426
BC23567,BC23567_E1,ENSG00000106624,0.0582824301836832,0.02362749496131148
BC23567,BC23567_E1,ENSG00000165949,-0.054070320959144186,-0.05911592521542965
BC23567,BC23567_E1,ENSG00000172531,0.02143188481765118,0.014707006968325808
BC23567,BC23567_E1,ENSG00000070756,-0.06212981422930279,-0.10214326606690688
BC23567,BC23567_E1,ENSG00000108679,0.04581391170920319,0.04878337312865357
BC23567,BC23567_E1,ENSG00000108344,0.10762301227352841,0.12003404611409034
BC23567,BC23567_E1,ENSG00000133112,-0.1346993517517761,-0.1730715149289852
BC23567,BC23567_E1,ENSG00000118181,-0.004790610882432336,-0.005976198396505049
BC23567,BC23567_E1,ENSG00000115884,-0.04033935237442245,-0.04168734663146855
BC23567,BC23567_E1,ENSG00000071082,-0.01058530189550749,-0.0038300166597992325
BC23567,BC23567_E1,ENSG00000092841,0.04283353876849631,0.03434508063117641
BC23567,BC23567_E1,ENSG00000246705,-0.14228512635586701,-0.11761735896537126
BC23567,BC23567_E1,ENSG00000104904,0.09917831072364514,0.11771985326007327
BC23567,BC23567_E1,__ambiguous[ENSG00000185885+ENSG00000185201],0.015162225498749687,-0.02448381976834441
BC23567,BC23567_E1,ENSG00000158710,0.06388901537857415,0.05787768860736147
BC23567,BC23567_E1,__ambiguous[ENSG00000257341+ENSG00000213145],0.026663763975287556,0.024040223547832286
BC23567,BC23567_E1,ENSG00000111057,0.02075503282713477,-0.0005905492094170682
BC23567,BC23567_E1,ENSG00000185825,-0.09934676549028607,-0.08999772415463773
BC23567,BC23567_E1,ENSG00000141741,0.024381600616772667,0.00017506354811085452
BC23567,BC23567_E1,ENSG00000160862,0.12827394868155026,0.1497439793236233
BC23567,BC23567_E1,ENSG00000150991,-0.07737817357640718,-0.08641445681737503
BC23567,BC23567_E1,ENSG00000178719,0.00900653151436582,-0.003532346952327152
BC23567,BC23567_E1,ENSG00000130303,0.10087202369606425,0.10966498563784949
BC23567,BC23567_E1,ENSG00000255823,0.12014198817034463,0.14717323482850952
BC23567,BC23567_E1,ENSG00000205542,-0.003757642790431161,0.012273770986675097
BC23567,BC23567_E1,__ambiguous[ENSG00000124614+ENSG00000270800],-0.09745897429798175,-0.130827768011611
BC23567,BC23567_E1,__ambiguous[ENSG00000273259+ENSG00000196136],0.03908320224668785,0.0260206331377645
BC23567,BC23567_E1,ENSG00000074800,-0.2737382210210079,-0.2854496514187713
BC23567,BC23567_E1,ENSG00000117410,-0.07432551389302523,-0.09161247001143563
BC23567,BC23567_E1,ENSG00000126267,0.1188900837939758,0.1287798139587148
BC23567,BC23567_E1,ENSG00000149591,0.29217959892229883,0.29106897978320306
BC23567,BC23567_E1,ENSG00000169100,0.045097670499412955,0.03562390331626864
BC23567,BC23567_E1,ENSG00000163682,0.05193778349980609,0.03278775905182699
BC23567,BC23567_E1,ENSG00000115414,-0.0326283702180245,-0.055657332779820476
BC23567,BC23567_E1,ENSG00000030582,-0.21175991735652702,-0.2330012246447518
BC23567,BC23567_E1,ENSG00000142669,0.05155632886293011,0.05320030116707773
BC23567,BC23567_E1,ENSG00000117450,0.05557706579300465,0.08163789805086696
BC23567,BC23567_E1,ENSG00000102265,0.16843187825786393,0.1643954494880463
BC23567,BC23567_E1,ENSG00000269028,0.18809996051237363,0.21866374133737926
BC23567,BC23567_E1,ENSG00000125534,0.022273157737444278,0.037535045732212925
BC23567,BC23567_E1,ENSG00000145425,-0.07553334328012201,-0.05986075247955609
BC23567,BC23567_E1,ENSG00000182809,0.009050398862047867,-0.008691967986514719
BC23567,BC23567_E1,ENSG00000251562,0.11942916263661074,0.1407825663431076
BC23567,BC23567_E1,ENSG00000124664,-0.023538769928595875,-0.04060881394649928
BC23567,BC23567_E1,ENSG00000127540,-0.08326478969515731,-0.08787852001073912
BC23567,BC23567_E1,ENSG00000187514,0.05471685380866281,0.02340188208043375
BC23567,BC23567_E1,ENSG00000160789,0.12291527898793161,0.1418673214041645
BC23567,BC23567_E1,ENSG00000142089,-0.055507424724080594,-0.07785385515028977
BC23567,BC23567_E1,ENSG00000143774,0.07127321265184024,0.053106432047370734
BC23567,BC23567_E1,ENSG00000164919,0.06691986675996102,0.08276091249083084
BC23567,BC23567_E1,ENSG00000170315,0.056587965248076605,0.060815997569765134
BC23567,BC23567_E1,ENSG00000272196,0.04044571540961304,0.034815425683874454
BC23567,BC23567_E1,ENSG00000071553,0.04587884931813679,0.05920466160525699
BC23567,BC23567_E1,ENSG00000138326,-0.021926137965818895,-0.050721012428052166
BC23567,BC23567_E1,ENSG00000182899,-0.06997544623667976,-0.06856066881363694
BC23567,BC23567_E1,ENSG00000164733,0.0914420397867894,0.08642392788758928
BC23567,BC23567_E1,ENSG00000182492,0.1721325834183753,0.14706501653605245
BC23567,BC23567_E1,ENSG00000124614,-0.04115498670002079,-0.03558101677885954
BC23567,BC23567_E1,ENSG00000144426,0.002152918571823198,-0.013550901777177039
BC23567,BC23567_E1,ENSG00000176340,-0.06950689976403943,-0.09833879020059193
BC23567,BC23567_E1,ENSG00000103363,-0.08686325854240876,-0.09172106760883059
BC23567,BC23567_E1,ENSG00000008988,0.019004292462275404,0.020367107576496637
BC23567,BC23567_E1,ENSG00000130208,0.17454199315986704,0.19925553525809125
BC23567,BC23567_E1,ENSG00000165215,-0.09818389254684994,-0.11577475674786276
BC23567,BC23567_E1,ENSG00000164692,0.14987049893621332,0.1685513992641691
BC23567,BC23567_E1,ENSG00000100219,-0.012196217201002852,-0.02110556727424307
BC23567,BC23567_E1,ENSG00000026025,0.13962840044457533,0.1539226117486746
BC23567,BC23567_E1,__ambiguous[ENSG00000277957+ENSG00000161960],-0.023684050394875963,-0.015281999785244879
BC23567,BC23567_E1,ENSG00000184897,0.03979949708426167,0.04619993750012645
BC23567,BC23567_E1,ENSG00000204287,0.22274994895648123,0.23194624170475678
BC23567,BC23567_E1,ENSG00000277972,0.004539301311030731,-0.008114353517774963
BC23567,BC23567_E1,ENSG00000160180,0.027286534363884615,0.013359411943637007
BC23567,BC23567_E1,ENSG00000105223,0.3115864084765722,0.32575374786939837
BC23567,BC23567_E1,ENSG00000052344,-0.07059111197803247,-0.08652084641336862
BC23567,BC23567_E1,ENSG00000162511,0.35014008220097353,0.35918393974320784
BC23567,BC23567_E1,ENSG00000114353,0.21293449351672633,0.20487815203765497
BC23567,BC23567_E1,ENSG00000178980,-0.06265682950162418,-0.06916983386189607
BC23567,BC23567_E1,ENSG00000142949,0.017747773799344523,0.002798258651873946
BC23567,BC23567_E1,ENSG00000173372,0.3603921055992258,0.37712240114833956
BC23567,BC23567_E1,ENSG00000196924,0.18016180099785162,0.21461369753733145
BC23567,BC23567_E1,ENSG00000172354,-0.031129322527346077,-0.025982085238600214
BC23567,BC23567_E1,ENSG00000087460,0.08180273532966617,0.07756787864608822
BC23567,BC23567_E1,ENSG00000188846,-0.015303513459546952,-0.0023220264714341075
BC23567,BC23567_E1,ENSG00000111669,-0.13558334248752263,-0.13902349807188769
BC23567,BC23567_E1,ENSG00000141522,-0.22619375129451685,-0.2591265146794912
BC23567,BC23567_E1,ENSG00000167815,-0.04992120441527069,-0.052560081065632355
BC23567,BC23567_E1,ENSG00000173272,0.09266491684778086,0.08856122248531442
BC23567,BC23567_E1,__ambiguous[ENSG00000241343+ENSG00000257529],0.01802745178824651,-0.0001448289298166319
BC23567,BC23567_E1,ENSG00000186468,-0.040477261092438974,-0.039040510351382694
BC23567,BC23567_E1,__ambiguous[ENSG00000262526+ENSG00000170296],-0.26414457385714724,-0.3079064918727761
BC23567,BC23567_E1,ENSG00000104529,-0.003223759673454522,-0.004295418691037472
BC23567,BC23567_E1,ENSG00000178952,-0.11630907368516505,-0.14964830757677666
BC23567,BC23567_E1,ENSG00000277791,-0.13879494919639973,-0.17290414003251556
BC23567,BC23567_E1,ENSG00000174444,-0.03392144933191771,-0.014300974879266114
BC23567,BC23567_E1,ENSG00000114867,0.06843320049090165,0.0833530819692701
BC23567,BC23567_E1,ENSG00000163479,-0.14365606567699699,-0.17688904357544014
BC23567,BC23567_E1,ENSG00000173801,0.06918443513591155,0.09340416681001276
BC23567,BC23567_E1,ENSG00000169223,-0.09366282515406942,-0.11997516229309658
BC23567,BC23567_E1,ENSG00000213988,0.08475096965280132,0.05887169604145661
BC23567,BC23567_E1,ENSG00000279274,0.04382989086507163,0.07636918552538811
BC23567,BC23567_E1,ENSG00000124172,-0.0046510091689154626,-0.009051417109424269
BC23567,BC23567_E1,ENSG00000126247,-0.012361010591059726,-0.019148536330492273
BC23567,BC23567_E1,ENSG00000155366,-0.10761620658685286,-0.0978426829776751
BC23567,BC23567_E1,ENSG00000123349,-0.05788815355492687,-0.059254762290476624
BC23567,BC23567_E1,__ambiguous[ENSG00000219200+ENSG00000161939],0.034346050498966385,0.02975079244260106
BC23567,BC23567_E1,ENSG00000131143,-0.07147728969391927,-0.06827335005009759
BC23567,BC23567_E1,ENSG00000170421,-0.026698024517246084,-0.009922779649798565
BC23567,BC23567_E1,ENSG00000114391,0.06104159387970111,0.06900694082914431
BC23567,BC23567_E1,ENSG00000125730,0.22342705797371337,0.24107130448784458
BC23567,BC23567_E1,ENSG00000135480,0.02414760316225033,0.04279438029999061
BC23567,BC23567_E1,ENSG00000132475,0.12762762493577876,0.1277420885222145
BC23567,BC23567_E1,ENSG00000058262,0.14705016556967263,0.15549499372644313
BC23567,BC23567_E1,ENSG00000147604,-0.08645470934035068,-0.09787630971509106
BC23567,BC23567_E1,ENSG00000134419,-0.04176279459004201,-0.06439417623358226
BC23567,BC23567_E1,ENSG00000214530,0.017300592272177426,0.027519028024888637
BC23567,BC23567_E1,ENSG00000135390,-0.05618068513213138,-0.0791143784923747
BC23567,BC23567_E1,ENSG00000171863,-0.09378526931081624,-0.11162057668475152
BC23567,BC23567_E1,ENSG00000141753,0.02576432493973031,0.021059880504712015
BC23567,BC23567_E1,ENSG00000104964,0.053379894645545906,0.05041194930297771
BC23567,BC23567_E1,ENSG00000100300,0.019787572496644736,0.02098094554755668
BC23567,BC23567_E1,ENSG00000161960,0.12158988718929745,0.1344303345457413
BC23567,BC23567_E1,ENSG00000163399,0.12828742685490127,0.14231024543483622
BC23567,BC23567_E1,ENSG00000096384,0.18444182473780044,0.21625036645789456
BC23567,BC23567_E1,ENSG00000142173,0.21966775005005398,0.20321530578636757
BC23567,BC23567_E1,ENSG00000196576,0.055538029683159025,0.03409711687906257
BC23567,BC23567_E1,ENSG00000113140,0.10790357807841493,0.1575156471746324
BC23567,BC23567_E1,ENSG00000143420,-0.04023415857104987,-0.04923200311107966
BC23567,BC23567_E1,ENSG00000123416,0.0374602749343008,0.05536997524926722
BC23567,BC23567_E1,ENSG00000197956,-0.0014337152915036,-0.006217013810277993
BC23567,BC23567_E1,ENSG00000163220,-0.07276234409728628,-0.1005782223804535
BC23567,BC23567_E1,ENSG00000101335,0.0303894919383115,0.03751710624754671
BC23567,BC23567_E1,ENSG00000051523,0.24827977726521896,0.28565297970734793
BC23567,BC23567_E1,ENSG00000177700,-0.1323334726698726,-0.13044446450607974
BC23567,BC23567_E1,ENSG00000229117,0.008583802930670879,-0.0056631618838170646
BC23567,BC23567_E1,ENSG00000147684,-0.013879036398472018,-0.016181047175218073
BC23567,BC23567_E1,ENSG00000186010,-0.03612730471087586,-0.01639615338912938
BC23567,BC23567_E1,ENSG00000164405,0.01788856424140873,0.04085902555012789
BC23567,BC23567_E1,ENSG00000106153,-0.032240964243426026,-0.0449045739091132
BC23567,BC23567_E1,ENSG00000172270,-0.015627850739676832,-0.023780129786871874
BC23567,BC23567_E1,ENSG00000011304,0.04378394194829805,0.05403857574371969
BC23567,BC23567_E1,ENSG00000135940,-0.04593560938781819,-0.05666774438114816
BC23567,BC23567_E1,ENSG00000125970,0.034208331729014725,0.04192486027482315
BC23567,BC23567_E1,ENSG00000176046,0.12979360483902078,0.1345047026934128
BC23567,BC23567_E1,ENSG00000131748,0.04293676775471566,0.06021172503443234
BC23567,BC23567_E1,ENSG00000174886,0.0035337616728123872,-0.023105184657157832
BC23567,BC23567_E1,ENSG00000130725,0.04560593915821034,0.038294083064603864
BC23567,BC23567_E1,ENSG00000110092,0.07070195905796826,0.045081130500538524
BC23567,BC23567_E1,ENSG00000159840,0.054568968523771626,0.05416923862476215
BC23567,BC23567_E1,ENSG00000196405,0.09765373248580728,0.09824627473221158
BC23567,BC23567_E1,ENSG00000132507,0.011994660892648794,0.013626178911140556
BC23567,BC23567_E2,ENSG00000034510,-0.015963951963031884,0.004137311620386726
BC23567,BC23567_E2,ENSG00000137818,0.12082273613334395,0.15378355655681955
BC23567,BC23567_E2,ENSG00000171345,0.05508222416867898,0.08152705488762657
BC23567,BC23567_E2,ENSG00000111640,0.04698115672065115,0.08686083715726894
BC23567,BC23567_E2,ENSG00000177600,0.16974309350218264,0.19818411395710658
BC23567,BC23567_E2,ENSG00000231500,0.030421093472644628,0.0816848777208838
BC23567,BC23567_E2,ENSG00000164587,-0.03292693547483142,-0.024157704144870076
BC23567,BC23567_E2,ENSG00000197756,-0.02177821309084512,-0.02577208398342391
BC23567,BC23567_E2,ENSG00000075624,0.00609159176155792,0.008724357463602686
BC23567,BC23567_E2,ENSG00000108107,0.13710071726901016,0.17774665000617149
BC23567,BC23567_E2,ENSG00000105372,0.01954519331332691,0.04001676551368932
BC23567,BC23567_E2,ENSG00000254709,0.1752583444486733,0.24728896016672716
BC23567,BC23567_E2,ENSG00000161016,0.07062987197048051,0.11382978851984275
BC23567,BC23567_E2,ENSG00000167526,0.10143112506879708,0.11122451003447623
BC23567,BC23567_E2,ENSG00000087086,0.17083429370169081,0.19777329241857286
BC23567,BC23567_E2,ENSG00000130255,0.08861954562982524,0.11314043614728227
BC23567,BC23567_E2,ENSG00000108298,-0.06941753207015841,-0.10682584824947232
BC23567,BC23567_E2,__ambiguous[ENSG00000251357+ENSG00000240972],0.10727293893918885,0.16354815114814625
BC23567,BC23567_E2,ENSG00000108518,0.14750880975247482,0.19317867028318123
BC23567,BC23567_E2,ENSG00000141736,0.11467272023347252,0.12697862344734223
BC23567,BC23567_E2,ENSG00000149273,-0.014381519560037614,-0.01741045732645863
BC23567,BC23567_E2,ENSG00000197746,0.20397896776124572,0.22769755678534281
BC23567,BC23567_E2,ENSG00000063177,0.035776913835442056,0.05873507075320494
BC23567,BC23567_E2,ENSG00000140264,0.019223975626070252,0.028829625290237294
BC23567,BC23567_E2,ENSG00000136942,0.091789669724598,0.1486453275539156
BC23567,BC23567_E2,ENSG00000105193,0.05323389345291392,0.05841019731612889
BC23567,BC23567_E2,ENSG00000109062,-0.03027600021801931,-0.018932687359661617
BC23567,BC23567_E2,ENSG00000111341,-0.008703505847274917,0.011121292575217597
BC23567,BC23567_E2,ENSG00000167996,0.03542678207669501,0.040885252349343086
BC23567,BC23567_E2,ENSG00000179218,0.03262337141825601,0.05363538276332872
BC23567,BC23567_E2,ENSG00000142541,-0.04721473881827816,-0.03853626196743512
BC23567,BC23567_E2,ENSG00000117984,0.19461595824516484,0.21495293515493813
BC23567,BC23567_E2,ENSG00000204628,0.01913405112209714,0.0063735975761341785
BC23567,BC23567_E2,ENSG00000142534,-0.05966502374579399,-0.06445894317358009
BC23567,BC23567_E2,ENSG00000140988,-0.08852218189543351,-0.08583911462618293
BC23567,BC23567_E2,ENSG00000221983,0.0698531421909443,0.11517789760956643
BC23567,BC23567_E2,ENSG00000089157,-0.055802933789334125,-0.053549463659070644
BC23567,BC23567_E2,ENSG00000171858,-0.09226544351454896,-0.12437087965720603
BC23567,BC23567_E2,ENSG00000166441,0.08494980969860158,0.09031452120818206
BC23567,BC23567_E2,ENSG00000147403,0.07634124848276164,0.07888246045094549
BC23567,BC23567_E2,ENSG00000180879,0.2161949384221301,0.29241019648319644
BC23567,BC23567_E2,ENSG00000115268,0.037858432163747346,0.030732930463999435
BC23567,BC23567_E2,ENSG00000213741,0.0895970640046034,0.1206873551130122
BC23567,BC23567_E2,ENSG00000112306,-0.0638858711912503,-0.07663475298620005
BC23567,BC23567_E2,ENSG00000185624,-0.03409510143618826,-0.059769663004766535
BC23567,BC23567_E2,ENSG00000233927,0.09426368459336919,0.10196657942463958
BC23567,BC23567_E2,ENSG00000182774,-0.025672866596442336,-0.0209888006153171
BC23567,BC23567_E2,ENSG00000234745,-0.0368803662881518,-0.04966558806725959
BC23567,BC23567_E2,ENSG00000130203,0.47709983868766426,0.5587757092990034
BC23567,BC23567_E2,ENSG00000105640,0.037570910141210744,0.06230420902600145
BC23567,BC23567_E2,ENSG00000101439,-0.03332808628730192,-0.017001898547663395
BC23567,BC23567_E2,ENSG00000149806,-0.006625555831839784,-0.008278133104254957
BC23567,BC23567_E2,ENSG00000198034,0.01006495547135241,0.0031860105891073076
BC23567,BC23567_E2,ENSG00000142676,-0.07168160496018804,-0.07790199301428241
BC23567,BC23567_E2,ENSG00000177954,0.1136233329675331,0.12144877215424742
BC23567,BC23567_E2,ENSG00000184009,0.12473995517193391,0.16287534517167435
BC23567,BC23567_E2,ENSG00000172809,-0.06488005121817278,-0.050716480224382486
BC23567,BC23567_E2,ENSG00000100316,-0.005373967833598176,-0.03673725661288368
BC23567,BC23567_E2,ENSG00000170889,0.07927066698403193,0.08715325977755846
BC23567,BC23567_E2,ENSG00000019582,0.12179701092399846,0.1221508262657217
BC23567,BC23567_E2,ENSG00000125691,-0.15367105645534962,-0.24618084528782472
BC23567,BC23567_E2,ENSG00000167995,0.13371894758216363,0.1897898251741095
BC23567,BC23567_E2,ENSG00000142937,-0.029823502023076005,-0.05575044936523169
BC23567,BC23567_E2,ENSG00000137154,-0.0249855055465489,-0.0211938275705689
BC23567,BC23567_E2,ENSG00000083845,-0.091980498913272,-0.10419419314566522
BC23567,BC23567_E2,ENSG00000172757,-0.08412254309506234,-0.08820771246974472
BC23567,BC23567_E2,ENSG00000156482,0.005246270506447015,0.025601305898128618
BC23567,BC23567_E2,ENSG00000204525,-0.085404014923166,-0.0965082865073266
BC23567,BC23567_E2,ENSG00000108821,0.19796746006856109,0.23122495031441662
BC23567,BC23567_E2,ENSG00000169710,0.09942472508628007,0.11596383493618137
BC23567,BC23567_E2,ENSG00000149925,-0.04491759673912632,-0.0177886437343604
BC23567,BC23567_E2,ENSG00000198242,-0.00716985331358644,-0.009752189256900697
BC23567,BC23567_E2,ENSG00000185499,0.048158154468026605,0.07933447950622673
BC23567,BC23567_E2,ENSG00000197958,-0.06044368984979038,-0.06607337171775908
BC23567,BC23567_E2,ENSG00000167468,0.03492897360461755,0.027024358185100163
BC23567,BC23567_E2,__ambiguous[ENSG00000254772+ENSG00000255508],-0.02941696716503955,-0.02377411408391234
BC23567,BC23567_E2,__ambiguous[ENSG00000185883+ENSG00000260272],0.06849609067767819,0.1150404314706971
BC23567,BC23567_E2,ENSG00000131469,-0.032999120801363926,-0.046267114918044853
BC23567,BC23567_E2,ENSG00000162244,-0.07490028151775183,-0.07084508935674053
BC23567,BC23567_E2,ENSG00000163191,-0.07670930688670226,-0.07754108254654761
BC23567,BC23567_E2,ENSG00000148303,0.00017159387860170446,-0.01059360865367316
BC23567,BC23567_E2,ENSG00000115457,0.04359187737414037,0.05886494880921866
BC23567,BC23567_E2,ENSG00000174748,0.04624095514332947,0.0212173380779432
BC23567,BC23567_E2,ENSG00000143947,-0.03481709223222743,-0.033482652004425704
BC23567,BC23567_E2,ENSG00000167658,0.040215558425550656,0.07509136487009434
BC23567,BC23567_E2,ENSG00000144713,-0.12655155587841974,-0.15874491377866093
BC23567,BC23567_E2,ENSG00000135404,-0.17335755968829922,-0.22493067774261233
BC23567,BC23567_E2,ENSG00000145592,0.0007719538169567587,-0.022289105438432422
BC23567,BC23567_E2,ENSG00000279483,0.09959054562975463,0.1252331126381326
BC23567,BC23567_E2,ENSG00000224389,-0.037772213984474466,-0.034900941149723703
BC23567,BC23567_E2,__ambiguous[ENSG00000243678+ENSG00000011052],-0.013499127210551904,-0.00720279035096048
BC23567,BC23567_E2,ENSG00000107223,0.11007845052054258,0.14284387769413887
BC23567,BC23567_E2,ENSG00000108639,-0.0007594771861136122,-0.0030148948533169962
BC23567,BC23567_E2,ENSG00000204592,-0.0024680663843659584,0.026936514660372984
BC23567,BC23567_E2,ENSG00000206503,-0.1435859727960455,-0.17047715594732776
BC23567,BC23567_E2,ENSG00000106211,0.02673160450371031,0.04837221686427308
BC23567,BC23567_E2,ENSG00000152082,-0.0032226527601798257,-0.008190067048285062
BC23567,BC23567_E2,ENSG00000110651,0.1359451989803021,0.1381975730882567
BC23567,BC23567_E2,ENSG00000231925,0.12635047794034,0.1622206171131965
BC23567,BC23567_E2,ENSG00000166710,0.027811748994198554,-0.0019909969445524077
BC23567,BC23567_E2,ENSG00000106624,0.4141966840066054,0.45138211662821454
BC23567,BC23567_E2,ENSG00000165949,-0.07652467160171894,-0.03577776075882883
BC23567,BC23567_E2,ENSG00000172531,0.13323302583302796,0.1666441404824676
BC23567,BC23567_E2,ENSG00000070756,-0.06225721200032689,-0.04296104230530613
BC23567,BC23567_E2,ENSG00000108679,0.12448669837548983,0.14667381018714135
BC23567,BC23567_E2,ENSG00000108344,0.06201043836026143,0.11600229884334519
BC23567,BC23567_E2,ENSG00000133112,-0.04941517936604924,-0.07171620945069518
BC23567,BC23567_E2,ENSG00000118181,-0.06929045248054362,-0.06966390281814419
BC23567,BC23567_E2,ENSG00000115884,0.12420746891123687,0.14329308899822035
BC23567,BC23567_E2,ENSG00000071082,0.009425219905474019,0.007606240582720708
BC23567,BC23567_E2,ENSG00000092841,0.0049120001350059,0.003980490854394248
BC23567,BC23567_E2,ENSG00000246705,0.0066677942823323245,0.03390146381434369
BC23567,BC23567_E2,ENSG00000104904,-0.059038922329962974,-0.02189589539201034
BC23567,BC23567_E2,__ambiguous[ENSG00000185885+ENSG00000185201],0.07960299695636665,0.0873056143234725
BC23567,BC23567_E2,ENSG00000158710,0.03668083832354232,0.040008273422840544
BC23567,BC23567_E2,__ambiguous[ENSG00000257341+ENSG00000213145],0.04738492980274188,0.059731191092343906
BC23567,BC23567_E2,ENSG00000111057,-0.03898807635526468,-0.017048744701530515
BC23567,BC23567_E2,ENSG00000185825,-0.007189966607100345,0.007489672991582469
BC23567,BC23567_E2,ENSG00000141741,0.05896154699841577,0.07128632342580016
BC23567,BC23567_E2,ENSG00000160862,-0.008184132719577821,0.006666231763937474
BC23567,BC23567_E2,ENSG00000150991,-0.010210380397083729,-0.025851402418753288
BC23567,BC23567_E2,ENSG00000178719,0.0360159539061657,0.054529125247282595
BC23567,BC23567_E2,ENSG00000130303,0.023182313714650925,0.04520415177475611
BC23567,BC23567_E2,ENSG00000255823,0.12511959877086432,0.1335056449276401
BC23567,BC23567_E2,ENSG00000205542,-0.024909421769660493,-0.004285294592276044
BC23567,BC23567_E2,__ambiguous[ENSG00000124614+ENSG00000270800],0.10399175049842801,0.0982962861357835
BC23567,BC23567_E2,__ambiguous[ENSG00000273259+ENSG00000196136],0.028418312096948468,0.03585813021468978
BC23567,BC23567_E2,ENSG00000074800,-0.047811211733661194,-0.06163236098947037
BC23567,BC23567_E2,ENSG00000117410,0.12423131001393249,0.12452031830034922
BC23567,BC23567_E2,ENSG00000126267,0.03579369821963362,0.04505831857815058
BC23567,BC23567_E2,ENSG00000149591,0.2020430042269942,0.24767916781316102
BC23567,BC23567_E2,ENSG00000169100,-0.02927683427519278,-0.016083506815740486
BC23567,BC23567_E2,ENSG00000163682,-0.06707666075422447,-0.09236978022938329
BC23567,BC23567_E2,ENSG00000115414,0.08042813336811482,0.04806563324107035
BC23567,BC23567_E2,ENSG00000030582,-0.08396800420383314,-0.146736227341201
BC23567,BC23567_E2,ENSG00000142669,0.12542275317432214,0.1677779913405932
BC23567,BC23567_E2,ENSG00000117450,0.008572351918645641,0.009504071020766428
BC23567,BC23567_E2,ENSG00000102265,0.2629668975212941,0.27957371603314396
BC23567,BC23567_E2,ENSG00000269028,0.0917358133711422,0.12112491837424148
BC23567,BC23567_E2,ENSG00000125534,-0.032323610369939505,-0.050355403412279315
BC23567,BC23567_E2,ENSG00000145425,0.02652585760243095,0.02087112801099267
BC23567,BC23567_E2,ENSG00000182809,0.053859062558404426,0.053708437605952564
BC23567,BC23567_E2,ENSG00000251562,0.1412305249661661,0.17153082492222102
BC23567,BC23567_E2,ENSG00000124664,0.08843171719179195,0.09504322522721569
BC23567,BC23567_E2,ENSG00000127540,-0.10742883744212677,-0.12881881337787876
BC23567,BC23567_E2,ENSG00000187514,0.029611814054287953,0.002535297061417495
BC23567,BC23567_E2,ENSG00000160789,0.12782691320283623,0.12970015733161583
BC23567,BC23567_E2,ENSG00000142089,-0.05398833390726107,-0.07508274374876188
BC23567,BC23567_E2,ENSG00000143774,0.04794532969177652,0.045664084502978874
BC23567,BC23567_E2,ENSG00000164919,0.052278568559293644,0.053291275300900234
BC23567,BC23567_E2,ENSG00000170315,-0.041304030375053584,-0.04370033080106807
BC23567,BC23567_E2,ENSG00000272196,0.008636612373158296,0.011199082258514783
BC23567,BC23567_E2,ENSG00000071553,0.0031785147832446305,0.004246968734512925
BC23567,BC23567_E2,ENSG00000138326,0.0028351914610780246,-0.026621856557267856
BC23567,BC23567_E2,ENSG00000182899,0.07977649538213942,0.05357930967032162
BC23567,BC23567_E2,ENSG00000164733,0.01590822568686206,0.013665516579970616
BC23567,BC23567_E2,ENSG00000182492,0.2928321401937804,0.33003116138255395
BC23567,BC23567_E2,ENSG00000124614,-0.07124328760882652,-0.09322829546437181
BC23567,BC23567_E2,ENSG00000144426,-0.03616654922690286,-0.045902972547744336
BC23567,BC23567_E2,ENSG00000176340,0.017842335873459843,0.048572473345674765
BC23567,BC23567_E2,ENSG00000103363,0.04592527540379018,0.04027584427061357
BC23567,BC23567_E2,ENSG00000008988,0.0024889588864186497,-0.0020712436148788084
BC23567,BC23567_E2,ENSG00000130208,0.14073982493602602,0.1877932844817962
BC23567,BC23567_E2,ENSG00000165215,-0.10570071998499468,-0.10717627547565627
BC23567,BC23567_E2,ENSG00000164692,0.24115088684936378,0.29965165741400485
BC23567,BC23567_E2,ENSG00000100219,0.02155016161319481,0.005045691133299126
BC23567,BC23567_E2,ENSG00000026025,0.0918200983616935,0.12201979345039464
BC23567,BC23567_E2,__ambiguous[ENSG00000277957+ENSG00000161960],0.020349776825391987,-0.005831467445984987
BC23567,BC23567_E2,ENSG00000184897,-0.03814768566255651,-0.0815486054403759
BC23567,BC23567_E2,ENSG00000204287,0.05063578209122808,0.0506839386839981
BC23567,BC23567_E2,ENSG00000277972,0.10177364049892874,0.10908749086171632
BC23567,BC23567_E2,ENSG00000160180,-0.03687412413397203,-0.048963719348155375
BC23567,BC23567_E2,ENSG00000105223,0.22345248351189867,0.24403040920495567
BC23567,BC23567_E2,ENSG00000052344,-0.02996864605314667,-0.044860947538314086
BC23567,BC23567_E2,ENSG00000162511,0.23561690971428226,0.266389075384531
BC23567,BC23567_E2,ENSG00000114353,0.15901736253892346,0.17980565262773696
BC23567,BC23567_E2,ENSG00000178980,0.003908496798065782,-0.004884969550484377
BC23567,BC23567_E2,ENSG00000142949,0.020821867724559816,0.00807726783285256
BC23567,BC23567_E2,ENSG00000173372,0.18328706783573068,0.22902130388972838
BC23567,BC23567_E2,ENSG00000196924,0.1122183970286201,0.12703236438429455
BC23567,BC23567_E2,ENSG00000172354,0.009713605346802205,0.014400408153762662
BC23567,BC23567_E2,ENSG00000087460,0.2087418725567806,0.20917830281542227
BC23567,BC23567_E2,ENSG00000188846,-0.006142618328221036,-0.032446864283035816
BC23567,BC23567_E2,ENSG00000111669,-0.04864692935621498,-0.03132779773353522
BC23567,BC23567_E2,ENSG00000141522,0.0328438391916715,0.03927437339512518
BC23567,BC23567_E2,ENSG00000167815,-0.019512426572242503,-0.01806927497304846
BC23567,BC23567_E2,ENSG00000173272,0.02975218885322671,0.027067633340131434
BC23567,BC23567_E2,__ambiguous[ENSG00000241343+ENSG00000257529],-0.030561116357245,-0.04156660390344306
BC23567,BC23567_E2,ENSG00000186468,0.009466237501202589,0.022646994808814106
BC23567,BC23567_E2,__ambiguous[ENSG00000262526+ENSG00000170296],-0.018208761708071033,-0.024514069374311786
BC23567,BC23567_E2,ENSG00000104529,0.0021328284612079813,0.002460985853791017
BC23567,BC23567_E2,ENSG00000178952,-0.03121433270229185,-0.025185694727032252
BC23567,BC23567_E2,ENSG00000277791,-0.022581372570649506,-0.03228663144487127
BC23567,BC23567_E2,ENSG00000174444,-0.02602037701382389,-0.03894308396130071
BC23567,BC23567_E2,ENSG00000114867,0.04317799103025712,0.0735679233741129
BC23567,BC23567_E2,ENSG00000163479,0.016373949152290988,0.025108260318686137
BC23567,BC23567_E2,ENSG00000173801,0.06657314971437742,0.06472648753701954
BC23567,BC23567_E2,ENSG00000169223,-0.03475423317943958,-0.021868076601216275
BC23567,BC23567_E2,ENSG00000213988,-0.05594140053682404,-0.07805080579379681
BC23567,BC23567_E2,ENSG00000279274,0.12585571157311576,0.14229012002806712
BC23567,BC23567_E2,ENSG00000124172,0.1217343179190819,0.14349496199096068
BC23567,BC23567_E2,ENSG00000126247,-0.005533337852271466,-0.0072777395394697355
BC23567,BC23567_E2,ENSG00000155366,0.06460405634940065,0.07717374594130323
BC23567,BC23567_E2,ENSG00000123349,0.03550727054234923,0.07718320032937169
BC23567,BC23567_E2,__ambiguous[ENSG00000219200+ENSG00000161939],-0.0015302609884554066,0.007848965080257975
BC23567,BC23567_E2,ENSG00000131143,0.04332996950155229,0.057495773453647175
BC23567,BC23567_E2,ENSG00000170421,0.1451817856550758,0.14593570129060596
BC23567,BC23567_E2,ENSG00000114391,-0.02678582727001795,-0.030653564013609896
BC23567,BC23567_E2,ENSG00000125730,0.2757583491055334,0.3181130938829784
BC23567,BC23567_E2,ENSG00000135480,0.05956644899135259,0.07409954702404205
BC23567,BC23567_E2,ENSG00000132475,0.08162876512478787,0.08627723623866344
BC23567,BC23567_E2,ENSG00000058262,0.1067692699300327,0.13605720303145505
BC23567,BC23567_E2,ENSG00000147604,-0.07638782386565265,-0.06013412401348154
BC23567,BC23567_E2,ENSG00000134419,-0.05611032588791988,-0.061458221918412666
BC23567,BC23567_E2,ENSG00000214530,-0.05948075261796861,-0.05035545115962258
BC23567,BC23567_E2,ENSG00000135390,0.08898749763180733,0.09890822358452588
BC23567,BC23567_E2,ENSG00000171863,-0.05763344148750803,-0.08001541222076065
BC23567,BC23567_E2,ENSG00000141753,0.1890119093634794,0.24251675640761622
BC23567,BC23567_E2,ENSG00000104964,0.04156892026124116,0.06468735608703303
BC23567,BC23567_E2,ENSG00000100300,0.02426499738080026,0.025990499615811725
BC23567,BC23567_E2,ENSG00000161960,0.04735585203320444,0.04948265965770461
BC23567,BC23567_E2,ENSG00000163399,0.1101791604123528,0.12195752600635296
BC23567,BC23567_E2,ENSG00000096384,0.2113557995597383,0.21805690031188654
BC23567,BC23567_E2,ENSG00000142173,0.19426181277571264,0.22609363700949034
BC23567,BC23567_E2,ENSG00000196576,-0.05945523972194426,-0.08249734657951134
BC23567,BC23567_E2,ENSG00000113140,0.25941889065544493,0.2879089129788632
BC23567,BC23567_E2,ENSG00000143420,0.04278744214407223,0.024676018784166216
BC23567,BC23567_E2,ENSG00000123416,0.07158920088654043,0.0750009435713714
BC23567,BC23567_E2,ENSG00000197956,0.012422554223096611,0.007412325913935591
BC23567,BC23567_E2,ENSG00000163220,-0.06335111404172826,-0.05972518802959998
BC23567,BC23567_E2,ENSG00000101335,0.16227707489970372,0.19206778937880806
BC23567,BC23567_E2,ENSG00000051523,0.2342495484850852,0.28975291794226593
BC23567,BC23567_E2,ENSG00000177700,0.003649724324616911,-0.026426400158985265
BC23567,BC23567_E2,ENSG00000229117,0.04941205336807148,0.05662811012989049
BC23567,BC23567_E2,ENSG00000147684,0.03055833678575969,0.009143748666155414
BC23567,BC23567_E2,ENSG00000186010,0.07636107415197513,0.11562714539620775
BC23567,BC23567_E2,ENSG00000164405,0.040358874572030794,0.052992582557203585
BC23567,BC23567_E2,ENSG00000106153,0.03667003010939128,0.04601985797191188
BC23567,BC23567_E2,ENSG00000172270,0.0875106429566835,0.11273962719358745
BC23567,BC23567_E2,ENSG00000011304,0.008350999197615033,0.013721361924336416
BC23567,BC23567_E2,ENSG00000135940,-0.04750588326222326,-0.05114162538413303
BC23567,BC23567_E2,ENSG00000125970,0.0836820291550321,0.09777109694451752
BC23567,BC23567_E2,ENSG00000176046,0.04188905364316361,0.07545994228259191
BC23567,BC23567_E2,ENSG00000131748,0.11746693880265946,0.12113160363592154
BC23567,BC23567_E2,ENSG00000174886,0.08159563681692639,0.09074554520589291
BC23567,BC23567_E2,ENSG00000130725,0.03931002911426839,0.05582607005011297
BC23567,BC23567_E2,ENSG00000110092,0.028420852851128203,0.02144719739074328
BC23567,BC23567_E2,ENSG00000159840,0.12788613315252928,0.15654783375807763
BC23567,BC23567_E2,ENSG00000196405,0.041146926101774,0.05054803648724711
BC23567,BC23567_E2,ENSG00000132507,-0.028251002563518576,-0.0377565344248553
BC23810,BC23810_D2,ENSG00000034510,0.19297158623579214,0.2344271524526361
BC23810,BC23810_D2,ENSG00000254709,0.1792014127800757,0.18375210330704028
BC23810,BC23810_D2,ENSG00000171345,0.05781987109390203,0.06673910809274512
BC23810,BC23810_D2,ENSG00000111640,-0.03778880643386358,-0.048293246828440876
BC23810,BC23810_D2,ENSG00000137818,0.15343737864021503,0.13299307534125726
BC23810,BC23810_D2,ENSG00000177600,0.23027585519458266,0.19583295754069271
BC23810,BC23810_D2,ENSG00000164587,0.08455712095845862,0.0878135312720226
BC23810,BC23810_D2,ENSG00000108298,-0.12854378014396547,-0.12257395683779797
BC23810,BC23810_D2,ENSG00000231500,0.040844597055776304,0.015435680181472887
BC23810,BC23810_D2,ENSG00000108107,0.0650260158374618,0.0705677569582143
BC23810,BC23810_D2,ENSG00000075624,0.10020470129261153,0.08385967556142006
BC23810,BC23810_D2,ENSG00000161016,-0.05599861036547789,-0.022774382744899083
BC23810,BC23810_D2,ENSG00000105372,0.007516665634986017,-0.020686430954118196
BC23810,BC23810_D2,ENSG00000197756,0.11098934827545646,0.10177831383290777
BC23810,BC23810_D2,ENSG00000108518,0.05952831412196966,0.06779232191634375
BC23810,BC23810_D2,ENSG00000087086,0.40919648255642493,0.41606762365095634
BC23810,BC23810_D2,__ambiguous[ENSG00000251357+ENSG00000240972],-0.04034092499260353,-0.02121736376369213
BC23810,BC23810_D2,ENSG00000117984,-0.05107406734323491,-0.03551469138026379
BC23810,BC23810_D2,ENSG00000130255,0.06797306023600917,0.0862212313016913
BC23810,BC23810_D2,ENSG00000167526,0.06458657998260854,0.027338548669089306
BC23810,BC23810_D2,ENSG00000136942,-0.05371000947616991,-0.028757677067155683
BC23810,BC23810_D2,ENSG00000141736,0.11698207385821868,0.16682007975452204
BC23810,BC23810_D2,ENSG00000179218,0.05616444055328375,0.051173984463166
BC23810,BC23810_D2,ENSG00000180879,-0.013154812990977037,-0.012393903103671888
BC23810,BC23810_D2,ENSG00000197746,0.23633559802330156,0.26666328465983696
BC23810,BC23810_D2,ENSG00000149273,0.07958043880280825,0.09161767636048924
BC23810,BC23810_D2,ENSG00000063177,-0.06438840294617697,-0.088060660696912
BC23810,BC23810_D2,ENSG00000140264,-0.02750112690282651,-0.03750998776271616
BC23810,BC23810_D2,ENSG00000204628,-0.04920804520759448,-0.03700942978325246
BC23810,BC23810_D2,ENSG00000185624,0.0028843352001694435,0.002244850756322562
BC23810,BC23810_D2,ENSG00000234745,0.3063617468684752,0.33805941518265065
BC23810,BC23810_D2,ENSG00000105193,0.09729199360054114,0.11537286753298114
BC23810,BC23810_D2,ENSG00000130203,0.21378479927361443,0.23003491797163741
BC23810,BC23810_D2,ENSG00000221983,0.020501505792213028,0.01488597445765514
BC23810,BC23810_D2,ENSG00000142534,-0.0521914097670689,-0.04328622255179094
BC23810,BC23810_D2,ENSG00000142541,0.17046799112943925,0.15313956153089342
BC23810,BC23810_D2,ENSG00000166441,0.05189695042412805,0.0749689911124318
BC23810,BC23810_D2,ENSG00000125691,-0.16405090547399068,-0.17349933352428082
BC23810,BC23810_D2,ENSG00000147403,0.0006609833593991262,-0.016920375015400037
BC23810,BC23810_D2,ENSG00000167996,0.1175347363594648,0.11942439435375461
BC23810,BC23810_D2,ENSG00000171858,0.1445461630712082,0.12286995651717009
BC23810,BC23810_D2,ENSG00000101439,-0.01185233786595184,-0.01710673343886403
BC23810,BC23810_D2,ENSG00000089157,0.1161180084685694,0.10924795978671997
BC23810,BC23810_D2,ENSG00000140988,0.1680168986654105,0.18777468446621715
BC23810,BC23810_D2,ENSG00000111341,0.17228539657022832,0.17360994564520577
BC23810,BC23810_D2,ENSG00000105640,0.04150385715055454,0.03411050388774898
BC23810,BC23810_D2,ENSG00000109062,0.062078123367045435,0.08919236336089953
BC23810,BC23810_D2,ENSG00000213741,0.15375357992823532,0.176663269284301
BC23810,BC23810_D2,ENSG00000177954,0.13672066954989928,0.14679187012580996
BC23810,BC23810_D2,ENSG00000149806,0.10604452668417376,0.1033149680861552
BC23810,BC23810_D2,ENSG00000112306,0.09378323702387317,0.10785216322517237
BC23810,BC23810_D2,ENSG00000182774,0.12318364006888259,0.1267406636863014
BC23810,BC23810_D2,ENSG00000115268,-0.0054335732741626975,-0.050429643400809646
BC23810,BC23810_D2,ENSG00000108821,0.05600760475656788,0.05161609280642781
BC23810,BC23810_D2,ENSG00000204525,0.26616148739981077,0.30555453303056535
BC23810,BC23810_D2,ENSG00000224389,0.09699554944876608,0.09315397245177329
BC23810,BC23810_D2,ENSG00000233927,0.07957299528632705,0.05499593375701966
BC23810,BC23810_D2,ENSG00000165949,-0.00635032355520675,0.00224467611682356
BC23810,BC23810_D2,ENSG00000204592,0.04460640056245968,0.06578919514842274
BC23810,BC23810_D2,ENSG00000198034,0.0592774764972999,0.07952013774140587
BC23810,BC23810_D2,ENSG00000019582,0.4362289250194405,0.42484425040059504
BC23810,BC23810_D2,ENSG00000142676,0.08514717694364038,0.10884213327211731
BC23810,BC23810_D2,ENSG00000184009,0.044489085216951725,0.026333828690740642
BC23810,BC23810_D2,ENSG00000170889,0.08287691842790954,0.07656357797664623
BC23810,BC23810_D2,ENSG00000231925,0.06259337264604083,0.07371976259512043
BC23810,BC23810_D2,ENSG00000135404,-0.18471472876742262,-0.21090270154298443
BC23810,BC23810_D2,ENSG00000172757,0.0035040445337039356,0.016956452193819048
BC23810,BC23810_D2,__ambiguous[ENSG00000185883+ENSG00000260272],0.02174664464877342,0.022663612615806353
BC23810,BC23810_D2,ENSG00000185499,-0.018071560803986968,-0.016902362239326497
BC23810,BC23810_D2,ENSG00000246705,0.003434171694318793,0.009244039544847982
BC23810,BC23810_D2,ENSG00000100316,0.015689709108566784,0.016483346329447264
BC23810,BC23810_D2,ENSG00000106624,0.06549281008693869,0.08676040054227593
BC23810,BC23810_D2,ENSG00000167995,-0.044512718255914456,-0.0694648225590103
BC23810,BC23810_D2,ENSG00000083845,-0.028696094109113564,-0.0005563063744840361
BC23810,BC23810_D2,ENSG00000167468,-0.048591294361745196,-0.05476885805112854
BC23810,BC23810_D2,ENSG00000137154,0.05887733590687863,0.06386713892782889
BC23810,BC23810_D2,__ambiguous[ENSG00000185885+ENSG00000185201],-0.02367584277505911,-0.011024470673188479
BC23810,BC23810_D2,ENSG00000166710,0.2355902848622519,0.2243827537729376
BC23810,BC23810_D2,ENSG00000149925,-0.004070281606399782,-0.0050137229046247995
BC23810,BC23810_D2,ENSG00000131469,0.08098619275900142,0.08915974333689757
BC23810,BC23810_D2,ENSG00000206503,0.1314424746371362,0.11845006670321008
BC23810,BC23810_D2,ENSG00000169710,0.13736001690077107,0.09330228572503536
BC23810,BC23810_D2,ENSG00000107223,0.05292098499762221,0.06807549516844781
BC23810,BC23810_D2,ENSG00000108639,-0.15846200692732718,-0.15261425736979595
BC23810,BC23810_D2,ENSG00000156482,0.06747559698462041,0.06678756394744846
BC23810,BC23810_D2,ENSG00000172809,0.0741652613524366,0.05755162357173978
BC23810,BC23810_D2,__ambiguous[ENSG00000254772+ENSG00000255508],-0.02902996817885473,-0.008774332170093962
BC23810,BC23810_D2,ENSG00000163220,-0.02368698816184522,-0.01336882723402433
BC23810,BC23810_D2,ENSG00000172531,0.04488852156070658,0.052926320133933974
BC23810,BC23810_D2,ENSG00000163191,0.03431456432194516,0.06513610376142637
BC23810,BC23810_D2,ENSG00000106211,-0.018616605703348565,-0.013090988574163716
BC23810,BC23810_D2,ENSG00000142937,0.07653483538988133,0.10356765801775701
BC23810,BC23810_D2,ENSG00000185825,-0.05292179252663262,-0.038931689323533636
BC23810,BC23810_D2,ENSG00000144713,0.02840665501434981,0.04955790621744745
BC23810,BC23810_D2,ENSG00000108679,-0.0741353110322114,-0.08242183869298117
BC23810,BC23810_D2,ENSG00000160862,-0.02550341331863787,-0.011505083257071835
BC23810,BC23810_D2,ENSG00000115884,-0.047150099456223775,-0.05625818587159105
BC23810,BC23810_D2,ENSG00000143947,0.11223905168656077,0.10927489884905545
BC23810,BC23810_D2,ENSG00000197958,0.026786618002182017,0.021164241566100844
BC23810,BC23810_D2,ENSG00000148303,0.028381298545111486,0.04417978518556593
BC23810,BC23810_D2,ENSG00000104904,0.056496873962926776,0.04274812858411065
BC23810,BC23810_D2,ENSG00000162244,-0.09346789828991792,-0.12695360930080687
BC23810,BC23810_D2,ENSG00000152082,-0.06157463358685821,-0.06903963939769449
BC23810,BC23810_D2,ENSG00000178719,-0.05505289817429487,-0.028318739268409124
BC23810,BC23810_D2,ENSG00000130303,-0.025159533255779302,-0.032497230942561184
BC23810,BC23810_D2,ENSG00000167658,0.05482624921858876,0.0847649533891922
BC23810,BC23810_D2,ENSG00000174748,-0.011128195474439133,-0.0041516087098834985
BC23810,BC23810_D2,ENSG00000279483,0.11801872742838233,0.13084322935623283
BC23810,BC23810_D2,ENSG00000158710,0.05222607304058391,0.06169001771249535
BC23810,BC23810_D2,ENSG00000030582,-0.028385988366022085,-0.03396922991459419
BC23810,BC23810_D2,ENSG00000115457,-0.023586411095982546,-0.02652635682024178
BC23810,BC23810_D2,__ambiguous[ENSG00000257341+ENSG00000213145],-0.016435486349374095,-0.0036459901459917443
BC23810,BC23810_D2,ENSG00000149591,0.017913884442630073,0.008410221407708935
BC23810,BC23810_D2,__ambiguous[ENSG00000273259+ENSG00000196136],-0.022278176817890342,-0.015600913056162263
BC23810,BC23810_D2,ENSG00000110651,0.09028792485348819,0.11099556387571277
BC23810,BC23810_D2,ENSG00000117410,-0.013799104969608785,-0.005549628633458699
BC23810,BC23810_D2,ENSG00000108344,0.03539095043326457,0.026493168784599834
BC23810,BC23810_D2,ENSG00000198242,0.20502227308965337,0.17753573258115038
BC23810,BC23810_D2,ENSG00000142089,0.03702088701321299,0.05042558476050127
BC23810,BC23810_D2,ENSG00000182492,0.12165659931607034,0.10556856642038158
BC23810,BC23810_D2,ENSG00000255823,0.162038064980496,0.16131133503394487
BC23810,BC23810_D2,ENSG00000165215,-0.08855113166537952,-0.08977478604423923
BC23810,BC23810_D2,ENSG00000102265,0.12228317328862062,0.08923484086796575
BC23810,BC23810_D2,ENSG00000092841,0.047000897741001454,0.03757013700488648
BC23810,BC23810_D2,ENSG00000071553,0.005614093748669765,0.005710757617217937
BC23810,BC23810_D2,ENSG00000145592,0.08842319703477072,0.08610541537637631
BC23810,BC23810_D2,ENSG00000118181,0.14378740698753173,0.15668292114885946
BC23810,BC23810_D2,ENSG00000269028,0.058480317283796976,0.06281496509439691
BC23810,BC23810_D2,ENSG00000111057,0.04475662926575868,0.022724744904853586
BC23810,BC23810_D2,ENSG00000142669,0.12455661210350277,0.12819707703721014
BC23810,BC23810_D2,ENSG00000074800,-0.007629701561770846,0.007838829422568212
BC23810,BC23810_D2,ENSG00000196924,0.013155008679495902,0.0071356005831745796
BC23810,BC23810_D2,ENSG00000173372,0.06193920283152871,0.0518008969056694
BC23810,BC23810_D2,ENSG00000125534,0.10604130645473747,0.11497937550630966
BC23810,BC23810_D2,ENSG00000126267,-0.08352537111662342,-0.09010312085243327
BC23810,BC23810_D2,ENSG00000117450,-0.05363572763807988,-0.08319339954218108
BC23810,BC23810_D2,ENSG00000277972,0.016429409421028107,0.047415858637733004
BC23810,BC23810_D2,__ambiguous[ENSG00000124614+ENSG00000270800],0.02000408416693018,0.039163557417066744
BC23810,BC23810_D2,ENSG00000141741,0.15389448406945624,0.16648728860214654
BC23810,BC23810_D2,ENSG00000150991,0.11946930378234276,0.14170990989895227
BC23810,BC23810_D2,ENSG00000130208,0.10650037890852608,0.1036484439820928
BC23810,BC23810_D2,ENSG00000164692,0.02604631350893427,0.010594818083959793
BC23810,BC23810_D2,ENSG00000105223,-0.02909140674970471,-0.04556144388263134
BC23810,BC23810_D2,ENSG00000162511,0.13140108455631874,0.10294882626319561
BC23810,BC23810_D2,ENSG00000051523,0.10672865809954978,0.08582397825442936
BC23810,BC23810_D2,ENSG00000141522,0.0009631273895050012,0.017934163313694806
BC23810,BC23810_D2,ENSG00000143774,-0.025574532433678396,-0.03600569921500143
BC23810,BC23810_D2,ENSG00000115414,-0.009549906098851138,-0.023607769524735204
BC23810,BC23810_D2,ENSG00000160789,0.10457396012862478,0.10447368136453603
BC23810,BC23810_D2,ENSG00000026025,0.1491570803264337,0.1825585774147996
BC23810,BC23810_D2,ENSG00000133112,-0.1393934640385896,-0.1406888505165306
BC23810,BC23810_D2,ENSG00000124664,0.052403799402364754,0.05332552058762872
BC23810,BC23810_D2,ENSG00000142173,0.09797544944772017,0.09786748103703895
BC23810,BC23810_D2,ENSG00000124614,0.024952117216265883,0.031403877271566155
BC23810,BC23810_D2,ENSG00000169223,0.09476383920722017,0.08841819107846605
BC23810,BC23810_D2,ENSG00000176340,0.03560790864973659,0.02830427012587693
BC23810,BC23810_D2,ENSG00000164733,0.11777871684602773,0.10897500604941385
BC23810,BC23810_D2,ENSG00000251562,-0.12999175230483737,-0.1415231225979451
BC23810,BC23810_D2,ENSG00000058262,-0.007042998707780548,-0.01861445032301154
BC23810,BC23810_D2,ENSG00000103363,-0.0025762030496211227,-0.003165648201915286
BC23810,BC23810_D2,ENSG00000272196,-0.026392487235311665,-0.0383808391670802
BC23810,BC23810_D2,ENSG00000052344,0.06199198712003693,0.06466625318841347
BC23810,BC23810_D2,ENSG00000182809,-0.024150338887383577,-0.035276418904555254
BC23810,BC23810_D2,ENSG00000160932,0.09835432988843192,0.10501884361229225
BC23810,BC23810_D2,ENSG00000277791,-0.0879015987543536,-0.0930027578641482
BC23810,BC23810_D2,ENSG00000184897,-0.01854591894151631,-0.007002562456670594
BC23810,BC23810_D2,ENSG00000100219,0.01425342796409526,-0.012060917010166629
BC23810,BC23810_D2,ENSG00000127540,0.004662986019164185,0.003716065498395236
BC23810,BC23810_D2,ENSG00000169100,-0.08738346145970635,-0.06329612811093892
BC23810,BC23810_D2,ENSG00000104529,-0.02907722445904597,0.005932473594614894
BC23810,BC23810_D2,ENSG00000114353,0.08168783934450617,0.08768155801137989
BC23810,BC23810_D2,ENSG00000164919,0.07343250238637765,0.06468563647316655
BC23810,BC23810_D2,ENSG00000070756,-0.09562671659493745,-0.10466547902719134
BC23810,BC23810_D2,ENSG00000187608,-0.04719540060807944,-0.04278247642912616
BC23810,BC23810_D2,ENSG00000145425,0.14954788374451516,0.15778477998128287
BC23810,BC23810_D2,ENSG00000160180,0.001461250253024996,0.0031293952928092904
BC23810,BC23810_D2,ENSG00000204287,0.2720341480931973,0.25924364249126164
BC23810,BC23810_D2,__ambiguous[ENSG00000277957+ENSG00000161960],1.3879348047006973e-05,0.01929716990133715
BC23810,BC23810_D2,__ambiguous[ENSG00000243678+ENSG00000011052],0.15903875849729582,0.16567748774110663
BC23810,BC23810_D2,ENSG00000163682,0.0005798810724898325,0.01141539084919206
BC23810,BC23810_D2,ENSG00000205542,0.10407462985317294,0.1209428328313148
BC23810,BC23810_D2,ENSG00000123349,0.0024410689972572275,0.03460945218363886
BC23810,BC23810_D2,ENSG00000187514,-0.08983889050809024,-0.08535747538155147
BC23810,BC23810_D2,ENSG00000071082,0.12848564771443785,0.13662041327637792
BC23810,BC23810_D2,ENSG00000125730,0.10429285704537741,0.0789480129799671
BC23810,BC23810_D2,__ambiguous[ENSG00000219200+ENSG00000161939],-0.04318561289640168,-0.050771145494591864
BC23810,BC23810_D2,ENSG00000114867,0.014724091911053996,0.008544439336649615
BC23810,BC23810_D2,ENSG00000178952,-0.03520234688723218,-0.05067239609943319
BC23810,BC23810_D2,ENSG00000111669,0.048150193900790686,0.08825688504022709
BC23810,BC23810_D2,ENSG00000101335,0.09172486295999992,0.07870843784587024
BC23810,BC23810_D2,ENSG00000170315,-0.02420708011226716,0.00038207940828197356
BC23810,BC23810_D2,ENSG00000113140,0.033672374440493154,0.048771339772410195
BC23810,BC23810_D2,ENSG00000138326,0.09493383818615664,0.09558668712245533
BC23810,BC23810_D2,ENSG00000104964,-0.03543982792569036,-0.025198111714205045
BC23810,BC23810_D2,ENSG00000144426,0.021912183922957015,0.007889462186971482
BC23810,BC23810_D2,ENSG00000178980,-0.028426239118687247,-0.023699340243301094
BC23810,BC23810_D2,ENSG00000131748,-0.011736391866291543,-0.009703670693620003
BC23810,BC23810_D2,ENSG00000145494,-0.049608516773127165,-0.04879114728472454
BC23810,BC23810_D2,ENSG00000141753,-0.006954806499757784,-0.005909122651863601
BC23810,BC23810_D2,ENSG00000171222,-0.08355385574403171,-0.07610498404280627
BC23810,BC23810_D2,ENSG00000172354,0.01672891272054076,0.002003003227470656
BC23810,BC23810_D2,ENSG00000173272,-0.05782481138619153,-0.06286051938997796
BC23810,BC23810_D2,__ambiguous[ENSG00000262526+ENSG00000170296],-0.10039829693042263,-0.0609662293208997
BC23810,BC23810_D2,ENSG00000214530,-0.018749915015441918,-0.02484282644889751
BC23810,BC23810_D2,ENSG00000167815,-0.08721825279361185,-0.09211198766761111
BC23810,BC23810_D2,ENSG00000172270,0.06748309078238116,0.06396471299330048
BC23810,BC23810_D2,ENSG00000087460,0.03593760871849169,0.0226765854922175
BC23810,BC23810_D2,ENSG00000182899,0.09028824126286711,0.09280829618134624
BC23810,BC23810_D2,ENSG00000174886,0.022162678141179268,0.018067782904911567
BC23810,BC23810_D2,ENSG00000186010,-0.09511688664236514,-0.11463997095672605
BC23810,BC23810_D2,ENSG00000163479,0.03297022265303142,0.04863264349860803
BC23810,BC23810_D2,ENSG00000176046,-0.02296954392826237,-0.034070238983632026
BC23810,BC23810_D2,ENSG00000008988,0.01887166925482183,0.005484112195172701
BC23810,BC23810_D2,ENSG00000106153,0.0967459183778816,0.07226464504628446
BC23810,BC23810_D2,ENSG00000130725,0.03917291516924264,0.04837327119220766
BC23810,BC23810_D2,ENSG00000173801,0.04565772510165264,0.044200795182420566
BC23810,BC23810_D2,ENSG00000155366,-0.02325814332169651,-0.017209984930418212
BC23810,BC23810_D2,ENSG00000197956,0.01894908187680444,-5.097456731555557e-05
BC23810,BC23810_D2,ENSG00000125970,-0.03578057121928916,-0.04099696108055172
BC23810,BC23810_D2,ENSG00000137331,-0.03247221149054063,-0.029395338375798184
BC23810,BC23810_D2,ENSG00000100300,-0.02796734484251529,-0.023891861946937206
BC23810,BC23810_D2,ENSG00000233276,-0.08997072464339403,-0.09281534063176457
BC23810,BC23810_D2,ENSG00000142949,-0.0025719456388201404,-0.002884318083285659
BC23810,BC23810_D2,ENSG00000100097,0.11239796048834348,0.1138241710994282
BC23810,BC23810_D2,ENSG00000168542,0.03823135212488764,0.018511868282679946
BC23810,BC23810_D2,ENSG00000131143,-0.06474555192324537,-0.07575060779415989
BC23810,BC23810_D2,ENSG00000025708,0.013310759355584184,0.03748237168650261
BC23810,BC23810_D2,ENSG00000159335,-0.020286600121783103,-0.03251407413880893
BC23810,BC23810_D2,ENSG00000126247,-0.02606032397763323,-0.0247066295315152
BC23810,BC23810_D2,ENSG00000196405,0.07325317959909365,0.0701695523890979
BC23810,BC23810_D2,ENSG00000184840,0.039658387213176674,0.05242150320019042
BC23810,BC23810_D2,ENSG00000140990,-0.07658441123386849,-0.06122655406174952
BC23810,BC23810_D2,ENSG00000188846,-0.059929195824878254,-0.08782975627954301
BC23810,BC23810_D2,ENSG00000114391,0.08152510899913341,0.06595708349488284
BC23810,BC23810_D2,ENSG00000279274,0.15156932844630305,0.17609696414489406
BC23810,BC23810_D2,ENSG00000213988,0.09719170425152397,0.09120279296414148
BC23810,BC23810_D2,ENSG00000126709,-0.03298804100693627,-0.01783085494411278
BC23810,BC23810_D2,ENSG00000011304,0.04653071803926944,0.0326001323387553
BC23810,BC23810_D2,ENSG00000143420,-0.09889557351979213,-0.09411279173770012
BC23810,BC23810_D2,ENSG00000105404,-0.0372911389916545,-0.0320055996021608
BC23810,BC23810_D2,ENSG00000124172,0.0007634099279160527,-0.00414552327334138
BC23810,BC23810_D2,ENSG00000177700,-0.0593592961886079,-0.057524097360291494
BC23810,BC23810_D2,ENSG00000157227,0.08033322188047771,0.059324024950690134
BC23810,BC23810_D2,ENSG00000110492,0.11476324050783572,0.12573328275724457
BC23810,BC23810_D2,ENSG00000135390,0.004326992989177665,-0.004570756340215296
BC23810,BC23810_D2,ENSG00000123989,0.06713988735774482,0.07671023634141427
BC23810,BC23810_D2,ENSG00000110092,0.023361011650728916,0.037015118540222526
BC23810,BC23810_D2,__ambiguous[ENSG00000241343+ENSG00000257529],0.022535334042984207,0.01794056553969767
BC23810,BC23810_D2,ENSG00000198832,0.006249519100402689,-0.012806638769456457
BC23810,BC23810_D2,ENSG00000182871,0.0722514887297215,0.07006684790201843
BC23810,BC23810_E1,ENSG00000034510,-0.0035143460148448083,-0.0029293854480946643
BC23810,BC23810_E1,ENSG00000254709,0.0951143266312923,0.11177289148719034
BC23810,BC23810_E1,ENSG00000171345,0.017125171135658104,0.002928842692216671
BC23810,BC23810_E1,ENSG00000111640,0.04602004365200464,0.08537983631960824
BC23810,BC23810_E1,ENSG00000137818,0.29297246847510144,0.31583633916239867
BC23810,BC23810_E1,ENSG00000177600,0.1906049441978355,0.19051287093224228
BC23810,BC23810_E1,ENSG00000164587,0.15217364602467512,0.1604927278985171
BC23810,BC23810_E1,ENSG00000108298,-0.029632666036027194,0.0006591680864869928
BC23810,BC23810_E1,ENSG00000231500,0.1388854919711105,0.12741359384785217
BC23810,BC23810_E1,ENSG00000108107,-0.02743095455023624,-0.04224263533109096
BC23810,BC23810_E1,ENSG00000075624,0.1501933766038716,0.18515529250727794
BC23810,BC23810_E1,ENSG00000161016,-0.13021769367557504,-0.14086459377778682
BC23810,BC23810_E1,ENSG00000105372,0.15398396534313263,0.15117979041769336
BC23810,BC23810_E1,ENSG00000197756,0.1020436422593147,0.06266743978441906
BC23810,BC23810_E1,ENSG00000108518,0.0640446267512197,0.0465360691996217
BC23810,BC23810_E1,ENSG00000087086,0.24846174199236218,0.27237135327042916
BC23810,BC23810_E1,__ambiguous[ENSG00000251357+ENSG00000240972],0.014089436893986498,0.0018575426773659934
BC23810,BC23810_E1,ENSG00000117984,-0.04484567780269212,-0.05853249114622272
BC23810,BC23810_E1,ENSG00000130255,0.1548586374309289,0.20321401600727285
BC23810,BC23810_E1,ENSG00000167526,0.17214468830943708,0.1824922577783586
BC23810,BC23810_E1,ENSG00000136942,0.014251476667652944,0.03706320035721294
BC23810,BC23810_E1,ENSG00000141736,0.11254351813656412,0.1376312907500073
BC23810,BC23810_E1,ENSG00000179218,0.014012518372449129,-0.01638272863375353
BC23810,BC23810_E1,ENSG00000180879,0.05529566377111197,0.07243701323454438
BC23810,BC23810_E1,ENSG00000197746,0.13688926052183112,0.13997363954972475
BC23810,BC23810_E1,ENSG00000149273,0.08688987691449192,0.11283473549602868
BC23810,BC23810_E1,ENSG00000063177,-0.04145011349284835,-0.04244518333343004
BC23810,BC23810_E1,ENSG00000140264,0.08811152860497443,0.06867828907786525
BC23810,BC23810_E1,ENSG00000204628,-0.03859907026659547,-0.04911179208729498
BC23810,BC23810_E1,ENSG00000185624,-0.047204689012468416,-0.03467945615610233
BC23810,BC23810_E1,ENSG00000234745,0.12346241041339442,0.10289791465304492
BC23810,BC23810_E1,ENSG00000105193,0.07089408208706251,0.09927311091885078
BC23810,BC23810_E1,ENSG00000130203,0.06962120257858109,0.03144574806908834
BC23810,BC23810_E1,ENSG00000221983,-0.03878808891723383,-0.04010977624178154
BC23810,BC23810_E1,ENSG00000142534,0.04075070063058413,0.06550443130019913
BC23810,BC23810_E1,ENSG00000142541,0.12440082222291199,0.15484313501121105
BC23810,BC23810_E1,ENSG00000166441,0.11060567518076596,0.13368999004216794
BC23810,BC23810_E1,ENSG00000125691,0.058062641930234894,0.04702711483435831
BC23810,BC23810_E1,ENSG00000147403,0.13521361304050897,0.17863333689338964
BC23810,BC23810_E1,ENSG00000167996,0.12563075283105327,0.13715016900933277
BC23810,BC23810_E1,ENSG00000171858,0.11714008207833068,0.09526027803303047
BC23810,BC23810_E1,ENSG00000101439,0.05380583655556322,0.0654348650495611
BC23810,BC23810_E1,ENSG00000089157,0.1435031703382367,0.12616592311006192
BC23810,BC23810_E1,ENSG00000140988,0.14213042621384675,0.1614075708003646
BC23810,BC23810_E1,ENSG00000111341,0.04956976205509124,0.03167260976472398
BC23810,BC23810_E1,ENSG00000105640,0.03177445228181676,0.0484646604457378
BC23810,BC23810_E1,ENSG00000109062,0.001470163432398896,0.014108024249008802
BC23810,BC23810_E1,ENSG00000213741,0.19634654061618873,0.19028411803553757
BC23810,BC23810_E1,ENSG00000177954,0.09253096484426031,0.09704414842988479
BC23810,BC23810_E1,ENSG00000149806,0.11370507130969036,0.13856983722786806
BC23810,BC23810_E1,ENSG00000112306,0.11927639178259127,0.12302962466734242
BC23810,BC23810_E1,ENSG00000182774,0.1652273908828488,0.1848786456477719
BC23810,BC23810_E1,ENSG00000115268,0.08897444503347518,0.07996009172070671
BC23810,BC23810_E1,ENSG00000108821,0.06860180073579665,0.0657207984686513
BC23810,BC23810_E1,ENSG00000204525,0.13368298754293423,0.15194998021327363
BC23810,BC23810_E1,ENSG00000224389,0.13608494685329142,0.1580780034171058
BC23810,BC23810_E1,ENSG00000233927,0.22741125854195493,0.2330449912667798
BC23810,BC23810_E1,ENSG00000165949,-0.022246852934174652,-0.05285521785688093
BC23810,BC23810_E1,ENSG00000204592,0.05890196420376371,0.03574841303911122
BC23810,BC23810_E1,ENSG00000198034,0.053875019226611316,0.053495749970529964
BC23810,BC23810_E1,ENSG00000019582,0.4069666834983512,0.4233595528767487
BC23810,BC23810_E1,ENSG00000142676,0.08723847634877323,0.09172820989122657
BC23810,BC23810_E1,ENSG00000184009,-0.008014658062861602,-0.0008773153714007187
BC23810,BC23810_E1,ENSG00000170889,0.09934113358453789,0.08610950400202118
BC23810,BC23810_E1,ENSG00000231925,0.005533656217823353,-0.0037054176861309697
BC23810,BC23810_E1,ENSG00000135404,-0.03313113943401659,-0.05051508404435535
BC23810,BC23810_E1,ENSG00000172757,0.028552172508970273,0.04280912200688447
BC23810,BC23810_E1,__ambiguous[ENSG00000185883+ENSG00000260272],-0.07517041408437897,-0.0831622076534828
BC23810,BC23810_E1,ENSG00000185499,0.001670998579441114,0.013029505011592226
BC23810,BC23810_E1,ENSG00000246705,-0.0631922648845946,-0.06872399776934784
BC23810,BC23810_E1,ENSG00000100316,0.09443581965837412,0.08193810471185355
BC23810,BC23810_E1,ENSG00000106624,0.039352319299419694,0.04359008509624521
BC23810,BC23810_E1,ENSG00000167995,0.07845764636223383,0.07112052726609402
BC23810,BC23810_E1,ENSG00000083845,0.08823041605669758,0.08450565534098203
BC23810,BC23810_E1,ENSG00000167468,-0.024629252144927193,-0.028357956145548688
BC23810,BC23810_E1,ENSG00000137154,0.09353913948651127,0.07483969865138301
BC23810,BC23810_E1,__ambiguous[ENSG00000185885+ENSG00000185201],0.022261151900597954,0.04191660156249897
BC23810,BC23810_E1,ENSG00000166710,0.1842341590956337,0.1671634146854096
BC23810,BC23810_E1,ENSG00000149925,-0.02042607797969232,-0.04155322895096825
BC23810,BC23810_E1,ENSG00000131469,0.024993802093287176,0.037981742218130374
BC23810,BC23810_E1,ENSG00000206503,0.06566930763144892,0.057214540778650805
BC23810,BC23810_E1,ENSG00000169710,0.12268306068476385,0.11546960954595878
BC23810,BC23810_E1,ENSG00000107223,-0.04835387493608371,-0.04587528572014196
BC23810,BC23810_E1,ENSG00000108639,-0.03589641418100557,-0.03228945364166496
BC23810,BC23810_E1,ENSG00000156482,0.003790504727302616,0.01072723938944755
BC23810,BC23810_E1,ENSG00000172809,-0.03534253724869274,-0.061265174806551206
BC23810,BC23810_E1,__ambiguous[ENSG00000254772+ENSG00000255508],0.016987977879381534,0.05212129258409476
BC23810,BC23810_E1,ENSG00000163220,0.035813290133073265,0.03183322011741971
BC23810,BC23810_E1,ENSG00000172531,-0.008308633279850345,-0.019020629250704187
BC23810,BC23810_E1,ENSG00000163191,0.013349732962524946,0.06168980196405027
BC23810,BC23810_E1,ENSG00000106211,-0.019882986975753615,-0.012303434322959992
BC23810,BC23810_E1,ENSG00000142937,0.05205735956987984,0.07434189138769758
BC23810,BC23810_E1,ENSG00000185825,-0.1140980521960724,-0.1179993282404522
BC23810,BC23810_E1,ENSG00000144713,0.09745133993065319,0.0852153179096834
BC23810,BC23810_E1,ENSG00000108679,-0.05301553523731456,-0.043055749149331135
BC23810,BC23810_E1,ENSG00000160862,-0.0723512028803627,-0.07283251342531569
BC23810,BC23810_E1,ENSG00000115884,0.10856787225765475,0.09413339611321946
BC23810,BC23810_E1,ENSG00000143947,0.08804395165464225,0.09603414541394081
BC23810,BC23810_E1,ENSG00000197958,-0.006520085441070407,-0.009385403640757023
BC23810,BC23810_E1,ENSG00000148303,0.09237279613995127,0.10515655024985333
BC23810,BC23810_E1,ENSG00000104904,0.020043048447937174,-0.004941603685895882
BC23810,BC23810_E1,ENSG00000162244,0.10402320477328728,0.1065605836065491
BC23810,BC23810_E1,ENSG00000152082,-0.051788810652292516,-0.051109817694671385
BC23810,BC23810_E1,ENSG00000178719,0.009632057523494735,0.0015348696292636738
BC23810,BC23810_E1,ENSG00000130303,-0.01954360599302752,-0.014670637205725638
BC23810,BC23810_E1,ENSG00000167658,-0.012142164218497814,-0.014900957791909659
BC23810,BC23810_E1,ENSG00000174748,-0.0033374458219568573,-0.008229270966336674
BC23810,BC23810_E1,ENSG00000279483,0.06535550723064965,0.05307714758414018
BC23810,BC23810_E1,ENSG00000158710,0.012635672177565544,0.021460456450053723
BC23810,BC23810_E1,ENSG00000030582,-0.07729962472292652,-0.10112457446589657
BC23810,BC23810_E1,ENSG00000115457,0.05559372935268404,0.059202690177583284
BC23810,BC23810_E1,__ambiguous[ENSG00000257341+ENSG00000213145],-0.04086145752737745,-0.05500130520550791
BC23810,BC23810_E1,ENSG00000149591,0.06853214876225341,0.06420060257415544
BC23810,BC23810_E1,__ambiguous[ENSG00000273259+ENSG00000196136],0.00548355149074448,0.012651151294061481
BC23810,BC23810_E1,ENSG00000110651,0.1836925905085875,0.2004176719535901
BC23810,BC23810_E1,ENSG00000117410,-0.16577294682431543,-0.18167877888369177
BC23810,BC23810_E1,ENSG00000108344,0.062264724568663735,0.04374537626324488
BC23810,BC23810_E1,ENSG00000198242,0.03727927338738679,0.023946762579253177
BC23810,BC23810_E1,ENSG00000142089,-0.06847520386155727,-0.07722021612948317
BC23810,BC23810_E1,ENSG00000182492,0.0597908365246498,0.041411175055142094
BC23810,BC23810_E1,ENSG00000255823,0.12683805621267885,0.11506368606782899
BC23810,BC23810_E1,ENSG00000165215,-0.02832892446384824,-0.026828484549335965
BC23810,BC23810_E1,ENSG00000102265,0.11420471631058318,0.10007646337324806
BC23810,BC23810_E1,ENSG00000092841,-0.05795888809075708,-0.05529562395690266
BC23810,BC23810_E1,ENSG00000071553,-0.002516504021774066,-0.018425006262575958
BC23810,BC23810_E1,ENSG00000145592,0.0894747034081267,0.07388688674033214
BC23810,BC23810_E1,ENSG00000118181,0.06399962871634263,0.050888972158472254
BC23810,BC23810_E1,ENSG00000269028,0.1677212706704929,0.14317951134135948
BC23810,BC23810_E1,ENSG00000111057,-0.048915575297609086,-0.05172161982411759
BC23810,BC23810_E1,ENSG00000142669,0.04812464332865807,0.03912895990380442
BC23810,BC23810_E1,ENSG00000074800,0.025973344256142505,0.057650248145773804
BC23810,BC23810_E1,ENSG00000196924,0.07869915564708306,0.05333034145047399
BC23810,BC23810_E1,ENSG00000173372,-0.04021008258255106,-0.0549730933724187
BC23810,BC23810_E1,ENSG00000125534,-0.014205679149811093,-0.012430968684005212
BC23810,BC23810_E1,ENSG00000126267,-0.018438124508355785,-0.025751658910099173
BC23810,BC23810_E1,ENSG00000117450,-0.002746864705326092,0.0009134355693303445
BC23810,BC23810_E1,ENSG00000277972,-0.06439499540371965,-0.05827124473770817
BC23810,BC23810_E1,__ambiguous[ENSG00000124614+ENSG00000270800],-0.008940818410236064,-0.008162689637570093
BC23810,BC23810_E1,ENSG00000141741,0.018359390519359357,0.039202963543916405
BC23810,BC23810_E1,ENSG00000150991,-0.0124280895667531,-0.008847555385174352
BC23810,BC23810_E1,ENSG00000130208,-0.11626243474822333,-0.11755509735336925
BC23810,BC23810_E1,ENSG00000164692,0.043154904867020595,0.043212414857552714
BC23810,BC23810_E1,ENSG00000105223,-0.036241662265490644,-0.04770524932487907
BC23810,BC23810_E1,ENSG00000162511,0.06606718304748962,0.036514807291695574
BC23810,BC23810_E1,ENSG00000051523,0.06268407406406797,0.05456044437832161
BC23810,BC23810_E1,ENSG00000141522,0.03331112779803374,0.03135733478741343
BC23810,BC23810_E1,ENSG00000143774,0.031145816799100508,0.0545797074313284
BC23810,BC23810_E1,ENSG00000115414,-0.044113119582556266,-0.05702226217193548
BC23810,BC23810_E1,ENSG00000160789,0.10251914040604425,0.10641252109883614
BC23810,BC23810_E1,ENSG00000026025,0.08401601492158416,0.08245623282009724
BC23810,BC23810_E1,ENSG00000133112,-0.023825670169776516,-0.0667806707087423
BC23810,BC23810_E1,ENSG00000124664,0.029324085010197086,0.03891962029563205
BC23810,BC23810_E1,ENSG00000142173,0.15013931014577103,0.13446113024356213
BC23810,BC23810_E1,ENSG00000124614,-0.0008674612588959865,0.0074998456132861005
BC23810,BC23810_E1,ENSG00000169223,0.01828563951837287,0.0015183795302944093
BC23810,BC23810_E1,ENSG00000176340,-0.07366132711653822,-0.10321024419428397
BC23810,BC23810_E1,ENSG00000164733,0.08858451616699539,0.09802893641669574
BC23810,BC23810_E1,ENSG00000251562,-0.020783445497562142,-0.024349485206887882
BC23810,BC23810_E1,ENSG00000058262,0.028361093511409422,0.023908640762157804
BC23810,BC23810_E1,ENSG00000103363,-0.1259513198864004,-0.12281544613744814
BC23810,BC23810_E1,ENSG00000272196,0.03483680140850952,0.02564140524843306
BC23810,BC23810_E1,ENSG00000052344,0.014316813097598122,0.039061167883610665
BC23810,BC23810_E1,ENSG00000182809,-0.0126344430636257,0.0010916019665625997
BC23810,BC23810_E1,ENSG00000160932,0.04602069621614091,0.037307266474070865
BC23810,BC23810_E1,ENSG00000277791,-0.0020922471795116783,-0.01637650760742653
BC23810,BC23810_E1,ENSG00000184897,0.031714286508386376,0.020584505563341446
BC23810,BC23810_E1,ENSG00000100219,-0.02743796932919678,-0.03966224144898349
BC23810,BC23810_E1,ENSG00000127540,-0.0639258788410683,-0.06933900583009052
BC23810,BC23810_E1,ENSG00000169100,0.0357123654757761,0.03224853132666707
BC23810,BC23810_E1,ENSG00000104529,0.059015246433489,0.07338133423408363
BC23810,BC23810_E1,ENSG00000114353,0.029459032638998458,0.02664262980669305
BC23810,BC23810_E1,ENSG00000164919,-0.006506640888043396,-0.007827051396669386
BC23810,BC23810_E1,ENSG00000070756,-0.1000599939883976,-0.13185895374339102
BC23810,BC23810_E1,ENSG00000187608,-0.06140357247900513,-0.06279117891367882
BC23810,BC23810_E1,ENSG00000145425,0.1723745265858926,0.18750960248973958
BC23810,BC23810_E1,ENSG00000160180,-0.03782146636669919,-0.01701394349261889
BC23810,BC23810_E1,ENSG00000204287,0.16399857661058412,0.14587474948887286
BC23810,BC23810_E1,__ambiguous[ENSG00000277957+ENSG00000161960],0.033983482914538406,0.01919314939390295
BC23810,BC23810_E1,__ambiguous[ENSG00000243678+ENSG00000011052],0.037366767701339156,0.04278334114189228
BC23810,BC23810_E1,ENSG00000163682,0.007067227065756039,-0.007727199899623271
BC23810,BC23810_E1,ENSG00000205542,0.10601500657953117,0.1137011269500886
BC23810,BC23810_E1,ENSG00000123349,-0.14279043158248586,-0.13326849476761915
BC23810,BC23810_E1,ENSG00000187514,-0.06776522781700339,-0.037475333636309054
BC23810,BC23810_E1,ENSG00000071082,-0.051392051153912224,-0.04946119273063422
BC23810,BC23810_E1,ENSG00000125730,0.20821967497264451,0.20286138586800476
BC23810,BC23810_E1,__ambiguous[ENSG00000219200+ENSG00000161939],-0.05276022166618535,-0.07694153206491039
BC23810,BC23810_E1,ENSG00000114867,0.0056551087738209655,0.003814260268552412
BC23810,BC23810_E1,ENSG00000178952,-0.06524316717910543,-0.05892617786184022
BC23810,BC23810_E1,ENSG00000111669,0.012736327979149465,0.02907863055149003
BC23810,BC23810_E1,ENSG00000101335,0.09477973595395993,0.06582144010998424
BC23810,BC23810_E1,ENSG00000170315,-0.052304271164763536,-0.06096137968032011
BC23810,BC23810_E1,ENSG00000113140,0.09413306013964248,0.07250239316044747
BC23810,BC23810_E1,ENSG00000138326,0.017965710031919362,0.0017458083222597824
BC23810,BC23810_E1,ENSG00000104964,0.029812763655683926,0.047785663664889164
BC23810,BC23810_E1,ENSG00000144426,0.041982650722155256,0.021280394704868658
BC23810,BC23810_E1,ENSG00000178980,-0.03220544235474464,-0.03084956066071313
BC23810,BC23810_E1,ENSG00000131748,0.030952646249437887,0.018745006681818513
BC23810,BC23810_E1,ENSG00000145494,-0.03140278709476339,-0.034583298178931486
BC23810,BC23810_E1,ENSG00000141753,0.026930688157633043,0.040724595283958304
BC23810,BC23810_E1,ENSG00000171222,-0.14258800857954826,-0.1450438146172616
BC23810,BC23810_E1,ENSG00000172354,0.10076230387324665,0.11988341541209843
BC23810,BC23810_E1,ENSG00000173272,-0.13360700221964295,-0.1411023524361508
BC23810,BC23810_E1,__ambiguous[ENSG00000262526+ENSG00000170296],-0.06155030590399997,-0.04607963138885875
BC23810,BC23810_E1,ENSG00000214530,-0.059634728381000854,-0.05310132359246845
BC23810,BC23810_E1,ENSG00000167815,-0.012820136032209214,-0.018114152011096188
BC23810,BC23810_E1,ENSG00000172270,-0.003883287900721072,-0.025870463222364515
BC23810,BC23810_E1,ENSG00000087460,0.0027559670015366387,0.0008717216243612386
BC23810,BC23810_E1,ENSG00000182899,0.086957809495358,0.08957637101342564
BC23810,BC23810_E1,ENSG00000174886,-0.07289085338309406,-0.06334343273652132
BC23810,BC23810_E1,ENSG00000186010,-0.03310503850228821,-0.04715887144450684
BC23810,BC23810_E1,ENSG00000163479,-0.00812960139711656,-0.029745760752307365
BC23810,BC23810_E1,ENSG00000176046,0.03662541189832834,0.02090087893795602
BC23810,BC23810_E1,ENSG00000008988,0.037668621701404746,0.029404388200644758
BC23810,BC23810_E1,ENSG00000106153,0.010720702088217994,0.015752619372197265
BC23810,BC23810_E1,ENSG00000130725,0.00017677837674177463,-0.003329334118578509
BC23810,BC23810_E1,ENSG00000173801,0.015173107178229861,-0.0016842523358572346
BC23810,BC23810_E1,ENSG00000155366,-0.010815446897608882,-0.024877800557179374
BC23810,BC23810_E1,ENSG00000197956,0.02995595133271734,0.01997767693970081
BC23810,BC23810_E1,ENSG00000125970,0.0078095549583918735,0.017759465378228614
BC23810,BC23810_E1,ENSG00000137331,-0.02508935045220423,-0.07285220299501094
BC23810,BC23810_E1,ENSG00000100300,-0.003652220766645922,-0.013721902063858581
BC23810,BC23810_E1,ENSG00000233276,-0.08369109466135924,-0.12189937136420483
BC23810,BC23810_E1,ENSG00000142949,0.09677120545836228,0.11095783653385252
BC23810,BC23810_E1,ENSG00000100097,0.15639668786548883,0.16399797585684497
BC23810,BC23810_E1,ENSG00000168542,0.05277046281977411,0.03277663694737332
BC23810,BC23810_E1,ENSG00000131143,0.034078900390624445,0.048407725179730396
BC23810,BC23810_E1,ENSG00000025708,-0.012389975382585482,-0.018027321274371115
BC23810,BC23810_E1,ENSG00000159335,0.023801165014345347,0.008119858560380435
BC23810,BC23810_E1,ENSG00000126247,-0.07512828334340366,-0.07383288626810308
BC23810,BC23810_E1,ENSG00000196405,-0.06621525788688244,-0.03203511643323653
BC23810,BC23810_E1,ENSG00000184840,0.0014385441727788743,0.019193966270331236
BC23810,BC23810_E1,ENSG00000140990,-0.06087012146787104,-0.08481692895001756
BC23810,BC23810_E1,ENSG00000188846,-0.04349882415807111,-0.05826796867372997
BC23810,BC23810_E1,ENSG00000114391,0.04015651825098388,0.05230365086123963
BC23810,BC23810_E1,ENSG00000279274,0.12929377703123693,0.11296477628098431
BC23810,BC23810_E1,ENSG00000213988,0.1003696949036376,0.080916877324953
BC23810,BC23810_E1,ENSG00000126709,-0.021336068720321517,-0.007058636496434206
BC23810,BC23810_E1,ENSG00000011304,0.04519449031465378,0.0432995153709518
BC23810,BC23810_E1,ENSG00000143420,0.00980627110054462,0.013783909368479442
BC23810,BC23810_E1,ENSG00000105404,0.05181401306293585,0.03542467388450019
BC23810,BC23810_E1,ENSG00000124172,0.030914467331799356,0.019693655436283986
BC23810,BC23810_E1,ENSG00000177700,-0.09268104474175295,-0.09520108773323435
BC23810,BC23810_E1,ENSG00000157227,0.10960644700153448,0.11415557112763829
BC23810,BC23810_E1,ENSG00000110492,0.14036085563378503,0.14706708788627768
BC23810,BC23810_E1,ENSG00000135390,-0.05998364790704381,-0.11155420577018808
BC23810,BC23810_E1,ENSG00000123989,0.03112805946879505,0.02495404423805315
BC23810,BC23810_E1,ENSG00000110092,-0.0012264636898377563,-0.01666933334182875
BC23810,BC23810_E1,__ambiguous[ENSG00000241343+ENSG00000257529],0.061107168023891295,0.0665353031080853
BC23810,BC23810_E1,ENSG00000198832,-0.020822559067131464,-0.036720881518916046
BC23810,BC23810_E1,ENSG00000182871,0.011234928074683454,0.018985954608909596
BC23810,BC23810_E2,ENSG00000034510,0.09302148028518947,0.11002211392530407
BC23810,BC23810_E2,ENSG00000254709,0.08263605891507785,0.09659440304265272
BC23810,BC23810_E2,ENSG00000171345,0.04515594082404937,0.053077078617426894
BC23810,BC23810_E2,ENSG00000111640,-0.03883236505676887,-0.04171407011766791
BC23810,BC23810_E2,ENSG00000137818,0.13122988957404888,0.10306184947280085
BC23810,BC23810_E2,ENSG00000177600,0.025388305144588307,-0.014513193171858353
BC23810,BC23810_E2,ENSG00000164587,0.12419555813434374,0.14871486259973654
BC23810,BC23810_E2,ENSG00000108298,-0.11459838307366348,-0.10776153708091002
BC23810,BC23810_E2,ENSG00000231500,0.0998239197399737,0.09822385208085908
BC23810,BC23810_E2,ENSG00000108107,-0.1376668513664612,-0.15724232875230332
BC23810,BC23810_E2,ENSG00000075624,-0.008917025164582235,-0.034843430295748296
BC23810,BC23810_E2,ENSG00000161016,0.05174786634637809,0.0577435074741999
BC23810,BC23810_E2,ENSG00000105372,-0.037998135969272866,-0.04778964994767741
BC23810,BC23810_E2,ENSG00000197756,0.010063975037267612,-0.006624748598451283
BC23810,BC23810_E2,ENSG00000108518,0.025028740591914758,0.004397547704296207
BC23810,BC23810_E2,ENSG00000087086,0.31794809530595297,0.33578906263745806
BC23810,BC23810_E2,__ambiguous[ENSG00000251357+ENSG00000240972],-0.008292368745907084,-0.007293716956025559
BC23810,BC23810_E2,ENSG00000117984,-0.02855320511936601,-0.027048587692882122
BC23810,BC23810_E2,ENSG00000130255,0.023466024925293316,0.018423084138944622
BC23810,BC23810_E2,ENSG00000167526,-0.023913599155136404,-0.04810113645904988
BC23810,BC23810_E2,ENSG00000136942,-0.07968310661542573,-0.08028540005112808
BC23810,BC23810_E2,ENSG00000141736,-0.001411930906580616,0.016439591867392512
BC23810,BC23810_E2,ENSG00000179218,0.043871275069153184,0.06703585920255681
BC23810,BC23810_E2,ENSG00000180879,-0.06452042792529876,-0.04034460651115862
BC23810,BC23810_E2,ENSG00000197746,0.17002519958670126,0.18421605022747553
BC23810,BC23810_E2,ENSG00000149273,0.09925116556815165,0.10888265950721582
BC23810,BC23810_E2,ENSG00000063177,-0.08626014423537724,-0.0951181964798065
BC23810,BC23810_E2,ENSG00000140264,0.07328791517558654,0.05183113487361241
BC23810,BC23810_E2,ENSG00000204628,-0.14886138357387124,-0.15109821380691607
BC23810,BC23810_E2,ENSG00000185624,-0.03537705014478808,-0.0227301802714004
BC23810,BC23810_E2,ENSG00000234745,0.12394491618051186,0.12790411877557084
BC23810,BC23810_E2,ENSG00000105193,0.0983029309346922,0.11570824966993017
BC23810,BC23810_E2,ENSG00000130203,0.10641240484993408,0.1329839389985885
BC23810,BC23810_E2,ENSG00000221983,0.059232724548537855,0.05288202589187257
BC23810,BC23810_E2,ENSG00000142534,-0.01126942762858976,-0.004404968389681457
BC23810,BC23810_E2,ENSG00000142541,-0.019475019847415197,-0.03388867959409162
BC23810,BC23810_E2,ENSG00000166441,-0.05238081283125731,-0.0729641138453174
BC23810,BC23810_E2,ENSG00000125691,-0.053810721065998025,-0.05277015984255561
BC23810,BC23810_E2,ENSG00000147403,0.01802856795547442,-0.009469374438392927
BC23810,BC23810_E2,ENSG00000167996,0.10084987821894119,0.10504336828553029
BC23810,BC23810_E2,ENSG00000171858,0.059595455841775294,0.057570310601576885
BC23810,BC23810_E2,ENSG00000101439,-0.019230591090817036,-0.03606232507174529
BC23810,BC23810_E2,ENSG00000089157,0.02495929738683709,-0.011988767025106335
BC23810,BC23810_E2,ENSG00000140988,0.09287197926859493,0.10503226356194317
BC23810,BC23810_E2,ENSG00000111341,0.09511491213706082,0.09710521318566183
BC23810,BC23810_E2,ENSG00000105640,-0.04495475914886292,-0.0670269364890876
BC23810,BC23810_E2,ENSG00000109062,0.1219681425842475,0.14113142325924075
BC23810,BC23810_E2,ENSG00000213741,0.1633511528218727,0.1881727929446369
BC23810,BC23810_E2,ENSG00000177954,0.115171219404865,0.12933140905318669
BC23810,BC23810_E2,ENSG00000149806,0.038839123572083245,0.05190169754896274
BC23810,BC23810_E2,ENSG00000112306,0.07072326988380152,0.07294461656795863
BC23810,BC23810_E2,ENSG00000182774,0.18943705301951044,0.20289830829563765
BC23810,BC23810_E2,ENSG00000115268,0.0438492277063454,0.020225061220213
BC23810,BC23810_E2,ENSG00000108821,0.12848385557794234,0.13077183220392294
BC23810,BC23810_E2,ENSG00000204525,0.21104502302658737,0.23570197802505682
BC23810,BC23810_E2,ENSG00000224389,0.05405473114647857,0.06878252228623483
BC23810,BC23810_E2,ENSG00000233927,0.04591069209952549,0.0006636279083902122
BC23810,BC23810_E2,ENSG00000165949,-0.019015784220283896,-0.00813682922002415
BC23810,BC23810_E2,ENSG00000204592,0.02856055196489886,0.017940090880191033
BC23810,BC23810_E2,ENSG00000198034,0.05307261809588069,0.06680156841055171
BC23810,BC23810_E2,ENSG00000019582,0.2651042741673737,0.28901049202960105
BC23810,BC23810_E2,ENSG00000142676,0.09854286620745317,0.13497261184979084
BC23810,BC23810_E2,ENSG00000184009,0.0444751925710709,0.02870337084284443
BC23810,BC23810_E2,ENSG00000170889,0.0381084324840968,0.010313737398670692
BC23810,BC23810_E2,ENSG00000231925,0.02771659098514274,0.042108455623911224
BC23810,BC23810_E2,ENSG00000135404,-0.14598548578599083,-0.20805533755203412
BC23810,BC23810_E2,ENSG00000172757,-0.06794864471238755,-0.07076391977208456
BC23810,BC23810_E2,__ambiguous[ENSG00000185883+ENSG00000260272],-0.012483791427713367,0.0018284408301678262
BC23810,BC23810_E2,ENSG00000185499,0.05704433193865541,0.06792849546601544
BC23810,BC23810_E2,ENSG00000246705,-0.036255551300672303,-0.026881569377702454
BC23810,BC23810_E2,ENSG00000100316,0.011557863985067036,-0.009615210126758205
BC23810,BC23810_E2,ENSG00000106624,0.1154474982363411,0.12337272964780929
BC23810,BC23810_E2,ENSG00000167995,0.10949564204151911,0.10222484185759921
BC23810,BC23810_E2,ENSG00000083845,-0.043236745373079505,-0.06017123414223953
BC23810,BC23810_E2,ENSG00000167468,0.0432820685384759,0.033350740555327926
BC23810,BC23810_E2,ENSG00000137154,0.028868878307464194,0.023930658468258724
BC23810,BC23810_E2,__ambiguous[ENSG00000185885+ENSG00000185201],-0.02220753564485256,0.004772716949518491
BC23810,BC23810_E2,ENSG00000166710,0.2805347313269315,0.27482363796718723
BC23810,BC23810_E2,ENSG00000149925,-0.02213356769261314,-0.0283312275073477
BC23810,BC23810_E2,ENSG00000131469,0.04947319645365995,0.05349163849806122
BC23810,BC23810_E2,ENSG00000206503,-0.0012127441721733131,-0.015789507195558276
BC23810,BC23810_E2,ENSG00000169710,0.10393748342470313,0.06634479687124903
BC23810,BC23810_E2,ENSG00000107223,-0.06770958650608759,-0.06279174206810023
BC23810,BC23810_E2,ENSG00000108639,0.016959427496173223,0.013734442815772687
BC23810,BC23810_E2,ENSG00000156482,0.06239348692088127,0.031878238789802005
BC23810,BC23810_E2,ENSG00000172809,0.005842068726754143,-0.021188387393610956
BC23810,BC23810_E2,__ambiguous[ENSG00000254772+ENSG00000255508],-0.04024089875008179,-0.044427759727156
BC23810,BC23810_E2,ENSG00000163220,-0.04791732107097228,-0.08340284864884423
BC23810,BC23810_E2,ENSG00000172531,0.023375281289551596,0.02123989595873149
BC23810,BC23810_E2,ENSG00000163191,0.16658735719982423,0.20594315307226924
BC23810,BC23810_E2,ENSG00000106211,-0.01079479272716338,-0.0018085827496034466
BC23810,BC23810_E2,ENSG00000142937,0.04515630400868478,0.04305500632299572
BC23810,BC23810_E2,ENSG00000185825,-0.05743449010539297,-0.03578124711052269
BC23810,BC23810_E2,ENSG00000144713,0.01675148583495605,0.004808470547273628
BC23810,BC23810_E2,ENSG00000108679,0.031846667690547996,0.048560618150932135
BC23810,BC23810_E2,ENSG00000160862,0.04292058064743715,0.07432906487088732
BC23810,BC23810_E2,ENSG00000115884,0.01708277398381693,0.015962740753867086
BC23810,BC23810_E2,ENSG00000143947,0.0333938019104612,0.02702573122151089
BC23810,BC23810_E2,ENSG00000197958,0.043626794820129246,0.030744259186894173
BC23810,BC23810_E2,ENSG00000148303,0.025197899335053255,0.04487522327359251
BC23810,BC23810_E2,ENSG00000104904,-0.03004531892791129,-0.01826944306639355
BC23810,BC23810_E2,ENSG00000162244,0.11095587663704698,0.11736567831120716
BC23810,BC23810_E2,ENSG00000152082,0.04589016414703446,0.03447342706476075
BC23810,BC23810_E2,ENSG00000178719,0.06738927350381183,0.0694610711955033
BC23810,BC23810_E2,ENSG00000130303,-0.017265694574960064,-0.038951019980031754
BC23810,BC23810_E2,ENSG00000167658,0.08655153473704238,0.11159035153942586
BC23810,BC23810_E2,ENSG00000174748,0.01904150917731266,0.006142197003974636
BC23810,BC23810_E2,ENSG00000279483,0.062311624160634134,0.07065220188946515
BC23810,BC23810_E2,ENSG00000158710,0.022107115758332886,0.03808431624430507
BC23810,BC23810_E2,ENSG00000030582,-0.08820465635280764,-0.0890058683738431
BC23810,BC23810_E2,ENSG00000115457,0.07367550634938005,0.08604135130297302
BC23810,BC23810_E2,__ambiguous[ENSG00000257341+ENSG00000213145],0.006062076946857977,0.03643529024405263
BC23810,BC23810_E2,ENSG00000149591,0.12703813816078346,0.10096412973513672
BC23810,BC23810_E2,__ambiguous[ENSG00000273259+ENSG00000196136],0.07872855769808024,0.08290414673860522
BC23810,BC23810_E2,ENSG00000110651,0.15245756668868465,0.15062463883474564
BC23810,BC23810_E2,ENSG00000117410,0.04502334305992131,0.07053315556849057
BC23810,BC23810_E2,ENSG00000108344,0.03993326013949402,0.03526738615225229
BC23810,BC23810_E2,ENSG00000198242,0.10908322243894701,0.1116281238748958
BC23810,BC23810_E2,ENSG00000142089,0.011243523571451778,0.026838142964447143
BC23810,BC23810_E2,ENSG00000182492,0.09643871999618629,0.08617830798210986
BC23810,BC23810_E2,ENSG00000255823,0.0345815341615127,0.011400461072598256
BC23810,BC23810_E2,ENSG00000165215,-0.048066879186590195,-0.02590908257836557
BC23810,BC23810_E2,ENSG00000102265,0.12885582436608847,0.10431044934381604
BC23810,BC23810_E2,ENSG00000092841,0.0075125161511098645,0.013738635386881297
BC23810,BC23810_E2,ENSG00000071553,-0.11103033999446553,-0.09274005565217655
BC23810,BC23810_E2,ENSG00000145592,0.05817050141623381,0.055776744835625315
BC23810,BC23810_E2,ENSG00000118181,0.1091979212757372,0.10872275886039034
BC23810,BC23810_E2,ENSG00000269028,0.02853484552152399,0.023506524434447073
BC23810,BC23810_E2,ENSG00000111057,0.02469967069544869,0.006915528376237102
BC23810,BC23810_E2,ENSG00000142669,0.035800885547770896,0.03736534427554605
BC23810,BC23810_E2,ENSG00000074800,-0.06132267197838535,-0.05824578349177748
BC23810,BC23810_E2,ENSG00000196924,0.03450177561130559,0.02468015741109798
BC23810,BC23810_E2,ENSG00000173372,0.02652728420065243,0.009878277095705735
BC23810,BC23810_E2,ENSG00000125534,0.05885198559862283,0.06580196805269092
BC23810,BC23810_E2,ENSG00000126267,0.012712824479110986,0.023744610096664218
BC23810,BC23810_E2,ENSG00000117450,-0.11833116791607837,-0.17525778232450515
BC23810,BC23810_E2,ENSG00000277972,0.0667354778247777,0.06137917537122863
BC23810,BC23810_E2,__ambiguous[ENSG00000124614+ENSG00000270800],-0.043012739302453806,-0.05181695931087853
BC23810,BC23810_E2,ENSG00000141741,0.05049661106632969,0.06921650158989265
BC23810,BC23810_E2,ENSG00000150991,0.019023868748627378,0.0024930992401790484
BC23810,BC23810_E2,ENSG00000130208,-0.0266786597203414,-0.0032528651044734683
BC23810,BC23810_E2,ENSG00000164692,0.03976593341389052,0.03063502717224979
BC23810,BC23810_E2,ENSG00000105223,-0.02309217746698766,-0.00031026469072684083
BC23810,BC23810_E2,ENSG00000162511,0.10977549455239413,0.09141908102309322
BC23810,BC23810_E2,ENSG00000051523,0.03899212894560615,0.04011109261517442
BC23810,BC23810_E2,ENSG00000141522,0.003341773803644116,0.01675279991754245
BC23810,BC23810_E2,ENSG00000143774,-0.029291938822243194,-0.015018440976372916
BC23810,BC23810_E2,ENSG00000115414,0.06040720871945985,0.04517616560000843
BC23810,BC23810_E2,ENSG00000160789,0.01314046675218617,0.00041550170250757206
BC23810,BC23810_E2,ENSG00000026025,0.1337931301950984,0.1510565555653807
BC23810,BC23810_E2,ENSG00000133112,-0.10272453827593409,-0.14400637806767563
BC23810,BC23810_E2,ENSG00000124664,0.014188254825189157,0.016689764307399414
BC23810,BC23810_E2,ENSG00000142173,0.1348658939542714,0.14963542642961755
BC23810,BC23810_E2,ENSG00000124614,0.01366799338377754,-0.0018898597091745995
BC23810,BC23810_E2,ENSG00000169223,0.019220691354827922,0.01981228492231256
BC23810,BC23810_E2,ENSG00000176340,0.05844373849085259,0.059606771913815054
BC23810,BC23810_E2,ENSG00000164733,0.09390416344115365,0.08714563209294096
BC23810,BC23810_E2,ENSG00000251562,-0.03456380929069135,-0.07885678574413302
BC23810,BC23810_E2,ENSG00000058262,-0.02163581042874384,-0.023241659826182783
BC23810,BC23810_E2,ENSG00000103363,-0.04322866643637509,-0.017442703040598383
BC23810,BC23810_E2,ENSG00000272196,0.08895063745793683,0.0813465917143795
BC23810,BC23810_E2,ENSG00000052344,0.08265345984069374,0.0930226819876129
BC23810,BC23810_E2,ENSG00000182809,0.0583035947274983,0.07477481900883144
BC23810,BC23810_E2,ENSG00000160932,0.029521204991855864,0.03668780101397821
BC23810,BC23810_E2,ENSG00000277791,-0.06707848140272037,-0.06389818582332028
BC23810,BC23810_E2,ENSG00000184897,-0.03871009585882495,-0.05961617509906361
BC23810,BC23810_E2,ENSG00000100219,-0.021031495771190525,-0.025360139004472763
BC23810,BC23810_E2,ENSG00000127540,0.04062168963395589,0.04530122471920567
BC23810,BC23810_E2,ENSG00000169100,-0.030835066077764487,-0.028970755860061526
BC23810,BC23810_E2,ENSG00000104529,-0.02317390421051788,-0.012683079770441471
BC23810,BC23810_E2,ENSG00000114353,0.15175644753791992,0.15190516993797346
BC23810,BC23810_E2,ENSG00000164919,0.07163597160698953,0.040111353647989914
BC23810,BC23810_E2,ENSG00000070756,-0.14285155425001253,-0.1874445484380666
BC23810,BC23810_E2,ENSG00000187608,-0.013361652977668385,-0.008379643562226115
BC23810,BC23810_E2,ENSG00000145425,0.16146520834896766,0.1801959453550003
BC23810,BC23810_E2,ENSG00000160180,0.04871454142057935,0.05114862277038139
BC23810,BC23810_E2,ENSG00000204287,0.18220837483592778,0.18787353707421653
BC23810,BC23810_E2,__ambiguous[ENSG00000277957+ENSG00000161960],0.020389065188856637,0.027813453989216322
BC23810,BC23810_E2,__ambiguous[ENSG00000243678+ENSG00000011052],0.03342055189798065,0.017172243818798474
BC23810,BC23810_E2,ENSG00000163682,-0.0004643794578935459,-0.0056780243403004955
BC23810,BC23810_E2,ENSG00000205542,0.01725332534833234,0.011622335598978186
BC23810,BC23810_E2,ENSG00000123349,-0.0681898005598168,-0.061545996059014715
BC23810,BC23810_E2,ENSG00000187514,-0.03790512980189193,-0.050747637718237544
BC23810,BC23810_E2,ENSG00000071082,0.16483022068323483,0.1536953140114259
BC23810,BC23810_E2,ENSG00000125730,0.05013766184046455,0.03322828904404142
BC23810,BC23810_E2,__ambiguous[ENSG00000219200+ENSG00000161939],-0.0359900888860547,-0.039233923384771704
BC23810,BC23810_E2,ENSG00000114867,0.03526653913834198,0.03333546839024019
BC23810,BC23810_E2,ENSG00000178952,0.04604062390003869,0.06753543902795192
BC23810,BC23810_E2,ENSG00000111669,0.0435314336962848,0.058696611061549185
BC23810,BC23810_E2,ENSG00000101335,0.06424377089498239,0.07326395075648001
BC23810,BC23810_E2,ENSG00000170315,-0.030734816719679727,-0.04435638001829107
BC23810,BC23810_E2,ENSG00000113140,0.04370937685641571,0.05047980256531484
BC23810,BC23810_E2,ENSG00000138326,0.09231436077625074,0.09336142543603208
BC23810,BC23810_E2,ENSG00000104964,0.06872669274870052,0.0859798423895499
BC23810,BC23810_E2,ENSG00000144426,0.10357743149070425,0.0909831707210291
BC23810,BC23810_E2,ENSG00000178980,0.05689648739281508,0.08044948292828862
BC23810,BC23810_E2,ENSG00000131748,-0.04547370325501043,-0.018418746799181093
BC23810,BC23810_E2,ENSG00000145494,0.029778374812999744,0.04175996169508291
BC23810,BC23810_E2,ENSG00000141753,0.07322814305674279,0.0636459607427036
BC23810,BC23810_E2,ENSG00000171222,-0.04432060736260288,-0.015989546145795945
BC23810,BC23810_E2,ENSG00000172354,0.01894289968045311,0.028609928174044848
BC23810,BC23810_E2,ENSG00000173272,0.06439354301718808,0.0695988779577587
BC23810,BC23810_E2,__ambiguous[ENSG00000262526+ENSG00000170296],-0.056550930755936556,-0.037600890872355575
BC23810,BC23810_E2,ENSG00000214530,-0.06011468053561879,-0.031005985901706282
BC23810,BC23810_E2,ENSG00000167815,0.004491404026329403,-0.0010129570232913251
BC23810,BC23810_E2,ENSG00000172270,0.028330627369408723,0.012297085795528424
BC23810,BC23810_E2,ENSG00000087460,0.04341937140767648,0.03439288476028327
BC23810,BC23810_E2,ENSG00000182899,0.1111881467034398,0.12468361589208996
BC23810,BC23810_E2,ENSG00000174886,-0.032822986515869054,-0.03582043512652231
BC23810,BC23810_E2,ENSG00000186010,0.04591398267532862,0.04487393816465177
BC23810,BC23810_E2,ENSG00000163479,0.007107990994477525,0.02669848709078462
BC23810,BC23810_E2,ENSG00000176046,0.06373028131302921,0.05388884007181777
BC23810,BC23810_E2,ENSG00000008988,0.0816737414370139,0.06878585326587734
BC23810,BC23810_E2,ENSG00000106153,0.007021881425500639,0.018687381498213973
BC23810,BC23810_E2,ENSG00000130725,0.01328397748940949,0.02814547476008454
BC23810,BC23810_E2,ENSG00000173801,0.052805403230320035,0.04438610638374853
BC23810,BC23810_E2,ENSG00000155366,0.027912815297810766,0.059468477809037815
BC23810,BC23810_E2,ENSG00000197956,-0.002387042379834348,-0.023397637569671902
BC23810,BC23810_E2,ENSG00000125970,0.043302237875437195,0.055475675740101024
BC23810,BC23810_E2,ENSG00000137331,-0.009576341785292819,-0.01570817415093197
BC23810,BC23810_E2,ENSG00000100300,-0.02851791610893017,-0.0015679885709491785
BC23810,BC23810_E2,ENSG00000233276,-0.11266751216010093,-0.10906942774365302
BC23810,BC23810_E2,ENSG00000142949,0.03583707826758685,0.03474507469218137
BC23810,BC23810_E2,ENSG00000100097,0.05502484006750933,0.059954393552388706
BC23810,BC23810_E2,ENSG00000168542,0.06326442360324305,0.05167845496793504
BC23810,BC23810_E2,ENSG00000131143,-0.045968285684337376,-0.033963910890825455
BC23810,BC23810_E2,ENSG00000025708,0.03225961879988573,0.040342942828358805
BC23810,BC23810_E2,ENSG00000159335,0.04279410659825754,0.02742334274530612
BC23810,BC23810_E2,ENSG00000126247,-0.01240488979961034,-0.01099013456918602
BC23810,BC23810_E2,ENSG00000196405,-0.05934294261033186,-0.05600090513624288
BC23810,BC23810_E2,ENSG00000184840,0.0490147483330793,0.03272693676465717
BC23810,BC23810_E2,ENSG00000140990,-0.07460416161167167,-0.07837885428745187
BC23810,BC23810_E2,ENSG00000188846,-0.08176494207717552,-0.12048233636289762
BC23810,BC23810_E2,ENSG00000114391,0.0975402220735458,0.10010324057539945
BC23810,BC23810_E2,ENSG00000279274,0.0776520535721238,0.0979831014180621
BC23810,BC23810_E2,ENSG00000213988,0.03451965711407079,0.030694807343916483
BC23810,BC23810_E2,ENSG00000126709,0.014055020356492937,0.02919160838252595
BC23810,BC23810_E2,ENSG00000011304,0.053521986140307884,0.07290356666413238
BC23810,BC23810_E2,ENSG00000143420,-0.047682080939340885,-0.06276889514055226
BC23810,BC23810_E2,ENSG00000105404,-0.0013374337533588476,-0.0006785108351750509
BC23810,BC23810_E2,ENSG00000124172,0.002711553154254356,-0.005720731580677998
BC23810,BC23810_E2,ENSG00000177700,-0.02136057387519879,-0.027718706108464334
BC23810,BC23810_E2,ENSG00000157227,0.17104550695932513,0.15907218695196987
BC23810,BC23810_E2,ENSG00000110492,0.031030136185476197,0.029698401271913803
BC23810,BC23810_E2,ENSG00000135390,0.012357911278003264,0.018495220595505367
BC23810,BC23810_E2,ENSG00000123989,0.0036888669933826273,-0.0020218256366327132
BC23810,BC23810_E2,ENSG00000110092,0.045386638530083866,0.05907731522074179
BC23810,BC23810_E2,__ambiguous[ENSG00000241343+ENSG00000257529],0.09378867134204542,0.1046038571843944
BC23810,BC23810_E2,ENSG00000198832,-0.014397457006713016,-0.027293820423954056
BC23810,BC23810_E2,ENSG00000182871,0.14557251525907744,0.130499674539099
BC23901,BC23901_C2,ENSG00000034510,0.062096506313933285,0.06029167261336329
BC23901,BC23901_C2,ENSG00000254709,-0.41144039527331433,-0.4701707452162231
BC23901,BC23901_C2,ENSG00000171345,0.09131875636578424,0.12305776364854557
BC23901,BC23901_C2,ENSG00000111640,0.06740147370843005,0.07912777225648515
BC23901,BC23901_C2,ENSG00000137818,0.07613339891115448,0.12255453990777002
BC23901,BC23901_C2,ENSG00000177600,0.19013000451962808,0.20610956523972088
BC23901,BC23901_C2,ENSG00000231500,-0.28318171695519084,-0.35094693534617677
BC23901,BC23901_C2,ENSG00000164587,-0.1058599930808856,-0.1160782763575903
BC23901,BC23901_C2,ENSG00000075624,0.2656187898568925,0.2786955767136459
BC23901,BC23901_C2,ENSG00000108107,-0.4168051335885117,-0.47810563049551225
BC23901,BC23901_C2,ENSG00000108298,-0.09544580461888454,-0.11745689144469945
BC23901,BC23901_C2,ENSG00000197756,0.05743030952997216,0.10120287235804658
BC23901,BC23901_C2,ENSG00000105372,-0.2903718507145454,-0.3363498956278695
BC23901,BC23901_C2,ENSG00000141736,-0.012973664104078188,-0.01112242248775523
BC23901,BC23901_C2,ENSG00000161016,-0.401401456317635,-0.48658335475297926
BC23901,BC23901_C2,ENSG00000087086,0.05292536230703399,0.12005167502165648
BC23901,BC23901_C2,ENSG00000167526,-0.24203628870938534,-0.2648247564027301
BC23901,BC23901_C2,ENSG00000108518,-0.03981133234232492,-0.05498154407756455
BC23901,BC23901_C2,ENSG00000130255,-0.2968221542708315,-0.3523203532969414
BC23901,BC23901_C2,__ambiguous[ENSG00000251357+ENSG00000240972],-0.13909363097303715,-0.21499872440196927
BC23901,BC23901_C2,ENSG00000136942,-0.39656178934624803,-0.46027410187928286
BC23901,BC23901_C2,ENSG00000149273,-0.014141328661255713,-0.025063968345145692
BC23901,BC23901_C2,ENSG00000197746,0.07550775101968567,0.11099973435129605
BC23901,BC23901_C2,ENSG00000063177,-0.03712423093241233,-0.07989007856886614
BC23901,BC23901_C2,ENSG00000117984,0.0943771312268208,0.10099818696432716
BC23901,BC23901_C2,ENSG00000180879,-0.2208471289700712,-0.2974470331769122
BC23901,BC23901_C2,ENSG00000140264,-0.0539976140079741,-0.06099102103794168
BC23901,BC23901_C2,ENSG00000179218,0.169750261007536,0.18895740598417854
BC23901,BC23901_C2,ENSG00000105193,-0.17783062010386433,-0.1858258275346474
BC23901,BC23901_C2,ENSG00000221983,-0.23913292590605603,-0.2760603058852632
BC23901,BC23901_C2,ENSG00000204628,-0.07947670272116805,-0.07989742040477371
BC23901,BC23901_C2,ENSG00000109062,0.008153921675424764,-0.0009762517294160112
BC23901,BC23901_C2,ENSG00000167996,0.17320885614418202,0.2059426383386441
BC23901,BC23901_C2,ENSG00000142541,-0.17994762020140986,-0.20895372546666705
BC23901,BC23901_C2,ENSG00000130203,-0.18265882708028963,-0.15469379252023296
BC23901,BC23901_C2,ENSG00000185624,-0.007721158476323824,-0.01755764395543554
BC23901,BC23901_C2,ENSG00000166441,-0.1655518626122804,-0.18130469642889693
BC23901,BC23901_C2,ENSG00000142534,-0.13605430351305095,-0.15832671200131487
BC23901,BC23901_C2,ENSG00000234745,0.061634755796736405,0.07186780908244705
BC23901,BC23901_C2,ENSG00000140988,-0.03639895044570554,-0.04709692210945946
BC23901,BC23901_C2,ENSG00000147403,-0.12863518462230522,-0.12521041019078144
BC23901,BC23901_C2,ENSG00000089157,0.005411861008703846,0.005561122653054375
BC23901,BC23901_C2,ENSG00000171858,-0.016987692909503676,-0.01626331890678213
BC23901,BC23901_C2,ENSG00000115268,-0.13294346492233314,-0.14296122025092958
BC23901,BC23901_C2,ENSG00000105640,-0.3624830894925526,-0.364309129045443
BC23901,BC23901_C2,ENSG00000112306,0.034590232724197416,0.019268380919765234
BC23901,BC23901_C2,ENSG00000111341,-0.05459130908678736,-0.08067845277966286
BC23901,BC23901_C2,ENSG00000233927,-0.09127807877389103,-0.07707734379543232
BC23901,BC23901_C2,ENSG00000182774,0.04041468573138983,0.024852185494993004
BC23901,BC23901_C2,ENSG00000198034,0.16974300154625185,0.16955316610408147
BC23901,BC23901_C2,ENSG00000149806,0.10417848311316978,0.0894553778890784
BC23901,BC23901_C2,ENSG00000125691,-0.00928375959028726,-0.012824676469415562
BC23901,BC23901_C2,ENSG00000213741,-0.09427974649515355,-0.0979163862996748
BC23901,BC23901_C2,ENSG00000142676,-0.060162481699029706,-0.029808228061565634
BC23901,BC23901_C2,ENSG00000101439,-0.24361714466945503,-0.27318080296958913
BC23901,BC23901_C2,ENSG00000019582,0.043362180841636726,0.10200219653203935
BC23901,BC23901_C2,ENSG00000172809,-0.008450663391013967,-0.018296671350251873
BC23901,BC23901_C2,ENSG00000170889,-0.3462140294500004,-0.3850104137760105
BC23901,BC23901_C2,ENSG00000184009,-0.06520808794298888,-0.1107539318856074
BC23901,BC23901_C2,ENSG00000177954,0.19941372599202883,0.26467780498502574
BC23901,BC23901_C2,ENSG00000100316,-0.09076468407274926,-0.09091634743628937
BC23901,BC23901_C2,ENSG00000204525,0.10694483709748864,0.14545287075283847
BC23901,BC23901_C2,ENSG00000172757,0.08717660873842757,0.0999015729926125
BC23901,BC23901_C2,ENSG00000137154,0.10290607064493497,0.12389922518398978
BC23901,BC23901_C2,ENSG00000204592,-0.17828721078864876,-0.1768706336850236
BC23901,BC23901_C2,ENSG00000108821,0.12155563021278501,0.13190109199084754
BC23901,BC23901_C2,ENSG00000142937,0.1871656614779553,0.2208485825034477
BC23901,BC23901_C2,ENSG00000169710,-0.22441592453959613,-0.2675416629480888
BC23901,BC23901_C2,__ambiguous[ENSG00000185883+ENSG00000260272],-0.12071482497636214,-0.13796414947266292
BC23901,BC23901_C2,ENSG00000167995,-0.06561414609904911,-0.10834332454505892
BC23901,BC23901_C2,ENSG00000083845,-0.2544820041295481,-0.26288160187855225
BC23901,BC23901_C2,__ambiguous[ENSG00000254772+ENSG00000255508],-0.019686465482595,-0.047989053416787615
BC23901,BC23901_C2,ENSG00000206503,0.018762514401161324,0.06041584745122205
BC23901,BC23901_C2,ENSG00000135404,-0.1302507779840285,-0.14574927038317023
BC23901,BC23901_C2,ENSG00000167468,-0.20834303630831713,-0.22452342856573917
BC23901,BC23901_C2,ENSG00000231925,-0.08501583363791729,-0.08647135754719791
BC23901,BC23901_C2,ENSG00000156482,0.10050861321216695,0.1131504506606912
BC23901,BC23901_C2,ENSG00000165949,0.03571031458134092,0.09850582409822875
BC23901,BC23901_C2,ENSG00000197958,0.09673442988706785,0.1281992359793508
BC23901,BC23901_C2,ENSG00000163191,-0.059231380702475356,-0.06691378983156601
BC23901,BC23901_C2,ENSG00000149925,0.032505099000111524,0.079735346295286
BC23901,BC23901_C2,ENSG00000167658,0.017036381882356823,0.06730041932043834
BC23901,BC23901_C2,ENSG00000107223,-0.14903792326465973,-0.15853491240247491
BC23901,BC23901_C2,ENSG00000162244,-0.23947674240540015,-0.2696599037916965
BC23901,BC23901_C2,ENSG00000148303,0.010499054491047148,0.025874360125033524
BC23901,BC23901_C2,ENSG00000144713,-0.007099434675189428,-0.00989963577045714
BC23901,BC23901_C2,ENSG00000108639,0.048361709355416525,0.042276483446189866
BC23901,BC23901_C2,ENSG00000143947,-0.028154471197866827,-0.05542557772451779
BC23901,BC23901_C2,ENSG00000131469,0.09638038962506308,0.11811342450308163
BC23901,BC23901_C2,ENSG00000185499,0.14834774052805408,0.17695171254605307
BC23901,BC23901_C2,ENSG00000174748,0.15635582210250468,0.2068044091799452
BC23901,BC23901_C2,ENSG00000108344,-0.18608736532082962,-0.21853108719481493
BC23901,BC23901_C2,ENSG00000224389,0.010329492050171706,0.04098269714061964
BC23901,BC23901_C2,ENSG00000198242,0.13040300435460772,0.1504325572300836
BC23901,BC23901_C2,ENSG00000106624,0.05390628082587125,0.07345685942803848
BC23901,BC23901_C2,ENSG00000172531,-0.003996354882190788,-0.019706833287498813
BC23901,BC23901_C2,ENSG00000108679,-0.13828749350495545,-0.12447424323460334
BC23901,BC23901_C2,ENSG00000246705,-0.08103035170186838,-0.07168165384363932
BC23901,BC23901_C2,ENSG00000185825,-0.01608306225610489,-0.013826397913716775
BC23901,BC23901_C2,ENSG00000145592,0.17056131178256703,0.18702804362151593
BC23901,BC23901_C2,ENSG00000160862,0.0836448264887929,0.10013522702158528
BC23901,BC23901_C2,ENSG00000166710,0.24411277920252356,0.3077075913798941
BC23901,BC23901_C2,ENSG00000106211,-0.07465457050970224,-0.13339990801687507
BC23901,BC23901_C2,ENSG00000115884,0.09843099299701817,0.09275786669077145
BC23901,BC23901_C2,ENSG00000279483,0.1251244831959289,0.11905993637189413
BC23901,BC23901_C2,ENSG00000141741,-0.03034779465822216,-0.043701249299055535
BC23901,BC23901_C2,ENSG00000152082,-0.030912203844616418,-0.004657089413630387
BC23901,BC23901_C2,ENSG00000104904,-0.05272971202684173,-0.06217289560547176
BC23901,BC23901_C2,__ambiguous[ENSG00000243678+ENSG00000011052],-0.028879594948738176,-0.03911911985396717
BC23901,BC23901_C2,ENSG00000158710,-0.10841271161479638,-0.14826373034968995
BC23901,BC23901_C2,ENSG00000130303,-0.14538055895638619,-0.1711301134313897
BC23901,BC23901_C2,ENSG00000110651,0.041571748816091214,0.01939591103113956
BC23901,BC23901_C2,ENSG00000118181,0.04496702140278454,0.04937981646269846
BC23901,BC23901_C2,ENSG00000117410,-0.02315943212504088,-0.03341765265339862
BC23901,BC23901_C2,ENSG00000115457,0.025063174288470796,0.051219688012944804
BC23901,BC23901_C2,__ambiguous[ENSG00000185885+ENSG00000185201],0.05598077199739629,0.08569576553391897
BC23901,BC23901_C2,ENSG00000163220,-0.15270077780688232,-0.17658298356632918
BC23901,BC23901_C2,ENSG00000111057,0.040985876160605984,0.014849335583790311
BC23901,BC23901_C2,ENSG00000173372,-0.11667427296112526,-0.08505629744133988
BC23901,BC23901_C2,ENSG00000133112,0.013484045101196026,-0.00939501345677082
BC23901,BC23901_C2,ENSG00000074800,0.003944783168027817,0.008752979400076487
BC23901,BC23901_C2,ENSG00000092841,-0.04332751824582739,-0.04243985287736484
BC23901,BC23901_C2,ENSG00000030582,0.009818267113289618,0.008832935618380043
BC23901,BC23901_C2,ENSG00000130208,-0.1306644413594207,-0.14864102666936072
BC23901,BC23901_C2,ENSG00000126267,-0.11232719325768856,-0.11348351361278533
BC23901,BC23901_C2,ENSG00000071082,0.1059427475101149,0.08718031541827057
BC23901,BC23901_C2,ENSG00000142669,-0.062126465824119625,-0.07456195772985737
BC23901,BC23901_C2,__ambiguous[ENSG00000124614+ENSG00000270800],0.015159476116108087,0.008935000360337939
BC23901,BC23901_C2,ENSG00000169100,0.06997479127612695,0.11078729327172263
BC23901,BC23901_C2,ENSG00000150991,0.00678504198458438,0.06748230071738297
BC23901,BC23901_C2,ENSG00000071553,-0.12962628218866412,-0.13494808425068106
BC23901,BC23901_C2,ENSG00000277972,-0.020647488133915173,-0.045620120425238934
BC23901,BC23901_C2,ENSG00000117450,0.16055395890051172,0.18805820215930838
BC23901,BC23901_C2,ENSG00000070756,-0.008985514265988,-0.037516401019930215
BC23901,BC23901_C2,ENSG00000205542,0.1523625025930694,0.20403780499773735
BC23901,BC23901_C2,ENSG00000102265,-0.13206367259652999,-0.16372134726580792
BC23901,BC23901_C2,ENSG00000277791,0.10814683314872035,0.12324899609478167
BC23901,BC23901_C2,__ambiguous[ENSG00000257341+ENSG00000213145],0.04528721349334849,0.028459235512095
BC23901,BC23901_C2,ENSG00000178719,-0.04280583090778547,-0.0101954154161629
BC23901,BC23901_C2,ENSG00000149591,0.1882169254300563,0.23044803839601238
BC23901,BC23901_C2,ENSG00000125534,-0.10206007137075425,-0.10677497425605098
BC23901,BC23901_C2,ENSG00000143774,-0.05436984029029481,-0.06521140250782295
BC23901,BC23901_C2,ENSG00000124664,0.03954791520477258,0.05727848115142968
BC23901,BC23901_C2,ENSG00000163682,-0.034391329507623976,-0.04115500820712928
BC23901,BC23901_C2,ENSG00000145425,0.04876414255109201,0.0634018306133804
BC23901,BC23901_C2,ENSG00000165215,0.018619842240296416,-0.0034824058075194307
BC23901,BC23901_C2,ENSG00000105223,-0.08086768075893509,-0.07345775283608189
BC23901,BC23901_C2,ENSG00000162511,-0.20803969921534468,-0.20217387759212224
BC23901,BC23901_C2,ENSG00000160789,0.0002770896372383974,-0.004692816965283229
BC23901,BC23901_C2,ENSG00000182492,-0.08336351981226679,-0.0817853351920924
BC23901,BC23901_C2,ENSG00000164733,0.13910529551061585,0.18313181398984327
BC23901,BC23901_C2,ENSG00000176340,-0.07503703729099646,-0.09088348062653973
BC23901,BC23901_C2,ENSG00000255823,0.3454894928748741,0.328614735372798
BC23901,BC23901_C2,ENSG00000115414,-0.060901040908771874,-0.14143469464286643
BC23901,BC23901_C2,ENSG00000141522,-0.10744229007348148,-0.1277874496141947
BC23901,BC23901_C2,ENSG00000124614,-0.11653301068906446,-0.1265662451678974
BC23901,BC23901_C2,ENSG00000196924,-0.0642638409889972,-0.0832655750613954
BC23901,BC23901_C2,ENSG00000127540,0.10290410348363657,0.13938148196913983
BC23901,BC23901_C2,ENSG00000187514,0.24970704468493998,0.29679774761119776
BC23901,BC23901_C2,ENSG00000204287,0.1480864342763757,0.23800008824683108
BC23901,BC23901_C2,ENSG00000182809,-0.010256838691546321,-0.021754337124320747
BC23901,BC23901_C2,ENSG00000138326,0.09645619830770774,0.0759976212395725
BC23901,BC23901_C2,__ambiguous[ENSG00000277957+ENSG00000161960],0.12305460135326775,0.13730739006626616
BC23901,BC23901_C2,ENSG00000142089,-0.04787303294169899,-0.0848156762772147
BC23901,BC23901_C2,ENSG00000103363,-0.13991689040717512,-0.16007399456347618
BC23901,BC23901_C2,ENSG00000135480,0.053553418730406845,0.0688954495271563
BC23901,BC23901_C2,ENSG00000269028,0.35766625778248795,0.31802486137997504
BC23901,BC23901_C2,ENSG00000169223,0.026586295519420343,0.047842160118105534
BC23901,BC23901_C2,ENSG00000058262,-0.016778766973664625,-0.006036709787788603
BC23901,BC23901_C2,ENSG00000131748,-0.061899972931652225,-0.07669906131097386
BC23901,BC23901_C2,ENSG00000144426,0.1375145072572265,0.17218299821725483
BC23901,BC23901_C2,ENSG00000051523,-0.21800302787993672,-0.2251387377873118
BC23901,BC23901_C2,ENSG00000123349,-0.2117042929869582,-0.23253842447949055
BC23901,BC23901_C2,ENSG00000052344,-0.0718495686076756,-0.09353063930046389
BC23901,BC23901_C2,ENSG00000114353,-0.007733185211746485,-0.01443392782126132
BC23901,BC23901_C2,ENSG00000164692,-0.008152117653167831,-0.055081902341981036
BC23901,BC23901_C2,ENSG00000251562,0.19484620855316662,0.21901465013072113
BC23901,BC23901_C2,ENSG00000184897,0.015702889901059176,0.03639171465512262
BC23901,BC23901_C2,ENSG00000170315,-0.0036317898753072,-0.02982673072632389
BC23901,BC23901_C2,ENSG00000182899,-0.046201927329070386,-0.048543118637811015
BC23901,BC23901_C2,ENSG00000272196,-0.03829763359050759,-0.03561616248341664
BC23901,BC23901_C2,ENSG00000111669,-0.12534932570229443,-0.14263258166254394
BC23901,BC23901_C2,ENSG00000026025,0.05094973591815236,0.032162429714871356
BC23901,BC23901_C2,__ambiguous[ENSG00000273259+ENSG00000196136],0.02755163452362765,0.04415048424016523
BC23901,BC23901_C2,ENSG00000114867,-0.0681195580630955,-0.0735811988731114
BC23901,BC23901_C2,__ambiguous[ENSG00000219200+ENSG00000161939],-0.12830383420388733,-0.1599800491009386
BC23901,BC23901_C2,ENSG00000178952,0.009128022113090054,-0.017696458574711624
BC23901,BC23901_C2,ENSG00000178980,0.13537203352893845,0.17862675766122998
BC23901,BC23901_C2,ENSG00000172354,-0.09043427304788676,-0.09706459610354845
BC23901,BC23901_C2,__ambiguous[ENSG00000262526+ENSG00000170296],-0.035873480792222766,-0.043206914753015836
BC23901,BC23901_C2,ENSG00000125730,-0.18437641023684664,-0.17429844949268203
BC23901,BC23901_C2,ENSG00000167815,0.11179342696689638,0.11674249123628568
BC23901,BC23901_C2,ENSG00000100219,0.2082317101562166,0.3001310719387279
BC23901,BC23901_C2,ENSG00000008988,0.06822368912202029,0.09291032305251111
BC23901,BC23901_C2,ENSG00000104529,-0.056391605906311384,-0.1104485070259322
BC23901,BC23901_C2,ENSG00000131143,0.1310421614151853,0.14402237822568828
BC23901,BC23901_C2,ENSG00000142949,-0.024220272797761337,-0.050041819418575446
BC23901,BC23901_C2,ENSG00000087460,-0.08662412646837592,-0.1376958613439274
BC23901,BC23901_C2,ENSG00000214530,0.026147441979442257,0.029217212876639264
BC23901,BC23901_C2,ENSG00000104964,-0.046442844486317095,-0.05719762491533109
BC23901,BC23901_C2,ENSG00000188846,6.793535367706122e-05,-0.004352295354976137
BC23901,BC23901_C2,ENSG00000100300,0.02235761573260602,0.04068857496597801
BC23901,BC23901_C2,ENSG00000142173,0.1204230659429139,0.1287759856072316
BC23901,BC23901_C2,ENSG00000155366,-0.07573063125813802,-0.05416151757857959
BC23901,BC23901_C2,ENSG00000197956,0.036066802167193414,0.06454479675127205
BC23901,BC23901_C2,ENSG00000164919,-0.03300882650880945,-0.06247800334683758
BC23901,BC23901_C2,__ambiguous[ENSG00000241343+ENSG00000257529],-0.02821756552029748,-0.0493530923226768
BC23901,BC23901_C2,ENSG00000163479,-0.04469528309728917,-0.06325239104898504
BC23901,BC23901_C2,ENSG00000126247,-0.04737872318523905,-0.05750935855879841
BC23901,BC23901_C2,ENSG00000114391,0.021711799368218352,0.029856188706082986
BC23901,BC23901_C2,ENSG00000174444,0.062141465288867194,0.08887171700807697
BC23901,BC23901_C2,ENSG00000173272,0.05157296078433236,0.0894054414850644
BC23901,BC23901_C2,ENSG00000174886,-0.2015222030239829,-0.2005530721080879
BC23901,BC23901_C2,ENSG00000213988,0.03717914324269649,0.06861472398600832
BC23901,BC23901_C2,ENSG00000124172,0.0367897168716688,-0.021795351826766136
BC23901,BC23901_C2,ENSG00000171222,-0.062344718493104925,-0.10614377357791235
BC23901,BC23901_C2,ENSG00000186468,-0.09615708539188422,-0.10388871422574068
BC23901,BC23901_C2,ENSG00000173369,0.033869458778976014,0.09816576156134475
BC23901,BC23901_C2,ENSG00000163399,-0.09069477401370922,-0.1044663229610445
BC23901,BC23901_C2,ENSG00000135390,-0.0016535868157897089,0.02358752999726972
BC23901,BC23901_C2,ENSG00000196576,-0.04687940173533232,-0.008172045564802187
BC23901,BC23901_C2,ENSG00000170421,-0.14315537443756077,-0.14181217326266365
BC23901,BC23901_C2,ENSG00000160180,-0.212150427078291,-0.24851209180493944
BC23901,BC23901_C2,ENSG00000177700,0.04772212788012777,0.04678977510210857
BC23901,BC23901_C2,ENSG00000172270,-0.16662020700825475,-0.1966958257868358
BC23901,BC23901_C2,ENSG00000173801,-0.2447587146651199,-0.26899516769625026
BC23901,BC23901_C2,ENSG00000160932,-0.028202085050433503,-0.038992993927241114
BC23901,BC23901_C2,ENSG00000186010,-0.037267722241844936,-0.07073290162163857
BC23901,BC23901_C2,ENSG00000168528,0.09304896371759867,0.1251751295398453
BC23901,BC23901_C2,ENSG00000171863,-0.06753162008132638,-0.06919853031160664
BC23901,BC23901_C2,ENSG00000161960,0.20193292449265118,0.24659705266104662
BC23901,BC23901_C2,ENSG00000125970,0.09609883758560243,0.07669496946433617
BC23901,BC23901_C2,ENSG00000130725,-0.09506932236030424,-0.07868450734537101
BC23901,BC23901_C2,ENSG00000279274,0.08684586648473336,0.058768887261323934
BC23901,BC23901_C2,ENSG00000011304,0.2187807930593923,0.2446112833407798
BC23901,BC23901_C2,ENSG00000143420,-0.04019609301162538,-0.04518364807760545
BC23901,BC23901_C2,ENSG00000134419,-0.08755708926009023,-0.12161523223816306
BC23901,BC23901_C2,ENSG00000141753,-0.007930597636224015,-0.02058342544502587
BC23901,BC23901_C2,ENSG00000147604,0.04178352952752972,0.038921280813140176
BC23901,BC23901_C2,ENSG00000106153,-0.0832619271539218,-0.13063220568961542
BC23901,BC23901_C2,ENSG00000109475,0.09424530088977083,0.1348919063177578
BC23901,BC23901_C2,ENSG00000101335,0.05511123715990272,0.09614398081014032
BC23901,BC23901_C2,ENSG00000132475,0.11091223581486144,0.09032357065837478
BC23901,BC23901_C2,ENSG00000187608,-0.29205905899737244,-0.36204185540316386
BC23901,BC23901_C2,ENSG00000123416,-0.18565390414600247,-0.24425625230171524
BC23901,BC23901_C2,ENSG00000113140,0.037707894502712586,-0.03732523346040502
BC23901,BC23901_C2,ENSG00000143546,-0.06414786232094036,-0.04931739819930637
BC23901,BC23901_C2,ENSG00000140990,-0.08898793224760364,-0.08546127566512939
BC23901,BC23901_C2,ENSG00000135940,0.2308032896612681,0.23129693803000684
BC23901,BC23901_C2,ENSG00000132507,0.026938696725246354,0.04311821858655248
BC23901,BC23901_D1,ENSG00000034510,0.02974995128687233,0.022117951724508315
BC23901,BC23901_D1,ENSG00000254709,-0.2223245813893112,-0.21336269482303433
BC23901,BC23901_D1,ENSG00000171345,0.012471578956309218,-0.017133016357573628
BC23901,BC23901_D1,ENSG00000111640,0.022330762205641466,0.040906484121335955
BC23901,BC23901_D1,ENSG00000137818,0.20638293264510224,0.2263981161753076
BC23901,BC23901_D1,ENSG00000177600,0.182409282275199,0.2255591035325698
BC23901,BC23901_D1,ENSG00000231500,-0.07234076705017072,-0.0860356794250545
BC23901,BC23901_D1,ENSG00000164587,-0.05982907186840272,-0.059996557415861206
BC23901,BC23901_D1,ENSG00000075624,0.10197646924367425,0.13232715213561488
BC23901,BC23901_D1,ENSG00000108107,-0.3198793894259808,-0.37196626973817976
BC23901,BC23901_D1,ENSG00000108298,0.0274803829066831,0.06366488344224203
BC23901,BC23901_D1,ENSG00000197756,0.04955256892532579,0.043952496460273015
BC23901,BC23901_D1,ENSG00000105372,-0.04717851764935037,-0.07774411760648098
BC23901,BC23901_D1,ENSG00000141736,-0.011185667346441915,-0.020636685354318857
BC23901,BC23901_D1,ENSG00000161016,-0.07864720690644743,-0.0972990181567916
BC23901,BC23901_D1,ENSG00000087086,0.20109377189782587,0.2067154084622591
BC23901,BC23901_D1,ENSG00000167526,-0.07615336864699529,-0.07939354312003613
BC23901,BC23901_D1,ENSG00000108518,-0.017113854534610153,0.01599691848317149
BC23901,BC23901_D1,ENSG00000130255,-0.12199843283382364,-0.1457622156078122
BC23901,BC23901_D1,__ambiguous[ENSG00000251357+ENSG00000240972],-0.13862520681447008,-0.17383424468396344
BC23901,BC23901_D1,ENSG00000136942,-0.1439738650773022,-0.181323992366438
BC23901,BC23901_D1,ENSG00000149273,-0.04414346777871512,-0.03634936655641243
BC23901,BC23901_D1,ENSG00000197746,0.18217339641637995,0.23747933032173177
BC23901,BC23901_D1,ENSG00000063177,0.05773560618840501,0.06816707415065854
BC23901,BC23901_D1,ENSG00000117984,0.1978714789008642,0.2299761284071598
BC23901,BC23901_D1,ENSG00000180879,-0.025860770305409224,-0.023664770435870945
BC23901,BC23901_D1,ENSG00000140264,0.05650751572515097,0.06233545879248318
BC23901,BC23901_D1,ENSG00000179218,-0.009578662207551304,0.01691424253110808
BC23901,BC23901_D1,ENSG00000105193,0.04132113408589983,0.06732820263648705
BC23901,BC23901_D1,ENSG00000221983,-0.032067525152860626,-0.03777565279584916
BC23901,BC23901_D1,ENSG00000204628,-0.05220954818728791,-0.009028097726338554
BC23901,BC23901_D1,ENSG00000109062,-0.06188157805342165,-0.09892979171739494
BC23901,BC23901_D1,ENSG00000167996,0.007756471405821045,0.00018136004468247545
BC23901,BC23901_D1,ENSG00000142541,0.006139695965905018,0.014708319981694966
BC23901,BC23901_D1,ENSG00000130203,0.10465699434322251,0.1486808509136051
BC23901,BC23901_D1,ENSG00000185624,-0.006621187158039573,0.027980612281835546
BC23901,BC23901_D1,ENSG00000166441,0.004907855606154117,0.015979678511759906
BC23901,BC23901_D1,ENSG00000142534,-0.036079418314413414,0.005008094429879301
BC23901,BC23901_D1,ENSG00000234745,0.26006444155940817,0.2984430886145765
BC23901,BC23901_D1,ENSG00000140988,0.010243320599206168,0.021835732740993315
BC23901,BC23901_D1,ENSG00000147403,0.10195582521411456,0.14393790713201782
BC23901,BC23901_D1,ENSG00000089157,0.14183001386407762,0.11363679524982148
BC23901,BC23901_D1,ENSG00000171858,0.00623736070352323,-0.022095653456248383
BC23901,BC23901_D1,ENSG00000115268,0.06148993286970693,0.04362527066853053
BC23901,BC23901_D1,ENSG00000105640,-0.10887978159855385,-0.10279035066019154
BC23901,BC23901_D1,ENSG00000112306,0.03016940363502976,0.02586337432082315
BC23901,BC23901_D1,ENSG00000111341,-0.07502361068547804,-0.12143271733481589
BC23901,BC23901_D1,ENSG00000233927,0.050581223930466476,0.03854307335530604
BC23901,BC23901_D1,ENSG00000182774,-0.01939986716536295,-0.038557616503161425
BC23901,BC23901_D1,ENSG00000198034,0.01035866862504194,0.04732438058190868
BC23901,BC23901_D1,ENSG00000149806,-0.0498691105493751,-0.050800982977500235
BC23901,BC23901_D1,ENSG00000125691,0.039557885468871325,0.04496416285864814
BC23901,BC23901_D1,ENSG00000213741,0.07209113906527742,0.06488526026148944
BC23901,BC23901_D1,ENSG00000142676,-0.026283259966541402,0.001981118611174715
BC23901,BC23901_D1,ENSG00000101439,-0.02373447920000438,-0.05624206200056738
BC23901,BC23901_D1,ENSG00000019582,0.08688763500811417,0.11662702120692557
BC23901,BC23901_D1,ENSG00000172809,-0.04575524944522073,-0.04758243185770191
BC23901,BC23901_D1,ENSG00000170889,-0.022915212527646618,-0.015362778774918238
BC23901,BC23901_D1,ENSG00000184009,-0.075762345652056,-0.13732234892519235
BC23901,BC23901_D1,ENSG00000177954,0.1853057057836146,0.21187248224169364
BC23901,BC23901_D1,ENSG00000100316,0.042744815658014114,0.042862942533965574
BC23901,BC23901_D1,ENSG00000204525,0.08257471456590448,0.13925806078860328
BC23901,BC23901_D1,ENSG00000172757,0.04088117176842478,0.07912954209432681
BC23901,BC23901_D1,ENSG00000137154,0.03829816080717443,0.033907422823564126
BC23901,BC23901_D1,ENSG00000204592,-0.3229182204991147,-0.2932185193490643
BC23901,BC23901_D1,ENSG00000108821,0.1692499270973566,0.14500444127720646
BC23901,BC23901_D1,ENSG00000142937,0.10326822810524737,0.14220412701072704
BC23901,BC23901_D1,ENSG00000169710,-0.06540417583548634,-0.10977404615928266
BC23901,BC23901_D1,__ambiguous[ENSG00000185883+ENSG00000260272],-0.05421235277549047,-0.056271399161432825
BC23901,BC23901_D1,ENSG00000167995,0.0658422051728907,0.06315517920995357
BC23901,BC23901_D1,ENSG00000083845,0.03375006093708053,0.036870032546753174
BC23901,BC23901_D1,__ambiguous[ENSG00000254772+ENSG00000255508],-0.07130033472747886,-0.08058626599289084
BC23901,BC23901_D1,ENSG00000206503,-0.008852309307595238,0.04327050360479541
BC23901,BC23901_D1,ENSG00000135404,-0.1178468613556019,-0.08854350609294377
BC23901,BC23901_D1,ENSG00000167468,0.09739003901850218,0.0711414937542651
BC23901,BC23901_D1,ENSG00000231925,-0.010954872594547634,-0.0006138018210315736
BC23901,BC23901_D1,ENSG00000156482,0.10941031712720257,0.08282814468238096
BC23901,BC23901_D1,ENSG00000165949,0.025489030863104892,0.09281247308590886
BC23901,BC23901_D1,ENSG00000197958,-0.07747282882848813,-0.07408474716068243
BC23901,BC23901_D1,ENSG00000163191,-0.1042181679742326,-0.16396922608191697
BC23901,BC23901_D1,ENSG00000149925,0.001348746004399104,-0.01747519505085594
BC23901,BC23901_D1,ENSG00000167658,0.06959896149969637,0.14136911261346954
BC23901,BC23901_D1,ENSG00000107223,0.020638063206886558,0.07223047692681936
BC23901,BC23901_D1,ENSG00000162244,0.06179329505662227,0.06813815238960959
BC23901,BC23901_D1,ENSG00000148303,0.07035359624244998,0.08137899765317422
BC23901,BC23901_D1,ENSG00000144713,-0.020730366533339574,0.00451059317152435
BC23901,BC23901_D1,ENSG00000108639,0.06643399474870207,0.0860142911922465
BC23901,BC23901_D1,ENSG00000143947,0.02891738602166923,-0.05318972631551062
BC23901,BC23901_D1,ENSG00000131469,0.0621331348138109,0.049168785537475945
BC23901,BC23901_D1,ENSG00000185499,-0.07711287570995658,-0.08848266145629302
BC23901,BC23901_D1,ENSG00000174748,0.11395840477063432,0.11390409514836884
BC23901,BC23901_D1,ENSG00000108344,-0.08689178206500113,-0.117054316340167
BC23901,BC23901_D1,ENSG00000224389,-0.09039293921414451,-0.09990705860796789
BC23901,BC23901_D1,ENSG00000198242,0.08725732043810765,0.04651810069147577
BC23901,BC23901_D1,ENSG00000106624,0.19125502911796213,0.22834639873167806
BC23901,BC23901_D1,ENSG00000172531,0.029661550964444366,0.08837682694505346
BC23901,BC23901_D1,ENSG00000108679,0.07183659258268582,0.10548637644016658
BC23901,BC23901_D1,ENSG00000246705,0.01890036226206044,0.024394475585018248
BC23901,BC23901_D1,ENSG00000185825,-0.14787810322731085,-0.11035439007011619
BC23901,BC23901_D1,ENSG00000145592,0.06176324845200603,0.06477584377285259
BC23901,BC23901_D1,ENSG00000160862,0.042765152488354524,0.06904826237128335
BC23901,BC23901_D1,ENSG00000166710,0.3310752418509782,0.38707213616758723
BC23901,BC23901_D1,ENSG00000106211,-0.08971263008097378,-0.11347144711674459
BC23901,BC23901_D1,ENSG00000115884,0.009424809041207698,0.030926234947130444
BC23901,BC23901_D1,ENSG00000279483,0.06629116543953208,0.04354933158842891
BC23901,BC23901_D1,ENSG00000141741,-0.1540526859659472,-0.18543788927659793
BC23901,BC23901_D1,ENSG00000152082,-0.020200019533406614,-0.023699924056412868
BC23901,BC23901_D1,ENSG00000104904,0.19273004213820796,0.2133746258104821
BC23901,BC23901_D1,__ambiguous[ENSG00000243678+ENSG00000011052],-0.08752318706409998,-0.13772604037357944
BC23901,BC23901_D1,ENSG00000158710,-0.09986455437141252,-0.12582085845712646
BC23901,BC23901_D1,ENSG00000130303,-0.01398703154562668,-0.012862402792664186
BC23901,BC23901_D1,ENSG00000110651,-0.06545829606949513,-0.08729624961551948
BC23901,BC23901_D1,ENSG00000118181,0.09590510827275159,0.12531286308045309
BC23901,BC23901_D1,ENSG00000117410,0.15665743954699132,0.19091750425148135
BC23901,BC23901_D1,ENSG00000115457,0.036935752993577896,0.05792700229506481
BC23901,BC23901_D1,__ambiguous[ENSG00000185885+ENSG00000185201],0.04109465912621733,0.03487901079367756
BC23901,BC23901_D1,ENSG00000163220,-0.05831419554204847,-0.06634093483779427
BC23901,BC23901_D1,ENSG00000111057,0.1265396027329285,0.18696730608682088
BC23901,BC23901_D1,ENSG00000173372,-0.05140517592608217,0.01877162055930667
BC23901,BC23901_D1,ENSG00000133112,0.09856734207366655,0.07891230614794606
BC23901,BC23901_D1,ENSG00000074800,0.11585181703377426,0.15334835777322936
BC23901,BC23901_D1,ENSG00000092841,-0.04469476242059917,-0.06446249580324416
BC23901,BC23901_D1,ENSG00000030582,0.03154148777824888,0.06771548132135863
BC23901,BC23901_D1,ENSG00000130208,-0.049823672681705934,-0.0385937349700512
BC23901,BC23901_D1,ENSG00000126267,0.03695248195233973,0.07282637659714758
BC23901,BC23901_D1,ENSG00000071082,-0.06488307649234673,-0.08838971338123723
BC23901,BC23901_D1,ENSG00000142669,0.13516895270684798,0.19360900547387158
BC23901,BC23901_D1,__ambiguous[ENSG00000124614+ENSG00000270800],0.07128793349214911,0.08557173267461608
BC23901,BC23901_D1,ENSG00000169100,0.05441863282643309,0.03497866245763652
BC23901,BC23901_D1,ENSG00000150991,0.09298745808465475,0.09240753310293298
BC23901,BC23901_D1,ENSG00000071553,-0.14416872978970868,-0.13448428849787558
BC23901,BC23901_D1,ENSG00000277972,-0.04806732309290006,-0.04215941375666229
BC23901,BC23901_D1,ENSG00000117450,0.09595237218817392,0.13713193768028256
BC23901,BC23901_D1,ENSG00000070756,-0.028613853598297524,-0.0847033933989623
BC23901,BC23901_D1,ENSG00000205542,0.14224860933724343,0.18711434239045466
BC23901,BC23901_D1,ENSG00000102265,0.05246690704066537,0.05559569578549623
BC23901,BC23901_D1,ENSG00000277791,0.07092803700727933,0.14721455347805884
BC23901,BC23901_D1,__ambiguous[ENSG00000257341+ENSG00000213145],0.16391270335177321,0.16789521214159656
BC23901,BC23901_D1,ENSG00000178719,0.1176860020249556,0.10404350732678562
BC23901,BC23901_D1,ENSG00000149591,0.06666027714573297,0.05430366970816367
BC23901,BC23901_D1,ENSG00000125534,0.04261090946274282,0.03753652940932925
BC23901,BC23901_D1,ENSG00000143774,0.03816974959120538,0.02140249556317158
BC23901,BC23901_D1,ENSG00000124664,0.18574550211718008,0.22422649350688764
BC23901,BC23901_D1,ENSG00000163682,-0.017028088652406428,-0.04233330368332542
BC23901,BC23901_D1,ENSG00000145425,-0.022776586131624255,-0.04001669840512866
BC23901,BC23901_D1,ENSG00000165215,0.14786718198140789,0.14658239660064562
BC23901,BC23901_D1,ENSG00000105223,0.036186444349677424,0.043155019604026255
BC23901,BC23901_D1,ENSG00000162511,0.0019545179932721484,0.0037828229225559343
BC23901,BC23901_D1,ENSG00000160789,0.11111509710793988,0.12531987651655263
BC23901,BC23901_D1,ENSG00000182492,0.08771591409537723,0.09542607882993734
BC23901,BC23901_D1,ENSG00000164733,0.1328158988391107,0.14950602819973516
BC23901,BC23901_D1,ENSG00000176340,-0.0030447664337743957,-0.037269009283061406
BC23901,BC23901_D1,ENSG00000255823,0.2904981593754706,0.2642881663083192
BC23901,BC23901_D1,ENSG00000115414,-0.029615879790894768,-0.07257760773285626
BC23901,BC23901_D1,ENSG00000141522,0.06223430755147183,0.1254228446164848
BC23901,BC23901_D1,ENSG00000124614,-0.07957981390542657,-0.06107528611729382
BC23901,BC23901_D1,ENSG00000196924,-0.032742608248395144,0.004967418019495138
BC23901,BC23901_D1,ENSG00000127540,0.07731388162837903,0.07068175372961318
BC23901,BC23901_D1,ENSG00000187514,0.18994587363846532,0.21918552239785805
BC23901,BC23901_D1,ENSG00000204287,0.21831939631901057,0.24956582875260824
BC23901,BC23901_D1,ENSG00000182809,0.10257693937257792,0.0955231489766498
BC23901,BC23901_D1,ENSG00000138326,0.05018050964017,0.03104431652247864
BC23901,BC23901_D1,__ambiguous[ENSG00000277957+ENSG00000161960],0.20030116149461322,0.21589426167857625
BC23901,BC23901_D1,ENSG00000142089,-0.14439142106000058,-0.22476643956061054
BC23901,BC23901_D1,ENSG00000103363,0.009823882375025619,0.029982506570832127
BC23901,BC23901_D1,ENSG00000135480,-0.018707870538811802,-0.0037000385488385745
BC23901,BC23901_D1,ENSG00000269028,0.3394593359556754,0.31976448467811097
BC23901,BC23901_D1,ENSG00000169223,0.04620502841625413,0.07161241266793945
BC23901,BC23901_D1,ENSG00000058262,0.17880841894634694,0.21273184279833407
BC23901,BC23901_D1,ENSG00000131748,0.04688678494698969,0.05491662682454818
BC23901,BC23901_D1,ENSG00000144426,0.1152289077519341,0.07645530954535162
BC23901,BC23901_D1,ENSG00000051523,-0.06349072771276877,-0.05679021346985846
BC23901,BC23901_D1,ENSG00000123349,-0.04180504312930692,-0.020037580475483003
BC23901,BC23901_D1,ENSG00000052344,-0.03706639377162548,-0.037616394686233894
BC23901,BC23901_D1,ENSG00000114353,-0.09243018752117219,-0.09261756857543295
BC23901,BC23901_D1,ENSG00000164692,0.055254404935103855,-0.00041449077794056087
BC23901,BC23901_D1,ENSG00000251562,0.30240334295282134,0.32103245159101507
BC23901,BC23901_D1,ENSG00000184897,0.09762389334477779,0.1123539260765601
BC23901,BC23901_D1,ENSG00000170315,0.10660636313862369,0.1145125865084712
BC23901,BC23901_D1,ENSG00000182899,0.01879846657235705,0.004137570917741605
BC23901,BC23901_D1,ENSG00000272196,-0.10663197362068413,-0.1495354148625188
BC23901,BC23901_D1,ENSG00000111669,-0.02521637113413571,-0.028593037272693977
BC23901,BC23901_D1,ENSG00000026025,0.07826966770432822,0.03881368340238963
BC23901,BC23901_D1,__ambiguous[ENSG00000273259+ENSG00000196136],-0.22207393350472987,-0.23511977476822377
BC23901,BC23901_D1,ENSG00000114867,0.016401683632251703,0.043038740748863075
BC23901,BC23901_D1,__ambiguous[ENSG00000219200+ENSG00000161939],-0.12239369600338165,-0.11525415014052494
BC23901,BC23901_D1,ENSG00000178952,0.1659789819522645,0.19726169455590223
BC23901,BC23901_D1,ENSG00000178980,0.16293112760759512,0.20808200474958025
BC23901,BC23901_D1,ENSG00000172354,-0.031241205281518754,-0.06103083628227478
BC23901,BC23901_D1,__ambiguous[ENSG00000262526+ENSG00000170296],0.09017341217317718,0.14056540811101834
BC23901,BC23901_D1,ENSG00000125730,-0.08123036841887175,-0.09489237791830353
BC23901,BC23901_D1,ENSG00000167815,-0.016335168346131555,0.024708117310958486
BC23901,BC23901_D1,ENSG00000100219,0.31465063209471156,0.3637373109949834
BC23901,BC23901_D1,ENSG00000008988,0.02369509540591551,0.026981574346622683
BC23901,BC23901_D1,ENSG00000104529,0.13043193511389514,0.10289942322767878
BC23901,BC23901_D1,ENSG00000131143,0.08778933547421676,0.10783166297695498
BC23901,BC23901_D1,ENSG00000142949,-0.09711423003716269,-0.1521840483995824
BC23901,BC23901_D1,ENSG00000087460,-0.010193743241044594,-0.01673565115929332
BC23901,BC23901_D1,ENSG00000214530,0.10799774911340189,0.11303200892977723
BC23901,BC23901_D1,ENSG00000104964,0.02813410583963117,0.045680274795800564
BC23901,BC23901_D1,ENSG00000188846,0.08970787231908857,0.10321881346915782
BC23901,BC23901_D1,ENSG00000100300,0.11475088873938132,0.10868208414374587
BC23901,BC23901_D1,ENSG00000142173,0.1257149748006795,0.0819177552723448
BC23901,BC23901_D1,ENSG00000155366,-0.047795605031142205,-0.0633611374235013
BC23901,BC23901_D1,ENSG00000197956,0.008594515002359644,-0.01155344807854375
BC23901,BC23901_D1,ENSG00000164919,0.06027131718545348,-0.00402718461227292
BC23901,BC23901_D1,__ambiguous[ENSG00000241343+ENSG00000257529],-0.06776639150874735,-0.1305709071046537
BC23901,BC23901_D1,ENSG00000163479,-0.09996697831735729,-0.13587785226244917
BC23901,BC23901_D1,ENSG00000126247,0.08407729224582004,0.1220072224538863
BC23901,BC23901_D1,ENSG00000114391,0.04607561592024906,0.031297229118239185
BC23901,BC23901_D1,ENSG00000174444,0.07227818065254205,0.05119665512598731
BC23901,BC23901_D1,ENSG00000173272,0.015153405137488144,-0.014244626432748249
BC23901,BC23901_D1,ENSG00000174886,-0.019169025792433788,0.025590026235333855
BC23901,BC23901_D1,ENSG00000213988,0.05698220708455055,0.05951104225508619
BC23901,BC23901_D1,ENSG00000124172,0.0014203338471008172,-0.03769827391651651
BC23901,BC23901_D1,ENSG00000171222,0.05061912938800121,0.060749785404322
BC23901,BC23901_D1,ENSG00000186468,0.008714359414280379,-0.021704370887152998
BC23901,BC23901_D1,ENSG00000173369,0.059330370472187394,0.09265374537792756
BC23901,BC23901_D1,ENSG00000163399,-0.03751608986209403,-0.04875371203295717
BC23901,BC23901_D1,ENSG00000135390,0.13235500898688804,0.1751830305833593
BC23901,BC23901_D1,ENSG00000196576,0.01678395341431139,0.021485261699943775
BC23901,BC23901_D1,ENSG00000170421,0.13890983256290085,0.14260931804879254
BC23901,BC23901_D1,ENSG00000160180,-0.08980874872410825,-0.09616260549062175
BC23901,BC23901_D1,ENSG00000177700,0.05049585852623078,0.026160999551813807
BC23901,BC23901_D1,ENSG00000172270,0.09309043003713954,0.12851131291020937
BC23901,BC23901_D1,ENSG00000173801,-0.06121277377167155,-0.10906829755701725
BC23901,BC23901_D1,ENSG00000160932,0.08321445567997099,0.13835506917938586
BC23901,BC23901_D1,ENSG00000186010,0.06413553584676963,0.09478174155188676
BC23901,BC23901_D1,ENSG00000168528,0.13002649550120313,0.15877050532257295
BC23901,BC23901_D1,ENSG00000171863,-0.12165930293175847,-0.146670369744936
BC23901,BC23901_D1,ENSG00000161960,0.21635708288865713,0.2545499307381738
BC23901,BC23901_D1,ENSG00000125970,0.08407475697709918,0.12382097959999824
BC23901,BC23901_D1,ENSG00000130725,0.17835264957831867,0.1915197937179189
BC23901,BC23901_D1,ENSG00000279274,0.004256432006790291,-0.017717850272593656
BC23901,BC23901_D1,ENSG00000011304,0.18403444421226775,0.25041476265752577
BC23901,BC23901_D1,ENSG00000143420,-0.09571531929695556,-0.08587925578976704
BC23901,BC23901_D1,ENSG00000134419,-0.056441464286429155,-0.11025994334959613
BC23901,BC23901_D1,ENSG00000141753,-0.020063625648174876,-0.0854129640750189
BC23901,BC23901_D1,ENSG00000147604,-0.028246630331961845,-0.03918225194741049
BC23901,BC23901_D1,ENSG00000106153,-0.06816774423963888,-0.11011591040209713
BC23901,BC23901_D1,ENSG00000109475,0.10715898355633845,0.12662869718765818
BC23901,BC23901_D1,ENSG00000101335,0.13597564504678158,0.11047724504749717
BC23901,BC23901_D1,ENSG00000132475,0.22120854663590345,0.24716523445221353
BC23901,BC23901_D1,ENSG00000187608,-0.2777454909080599,-0.2875424098461654
BC23901,BC23901_D1,ENSG00000123416,0.011353190914604601,-0.023545889706855134
BC23901,BC23901_D1,ENSG00000113140,-0.04371638525049102,-0.09087865766695208
BC23901,BC23901_D1,ENSG00000143546,0.010035159700924185,-0.006850552228504293
BC23901,BC23901_D1,ENSG00000140990,0.033541852339198173,0.06911279155543698
BC23901,BC23901_D1,ENSG00000135940,0.17863427602729534,0.1814311224000054
BC23901,BC23901_D1,ENSG00000132507,0.16994509047634238,0.18400029985182803
BC23903,BC23903_C1,ENSG00000034510,0.02471442985982943,0.07411520922510914
BC23903,BC23903_C1,ENSG00000171345,0.010463608796099377,0.03481780619286883
BC23903,BC23903_C1,ENSG00000111640,0.14251487799270326,0.18178458639447534
BC23903,BC23903_C1,ENSG00000137818,0.23096522332069905,0.305779875322622
BC23903,BC23903_C1,ENSG00000254709,0.13893957279286956,0.2143270588449641
BC23903,BC23903_C1,ENSG00000164587,0.1426377369179198,0.20860605151293848
BC23903,BC23903_C1,ENSG00000177600,0.2522562707113365,0.25972813430076663
BC23903,BC23903_C1,ENSG00000231500,0.06682943515260419,0.08407887966994633
BC23903,BC23903_C1,ENSG00000108298,0.0829091280218883,0.11186036618493132
BC23903,BC23903_C1,ENSG00000075624,0.09251420526934855,0.06833963730201333
BC23903,BC23903_C1,ENSG00000108107,0.19952174771577924,0.2380805437563897
BC23903,BC23903_C1,ENSG00000197756,0.13139547970982762,0.1377746583126165
BC23903,BC23903_C1,ENSG00000161016,0.18479020351306572,0.23183840457118657
BC23903,BC23903_C1,ENSG00000105372,0.13026734145936203,0.15724751354168606
BC23903,BC23903_C1,ENSG00000141736,0.19027027000901914,0.20875542858248042
BC23903,BC23903_C1,ENSG00000087086,0.04631512940546213,0.08571486766546274
BC23903,BC23903_C1,__ambiguous[ENSG00000251357+ENSG00000240972],0.16737069764974874,0.1941808089008852
BC23903,BC23903_C1,ENSG00000108518,-0.008381296025894883,-0.010421526250847689
BC23903,BC23903_C1,ENSG00000130255,0.2347591955229518,0.24144254144317082
BC23903,BC23903_C1,ENSG00000167526,0.15873882256152239,0.17946688355363907
BC23903,BC23903_C1,ENSG00000136942,0.15881778226732077,0.20085221230390288
BC23903,BC23903_C1,ENSG00000063177,-0.031168458130350813,0.0022021034150981837
BC23903,BC23903_C1,ENSG00000117984,0.03928558207115537,0.05905041666894013
BC23903,BC23903_C1,ENSG00000180879,0.08192985798640454,0.12835209585321386
BC23903,BC23903_C1,ENSG00000197746,0.16935084962834057,0.18569699259159778
BC23903,BC23903_C1,ENSG00000149273,0.09124953024408579,0.045370207872840164
BC23903,BC23903_C1,ENSG00000140264,0.03128814722245757,0.07090287528409889
BC23903,BC23903_C1,ENSG00000105193,-0.015356994944614998,-0.019706539698873368
BC23903,BC23903_C1,ENSG00000204628,0.05477299180373362,0.060252366328431756
BC23903,BC23903_C1,ENSG00000221983,0.0699171263817219,0.07959516655281652
BC23903,BC23903_C1,ENSG00000179218,0.2107272229487311,0.26037008416374663
BC23903,BC23903_C1,ENSG00000130203,0.04573153640276149,0.06741796397402838
BC23903,BC23903_C1,ENSG00000109062,0.12938323919369737,0.16385051579522447
BC23903,BC23903_C1,ENSG00000185624,0.1725127139432067,0.20798782019298598
BC23903,BC23903_C1,ENSG00000234745,0.1349619296481111,0.15396712418468544
BC23903,BC23903_C1,ENSG00000142534,-0.017708557504107384,0.0007630971924183693
BC23903,BC23903_C1,ENSG00000166441,0.16834025483746787,0.18180375037327254
BC23903,BC23903_C1,ENSG00000142541,0.15279811778887104,0.18199026381635616
BC23903,BC23903_C1,ENSG00000140988,-0.036319014425764844,-0.01668887910651239
BC23903,BC23903_C1,ENSG00000089157,0.09849638279679636,0.11764889156956013
BC23903,BC23903_C1,ENSG00000147403,0.008340198840389043,0.006405493279102303
BC23903,BC23903_C1,ENSG00000167996,-0.03924363709180674,-0.0550644322921996
BC23903,BC23903_C1,ENSG00000115268,0.10777991591652802,0.11504280510507885
BC23903,BC23903_C1,ENSG00000171858,0.11833339802902147,0.1069523470838767
BC23903,BC23903_C1,ENSG00000111341,-0.149043849603825,-0.27388162054031984
BC23903,BC23903_C1,ENSG00000105640,0.12720168350737204,0.15330390049553025
BC23903,BC23903_C1,ENSG00000112306,0.10405570395971675,0.0894633310780795
BC23903,BC23903_C1,ENSG00000233927,-0.05712541220631982,-0.055488123294772686
BC23903,BC23903_C1,ENSG00000198034,0.10114873777286519,0.06975033394693776
BC23903,BC23903_C1,ENSG00000182774,0.17522078763142776,0.16503790035530463
BC23903,BC23903_C1,ENSG00000213741,0.16304241445760687,0.13267334992666416
BC23903,BC23903_C1,ENSG00000142676,-0.02484789949979593,-0.057092780446249713
BC23903,BC23903_C1,ENSG00000149806,0.1903493406063111,0.18396503796412356
BC23903,BC23903_C1,ENSG00000101439,-0.12899451284274924,-0.12726796728880016
BC23903,BC23903_C1,ENSG00000169710,0.14732664447461566,0.14966186120250033
BC23903,BC23903_C1,ENSG00000177954,0.06345128231510659,0.0847905916711338
BC23903,BC23903_C1,ENSG00000019582,0.1200688263346382,0.12543234422122906
BC23903,BC23903_C1,ENSG00000172809,0.12695960140760515,0.12982776933612844
BC23903,BC23903_C1,ENSG00000204525,0.19012279165558393,0.2006672762362489
BC23903,BC23903_C1,ENSG00000125691,0.09316650279316996,0.05225575907478359
BC23903,BC23903_C1,ENSG00000170889,0.03944622520249236,0.05610934573913468
BC23903,BC23903_C1,ENSG00000184009,0.3030398143925272,0.32795162374121356
BC23903,BC23903_C1,ENSG00000100316,0.04375205163084862,0.039220039388201754
BC23903,BC23903_C1,ENSG00000172757,-0.020289640339197675,-0.008751024874246996
BC23903,BC23903_C1,ENSG00000137154,0.17352917111270263,0.15643573161796762
BC23903,BC23903_C1,__ambiguous[ENSG00000185883+ENSG00000260272],0.07492561832368219,0.10517588946468534
BC23903,BC23903_C1,ENSG00000204592,0.1301401189112794,0.18093120345629632
BC23903,BC23903_C1,ENSG00000083845,0.13023757384049162,0.1449528004800945
BC23903,BC23903_C1,ENSG00000231925,0.0813843195980057,0.10002391185184027
BC23903,BC23903_C1,ENSG00000206503,0.05623164287800589,0.12475113810644019
BC23903,BC23903_C1,ENSG00000108821,0.24969134450839256,0.3024806783432984
BC23903,BC23903_C1,ENSG00000135404,0.1369637610710712,0.13820244953464358
BC23903,BC23903_C1,__ambiguous[ENSG00000254772+ENSG00000255508],0.010523387871735998,-0.01874763023478229
BC23903,BC23903_C1,ENSG00000142937,-0.10851694531943884,-0.14603155835208284
BC23903,BC23903_C1,ENSG00000167468,0.11305951163993076,0.16007015874676797
BC23903,BC23903_C1,ENSG00000149925,0.04808498849987511,0.06026908723857237
BC23903,BC23903_C1,ENSG00000160862,-0.17219573773895203,-0.21293254392017438
BC23903,BC23903_C1,ENSG00000165949,0.04449342864356605,0.05006280710335954
BC23903,BC23903_C1,ENSG00000115457,-0.13516733329790265,-0.15505735156164344
BC23903,BC23903_C1,ENSG00000107223,0.1455686985428815,0.15744779175406606
BC23903,BC23903_C1,ENSG00000167658,-0.03479445291057798,-0.029188814850914336
BC23903,BC23903_C1,ENSG00000156482,-0.034682729053059316,-0.0479478433656226
BC23903,BC23903_C1,ENSG00000108639,0.22796100604926156,0.2503965327618809
BC23903,BC23903_C1,ENSG00000246705,-0.08105696438868457,-0.09594119983616804
BC23903,BC23903_C1,ENSG00000108679,0.09775906380318512,0.1337685524006633
BC23903,BC23903_C1,ENSG00000167995,0.14482461040146302,0.20107036318750793
BC23903,BC23903_C1,ENSG00000197958,0.025587744376473397,0.03466195627202887
BC23903,BC23903_C1,ENSG00000163191,0.06323935663716256,0.08148785216732315
BC23903,BC23903_C1,ENSG00000162244,0.10560056633806252,0.13032801140435485
BC23903,BC23903_C1,ENSG00000131469,0.04963630007668113,0.05439459866031104
BC23903,BC23903_C1,ENSG00000148303,0.07503370464697888,0.06869285976756478
BC23903,BC23903_C1,ENSG00000185825,0.07635294125365599,0.07590566781592165
BC23903,BC23903_C1,ENSG00000224389,0.16675003171497943,0.19447731251899117
BC23903,BC23903_C1,ENSG00000144713,0.004814112330992019,-0.012504000015010456
BC23903,BC23903_C1,ENSG00000185499,-0.03451809414328867,-0.07573114659100365
BC23903,BC23903_C1,ENSG00000174748,0.21772181830402196,0.24402823107578409
BC23903,BC23903_C1,ENSG00000106211,0.122007635719631,0.09983457572497435
BC23903,BC23903_C1,ENSG00000198242,0.008164641129160344,-0.03772274848197234
BC23903,BC23903_C1,ENSG00000172531,0.22674633127724114,0.2285005387984367
BC23903,BC23903_C1,ENSG00000143947,0.19786612589801447,0.21154497380727968
BC23903,BC23903_C1,__ambiguous[ENSG00000243678+ENSG00000011052],0.11756526859167524,0.12019117446481745
BC23903,BC23903_C1,ENSG00000145592,0.10055584595452421,0.1093989391988942
BC23903,BC23903_C1,ENSG00000106624,0.0443402843024631,0.07389090861070437
BC23903,BC23903_C1,ENSG00000166710,0.389487986351358,0.3978886493557864
BC23903,BC23903_C1,ENSG00000117410,-0.006307599153414764,-0.03964435518289704
BC23903,BC23903_C1,ENSG00000152082,0.03634330653633806,0.018765503101426176
BC23903,BC23903_C1,ENSG00000108344,0.17641652669280483,0.1785766840454838
BC23903,BC23903_C1,ENSG00000111057,-0.018624104326491947,-0.03158686904507593
BC23903,BC23903_C1,ENSG00000104904,0.12923928380393804,0.1579766003949233
BC23903,BC23903_C1,__ambiguous[ENSG00000185885+ENSG00000185201],-0.07640938654771387,-0.0841614960178292
BC23903,BC23903_C1,ENSG00000141741,0.09267865487943812,0.09674098008152696
BC23903,BC23903_C1,ENSG00000130208,-0.001812101725832364,0.011319635416483254
BC23903,BC23903_C1,ENSG00000165215,0.11705751116493783,0.15560564238056604
BC23903,BC23903_C1,ENSG00000163220,0.027844594266746774,0.02043207642646479
BC23903,BC23903_C1,ENSG00000030582,0.08973910684604863,0.10448106555371305
BC23903,BC23903_C1,ENSG00000074800,0.0069000931201974895,0.012137400593006551
BC23903,BC23903_C1,ENSG00000130303,0.15810307184453767,0.1928855336472501
BC23903,BC23903_C1,ENSG00000173372,0.04395550367927044,0.08846565472497976
BC23903,BC23903_C1,ENSG00000126267,0.07671713061281571,0.12341437307514191
BC23903,BC23903_C1,ENSG00000279483,0.1410923058342833,0.12838936532725448
BC23903,BC23903_C1,__ambiguous[ENSG00000257341+ENSG00000213145],-0.12211149851157051,-0.1717596189658113
BC23903,BC23903_C1,ENSG00000118181,0.0948797693485879,0.09469406102780208
BC23903,BC23903_C1,ENSG00000158710,0.19265897200548263,0.22069227671798644
BC23903,BC23903_C1,ENSG00000124664,0.08869740101187837,0.09735747342915961
BC23903,BC23903_C1,ENSG00000071553,0.1250427507857285,0.13901280608576616
BC23903,BC23903_C1,ENSG00000115884,0.10040173551458384,0.16414803950382567
BC23903,BC23903_C1,ENSG00000110651,0.10279918090386209,0.07610717309625215
BC23903,BC23903_C1,__ambiguous[ENSG00000124614+ENSG00000270800],-0.031230663979992856,-0.02789507347546246
BC23903,BC23903_C1,ENSG00000169100,0.11867764586720995,0.11275454338836274
BC23903,BC23903_C1,ENSG00000142669,0.08785154929422387,0.08856303669499284
BC23903,BC23903_C1,ENSG00000133112,0.2091869034840841,0.20007799831551726
BC23903,BC23903_C1,ENSG00000150991,0.09867820636847802,0.10874789273425532
BC23903,BC23903_C1,ENSG00000071082,0.2354590711483957,0.23878758257336366
BC23903,BC23903_C1,ENSG00000178719,0.11804630093834424,0.13135169836704116
BC23903,BC23903_C1,ENSG00000117450,0.14608675902678023,0.1928961727560856
BC23903,BC23903_C1,ENSG00000092841,0.1483851762861344,0.1330185606082871
BC23903,BC23903_C1,ENSG00000070756,0.07808096893406309,0.08123121204208165
BC23903,BC23903_C1,ENSG00000141522,0.07097840806766194,0.07776806771148895
BC23903,BC23903_C1,ENSG00000105223,-0.0040173763657800066,0.011461669129958945
BC23903,BC23903_C1,ENSG00000163682,0.19630100675854203,0.1946572911247265
BC23903,BC23903_C1,ENSG00000102265,0.1342917645160124,0.08262452953323092
BC23903,BC23903_C1,ENSG00000125534,0.07885655754765754,0.08096220380678294
BC23903,BC23903_C1,ENSG00000162511,0.01925493127304373,0.035198017662375514
BC23903,BC23903_C1,ENSG00000176340,0.179220334691012,0.20282121375862383
BC23903,BC23903_C1,ENSG00000143774,0.01950951131313781,0.02959560416972143
BC23903,BC23903_C1,ENSG00000205542,0.23424144448247952,0.25390631454752727
BC23903,BC23903_C1,ENSG00000127540,-0.046261211166384486,-0.04793336009345002
BC23903,BC23903_C1,ENSG00000182809,0.09430665219171395,0.09060019614934346
BC23903,BC23903_C1,ENSG00000164733,0.13639209029691546,0.14692607405172503
BC23903,BC23903_C1,ENSG00000277972,0.011906485252270515,0.010776831263535356
BC23903,BC23903_C1,ENSG00000145425,0.17114465147430455,0.16016171642088656
BC23903,BC23903_C1,ENSG00000124614,0.1372856480143428,0.12115111872198234
BC23903,BC23903_C1,__ambiguous[ENSG00000277957+ENSG00000161960],0.20697286180645094,0.25248687275288245
BC23903,BC23903_C1,ENSG00000184897,0.037369785085331605,0.042243527718648886
BC23903,BC23903_C1,ENSG00000100219,0.07692482123173154,0.06143673093205534
BC23903,BC23903_C1,ENSG00000204287,0.2884780796011665,0.2964645085000481
BC23903,BC23903_C1,ENSG00000160789,0.04219462179815239,0.04666753379434346
BC23903,BC23903_C1,ENSG00000142089,0.0033890524977549974,-0.01423137012053834
BC23903,BC23903_C1,ENSG00000277791,0.13337652032738614,0.15546983301957498
BC23903,BC23903_C1,ENSG00000103363,0.12638044363896134,0.13969133779061718
BC23903,BC23903_C1,ENSG00000138326,0.22510657767727946,0.23983154238672727
BC23903,BC23903_C1,ENSG00000051523,-0.030668154049247602,-0.008318455803444657
BC23903,BC23903_C1,ENSG00000115414,0.36417050136967427,0.4290740878443842
BC23903,BC23903_C1,ENSG00000178952,0.01551081139913057,0.03809642005419355
BC23903,BC23903_C1,ENSG00000058262,0.12329664526829395,0.1640368595256718
BC23903,BC23903_C1,ENSG00000111669,-0.020653521065479102,-0.03260600749538606
BC23903,BC23903_C1,ENSG00000187514,0.2170936031420239,0.2461490919809095
BC23903,BC23903_C1,ENSG00000170315,0.163355248920908,0.11642650293727193
BC23903,BC23903_C1,ENSG00000164919,0.09090273522342089,0.1139658610592955
BC23903,BC23903_C1,__ambiguous[ENSG00000273259+ENSG00000196136],-0.20266457555188994,-0.2784048752658038
BC23903,BC23903_C1,ENSG00000052344,0.12309766284719043,0.13014581204728393
BC23903,BC23903_C1,ENSG00000123349,-0.014300585430223294,0.00587110605239197
BC23903,BC23903_C1,ENSG00000182492,0.1981923946355955,0.22082968066057107
BC23903,BC23903_C1,ENSG00000272196,0.31450955372485967,0.3628376888243551
BC23903,BC23903_C1,ENSG00000104529,0.14324075253134377,0.12557971515844166
BC23903,BC23903_C1,ENSG00000167815,0.14910432696462927,0.17908692289470945
BC23903,BC23903_C1,ENSG00000149591,0.21773472451427478,0.2116661157204615
BC23903,BC23903_C1,ENSG00000114353,0.11451930990829323,0.10799969025465049
BC23903,BC23903_C1,__ambiguous[ENSG00000219200+ENSG00000161939],-0.08021004083173236,-0.04761325544596512
BC23903,BC23903_C1,ENSG00000135480,0.04693395791414922,0.07502694742303757
BC23903,BC23903_C1,ENSG00000196924,-0.04930615253172185,-0.0804208229015272
BC23903,BC23903_C1,ENSG00000144426,0.026039788292419694,0.037277069949692765
BC23903,BC23903_C1,ENSG00000131748,0.09929049487565911,0.11368901853066693
BC23903,BC23903_C1,__ambiguous[ENSG00000262526+ENSG00000170296],0.0030762981738861462,-0.007732288893269529
BC23903,BC23903_C1,ENSG00000255823,0.6328431120599971,0.6638506452418932
BC23903,BC23903_C1,ENSG00000172354,0.08184421056132432,0.1189474915749335
BC23903,BC23903_C1,ENSG00000114867,0.0973225908508655,0.11354532503739559
BC23903,BC23903_C1,ENSG00000214530,0.05193986709414345,0.0958920363446213
BC23903,BC23903_C1,ENSG00000178980,0.1718294888407866,0.14503359568664007
BC23903,BC23903_C1,ENSG00000131143,0.014772983548929964,0.009083714462220963
BC23903,BC23903_C1,ENSG00000104964,-0.016717688926946573,0.011433463159279447
BC23903,BC23903_C1,ENSG00000182899,0.06950162391437928,0.08642711300938308
BC23903,BC23903_C1,ENSG00000169223,0.09385555248000285,0.12562389349333514
BC23903,BC23903_C1,ENSG00000188846,-0.08451658463961609,-0.06379585907066361
BC23903,BC23903_C1,ENSG00000008988,0.10858739289788913,0.12226512161761058
BC23903,BC23903_C1,ENSG00000126247,0.06095151190761659,0.05681186867250448
BC23903,BC23903_C1,ENSG00000145494,0.06309655386622831,0.03770654086795124
BC23903,BC23903_C1,ENSG00000087460,0.2870147804745311,0.3075119704901363
BC23903,BC23903_C1,ENSG00000160180,-0.10681223781282177,-0.12570941053041712
BC23903,BC23903_C1,ENSG00000174886,-0.18256565223447582,-0.17928174508796552
BC23903,BC23903_C1,ENSG00000155366,0.11974898840306582,0.07432330397075422
BC23903,BC23903_C1,ENSG00000269028,0.6018712183779868,0.642384084035226
BC23903,BC23903_C1,ENSG00000164692,0.31823098960107044,0.3741306299821457
BC23903,BC23903_C1,ENSG00000114391,0.12353752808541321,0.08732898121607754
BC23903,BC23903_C1,ENSG00000251562,0.06128906572125753,0.08784596731437855
BC23903,BC23903_C1,ENSG00000173272,0.006365408668860697,0.012385167858435776
BC23903,BC23903_C1,ENSG00000100300,0.10369551658470323,0.09457714148772844
BC23903,BC23903_C1,ENSG00000026025,0.22875584236825758,0.2316681857140328
BC23903,BC23903_C1,ENSG00000163479,0.09426387599563783,0.09122008500527519
BC23903,BC23903_C1,ENSG00000171222,0.027701714028743468,0.043014940687070874
BC23903,BC23903_C1,ENSG00000135390,0.0861708986825969,0.06878347345853762
BC23903,BC23903_C1,ENSG00000170421,0.13492334446278137,0.10361904108301136
BC23903,BC23903_C1,ENSG00000187608,0.007396040954837551,-0.027661913083309276
BC23903,BC23903_C1,__ambiguous[ENSG00000241343+ENSG00000257529],0.15289972235707436,0.16133973384197942
BC23903,BC23903_C1,ENSG00000142949,0.2291183330461189,0.27516875587494477
BC23903,BC23903_C1,ENSG00000163399,0.3338318699852961,0.3578421288181509
BC23903,BC23903_C1,ENSG00000173369,-0.017687221233226517,0.014684741971827668
BC23903,BC23903_C1,ENSG00000130725,-0.045998902289805486,-0.028668528484615343
BC23903,BC23903_C1,ENSG00000186010,0.03928421109548931,0.031512189229767125
BC23903,BC23903_C1,ENSG00000197956,0.06256677612083682,0.05223566449244425
BC23903,BC23903_C1,ENSG00000213988,-0.0315632425138765,-0.036207465520079175
BC23903,BC23903_C1,ENSG00000125730,0.23035795355613045,0.26077669827181155
BC23903,BC23903_C1,ENSG00000174444,0.13324831357673098,0.14257307549314036
BC23903,BC23903_C1,ENSG00000011304,0.0817441039481907,0.08787527630722583
BC23903,BC23903_C1,ENSG00000161960,0.21274737165848753,0.19640552496142055
BC23903,BC23903_C1,ENSG00000177700,0.06410969324546956,0.08388384568761546
BC23903,BC23903_C1,ENSG00000147684,-0.023605818862583068,-0.014671722190651458
BC23903,BC23903_C1,ENSG00000125970,0.21886301426584523,0.25102036096405683
BC23903,BC23903_C1,ENSG00000140990,0.031708471710043346,0.03323898687851852
BC23903,BC23903_C1,ENSG00000173801,0.11070997800542708,0.12232226810769417
BC23903,BC23903_C1,ENSG00000143420,0.021193395950053952,0.00259887290804867
BC23903,BC23903_C1,ENSG00000124172,0.22042506955210348,0.22957101625970522
BC23903,BC23903_C1,ENSG00000186468,0.15589615569008475,0.11683988538354088
BC23903,BC23903_C1,ENSG00000196576,0.22242939216456448,0.24069099411295153
BC23903,BC23903_C1,ENSG00000142173,0.15982329627311329,0.16374499881549556
BC23903,BC23903_C1,ENSG00000025708,-0.039297465216162175,-0.017078912945481004
BC23903,BC23903_C1,ENSG00000172270,0.04659235676460615,0.05765739427552784
BC23903,BC23903_C1,ENSG00000147604,0.08032956301478092,0.10501712635816095
BC23903,BC23903_C1,ENSG00000168528,0.18578722555382352,0.21007776147415916
BC23903,BC23903_C1,ENSG00000160932,0.11879901426583549,0.1306018022935949
BC23903,BC23903_C1,ENSG00000143546,0.007138481953485657,0.0035518798456753635
BC23903,BC23903_C1,ENSG00000266402,-0.01277611037018816,-0.029741553551567594
BC23903,BC23903_C1,ENSG00000132475,0.17705641646403245,0.19344660219864498
BC23903,BC23903_C1,ENSG00000196405,0.08516097382407058,0.08133987669656018
BC23903,BC23903_C1,ENSG00000109475,0.22469168485950564,0.23030514409231062
BC23903,BC23903_C1,ENSG00000135940,-0.0037627055009602822,0.007572238855878513
BC23903,BC23903_C1,ENSG00000096384,0.1882927774311249,0.19000088802523354
BC23903,BC23903_C1,ENSG00000132507,0.14420474234155156,0.14075877258679112
BC23903,BC23903_C1,ENSG00000171863,0.17393033861069795,0.17513341168704197
BC23903,BC23903_C1,ENSG00000106153,0.13963860183783827,0.1408661440312126
BC23903,BC23903_C2,ENSG00000034510,-0.016154547925580146,-0.025778057264678
BC23903,BC23903_C2,ENSG00000171345,-0.01242263310792826,0.04213144918646281
BC23903,BC23903_C2,ENSG00000111640,0.04339921720946845,0.044161716639748105
BC23903,BC23903_C2,ENSG00000137818,0.01249753598460273,0.016574856009942313
BC23903,BC23903_C2,ENSG00000254709,0.05119267312591355,0.08534214725764344
BC23903,BC23903_C2,ENSG00000164587,0.026142948180274142,0.03928550035365286
BC23903,BC23903_C2,ENSG00000177600,0.04109926605400244,0.06336179917622795
BC23903,BC23903_C2,ENSG00000231500,0.013337125385832593,0.017231187289233518
BC23903,BC23903_C2,ENSG00000108298,0.02118415416848075,0.02096827953471471
BC23903,BC23903_C2,ENSG00000075624,0.00507638141023171,-0.001493026059974273
BC23903,BC23903_C2,ENSG00000108107,0.04568262791046936,0.059162107025378906
BC23903,BC23903_C2,ENSG00000197756,0.011589232030859665,0.019945065316246412
BC23903,BC23903_C2,ENSG00000161016,0.004128520140225172,-0.017598120835922354
BC23903,BC23903_C2,ENSG00000105372,0.04550812046343503,0.06165556369291753
BC23903,BC23903_C2,ENSG00000141736,0.1844605160549163,0.26126979917007925
BC23903,BC23903_C2,ENSG00000087086,-0.0006423584927327479,0.011251401378926596
BC23903,BC23903_C2,__ambiguous[ENSG00000251357+ENSG00000240972],0.03237813411688758,0.018018008093436868
BC23903,BC23903_C2,ENSG00000108518,0.03272932387235252,0.0012675436588310907
BC23903,BC23903_C2,ENSG00000130255,0.07037403720815373,0.08129609623275179
BC23903,BC23903_C2,ENSG00000167526,0.07261768324095445,0.08138497424411391
BC23903,BC23903_C2,ENSG00000136942,0.03538030206564126,0.01844914840844187
BC23903,BC23903_C2,ENSG00000063177,0.023915199708956527,-0.0017717242939611923
BC23903,BC23903_C2,ENSG00000117984,0.08039242754452736,0.04057002192142129
BC23903,BC23903_C2,ENSG00000180879,0.049662387243779284,0.04433112590189619
BC23903,BC23903_C2,ENSG00000197746,0.09580686479546661,0.11962344541707765
BC23903,BC23903_C2,ENSG00000149273,0.026623462973247133,0.007815180552599178
BC23903,BC23903_C2,ENSG00000140264,0.005833459454633882,0.011238570054356647
BC23903,BC23903_C2,ENSG00000105193,0.03293818497958448,0.017306112580203373
BC23903,BC23903_C2,ENSG00000204628,0.022651129940851285,0.008398023243518226
BC23903,BC23903_C2,ENSG00000221983,0.01154641997478358,-0.014907644020062632
BC23903,BC23903_C2,ENSG00000179218,0.03651817321412189,0.11199071092809883
BC23903,BC23903_C2,ENSG00000130203,-0.032381277901058506,-0.02971323228590499
BC23903,BC23903_C2,ENSG00000109062,0.14451179010454973,0.18532975502640786
BC23903,BC23903_C2,ENSG00000185624,0.06531968301871255,0.08017201852426782
BC23903,BC23903_C2,ENSG00000234745,0.08462234587352045,0.1016799832171217
BC23903,BC23903_C2,ENSG00000142534,0.05748266172663871,0.06748791973984772
BC23903,BC23903_C2,ENSG00000166441,0.09951477437749978,0.08106480453068905
BC23903,BC23903_C2,ENSG00000142541,0.0258014145274776,0.03774003332173575
BC23903,BC23903_C2,ENSG00000140988,0.03659629094766816,0.04279784514283046
BC23903,BC23903_C2,ENSG00000089157,-0.04338837111666159,-0.05021804910540051
BC23903,BC23903_C2,ENSG00000147403,0.06206716504427415,0.0536280779080628
BC23903,BC23903_C2,ENSG00000167996,-0.017604744247518414,0.0007651073097357223
BC23903,BC23903_C2,ENSG00000115268,0.046336079103931,0.060423080264753855
BC23903,BC23903_C2,ENSG00000171858,0.01626897309828395,0.02869765976395671
BC23903,BC23903_C2,ENSG00000111341,-0.07692741147847787,-0.1041641047756395
BC23903,BC23903_C2,ENSG00000105640,0.09122798667976302,0.09711773060108188
BC23903,BC23903_C2,ENSG00000112306,0.014141761594588223,0.03733423912714479
BC23903,BC23903_C2,ENSG00000233927,-0.008423554027126575,-0.02837879770494835
BC23903,BC23903_C2,ENSG00000198034,0.016532006681864372,0.0030868166707864048
BC23903,BC23903_C2,ENSG00000182774,0.06874280110626871,0.093122836748486
BC23903,BC23903_C2,ENSG00000213741,0.14176605045767568,0.1438577075403457
BC23903,BC23903_C2,ENSG00000142676,0.07034946090253051,0.04634383158363154
BC23903,BC23903_C2,ENSG00000149806,0.022118433929949277,0.0312527929519396
BC23903,BC23903_C2,ENSG00000101439,0.042943638180277015,0.10615473776842414
BC23903,BC23903_C2,ENSG00000169710,0.15462316470952928,0.18778180961126803
BC23903,BC23903_C2,ENSG00000177954,0.1127385941491911,0.08948170776742691
BC23903,BC23903_C2,ENSG00000019582,0.04507340900353186,0.06221541296859845
BC23903,BC23903_C2,ENSG00000172809,0.06612330829689546,0.10326197859296447
BC23903,BC23903_C2,ENSG00000204525,0.07678603651889927,0.08780036012035117
BC23903,BC23903_C2,ENSG00000125691,0.002903651630577427,0.009814809349555148
BC23903,BC23903_C2,ENSG00000170889,-0.004605369273439524,-0.013863607386200724
BC23903,BC23903_C2,ENSG00000184009,0.05927461946408802,0.0986934148324594
BC23903,BC23903_C2,ENSG00000100316,0.027023063334337752,0.01158527827013446
BC23903,BC23903_C2,ENSG00000172757,-0.014137563214107564,0.002001237877310308
BC23903,BC23903_C2,ENSG00000137154,0.08436388087429698,0.07483113347890491
BC23903,BC23903_C2,__ambiguous[ENSG00000185883+ENSG00000260272],0.023861327036252745,0.0029292220242133245
BC23903,BC23903_C2,ENSG00000204592,0.03897524660271228,0.0703876220367252
BC23903,BC23903_C2,ENSG00000083845,0.025470266963095265,0.006074803602788921
BC23903,BC23903_C2,ENSG00000231925,-0.00833743871692871,-0.011961127344431895
BC23903,BC23903_C2,ENSG00000206503,0.06216381938683183,0.06830059908333128
BC23903,BC23903_C2,ENSG00000108821,0.03213743605640827,0.08269075301145257
BC23903,BC23903_C2,ENSG00000135404,0.06118070556813037,0.05703831815962274
BC23903,BC23903_C2,__ambiguous[ENSG00000254772+ENSG00000255508],0.03410621271547483,0.0016977471768682573
BC23903,BC23903_C2,ENSG00000142937,0.019077792719413927,-0.0005188853557321404
BC23903,BC23903_C2,ENSG00000167468,0.019124261014452776,0.03275155442555808
BC23903,BC23903_C2,ENSG00000149925,0.02464611258601249,0.03733129184997765
BC23903,BC23903_C2,ENSG00000160862,-0.08751906660676849,-0.1373060094538583
BC23903,BC23903_C2,ENSG00000165949,0.043269081929844536,0.06453983620289512
BC23903,BC23903_C2,ENSG00000115457,-0.12679537464030127,-0.13470163098911608
BC23903,BC23903_C2,ENSG00000107223,-0.019405136889829082,-0.02765632777953786
BC23903,BC23903_C2,ENSG00000167658,0.018309907531187886,0.0017030175653993125
BC23903,BC23903_C2,ENSG00000156482,0.012156242936153831,-0.011900454364195767
BC23903,BC23903_C2,ENSG00000108639,0.011934134442191824,0.015128215618403369
BC23903,BC23903_C2,ENSG00000246705,-0.012820180643759938,-0.028384825020428123
BC23903,BC23903_C2,ENSG00000108679,0.15797739824975293,0.15945890828479933
BC23903,BC23903_C2,ENSG00000167995,0.11100910809055957,0.15067018028064136
BC23903,BC23903_C2,ENSG00000197958,-0.0024250185973257675,-0.016441036855894948
BC23903,BC23903_C2,ENSG00000163191,0.11705118819026662,0.1470115289028952
BC23903,BC23903_C2,ENSG00000162244,0.019511525053953607,0.016969823931132947
BC23903,BC23903_C2,ENSG00000131469,-0.0521047075797528,-0.044168231012450994
BC23903,BC23903_C2,ENSG00000148303,0.015288156003884152,0.030450106818557345
BC23903,BC23903_C2,ENSG00000185825,0.0182147349990506,0.008051822594451068
BC23903,BC23903_C2,ENSG00000224389,0.0941514734213794,0.12390938946913158
BC23903,BC23903_C2,ENSG00000144713,0.0477218151713088,0.043420562193761086
BC23903,BC23903_C2,ENSG00000185499,-0.025850489936185314,-0.021453909299290298
BC23903,BC23903_C2,ENSG00000174748,0.0726956540362445,0.11451474654800572
BC23903,BC23903_C2,ENSG00000106211,0.025368309147622586,0.026671262519699583
BC23903,BC23903_C2,ENSG00000198242,0.012985144570772874,0.03809874325117305
BC23903,BC23903_C2,ENSG00000172531,0.046583604297918586,0.028781596256145982
BC23903,BC23903_C2,ENSG00000143947,0.06781581927973518,0.08179829707422376
BC23903,BC23903_C2,__ambiguous[ENSG00000243678+ENSG00000011052],0.06619970325014234,0.09033651562339401
BC23903,BC23903_C2,ENSG00000145592,-0.005229573260401588,-0.0024869186037919035
BC23903,BC23903_C2,ENSG00000106624,0.032001626259366284,0.01617883009328289
BC23903,BC23903_C2,ENSG00000166710,0.2651760299406147,0.25320596488259894
BC23903,BC23903_C2,ENSG00000117410,0.0064145550219995425,-0.0160411221676054
BC23903,BC23903_C2,ENSG00000152082,0.06120119611997511,0.06863276437490992
BC23903,BC23903_C2,ENSG00000108344,0.015693121513142873,0.050051796830901225
BC23903,BC23903_C2,ENSG00000111057,0.03780641037593617,0.05602509639155855
BC23903,BC23903_C2,ENSG00000104904,0.06023139764400634,0.05513795067420359
BC23903,BC23903_C2,__ambiguous[ENSG00000185885+ENSG00000185201],-0.02290296877772528,-0.023162517646417198
BC23903,BC23903_C2,ENSG00000141741,-0.0012727108946346633,0.01467656802860122
BC23903,BC23903_C2,ENSG00000130208,0.021680170373865087,0.009715988338564532
BC23903,BC23903_C2,ENSG00000165215,-0.016957358469137068,-0.00970349089963211
BC23903,BC23903_C2,ENSG00000163220,-0.01433612534197228,0.009314239318178654
BC23903,BC23903_C2,ENSG00000030582,0.09114750255582643,0.10589680528575515
BC23903,BC23903_C2,ENSG00000074800,0.0507170842445035,0.026668539835645128
BC23903,BC23903_C2,ENSG00000130303,0.014839391549689983,0.009205548477962126
BC23903,BC23903_C2,ENSG00000173372,0.0169553145382209,0.01556075828189864
BC23903,BC23903_C2,ENSG00000126267,0.07532617517999131,0.07318291687209565
BC23903,BC23903_C2,ENSG00000279483,0.14220035248567428,0.134793544255522
BC23903,BC23903_C2,__ambiguous[ENSG00000257341+ENSG00000213145],-0.14520255224493847,-0.19576494952458753
BC23903,BC23903_C2,ENSG00000118181,0.13188094129771283,0.13915122196493418
BC23903,BC23903_C2,ENSG00000158710,0.08216591488401481,0.1391286562854132
BC23903,BC23903_C2,ENSG00000124664,-0.0005035506346049879,0.0185726773376301
BC23903,BC23903_C2,ENSG00000071553,0.044839084855366876,0.02411247992868031
BC23903,BC23903_C2,ENSG00000115884,-0.00644628283014745,-0.020730484179531532
BC23903,BC23903_C2,ENSG00000110651,0.01823473307403972,0.005567941338568585
BC23903,BC23903_C2,__ambiguous[ENSG00000124614+ENSG00000270800],0.0038858049309474373,-0.008710887919140368
BC23903,BC23903_C2,ENSG00000169100,-0.033168579833436546,-0.024717634504686795
BC23903,BC23903_C2,ENSG00000142669,0.03393978212860303,0.02885116295736703
BC23903,BC23903_C2,ENSG00000133112,0.10725208375057599,0.10268380289487175
BC23903,BC23903_C2,ENSG00000150991,0.11982000027649221,0.11278437207305617
BC23903,BC23903_C2,ENSG00000071082,0.11032317633470587,0.11163072076585115
BC23903,BC23903_C2,ENSG00000178719,-0.005314633662987389,0.013415174518891076
BC23903,BC23903_C2,ENSG00000117450,0.2842618716615519,0.3087546706192697
BC23903,BC23903_C2,ENSG00000092841,-0.012112184792949987,0.004200144966331334
BC23903,BC23903_C2,ENSG00000070756,0.11704169770888201,0.13350705592452133
BC23903,BC23903_C2,ENSG00000141522,0.040500311857024865,0.02186415168287213
BC23903,BC23903_C2,ENSG00000105223,0.041385178084544796,0.04908598108053978
BC23903,BC23903_C2,ENSG00000163682,0.18990204904681354,0.1576865482020122
BC23903,BC23903_C2,ENSG00000102265,0.08184268474622469,0.06934431931169116
BC23903,BC23903_C2,ENSG00000125534,-0.03879371291004886,-0.0514537895352818
BC23903,BC23903_C2,ENSG00000162511,-0.0005996854424255692,0.005853035253366711
BC23903,BC23903_C2,ENSG00000176340,0.023945593931239007,0.0201432866458008
BC23903,BC23903_C2,ENSG00000143774,0.01263007295180261,0.016656849645983636
BC23903,BC23903_C2,ENSG00000205542,0.2520613966986599,0.23340685480277493
BC23903,BC23903_C2,ENSG00000127540,-0.038335289201058616,-0.04318609512355301
BC23903,BC23903_C2,ENSG00000182809,0.08846953564713086,0.12011613494753023
BC23903,BC23903_C2,ENSG00000164733,0.1297953016426605,0.14600131163344746
BC23903,BC23903_C2,ENSG00000277972,0.03449609768033156,0.009936669280719899
BC23903,BC23903_C2,ENSG00000145425,0.08551595593545756,0.085807430427649
BC23903,BC23903_C2,ENSG00000124614,0.025077288947675757,0.007085923083085384
BC23903,BC23903_C2,__ambiguous[ENSG00000277957+ENSG00000161960],0.07267737019685008,0.09082081412343633
BC23903,BC23903_C2,ENSG00000184897,0.005075428867685006,-0.01590753207617697
BC23903,BC23903_C2,ENSG00000100219,0.04895689161728286,0.06576455658322304
BC23903,BC23903_C2,ENSG00000204287,0.09104448359838978,0.08257604082805522
BC23903,BC23903_C2,ENSG00000160789,-0.004707112627902801,-0.0034187452774434098
BC23903,BC23903_C2,ENSG00000142089,-0.012648375552716066,-0.02645274163067148
BC23903,BC23903_C2,ENSG00000277791,0.06866224518953704,0.07013984894828185
BC23903,BC23903_C2,ENSG00000103363,-0.012197582326030678,-0.02251337738840108
BC23903,BC23903_C2,ENSG00000138326,0.21161184561112603,0.20140020150910024
BC23903,BC23903_C2,ENSG00000051523,0.043174681530373314,0.038843226743177944
BC23903,BC23903_C2,ENSG00000115414,0.17403526155168123,0.25428192307310327
BC23903,BC23903_C2,ENSG00000178952,0.058694468157829506,0.061448794094141265
BC23903,BC23903_C2,ENSG00000058262,-0.014037146268467866,-0.015365746552600807
BC23903,BC23903_C2,ENSG00000111669,-0.021641312872670126,-0.07729349286057893
BC23903,BC23903_C2,ENSG00000187514,0.17313031084688915,0.2013806006891666
BC23903,BC23903_C2,ENSG00000170315,-0.011024894141271483,0.010557036926799202
BC23903,BC23903_C2,ENSG00000164919,0.04693535365346581,0.07729682953147403
BC23903,BC23903_C2,__ambiguous[ENSG00000273259+ENSG00000196136],-0.07654432730896069,-0.10423694582004704
BC23903,BC23903_C2,ENSG00000052344,0.13637241416008294,0.19224286783747804
BC23903,BC23903_C2,ENSG00000123349,0.01550755625595752,0.0002911283154365607
BC23903,BC23903_C2,ENSG00000182492,-0.004369072529654049,-0.004327030308650645
BC23903,BC23903_C2,ENSG00000272196,0.18206353496611766,0.25888934200875696
BC23903,BC23903_C2,ENSG00000104529,0.02761784419677299,0.00995878586906617
BC23903,BC23903_C2,ENSG00000167815,0.05665041532845683,0.06199026488241546
BC23903,BC23903_C2,ENSG00000149591,0.04154082131169341,0.022383638599833482
BC23903,BC23903_C2,ENSG00000114353,0.016712683715875757,0.012432796688037387
BC23903,BC23903_C2,__ambiguous[ENSG00000219200+ENSG00000161939],-0.02242627260139112,-0.033432078611871016
BC23903,BC23903_C2,ENSG00000135480,0.07129417709300417,0.11413516412702919
BC23903,BC23903_C2,ENSG00000196924,-0.007046198837364082,-0.018255712802496663
BC23903,BC23903_C2,ENSG00000144426,0.09304628730750376,0.1011960891473093
BC23903,BC23903_C2,ENSG00000131748,0.09161288261452925,0.13136149182458326
BC23903,BC23903_C2,__ambiguous[ENSG00000262526+ENSG00000170296],0.05718482176496986,0.050873575338425285
BC23903,BC23903_C2,ENSG00000255823,0.438772210746812,0.5063536749886999
BC23903,BC23903_C2,ENSG00000172354,0.001070925626940697,-0.004694477663914362
BC23903,BC23903_C2,ENSG00000114867,0.002369563652587561,0.003468513726891341
BC23903,BC23903_C2,ENSG00000214530,0.011338434715431734,0.04731565531268862
BC23903,BC23903_C2,ENSG00000178980,0.07857498024571799,0.11538101968146783
BC23903,BC23903_C2,ENSG00000131143,0.04690307795704688,0.05347211976489577
BC23903,BC23903_C2,ENSG00000104964,0.04251575387158625,0.06612820775314597
BC23903,BC23903_C2,ENSG00000182899,0.053402854674022796,0.05755504219858736
BC23903,BC23903_C2,ENSG00000169223,-0.013190660910932267,-0.03079021845184835
BC23903,BC23903_C2,ENSG00000188846,0.02694978424363216,0.010979973837576793
BC23903,BC23903_C2,ENSG00000008988,0.021637622324997323,0.054663340354740006
BC23903,BC23903_C2,ENSG00000126247,0.10062261438797862,0.08730275884753817
BC23903,BC23903_C2,ENSG00000145494,-0.0023440897374015918,-0.018188348497964246
BC23903,BC23903_C2,ENSG00000087460,0.12237884596462124,0.16349178846595605
BC23903,BC23903_C2,ENSG00000160180,-0.08501105972278605,-0.0777782024544934
BC23903,BC23903_C2,ENSG00000174886,-0.018999007427420143,-0.02441569564333216
BC23903,BC23903_C2,ENSG00000155366,0.11738674889118683,0.1396226129342651
BC23903,BC23903_C2,ENSG00000269028,0.5122874463451054,0.5877454142649291
BC23903,BC23903_C2,ENSG00000164692,0.14899144449971036,0.24229723404423484
BC23903,BC23903_C2,ENSG00000114391,0.017976319286078266,0.009486322866103732
BC23903,BC23903_C2,ENSG00000251562,-0.005263244403042953,0.010657034978031653
BC23903,BC23903_C2,ENSG00000173272,0.0415013767716804,0.06466142638615596
BC23903,BC23903_C2,ENSG00000100300,0.011268714450162986,0.007547245331386712
BC23903,BC23903_C2,ENSG00000026025,-0.016023397516538543,0.011424193685121403
BC23903,BC23903_C2,ENSG00000163479,0.014246280187712214,0.030565384568293826
BC23903,BC23903_C2,ENSG00000171222,-0.003683030430329471,-0.025974671394787967
BC23903,BC23903_C2,ENSG00000135390,0.020005126706556034,0.031106322067454173
BC23903,BC23903_C2,ENSG00000170421,0.02772811102904355,0.04865874101749878
BC23903,BC23903_C2,ENSG00000187608,-0.008917216440407216,-0.020173819566108798
BC23903,BC23903_C2,__ambiguous[ENSG00000241343+ENSG00000257529],0.04037825277160032,0.05378305729696214
BC23903,BC23903_C2,ENSG00000142949,0.21329788633518673,0.26575227958751646
BC23903,BC23903_C2,ENSG00000163399,0.22423756034035328,0.284542491389771
BC23903,BC23903_C2,ENSG00000173369,0.052306543825435425,0.06495774157982447
BC23903,BC23903_C2,ENSG00000130725,0.034767195955696134,0.03482875602302993
BC23903,BC23903_C2,ENSG00000186010,-0.0702350828850477,-0.061968902534755566
BC23903,BC23903_C2,ENSG00000197956,0.043218926140522626,0.033859398864614816
BC23903,BC23903_C2,ENSG00000213988,0.026041662646321625,0.026779930109270537
BC23903,BC23903_C2,ENSG00000125730,0.04219710538556925,0.06194076557637137
BC23903,BC23903_C2,ENSG00000174444,0.06861301034803063,0.06442851514521448
BC23903,BC23903_C2,ENSG00000011304,0.05998162471991022,0.07343935185152438
BC23903,BC23903_C2,ENSG00000161960,0.09854498937747193,0.11937279572050663
BC23903,BC23903_C2,ENSG00000177700,0.025876090349129924,0.05413375032553264
BC23903,BC23903_C2,ENSG00000147684,0.09876399647902755,0.11542850662327772
BC23903,BC23903_C2,ENSG00000125970,0.09350834245696882,0.1104651122949767
BC23903,BC23903_C2,ENSG00000140990,-0.08073740230465357,-0.06606705388035093
BC23903,BC23903_C2,ENSG00000173801,0.002843189526874762,0.029856853371488076
BC23903,BC23903_C2,ENSG00000143420,-0.0008589950917082525,0.013619856964609324
BC23903,BC23903_C2,ENSG00000124172,0.08578439807462858,0.10493294071207733
BC23903,BC23903_C2,ENSG00000186468,0.0002872859389146016,-0.0063033291318330366
BC23903,BC23903_C2,ENSG00000196576,0.2474504034275872,0.27673437092331427
BC23903,BC23903_C2,ENSG00000142173,0.024426692300229595,0.015559188080809036
BC23903,BC23903_C2,ENSG00000025708,-0.0039555172159333385,-0.003086642594998327
BC23903,BC23903_C2,ENSG00000172270,0.041972563616685596,0.04838695519223293
BC23903,BC23903_C2,ENSG00000147604,0.024130402032449767,0.04619101898391091
BC23903,BC23903_C2,ENSG00000168528,0.10255671885996977,0.11000657769599123
BC23903,BC23903_C2,ENSG00000160932,0.0494296562486175,0.022552135005352893
BC23903,BC23903_C2,ENSG00000143546,0.016784755104807186,0.014111573643843347
BC23903,BC23903_C2,ENSG00000266402,-0.00278104449518102,-0.0072966911433627385
BC23903,BC23903_C2,ENSG00000132475,0.08313624196393216,0.11790578490685437
BC23903,BC23903_C2,ENSG00000196405,-0.024707110408369613,-0.015603620218303655
BC23903,BC23903_C2,ENSG00000109475,0.0552553683226146,0.06720143278932642
BC23903,BC23903_C2,ENSG00000135940,0.028438716105518676,0.05341126190214565
BC23903,BC23903_C2,ENSG00000096384,0.10220223690080958,0.1370727985929819
BC23903,BC23903_C2,ENSG00000132507,0.045099208667296144,0.04462600282622593
BC23903,BC23903_C2,ENSG00000171863,0.18844592842635466,0.20893843174529472
BC23903,BC23903_C2,ENSG00000106153,0.06336848770170435,0.10397043807112634
BC23903,BC23903_D1,ENSG00000034510,0.07254341488498464,0.11728587474452215
BC23903,BC23903_D1,ENSG00000171345,0.18238510890293477,0.23067640738372797
BC23903,BC23903_D1,ENSG00000111640,0.28143850345657195,0.27612249321073346
BC23903,BC23903_D1,ENSG00000137818,0.23523566258939094,0.23897519086631092
BC23903,BC23903_D1,ENSG00000254709,0.027849211805707704,0.08165894781897583
BC23903,BC23903_D1,ENSG00000164587,0.04252815533173887,0.06770171392859314
BC23903,BC23903_D1,ENSG00000177600,0.18006540249180103,0.20581093797200498
BC23903,BC23903_D1,ENSG00000231500,-0.06437703573454981,-0.02692646397783861
BC23903,BC23903_D1,ENSG00000108298,-0.05482044796114676,-0.013787043669192861
BC23903,BC23903_D1,ENSG00000075624,0.09757459693745843,0.09971471979792511
BC23903,BC23903_D1,ENSG00000108107,0.03907106420181519,0.0739129777921446
BC23903,BC23903_D1,ENSG00000197756,0.2112954190678365,0.18269166486513558
BC23903,BC23903_D1,ENSG00000161016,0.022706246998757916,0.02102168070997165
BC23903,BC23903_D1,ENSG00000105372,0.08964801154077155,0.07691184871603934
BC23903,BC23903_D1,ENSG00000141736,0.18206703232429933,0.23045355336616322
BC23903,BC23903_D1,ENSG00000087086,0.06627645838950628,0.10143504708695854
BC23903,BC23903_D1,__ambiguous[ENSG00000251357+ENSG00000240972],0.010987779482168291,-0.03025592133890991
BC23903,BC23903_D1,ENSG00000108518,0.05067498596690368,0.06847739108651008
BC23903,BC23903_D1,ENSG00000130255,0.10503657315411064,0.11059420372459827
BC23903,BC23903_D1,ENSG00000167526,0.14725048538106184,0.1264697194148459
BC23903,BC23903_D1,ENSG00000136942,0.0011265640046805806,0.02727395968777203
BC23903,BC23903_D1,ENSG00000063177,-0.1616692554127658,-0.13115688960104982
BC23903,BC23903_D1,ENSG00000117984,0.08662793668589754,0.10896295816134025
BC23903,BC23903_D1,ENSG00000180879,-0.019807052975357845,-0.018236407597125373
BC23903,BC23903_D1,ENSG00000197746,0.16493122927192636,0.20372649477403576
BC23903,BC23903_D1,ENSG00000149273,0.012138697604753836,0.019782081857832666
BC23903,BC23903_D1,ENSG00000140264,0.14070324607039952,0.17754050367231697
BC23903,BC23903_D1,ENSG00000105193,-0.12017712211535808,-0.11670338215781775
BC23903,BC23903_D1,ENSG00000204628,0.011960987353391864,0.03779049248265689
BC23903,BC23903_D1,ENSG00000221983,-0.08544561125783928,-0.09735442782127866
BC23903,BC23903_D1,ENSG00000179218,0.18712872759315946,0.23593300683010862
BC23903,BC23903_D1,ENSG00000130203,0.03387203104658191,0.04389952234984256
BC23903,BC23903_D1,ENSG00000109062,0.27819112068640567,0.34629022144988775
BC23903,BC23903_D1,ENSG00000185624,0.166079228152322,0.21492982582292375
BC23903,BC23903_D1,ENSG00000234745,0.07943396154443887,0.046340800179670134
BC23903,BC23903_D1,ENSG00000142534,0.021955594197442075,0.01797826500930059
BC23903,BC23903_D1,ENSG00000166441,0.1071223296844862,0.08652764404580954
BC23903,BC23903_D1,ENSG00000142541,0.07633969299212687,0.055833056950197676
BC23903,BC23903_D1,ENSG00000140988,-0.03547460742399042,-0.06527739025904039
BC23903,BC23903_D1,ENSG00000089157,-0.017035929129394223,0.0010649467110954896
BC23903,BC23903_D1,ENSG00000147403,0.054839348721700716,0.02312213311270272
BC23903,BC23903_D1,ENSG00000167996,-0.05509319645663136,-0.02064783295458441
BC23903,BC23903_D1,ENSG00000115268,0.12116119847431578,0.12468288365093226
BC23903,BC23903_D1,ENSG00000171858,-0.016582701042358903,-0.0560866609264497
BC23903,BC23903_D1,ENSG00000111341,-0.029686159195296557,-0.08551392598737746
BC23903,BC23903_D1,ENSG00000105640,-0.008635922714582269,-0.007929209082118168
BC23903,BC23903_D1,ENSG00000112306,0.2225056841401419,0.21806326809085938
BC23903,BC23903_D1,ENSG00000233927,0.11935826053674188,0.07736743933525195
BC23903,BC23903_D1,ENSG00000198034,0.16340943768856483,0.15880169845760755
BC23903,BC23903_D1,ENSG00000182774,0.10403098055549849,0.08108320163388916
BC23903,BC23903_D1,ENSG00000213741,0.17274999528415064,0.1909189094852776
BC23903,BC23903_D1,ENSG00000142676,0.03800449432662455,0.04128763438852653
BC23903,BC23903_D1,ENSG00000149806,0.10309095046442421,0.10139766118605081
BC23903,BC23903_D1,ENSG00000101439,-0.03508641927896936,0.014913048868244136
BC23903,BC23903_D1,ENSG00000169710,0.18297885174558295,0.19273470712328256
BC23903,BC23903_D1,ENSG00000177954,0.09261125849584885,0.06600906177034509
BC23903,BC23903_D1,ENSG00000019582,0.07487574799530651,0.08860608573387938
BC23903,BC23903_D1,ENSG00000172809,0.06826658581743672,0.09733140690940419
BC23903,BC23903_D1,ENSG00000204525,0.10026334327824567,0.11362626638213132
BC23903,BC23903_D1,ENSG00000125691,0.06743775997513883,0.052333895488721
BC23903,BC23903_D1,ENSG00000170889,-0.10091285188148842,-0.07255094838303225
BC23903,BC23903_D1,ENSG00000184009,0.3700483132803251,0.353446997367091
BC23903,BC23903_D1,ENSG00000100316,-0.07749159714857971,-0.06358194111277489
BC23903,BC23903_D1,ENSG00000172757,0.0076495654874253775,0.029066239408731317
BC23903,BC23903_D1,ENSG00000137154,0.08289618687673823,0.08483318094217293
BC23903,BC23903_D1,__ambiguous[ENSG00000185883+ENSG00000260272],0.011924031329180733,0.02802058929781282
BC23903,BC23903_D1,ENSG00000204592,-0.07335944072255811,-0.045852564621866904
BC23903,BC23903_D1,ENSG00000083845,-0.05078461445965506,-0.04263372989795275
BC23903,BC23903_D1,ENSG00000231925,0.14266457714408592,0.16470659768024232
BC23903,BC23903_D1,ENSG00000206503,0.04029601212622971,0.039902921151627364
BC23903,BC23903_D1,ENSG00000108821,0.2330388437865537,0.29601638697153776
BC23903,BC23903_D1,ENSG00000135404,0.12072675300602034,0.09212997846126823
BC23903,BC23903_D1,__ambiguous[ENSG00000254772+ENSG00000255508],0.04352656199890544,0.03523973033606887
BC23903,BC23903_D1,ENSG00000142937,-0.05769741646974993,-0.07251317809465976
BC23903,BC23903_D1,ENSG00000167468,0.0531227314187536,0.04436952996953301
BC23903,BC23903_D1,ENSG00000149925,0.01920031347245611,0.042960584659440776
BC23903,BC23903_D1,ENSG00000160862,0.03852983983436579,-0.002713124309592164
BC23903,BC23903_D1,ENSG00000165949,-0.06330509613717841,-0.08133377728885098
BC23903,BC23903_D1,ENSG00000115457,-0.1227532398379592,-0.12504225839339703
BC23903,BC23903_D1,ENSG00000107223,0.04158780557488578,0.02555665094273807
BC23903,BC23903_D1,ENSG00000167658,-0.06599643625939118,-0.0741049812201135
BC23903,BC23903_D1,ENSG00000156482,0.08965242182408133,0.09383193330140065
BC23903,BC23903_D1,ENSG00000108639,0.1256728284513618,0.16309792255903302
BC23903,BC23903_D1,ENSG00000246705,-0.1231576030933984,-0.11276198355724394
BC23903,BC23903_D1,ENSG00000108679,0.09305101739302114,0.13933871485572405
BC23903,BC23903_D1,ENSG00000167995,0.4065461369574174,0.45522966787413366
BC23903,BC23903_D1,ENSG00000197958,0.16605177190676818,0.12830845508901148
BC23903,BC23903_D1,ENSG00000163191,0.23434989232838258,0.2850620650462289
BC23903,BC23903_D1,ENSG00000162244,-0.04244876760574279,-0.024628205857141254
BC23903,BC23903_D1,ENSG00000131469,0.08309047403388947,0.051891056074044005
BC23903,BC23903_D1,ENSG00000148303,0.035315133122631695,0.02901993253446895
BC23903,BC23903_D1,ENSG00000185825,0.01925520910364313,0.025168461869098067
BC23903,BC23903_D1,ENSG00000224389,0.3420027462168899,0.3590937496557832
BC23903,BC23903_D1,ENSG00000144713,0.05130114162601144,0.028484808385461476
BC23903,BC23903_D1,ENSG00000185499,0.245185692385476,0.2584081081457342
BC23903,BC23903_D1,ENSG00000174748,0.14844823707201013,0.1716139658009623
BC23903,BC23903_D1,ENSG00000106211,0.1457874567865487,0.1344616739226312
BC23903,BC23903_D1,ENSG00000198242,0.016836270861595653,-0.0005239818532602864
BC23903,BC23903_D1,ENSG00000172531,0.0493661213382901,0.06761372441071453
BC23903,BC23903_D1,ENSG00000143947,0.21486364450053277,0.2075285547110973
BC23903,BC23903_D1,__ambiguous[ENSG00000243678+ENSG00000011052],0.11930794580732888,0.1532862121080869
BC23903,BC23903_D1,ENSG00000145592,0.08402191414742823,0.086325483233382
BC23903,BC23903_D1,ENSG00000106624,0.11240040779444126,0.14992533811232372
BC23903,BC23903_D1,ENSG00000166710,0.38413276721639567,0.3377455411594046
BC23903,BC23903_D1,ENSG00000117410,-0.0697305199360169,-0.0538119075479663
BC23903,BC23903_D1,ENSG00000152082,0.1418232161482542,0.14094787903824874
BC23903,BC23903_D1,ENSG00000108344,0.21765333290180355,0.26804028216927317
BC23903,BC23903_D1,ENSG00000111057,0.09942233604583554,0.11204206698574591
BC23903,BC23903_D1,ENSG00000104904,0.1432918276277792,0.17056123404816162
BC23903,BC23903_D1,__ambiguous[ENSG00000185885+ENSG00000185201],0.035245011745284806,0.014075716898543762
BC23903,BC23903_D1,ENSG00000141741,0.07556154824604515,0.07627106042221313
BC23903,BC23903_D1,ENSG00000130208,0.08909954414483119,0.10916814170376483
BC23903,BC23903_D1,ENSG00000165215,-0.029787755311591484,-0.03240737773468508
BC23903,BC23903_D1,ENSG00000163220,-0.1526600958189306,-0.17017937427587249
BC23903,BC23903_D1,ENSG00000030582,0.10023475474865703,0.08047955783540328
BC23903,BC23903_D1,ENSG00000074800,0.02737608881553233,0.021898847961101735
BC23903,BC23903_D1,ENSG00000130303,0.023231095883798784,0.03446422308682049
BC23903,BC23903_D1,ENSG00000173372,-0.058862450528956035,-0.03656770438998325
BC23903,BC23903_D1,ENSG00000126267,0.17002288151285208,0.20353360084318048
BC23903,BC23903_D1,ENSG00000279483,0.07286835268894495,0.06337508079342029
BC23903,BC23903_D1,__ambiguous[ENSG00000257341+ENSG00000213145],-0.014803590557489903,-0.05770452656702125
BC23903,BC23903_D1,ENSG00000118181,0.24237040725219255,0.23018466554946096
BC23903,BC23903_D1,ENSG00000158710,0.28718179040071506,0.30141515335221186
BC23903,BC23903_D1,ENSG00000124664,0.2027306397511097,0.22452668490776206
BC23903,BC23903_D1,ENSG00000071553,0.07027806548757942,0.07599429899424519
BC23903,BC23903_D1,ENSG00000115884,0.05231311499153598,0.11657155089288858
BC23903,BC23903_D1,ENSG00000110651,0.20942197005594643,0.19910738360450514
BC23903,BC23903_D1,__ambiguous[ENSG00000124614+ENSG00000270800],0.07206542735863766,0.05546501831749011
BC23903,BC23903_D1,ENSG00000169100,0.05592617081371687,0.05264809293303643
BC23903,BC23903_D1,ENSG00000142669,0.14670297685508296,0.15466447072567785
BC23903,BC23903_D1,ENSG00000133112,0.22534470613017468,0.20506619912352475
BC23903,BC23903_D1,ENSG00000150991,0.1830581461093287,0.2157645800790139
BC23903,BC23903_D1,ENSG00000071082,0.2615654045625579,0.2632376489390434
BC23903,BC23903_D1,ENSG00000178719,0.08369775984074283,0.12333272376488157
BC23903,BC23903_D1,ENSG00000117450,0.25424843089016747,0.3011127765546195
BC23903,BC23903_D1,ENSG00000092841,0.0759262354983944,0.09395648812315718
BC23903,BC23903_D1,ENSG00000070756,0.07597518950647483,0.037044756949335324
BC23903,BC23903_D1,ENSG00000141522,-0.10135703562712708,-0.12812091627144548
BC23903,BC23903_D1,ENSG00000105223,0.06067374415499664,0.05833340704576418
BC23903,BC23903_D1,ENSG00000163682,0.15366720767344763,0.11447861484436231
BC23903,BC23903_D1,ENSG00000102265,0.18550120070690887,0.15158743094801091
BC23903,BC23903_D1,ENSG00000125534,-0.1632903944393959,-0.1850384156309728
BC23903,BC23903_D1,ENSG00000162511,0.06930203838063184,0.055803668734290525
BC23903,BC23903_D1,ENSG00000176340,-0.006382280395400808,-0.03308935312588098
BC23903,BC23903_D1,ENSG00000143774,0.14704920167147623,0.1834357061018846
BC23903,BC23903_D1,ENSG00000205542,0.3127697856051274,0.3203690789558908
BC23903,BC23903_D1,ENSG00000127540,0.0256228202067506,0.014069030055099007
BC23903,BC23903_D1,ENSG00000182809,0.21218311686240915,0.19903423284375787
BC23903,BC23903_D1,ENSG00000164733,0.19512988464496844,0.23138016062564223
BC23903,BC23903_D1,ENSG00000277972,-0.02205323924069926,-0.02513886148461253
BC23903,BC23903_D1,ENSG00000145425,0.12537845853134205,0.13191428229944027
BC23903,BC23903_D1,ENSG00000124614,0.09654428924816391,0.07828966334661464
BC23903,BC23903_D1,__ambiguous[ENSG00000277957+ENSG00000161960],0.13776657787188823,0.1638130490437305
BC23903,BC23903_D1,ENSG00000184897,0.12741822985681858,0.13149847191838257
BC23903,BC23903_D1,ENSG00000100219,0.1627769167778272,0.1522123108723805
BC23903,BC23903_D1,ENSG00000204287,0.24497597794395035,0.19496311201634883
BC23903,BC23903_D1,ENSG00000160789,0.2711568660145886,0.280363000366194
BC23903,BC23903_D1,ENSG00000142089,-0.012659974487565239,-0.035347267992312734
BC23903,BC23903_D1,ENSG00000277791,0.14074646649088288,0.18544894669063933
BC23903,BC23903_D1,ENSG00000103363,0.004018554854817456,-0.017985572954513404
BC23903,BC23903_D1,ENSG00000138326,0.23704943031207507,0.22701595082200302
BC23903,BC23903_D1,ENSG00000051523,-0.011837896274844661,-0.023570284055271225
BC23903,BC23903_D1,ENSG00000115414,0.3171607608213672,0.36908079018190704
BC23903,BC23903_D1,ENSG00000178952,0.019503674793278136,0.0483341896642784
BC23903,BC23903_D1,ENSG00000058262,0.26223763881080475,0.286105169061184
BC23903,BC23903_D1,ENSG00000111669,-0.021028809759516015,-0.040053087119320444
BC23903,BC23903_D1,ENSG00000187514,0.42149045024239884,0.4355365041273134
BC23903,BC23903_D1,ENSG00000170315,0.14828302580512298,0.14169138366211928
BC23903,BC23903_D1,ENSG00000164919,0.10550411803028013,0.10659908214759457
BC23903,BC23903_D1,__ambiguous[ENSG00000273259+ENSG00000196136],-0.007409788581299676,-0.03106947895231993
BC23903,BC23903_D1,ENSG00000052344,0.26398590432803226,0.3236042113076287
BC23903,BC23903_D1,ENSG00000123349,-0.04670800119273034,-0.047600948996015295
BC23903,BC23903_D1,ENSG00000182492,0.1345988139396951,0.15580324783035993
BC23903,BC23903_D1,ENSG00000272196,0.21713538479193087,0.282191693596641
BC23903,BC23903_D1,ENSG00000104529,0.04649706632625258,0.04818434433573348
BC23903,BC23903_D1,ENSG00000167815,0.1028978793119086,0.14738934955598124
BC23903,BC23903_D1,ENSG00000149591,0.14344274728282533,0.10794470052617627
BC23903,BC23903_D1,ENSG00000114353,0.11207877977146094,0.10783130261083777
BC23903,BC23903_D1,__ambiguous[ENSG00000219200+ENSG00000161939],-0.05899041235417872,-0.042276642640838566
BC23903,BC23903_D1,ENSG00000135480,0.02018432294053574,0.02610219902083326
BC23903,BC23903_D1,ENSG00000196924,0.007026345298061349,-0.025025627293699435
BC23903,BC23903_D1,ENSG00000144426,0.13163224825970454,0.09851115983191683
BC23903,BC23903_D1,ENSG00000131748,0.2337642332687371,0.25156913197865394
BC23903,BC23903_D1,__ambiguous[ENSG00000262526+ENSG00000170296],-0.1560161534518424,-0.17955079941455146
BC23903,BC23903_D1,ENSG00000255823,0.5893682452347573,0.6212952654346507
BC23903,BC23903_D1,ENSG00000172354,0.09429385445552617,0.11270940408792499
BC23903,BC23903_D1,ENSG00000114867,0.04139877663213202,0.06670787645854587
BC23903,BC23903_D1,ENSG00000214530,0.07549400096601032,0.09832833923371703
BC23903,BC23903_D1,ENSG00000178980,0.1662671777321381,0.18587622863367245
BC23903,BC23903_D1,ENSG00000131143,0.0932590992113545,0.09451993950525166
BC23903,BC23903_D1,ENSG00000104964,0.08378266970583564,0.10767647698635624
BC23903,BC23903_D1,ENSG00000182899,0.21122668328220368,0.2237567329603861
BC23903,BC23903_D1,ENSG00000169223,0.1923262801147855,0.2295389721690521
BC23903,BC23903_D1,ENSG00000188846,-0.1568556365528066,-0.15512255506148917
BC23903,BC23903_D1,ENSG00000008988,0.15469854805312025,0.16971105646385629
BC23903,BC23903_D1,ENSG00000126247,0.05032554461557246,0.05587135578669029
BC23903,BC23903_D1,ENSG00000145494,-0.016013175392642576,-0.015205049617267416
BC23903,BC23903_D1,ENSG00000087460,0.2780085376353576,0.27017022603574137
BC23903,BC23903_D1,ENSG00000160180,-0.10064854176246375,-0.09737519467410809
BC23903,BC23903_D1,ENSG00000174886,-0.11422717939157732,-0.11347128768201938
BC23903,BC23903_D1,ENSG00000155366,0.06949101144068752,0.05782718355553281
BC23903,BC23903_D1,ENSG00000269028,0.6164438274674829,0.652973092312354
BC23903,BC23903_D1,ENSG00000164692,0.26835331261740475,0.31417893467054153
BC23903,BC23903_D1,ENSG00000114391,0.10417427196535109,0.06850033479007556
BC23903,BC23903_D1,ENSG00000251562,0.05678502453539606,0.05867494494224247
BC23903,BC23903_D1,ENSG00000173272,0.15656246814007926,0.16797298111460174
BC23903,BC23903_D1,ENSG00000100300,-0.016588990134379693,0.00977767678735501
BC23903,BC23903_D1,ENSG00000026025,0.2677528151653715,0.2727316228160987
BC23903,BC23903_D1,ENSG00000163479,0.20999506772336923,0.23936995357303667
BC23903,BC23903_D1,ENSG00000171222,-0.04082169178593565,-0.05140971570681054
BC23903,BC23903_D1,ENSG00000135390,0.12296984268731184,0.15364935782623998
BC23903,BC23903_D1,ENSG00000170421,0.19563860645570597,0.1877400911538222
BC23903,BC23903_D1,ENSG00000187608,-0.19941831514385905,-0.25192546124989235
BC23903,BC23903_D1,__ambiguous[ENSG00000241343+ENSG00000257529],0.1867151366158605,0.16168110214099746
BC23903,BC23903_D1,ENSG00000142949,0.20818144018359117,0.2737953541568923
BC23903,BC23903_D1,ENSG00000163399,0.24282950878799628,0.24926905524190215
BC23903,BC23903_D1,ENSG00000173369,0.11737363526332398,0.11842637118796921
BC23903,BC23903_D1,ENSG00000130725,0.07952614736825998,0.0917411186000361
BC23903,BC23903_D1,ENSG00000186010,0.06454448348187611,0.058435308776288115
BC23903,BC23903_D1,ENSG00000197956,0.05907531225583631,0.05237352410506539
BC23903,BC23903_D1,ENSG00000213988,-0.0009498480614257008,-9.312335452537939e-05
BC23903,BC23903_D1,ENSG00000125730,0.16336690601718354,0.18979521432289242
BC23903,BC23903_D1,ENSG00000174444,0.08660825368996171,0.10991272467426316
BC23903,BC23903_D1,ENSG00000011304,0.17549088122875625,0.17267233301495735
BC23903,BC23903_D1,ENSG00000161960,0.17184727006062853,0.17516844660343217
BC23903,BC23903_D1,ENSG00000177700,0.10090537556837652,0.12996678375280848
BC23903,BC23903_D1,ENSG00000147684,0.18515821611257807,0.20031032975440138
BC23903,BC23903_D1,ENSG00000125970,0.09670551471024894,0.15162311409132675
BC23903,BC23903_D1,ENSG00000140990,0.03361896549228369,0.04748176609106434
BC23903,BC23903_D1,ENSG00000173801,0.2208219176051428,0.2496376155209296
BC23903,BC23903_D1,ENSG00000143420,0.260375397699462,0.2856357255452557
BC23903,BC23903_D1,ENSG00000124172,0.22325829701523262,0.20952241164099275
BC23903,BC23903_D1,ENSG00000186468,0.07543950536866713,0.06646748923128235
BC23903,BC23903_D1,ENSG00000196576,0.27554219202888947,0.2797787408946696
BC23903,BC23903_D1,ENSG00000142173,0.24945776054251534,0.2510832877903983
BC23903,BC23903_D1,ENSG00000025708,0.03922796013346326,0.009405137506109839
BC23903,BC23903_D1,ENSG00000172270,0.11927205101497172,0.10670074678575196
BC23903,BC23903_D1,ENSG00000147604,0.13833728749814048,0.15425607225360316
BC23903,BC23903_D1,ENSG00000168528,0.12559078497600787,0.1482909350392663
BC23903,BC23903_D1,ENSG00000160932,0.051247814901929256,0.052901272796034446
BC23903,BC23903_D1,ENSG00000143546,-0.01624020203388753,-0.05323897721577589
BC23903,BC23903_D1,ENSG00000266402,-0.019614385651046905,-0.032718832302151044
BC23903,BC23903_D1,ENSG00000132475,0.2778686785388423,0.2899034709492606
BC23903,BC23903_D1,ENSG00000196405,0.10557956915754893,0.09357437476930773
BC23903,BC23903_D1,ENSG00000109475,0.2168185175566171,0.22172502407157013
BC23903,BC23903_D1,ENSG00000135940,0.1281715671736396,0.1726270192674
BC23903,BC23903_D1,ENSG00000096384,0.31050642453549004,0.32850665588599065
BC23903,BC23903_D1,ENSG00000132507,0.11784100369951205,0.11180997778914603
BC23903,BC23903_D1,ENSG00000171863,0.2590095718003198,0.26943029547699104
BC23903,BC23903_D1,ENSG00000106153,0.3203212611012131,0.33928670781023146
BC23944,BC23944_D2,ENSG00000034510,-0.03422548753300953,-0.0005047784643797503
BC23944,BC23944_D2,ENSG00000111640,0.0018287744074693003,-0.0027282303156899914
BC23944,BC23944_D2,ENSG00000177600,0.012494929253649974,0.034274759310796835
BC23944,BC23944_D2,ENSG00000137818,0.30414109659838245,0.36922077642657647
BC23944,BC23944_D2,ENSG00000171345,0.1487222769961984,0.17529204003286802
BC23944,BC23944_D2,ENSG00000231500,0.01530907702222454,0.011219805156454054
BC23944,BC23944_D2,ENSG00000164587,0.10728266329376245,0.12422101837893593
BC23944,BC23944_D2,ENSG00000254709,0.03702466091704114,0.024236779094247533
BC23944,BC23944_D2,ENSG00000075624,-0.08901065727686197,-0.08085313167511755
BC23944,BC23944_D2,ENSG00000108107,-0.010860264608491205,-0.01228505271324554
BC23944,BC23944_D2,ENSG00000141736,0.15144310466013955,0.18895956571893854
BC23944,BC23944_D2,ENSG00000197756,0.039362338454300747,0.053319715729338975
BC23944,BC23944_D2,ENSG00000105372,0.12510692260948358,0.14458472927185403
BC23944,BC23944_D2,ENSG00000108298,-0.14276409646573893,-0.1834839978119352
BC23944,BC23944_D2,ENSG00000161016,0.08367194187036009,0.08894704009461496
BC23944,BC23944_D2,ENSG00000167526,0.1514100903623726,0.2001579859396841
BC23944,BC23944_D2,ENSG00000087086,0.02589742696803695,0.021447038367257764
BC23944,BC23944_D2,ENSG00000130255,0.04285945834478471,0.0660241982203418
BC23944,BC23944_D2,__ambiguous[ENSG00000251357+ENSG00000240972],-0.019174600802283774,-0.04713303563063273
BC23944,BC23944_D2,ENSG00000108518,0.03669069280349568,0.06237497816850245
BC23944,BC23944_D2,ENSG00000136942,-0.0704585239291706,-0.0859774325905086
BC23944,BC23944_D2,ENSG00000149273,-0.008215420886687185,0.0003421173245859618
BC23944,BC23944_D2,ENSG00000197746,-0.1172939446528654,-0.14476842239052376
BC23944,BC23944_D2,ENSG00000117984,-0.072963573307072,-0.09081681285354579
BC23944,BC23944_D2,ENSG00000179218,0.10110408421645066,0.12898755693895847
BC23944,BC23944_D2,ENSG00000063177,-0.049234175354019506,-0.029096751567637046
BC23944,BC23944_D2,ENSG00000140264,-0.07715167660722608,-0.06940563345289294
BC23944,BC23944_D2,ENSG00000180879,0.06537664763310329,0.09475419178733024
BC23944,BC23944_D2,ENSG00000105193,-0.0019941702046618864,0.007829798160084243
BC23944,BC23944_D2,ENSG00000221983,-0.0095961000826438,-0.003631004593979554
BC23944,BC23944_D2,ENSG00000130203,0.24108675807376148,0.2564060556342242
BC23944,BC23944_D2,ENSG00000109062,0.2712747346379871,0.28444124861297554
BC23944,BC23944_D2,ENSG00000204628,0.03271338927030306,0.02908933328483525
BC23944,BC23944_D2,ENSG00000166441,0.05837676097308435,0.08888413697928003
BC23944,BC23944_D2,ENSG00000185624,0.13735831434061838,0.1499565970729267
BC23944,BC23944_D2,ENSG00000142541,0.21666202078338379,0.24276520527957418
BC23944,BC23944_D2,ENSG00000234745,0.06339624949522644,0.05716567113106329
BC23944,BC23944_D2,ENSG00000167996,0.06751038191437655,0.08156422321775518
BC23944,BC23944_D2,ENSG00000142534,0.1113193994256457,0.11504723421703841
BC23944,BC23944_D2,ENSG00000147403,0.1185848643152169,0.10813023246919919
BC23944,BC23944_D2,ENSG00000140988,0.0365662386997799,0.05738392651334636
BC23944,BC23944_D2,ENSG00000089157,0.037529711475497156,0.05950551129778174
BC23944,BC23944_D2,ENSG00000115268,0.04080283824537571,0.026878409186086437
BC23944,BC23944_D2,ENSG00000112306,0.0501930172753159,0.0808609057060802
BC23944,BC23944_D2,ENSG00000105640,0.08763476377309021,0.13582128558119613
BC23944,BC23944_D2,ENSG00000171858,0.09286966430915815,0.13503195404174034
BC23944,BC23944_D2,ENSG00000233927,0.0452934784183027,0.043246246891341135
BC23944,BC23944_D2,ENSG00000111341,0.20612593523901285,0.2426081618479986
BC23944,BC23944_D2,ENSG00000182774,0.04779683326475871,0.07287952166458475
BC23944,BC23944_D2,ENSG00000213741,0.039398989140780986,0.07619933348635584
BC23944,BC23944_D2,ENSG00000125691,0.03390614799531228,0.037829874620187075
BC23944,BC23944_D2,ENSG00000198034,0.036393609082054065,0.045413006350803184
BC23944,BC23944_D2,ENSG00000142676,0.0485468194214032,0.05940616523613327
BC23944,BC23944_D2,ENSG00000149806,0.05215295837339176,0.06525966288658297
BC23944,BC23944_D2,ENSG00000101439,-0.004160122989443033,-0.036402372704927154
BC23944,BC23944_D2,ENSG00000177954,0.04571194781901924,0.07275263670431102
BC23944,BC23944_D2,ENSG00000170889,0.052465220194664375,0.0459205463553466
BC23944,BC23944_D2,ENSG00000019582,0.10095455571019321,0.11642023073864914
BC23944,BC23944_D2,ENSG00000204525,0.05858954028651937,0.05251406940757922
BC23944,BC23944_D2,ENSG00000172809,-0.06718802299114798,-0.0872146100677845
BC23944,BC23944_D2,ENSG00000184009,0.2189560471771184,0.23803777601216455
BC23944,BC23944_D2,ENSG00000100316,-0.009325521464985675,0.004350506193100794
BC23944,BC23944_D2,ENSG00000137154,-0.11186135214467072,-0.14758381373736634
BC23944,BC23944_D2,ENSG00000172757,-0.03457320839258592,-0.016419323915782533
BC23944,BC23944_D2,ENSG00000167995,-0.0193653698390576,-0.047091036295694
BC23944,BC23944_D2,ENSG00000204592,-0.11273433504349481,-0.1586994072961089
BC23944,BC23944_D2,ENSG00000108821,-0.04940567091388561,-0.004080565676067396
BC23944,BC23944_D2,__ambiguous[ENSG00000185883+ENSG00000260272],0.1165773531849385,0.14376561549463435
BC23944,BC23944_D2,ENSG00000167468,0.11733429528887854,0.09481294088273749
BC23944,BC23944_D2,__ambiguous[ENSG00000254772+ENSG00000255508],0.11425300397319657,0.12131454097862195
BC23944,BC23944_D2,ENSG00000142937,0.08354411165372085,0.09594557731459491
BC23944,BC23944_D2,ENSG00000083845,0.04295341043005572,0.047534073593387904
BC23944,BC23944_D2,ENSG00000135404,-0.07371328113427228,-0.08254081783240805
BC23944,BC23944_D2,ENSG00000169710,0.41442103095972654,0.4430307193582525
BC23944,BC23944_D2,ENSG00000206503,-0.04506593488635973,-0.05749865239824975
BC23944,BC23944_D2,ENSG00000163191,0.19010327629762472,0.21266517935554266
BC23944,BC23944_D2,ENSG00000156482,0.05910034830757016,0.07161458245459475
BC23944,BC23944_D2,ENSG00000149925,0.06471186206936685,0.06559055036011814
BC23944,BC23944_D2,ENSG00000197958,0.039911326057059326,0.05634620838900826
BC23944,BC23944_D2,ENSG00000224389,0.186929181694544,0.20181766675293364
BC23944,BC23944_D2,ENSG00000107223,0.08504425417133173,0.10329074193219663
BC23944,BC23944_D2,ENSG00000231925,0.1939142836703265,0.19965656227162656
BC23944,BC23944_D2,ENSG00000167658,0.0771176041309148,0.07881905804978948
BC23944,BC23944_D2,ENSG00000143947,0.03627435717076736,0.02968298052982572
BC23944,BC23944_D2,ENSG00000106624,0.082828231371774,0.1047300673381139
BC23944,BC23944_D2,ENSG00000108344,0.08551479934043904,0.1273477960532643
BC23944,BC23944_D2,ENSG00000162244,0.06514396803589749,0.0641441667465857
BC23944,BC23944_D2,ENSG00000148303,0.021421408869979484,0.051342922507849095
BC23944,BC23944_D2,ENSG00000131469,-0.05207364281449347,-0.06122453135099703
BC23944,BC23944_D2,ENSG00000144713,-0.09445899267191973,-0.10321502393126165
BC23944,BC23944_D2,ENSG00000108639,0.13510446090714062,0.16336503446433853
BC23944,BC23944_D2,ENSG00000174748,0.18396272026443036,0.1967650791493296
BC23944,BC23944_D2,ENSG00000163220,0.03319548533733284,0.03182540473469519
BC23944,BC23944_D2,ENSG00000165949,-0.08753004561493521,-0.08130623844017817
BC23944,BC23944_D2,ENSG00000108679,0.1669015720152759,0.18112723572625503
BC23944,BC23944_D2,ENSG00000115884,0.06101061447296196,0.10501515998619321
BC23944,BC23944_D2,ENSG00000106211,0.18644893916055505,0.22594502510877307
BC23944,BC23944_D2,ENSG00000141741,0.07723453159680034,0.07984478558808902
BC23944,BC23944_D2,ENSG00000166710,0.09751859425824609,0.13530872842867536
BC23944,BC23944_D2,ENSG00000172531,0.058189388141217824,0.0798539008151075
BC23944,BC23944_D2,ENSG00000198242,0.07124917858709336,0.08777000613847835
BC23944,BC23944_D2,ENSG00000185825,-0.0755714946934228,-0.07444540391944553
BC23944,BC23944_D2,ENSG00000158710,0.016459088047107304,0.017808748445462784
BC23944,BC23944_D2,ENSG00000145592,0.006244215413571531,0.03134479779189322
BC23944,BC23944_D2,ENSG00000160862,-0.04989797920104117,-0.0435426165800387
BC23944,BC23944_D2,ENSG00000246705,0.025192872754861248,0.016113169618810794
BC23944,BC23944_D2,ENSG00000130303,-0.02741354816562897,-0.012289899857736987
BC23944,BC23944_D2,ENSG00000104904,-0.0980593169416944,-0.08969126663778346
BC23944,BC23944_D2,ENSG00000279483,0.10536520872703936,0.12564724798190824
BC23944,BC23944_D2,ENSG00000118181,0.07407310820982986,0.08296243868129555
BC23944,BC23944_D2,ENSG00000110651,0.09497942282930281,0.10523664437685792
BC23944,BC23944_D2,ENSG00000115457,0.07337685520753659,0.08096060031931522
BC23944,BC23944_D2,ENSG00000185499,0.07756601263268627,0.1210031559303576
BC23944,BC23944_D2,__ambiguous[ENSG00000243678+ENSG00000011052],-0.08131873122912851,-0.07064881504054223
BC23944,BC23944_D2,ENSG00000133112,0.06899353896173095,0.07175081864710804
BC23944,BC23944_D2,ENSG00000117410,0.13495668726840065,0.14864531447644494
BC23944,BC23944_D2,ENSG00000173372,-0.07725415248446932,-0.08526348477899919
BC23944,BC23944_D2,ENSG00000152082,-0.07765819645426258,-0.06625241238156537
BC23944,BC23944_D2,ENSG00000030582,0.04338071651616828,0.0260736996573639
BC23944,BC23944_D2,ENSG00000092841,0.024707332468442953,0.03922449577699713
BC23944,BC23944_D2,ENSG00000074800,-0.06716448318807289,-0.07113318187935823
BC23944,BC23944_D2,ENSG00000070756,-0.036530161674914824,-0.01425907111498814
BC23944,BC23944_D2,ENSG00000142669,0.14902922994744497,0.1577898855389829
BC23944,BC23944_D2,ENSG00000126267,0.08751248306556743,0.11894058140513573
BC23944,BC23944_D2,ENSG00000130208,-0.11496038866546737,-0.11941245352261683
BC23944,BC23944_D2,ENSG00000205542,0.07626550777693154,0.07639017127297354
BC23944,BC23944_D2,ENSG00000071082,0.0045458487585294935,0.03513586728272023
BC23944,BC23944_D2,__ambiguous[ENSG00000185885+ENSG00000185201],-0.03739435331134242,-0.03026759433928676
BC23944,BC23944_D2,ENSG00000102265,0.052923121443240934,0.06227903545849773
BC23944,BC23944_D2,__ambiguous[ENSG00000124614+ENSG00000270800],0.07823584467040966,0.0819106265991087
BC23944,BC23944_D2,ENSG00000149591,0.06604096839634209,0.07786889197911263
BC23944,BC23944_D2,ENSG00000071553,0.04830291275375296,0.06206575794105543
BC23944,BC23944_D2,ENSG00000277972,-0.004739502229520835,-0.012642397092508237
BC23944,BC23944_D2,ENSG00000169100,0.12325073698997821,0.130691017826398
BC23944,BC23944_D2,ENSG00000111057,0.12910240597052985,0.1331454835429909
BC23944,BC23944_D2,ENSG00000150991,0.0106032379129024,0.004357146205493188
BC23944,BC23944_D2,ENSG00000255823,0.5116195033159847,0.5411708869707227
BC23944,BC23944_D2,ENSG00000143774,-0.1126036233699402,-0.13208511640533496
BC23944,BC23944_D2,ENSG00000160789,-0.05696199571534,-0.06547457139770303
BC23944,BC23944_D2,ENSG00000115414,0.24099108080199638,0.3113533100432498
BC23944,BC23944_D2,ENSG00000135480,0.006944876826644257,0.01644808862968467
BC23944,BC23944_D2,ENSG00000277791,0.03854519881729717,0.061171419919633804
BC23944,BC23944_D2,ENSG00000163682,0.021182634723709654,0.05765179680008376
BC23944,BC23944_D2,ENSG00000125534,-0.0769115138033952,-0.08583446600071531
BC23944,BC23944_D2,ENSG00000187514,0.0560721087975675,0.07360032750184863
BC23944,BC23944_D2,ENSG00000178719,0.04037871391982728,0.047035461974874425
BC23944,BC23944_D2,ENSG00000117450,0.15848473485003978,0.18326449393687705
BC23944,BC23944_D2,ENSG00000162511,-0.05588712913644083,-0.08832106351603046
BC23944,BC23944_D2,ENSG00000145425,0.09568997288774046,0.1476448608744909
BC23944,BC23944_D2,ENSG00000105223,0.038209380854498515,0.014999469573087476
BC23944,BC23944_D2,ENSG00000165215,0.20485882782469195,0.22037666934248742
BC23944,BC23944_D2,ENSG00000124664,0.1331666581737897,0.1477092077674301
BC23944,BC23944_D2,ENSG00000196924,0.00556690758632734,-0.0051558433036953824
BC23944,BC23944_D2,ENSG00000182492,-0.034326876980374094,-0.05612810190885205
BC23944,BC23944_D2,ENSG00000138326,-0.04935867582713636,-0.03378502932986838
BC23944,BC23944_D2,ENSG00000269028,0.5237973178178106,0.5467406140186366
BC23944,BC23944_D2,ENSG00000131748,0.04127812302698223,0.060938291007642316
BC23944,BC23944_D2,ENSG00000251562,0.354977828581115,0.3689403903646532
BC23944,BC23944_D2,ENSG00000204287,0.01907656403526507,0.046387161410495426
BC23944,BC23944_D2,ENSG00000124614,0.038582454155306825,0.02404607380028856
BC23944,BC23944_D2,ENSG00000176340,0.07757626703084668,0.05347452261222384
BC23944,BC23944_D2,ENSG00000182809,0.28868961359035517,0.2941051940666838
BC23944,BC23944_D2,ENSG00000127540,-0.027383266292374978,-0.04298190396654624
BC23944,BC23944_D2,ENSG00000164733,-0.08850572951858146,-0.09404825303261378
BC23944,BC23944_D2,ENSG00000058262,0.08312757647453461,0.10706386111231185
BC23944,BC23944_D2,__ambiguous[ENSG00000277957+ENSG00000161960],0.3300285427995454,0.3692694392625771
BC23944,BC23944_D2,ENSG00000164692,0.12223428151622982,0.14174842508697258
BC23944,BC23944_D2,ENSG00000051523,0.02181835493118119,0.010872691343293378
BC23944,BC23944_D2,ENSG00000026025,0.10157811072783661,0.07417560145038408
BC23944,BC23944_D2,ENSG00000114353,0.1196852143949597,0.10160923095864245
BC23944,BC23944_D2,ENSG00000144426,0.04057267326049226,0.04384643457885998
BC23944,BC23944_D2,ENSG00000169223,0.08446738252350021,0.10051742192106151
BC23944,BC23944_D2,ENSG00000087460,0.15530179715684017,0.1609224194135851
BC23944,BC23944_D2,ENSG00000142089,0.044281998938392346,0.04874372603436933
BC23944,BC23944_D2,ENSG00000141522,0.16909710261670902,0.18555874294348512
BC23944,BC23944_D2,ENSG00000103363,0.05202975245899244,0.047045413648836173
BC23944,BC23944_D2,ENSG00000052344,0.182939181524453,0.229525155459699
BC23944,BC23944_D2,__ambiguous[ENSG00000257341+ENSG00000213145],0.2138637657030417,0.2575831001004865
BC23944,BC23944_D2,ENSG00000272196,0.01323603491544414,0.03476921646905166
BC23944,BC23944_D2,ENSG00000114867,-0.004286429560757759,-0.0066760928252893445
BC23944,BC23944_D2,ENSG00000100219,0.09821963984730638,0.1375479672290229
BC23944,BC23944_D2,ENSG00000182899,0.06768782941128985,0.1038653455812589
BC23944,BC23944_D2,ENSG00000104964,0.05520138746678821,0.055490377945162025
BC23944,BC23944_D2,ENSG00000170315,0.06876451453989886,0.09152281443053442
BC23944,BC23944_D2,ENSG00000111669,-0.011715386683155997,0.008476004626781317
BC23944,BC23944_D2,ENSG00000184897,0.011753590708933895,0.012127003791138806
BC23944,BC23944_D2,ENSG00000142949,0.08008541169556463,0.10934268964713229
BC23944,BC23944_D2,__ambiguous[ENSG00000219200+ENSG00000161939],0.12643883935106143,0.11428581167569624
BC23944,BC23944_D2,ENSG00000172354,-0.01920718734113611,0.005408960385644578
BC23944,BC23944_D2,ENSG00000123349,-0.017823815657488574,-0.018642698921580676
BC23944,BC23944_D2,ENSG00000167815,0.05864205773211283,0.0948640642712326
BC23944,BC23944_D2,ENSG00000125730,0.08301474882737979,0.12432945998469692
BC23944,BC23944_D2,ENSG00000160932,0.02373901063893941,0.03052366393701754
BC23944,BC23944_D2,ENSG00000142173,0.14876774947560495,0.1388277803649438
BC23944,BC23944_D2,ENSG00000131143,-0.0053113875041013595,0.008135885186141171
BC23944,BC23944_D2,ENSG00000178980,0.1888609062984803,0.21409752164486404
BC23944,BC23944_D2,__ambiguous[ENSG00000262526+ENSG00000170296],0.10278076705783484,0.10009482745330012
BC23944,BC23944_D2,ENSG00000178952,0.27254304122292944,0.3020179492766343
BC23944,BC23944_D2,ENSG00000163479,0.10465791379934855,0.11297084909118618
BC23944,BC23944_D2,ENSG00000197956,0.11323000176724783,0.11187416751951271
BC23944,BC23944_D2,ENSG00000008988,0.03750048247618704,0.02331700889689361
BC23944,BC23944_D2,ENSG00000104529,0.07491709702630593,0.06939623619621706
BC23944,BC23944_D2,ENSG00000155366,0.133433903840178,0.16850857790575433
BC23944,BC23944_D2,ENSG00000114391,-0.04944807710141063,-0.05228441999026159
BC23944,BC23944_D2,ENSG00000163399,0.18501800318434933,0.19447716131663656
BC23944,BC23944_D2,ENSG00000174886,0.14504491703132982,0.13511575472464196
BC23944,BC23944_D2,__ambiguous[ENSG00000241343+ENSG00000257529],0.06691051975554171,0.09337239537317933
BC23944,BC23944_D2,ENSG00000100300,-0.03941299773375241,-0.03262919076002894
BC23944,BC23944_D2,ENSG00000196576,0.23058502155441252,0.2424019589442245
BC23944,BC23944_D2,ENSG00000172270,0.08861011442803292,0.0733648491230981
BC23944,BC23944_D2,ENSG00000126247,0.16018804984962384,0.1846246633495012
BC23944,BC23944_D2,ENSG00000143546,0.08808534544659297,0.08589957432710668
BC23944,BC23944_D2,ENSG00000124172,0.038631025695000196,0.027126408220793572
BC23944,BC23944_D2,ENSG00000188846,-0.021040180205987344,-0.021341436204277517
BC23944,BC23944_D2,ENSG00000145494,0.04749009456667811,0.04338443017105995
BC23944,BC23944_D2,ENSG00000171863,-0.0018953898952991763,0.011827596605997512
BC23944,BC23944_D2,ENSG00000174444,0.015320583679570189,0.043302239457120674
BC23944,BC23944_D2,ENSG00000101335,0.017599515428335474,0.04606795221874488
BC23944,BC23944_D2,ENSG00000213988,-0.02051308523023764,-0.009322460825278805
BC23944,BC23944_D2,ENSG00000110492,0.0803312826688937,0.11051975816631421
BC23944,BC23944_D2,ENSG00000186468,0.011799183007395051,0.032801695491520566
BC23944,BC23944_D2,__ambiguous[ENSG00000273259+ENSG00000196136],0.00962274467644306,0.012541642915972567
BC23944,BC23944_D2,ENSG00000125970,0.194329873932749,0.1896715881609914
BC23944,BC23944_D2,ENSG00000173369,0.06684759604616171,0.08108263708920194
BC23944,BC23944_D2,ENSG00000106153,0.09152710098984491,0.10532085167311957
BC23944,BC23944_D2,ENSG00000113140,0.07651604647230448,0.10333400505001411
BC23944,BC23944_D2,ENSG00000173801,0.03060755793301619,0.040012346337423496
BC23944,BC23944_D2,ENSG00000159840,-0.03759573066318854,-0.03245312990981043
BC23944,BC23944_D2,ENSG00000186010,-0.058585640783671775,-0.04661946255985459
BC23944,BC23944_D2,ENSG00000011304,0.12841247979518555,0.1408041019869979
BC23944,BC23944_D2,ENSG00000171222,0.026403590688743657,0.025935727484689454
BC23944,BC23944_D2,ENSG00000134419,0.06386642080666625,0.09340045125168012
BC23944,BC23944_D2,ENSG00000130725,0.25253684550509525,0.27740922949765984
BC23944,BC23944_D2,ENSG00000135390,0.042435687574619255,0.04353556047289148
BC23944,BC23944_D2,ENSG00000173272,0.004975199423186902,0.02693630572978623
BC23944,BC23944_D2,ENSG00000143420,0.1206042033393993,0.13601077523461064
BC23944,BC23944_D2,ENSG00000161960,0.157795294196143,0.18326953928711212
BC23944,BC23944_D2,ENSG00000109475,-0.06508820651577535,-0.05340395231663239
BC23944,BC23944_D2,ENSG00000214530,0.09062201000908468,0.12630213130330858
BC23944,BC23944_D2,ENSG00000170421,0.06692966518831864,0.09730372063692319
BC23944,BC23944_D2,ENSG00000279274,0.18231212068293082,0.20456455742084967
BC23944,BC23944_D2,ENSG00000168542,0.03241734411019522,0.05494607939604808
BC23944,BC23944_D2,ENSG00000123989,-0.06378658944290642,-0.07161297387556453
BC23944,BC23944_D2,ENSG00000177700,0.08984467747265752,0.09535861258557157
BC23944,BC23944_D2,ENSG00000135940,-0.046552321961061474,-0.055340332876394706
BC23944,BC23944_D2,ENSG00000141738,0.1569420010012553,0.16739093484547984
BC23944,BC23944_D2,ENSG00000176046,0.04095262871461649,0.06849697095576901
BC23944,BC23944_D2,ENSG00000123416,0.03577997215302125,0.07376289499461075
BC23944,BC23944_D2,ENSG00000141753,-0.05236796893679822,-0.06498623092423257
BC23944,BC23944_D2,ENSG00000184840,-0.04489541076945653,-0.05223899736362388
BC23944,BC23944_E1,ENSG00000034510,0.023683545622111633,0.06036540240395401
BC23944,BC23944_E1,ENSG00000111640,-0.047405872160436666,-0.0484754464682672
BC23944,BC23944_E1,ENSG00000177600,0.20459561701284443,0.23399075747340825
BC23944,BC23944_E1,ENSG00000137818,0.4219476537192932,0.4554823752230629
BC23944,BC23944_E1,ENSG00000171345,0.013944212230711267,0.019467002217493447
BC23944,BC23944_E1,ENSG00000231500,0.1544835078939312,0.17301579024195823
BC23944,BC23944_E1,ENSG00000164587,0.235442953529704,0.27445199363417805
BC23944,BC23944_E1,ENSG00000254709,0.11597021199720652,0.13574511208359016
BC23944,BC23944_E1,ENSG00000075624,0.04216880667880453,0.04599234342686453
BC23944,BC23944_E1,ENSG00000108107,0.03816766788893037,0.047940049276464516
BC23944,BC23944_E1,ENSG00000141736,0.17935605505799398,0.19981331115885148
BC23944,BC23944_E1,ENSG00000197756,0.04263799490948139,0.04051323956559722
BC23944,BC23944_E1,ENSG00000105372,0.15951211190759237,0.20107020443521345
BC23944,BC23944_E1,ENSG00000108298,0.038761928696417106,0.08345310414774683
BC23944,BC23944_E1,ENSG00000161016,-0.07852277773019298,-0.07090018744344417
BC23944,BC23944_E1,ENSG00000167526,0.2103496956347843,0.2530015014072045
BC23944,BC23944_E1,ENSG00000087086,-0.00909542200036469,-0.006672230126812046
BC23944,BC23944_E1,ENSG00000130255,0.1186562406902059,0.16564740419964485
BC23944,BC23944_E1,__ambiguous[ENSG00000251357+ENSG00000240972],-0.05930600102108524,-0.07655609338153434
BC23944,BC23944_E1,ENSG00000108518,0.05078804684967881,0.06982164970217489
BC23944,BC23944_E1,ENSG00000136942,-0.07609224271945335,-0.07154367824998573
BC23944,BC23944_E1,ENSG00000149273,0.10255531652602501,0.11316153414637597
BC23944,BC23944_E1,ENSG00000197746,0.022334723498054772,0.0025835232300445202
BC23944,BC23944_E1,ENSG00000117984,-0.1688469968064473,-0.19343658572887598
BC23944,BC23944_E1,ENSG00000179218,0.00908732393845976,0.0075083635805766645
BC23944,BC23944_E1,ENSG00000063177,0.14468134692346155,0.16763386952221465
BC23944,BC23944_E1,ENSG00000140264,-0.06660409892548419,-0.08827135405569256
BC23944,BC23944_E1,ENSG00000180879,0.005642236378005188,0.003278992368843638
BC23944,BC23944_E1,ENSG00000105193,0.1419510325546893,0.16232731626944355
BC23944,BC23944_E1,ENSG00000221983,0.02430979403730654,0.022891519855936317
BC23944,BC23944_E1,ENSG00000130203,0.14236782221646463,0.14036246713483502
BC23944,BC23944_E1,ENSG00000109062,0.12761834025630941,0.13180821056266573
BC23944,BC23944_E1,ENSG00000204628,0.01058490334445183,0.05315536219067112
BC23944,BC23944_E1,ENSG00000166441,-0.007149816586038632,0.010179792381746006
BC23944,BC23944_E1,ENSG00000185624,0.017396647180103135,0.021896177366282486
BC23944,BC23944_E1,ENSG00000142541,0.15672868496881656,0.18753499775922897
BC23944,BC23944_E1,ENSG00000234745,0.0351284224751028,0.04444995307026426
BC23944,BC23944_E1,ENSG00000167996,-0.0197464021246208,-0.044809779911388126
BC23944,BC23944_E1,ENSG00000142534,0.04840583040966449,0.059059896950966494
BC23944,BC23944_E1,ENSG00000147403,0.1082399348517732,0.11068908611512056
BC23944,BC23944_E1,ENSG00000140988,0.05841966310806648,0.07600670277682721
BC23944,BC23944_E1,ENSG00000089157,0.16012318974637452,0.1937509340012095
BC23944,BC23944_E1,ENSG00000115268,0.07266825570322763,0.07379734093883578
BC23944,BC23944_E1,ENSG00000112306,0.07845561984326155,0.08107787825716348
BC23944,BC23944_E1,ENSG00000105640,0.2535967024587714,0.3041131733641218
BC23944,BC23944_E1,ENSG00000171858,0.19877879370740184,0.21668567397983443
BC23944,BC23944_E1,ENSG00000233927,0.14997304386232166,0.16993427071739356
BC23944,BC23944_E1,ENSG00000111341,0.12715895040638137,0.1375156072303935
BC23944,BC23944_E1,ENSG00000182774,0.028393221111052438,0.02436225274043463
BC23944,BC23944_E1,ENSG00000213741,0.11397365950093973,0.11390139586125518
BC23944,BC23944_E1,ENSG00000125691,0.03368199708405851,0.03625202880749047
BC23944,BC23944_E1,ENSG00000198034,0.057991870019299084,0.05790873260335094
BC23944,BC23944_E1,ENSG00000142676,0.07925691825168019,0.06918600092206885
BC23944,BC23944_E1,ENSG00000149806,0.04400814846387632,0.06949187295834701
BC23944,BC23944_E1,ENSG00000101439,0.10997732649170038,0.11404328836054402
BC23944,BC23944_E1,ENSG00000177954,0.1258865616837989,0.15204499251401365
BC23944,BC23944_E1,ENSG00000170889,0.004573942078475016,0.022457900426679656
BC23944,BC23944_E1,ENSG00000019582,0.07918766647085579,0.08020612091684974
BC23944,BC23944_E1,ENSG00000204525,0.11624865487547568,0.11882313047256601
BC23944,BC23944_E1,ENSG00000172809,-0.09110707461774696,-0.1017414428190952
BC23944,BC23944_E1,ENSG00000184009,0.24150239265199339,0.2875522619932324
BC23944,BC23944_E1,ENSG00000100316,0.013953897502362865,0.038749214158933856
BC23944,BC23944_E1,ENSG00000137154,0.010822154019464689,0.026585987804117597
BC23944,BC23944_E1,ENSG00000172757,0.035821967468535845,0.026622626744412178
BC23944,BC23944_E1,ENSG00000167995,0.08893444938601726,0.07890316876061695
BC23944,BC23944_E1,ENSG00000204592,-0.04521670186561246,-0.05335161164382101
BC23944,BC23944_E1,ENSG00000108821,0.054516103555694743,0.08448923917926958
BC23944,BC23944_E1,__ambiguous[ENSG00000185883+ENSG00000260272],0.016620589518619836,-0.0019425013779568682
BC23944,BC23944_E1,ENSG00000167468,0.026277273136815823,0.02995778031090275
BC23944,BC23944_E1,__ambiguous[ENSG00000254772+ENSG00000255508],-0.03036228782376039,-0.02505760176459704
BC23944,BC23944_E1,ENSG00000142937,0.05327520300300316,0.06808964165695351
BC23944,BC23944_E1,ENSG00000083845,0.0024188406372585283,-0.0009597562502115847
BC23944,BC23944_E1,ENSG00000135404,-0.08916853994331082,-0.1120723828862831
BC23944,BC23944_E1,ENSG00000169710,0.3713615111098205,0.4067857066229383
BC23944,BC23944_E1,ENSG00000206503,-0.07845425904512644,-0.08211361322781399
BC23944,BC23944_E1,ENSG00000163191,0.04762839900031838,0.059143263805228614
BC23944,BC23944_E1,ENSG00000156482,0.07016800319403768,0.08195841733590317
BC23944,BC23944_E1,ENSG00000149925,-0.03995977976615539,-0.06955628629192785
BC23944,BC23944_E1,ENSG00000197958,0.005755551966244069,0.00604374054563303
BC23944,BC23944_E1,ENSG00000224389,0.056731129209667726,0.055550046213801385
BC23944,BC23944_E1,ENSG00000107223,0.02804351416499533,0.03318875471883542
BC23944,BC23944_E1,ENSG00000231925,0.09569694066189534,0.0801662563339283
BC23944,BC23944_E1,ENSG00000167658,-0.07238541995686251,-0.08391508750970274
BC23944,BC23944_E1,ENSG00000143947,0.10750897832588228,0.11865021039460877
BC23944,BC23944_E1,ENSG00000106624,0.04691841743082585,0.06027740100375669
BC23944,BC23944_E1,ENSG00000108344,0.11767031987259015,0.10915247190682673
BC23944,BC23944_E1,ENSG00000162244,0.09388229203986499,0.09664327103119534
BC23944,BC23944_E1,ENSG00000148303,0.002934534554912547,0.014308529922496083
BC23944,BC23944_E1,ENSG00000131469,0.0077678264013072715,0.003139090023254888
BC23944,BC23944_E1,ENSG00000144713,0.009917681796687236,0.0046745399588476195
BC23944,BC23944_E1,ENSG00000108639,0.12635912072785385,0.12360882349877084
BC23944,BC23944_E1,ENSG00000174748,0.13159001216086358,0.13947003055252924
BC23944,BC23944_E1,ENSG00000163220,-0.042902343194496956,-0.026706906043974177
BC23944,BC23944_E1,ENSG00000165949,-0.11292188151648667,-0.10954657960354551
BC23944,BC23944_E1,ENSG00000108679,0.0237208328499672,0.019898779877941922
BC23944,BC23944_E1,ENSG00000115884,0.10794485454050459,0.14500229416602847
BC23944,BC23944_E1,ENSG00000106211,-0.011748029430418376,0.010576632437430497
BC23944,BC23944_E1,ENSG00000141741,-0.015252878477686188,-0.019234859950800456
BC23944,BC23944_E1,ENSG00000166710,0.050093760612753314,0.06578823161867835
BC23944,BC23944_E1,ENSG00000172531,0.11566095046368999,0.11721605183154887
BC23944,BC23944_E1,ENSG00000198242,0.05048589239924529,0.0674204602220956
BC23944,BC23944_E1,ENSG00000185825,-0.13758042375849142,-0.13354752306412773
BC23944,BC23944_E1,ENSG00000158710,-0.07942377378556198,-0.0991317134319691
BC23944,BC23944_E1,ENSG00000145592,-0.10927180954154371,-0.10359969802306891
BC23944,BC23944_E1,ENSG00000160862,-0.11916255496333668,-0.1366423170853484
BC23944,BC23944_E1,ENSG00000246705,-0.05467754288448423,-0.05049042750213644
BC23944,BC23944_E1,ENSG00000130303,0.06957999481401266,0.05740716062786923
BC23944,BC23944_E1,ENSG00000104904,0.041582991827344366,0.028518701518640784
BC23944,BC23944_E1,ENSG00000279483,0.26849743679090327,0.2805396595018456
BC23944,BC23944_E1,ENSG00000118181,0.1236054806155732,0.11227607113710046
BC23944,BC23944_E1,ENSG00000110651,0.09675309105315089,0.09878733635384959
BC23944,BC23944_E1,ENSG00000115457,-0.06844925919342498,-0.07487923612983735
BC23944,BC23944_E1,ENSG00000185499,-0.036316478026024474,-0.033892038786122784
BC23944,BC23944_E1,__ambiguous[ENSG00000243678+ENSG00000011052],0.04419035528221535,0.055550171364271275
BC23944,BC23944_E1,ENSG00000133112,-0.040357111574695965,-0.0417300825752585
BC23944,BC23944_E1,ENSG00000117410,0.09489799380932194,0.10384681920289102
BC23944,BC23944_E1,ENSG00000173372,0.019360123349462435,0.012190873191013132
BC23944,BC23944_E1,ENSG00000152082,0.05571325985962151,0.03995803620646527
BC23944,BC23944_E1,ENSG00000030582,-0.10647613281137731,-0.13233317921083035
BC23944,BC23944_E1,ENSG00000092841,-0.0019320098152897397,0.021213514584152732
BC23944,BC23944_E1,ENSG00000074800,-0.12261397575642018,-0.1444686416324032
BC23944,BC23944_E1,ENSG00000070756,0.06226184084184457,0.05674081703044757
BC23944,BC23944_E1,ENSG00000142669,-0.0809846603774213,-0.08200318733036961
BC23944,BC23944_E1,ENSG00000126267,-0.07866085876512931,-0.07538907995741082
BC23944,BC23944_E1,ENSG00000130208,-0.10126350128311726,-0.1035689718275644
BC23944,BC23944_E1,ENSG00000205542,0.023035899991792876,0.031036486962774328
BC23944,BC23944_E1,ENSG00000071082,0.01590976724510457,0.019627057985174792
BC23944,BC23944_E1,__ambiguous[ENSG00000185885+ENSG00000185201],-0.036300432588572976,-0.03504053352596306
BC23944,BC23944_E1,ENSG00000102265,0.13139417358472183,0.13238928700568928
BC23944,BC23944_E1,__ambiguous[ENSG00000124614+ENSG00000270800],0.0753195084357067,0.09763273270038574
BC23944,BC23944_E1,ENSG00000149591,0.14112967089761128,0.13826018765149053
BC23944,BC23944_E1,ENSG00000071553,-0.06777832549165913,-0.06919253233921548
BC23944,BC23944_E1,ENSG00000277972,-0.08955571556444598,-0.09508343509147829
BC23944,BC23944_E1,ENSG00000169100,-0.07639008049403401,-0.05812790650029826
BC23944,BC23944_E1,ENSG00000111057,-0.08514163111315318,-0.08476015761823891
BC23944,BC23944_E1,ENSG00000150991,0.049075942962510825,0.05979632189994536
BC23944,BC23944_E1,ENSG00000255823,0.516159014843278,0.5227369160456706
BC23944,BC23944_E1,ENSG00000143774,-0.058761421351676765,-0.05225444108763849
BC23944,BC23944_E1,ENSG00000160789,-0.06939315653553503,-0.08927548610172573
BC23944,BC23944_E1,ENSG00000115414,0.22438343001819294,0.2836378645219939
BC23944,BC23944_E1,ENSG00000135480,-0.10178778753277315,-0.08718315635520735
BC23944,BC23944_E1,ENSG00000277791,-0.03750239034998883,-0.04570414720529732
BC23944,BC23944_E1,ENSG00000163682,0.14296144789815654,0.18573283643526728
BC23944,BC23944_E1,ENSG00000125534,0.131538763627401,0.13045505024414367
BC23944,BC23944_E1,ENSG00000187514,0.11663516098101434,0.12808634605256855
BC23944,BC23944_E1,ENSG00000178719,-0.007848539895620092,-0.007397074154040874
BC23944,BC23944_E1,ENSG00000117450,0.04901011501119189,0.05792622466404099
BC23944,BC23944_E1,ENSG00000162511,0.00435231783342334,-0.00340211913378783
BC23944,BC23944_E1,ENSG00000145425,0.024486514685151128,0.027447390053234984
BC23944,BC23944_E1,ENSG00000105223,-0.04333115626807317,-0.04613127511292106
BC23944,BC23944_E1,ENSG00000165215,0.11218650664452431,0.10765969304388502
BC23944,BC23944_E1,ENSG00000124664,0.05971782411455037,0.061968612182786396
BC23944,BC23944_E1,ENSG00000196924,0.1936114214618591,0.2242489280156459
BC23944,BC23944_E1,ENSG00000182492,0.007098061713815186,0.011344423017994001
BC23944,BC23944_E1,ENSG00000138326,0.059049521897314966,0.07713538788792201
BC23944,BC23944_E1,ENSG00000269028,0.4559791693610148,0.46184837443244875
BC23944,BC23944_E1,ENSG00000131748,0.11619471330950745,0.09840030364361124
BC23944,BC23944_E1,ENSG00000251562,0.027280538529097776,-0.0034565067261907905
BC23944,BC23944_E1,ENSG00000204287,0.15481947407904578,0.19607938673500064
BC23944,BC23944_E1,ENSG00000124614,0.03746547883937724,0.040624127570505944
BC23944,BC23944_E1,ENSG00000176340,-0.044126702954254624,-0.046832270974943656
BC23944,BC23944_E1,ENSG00000182809,0.1187609512726953,0.10907249054781137
BC23944,BC23944_E1,ENSG00000127540,0.0033920218785334906,0.002645377976964365
BC23944,BC23944_E1,ENSG00000164733,0.004980872564646186,-0.01384821939124199
BC23944,BC23944_E1,ENSG00000058262,0.05302758440881949,0.059936693729031675
BC23944,BC23944_E1,__ambiguous[ENSG00000277957+ENSG00000161960],0.3045145386132644,0.31409983257511914
BC23944,BC23944_E1,ENSG00000164692,0.08267263635060404,0.09557707187794193
BC23944,BC23944_E1,ENSG00000051523,0.11125506736613829,0.11406755883249568
BC23944,BC23944_E1,ENSG00000026025,0.0468766479832876,0.050159316652280524
BC23944,BC23944_E1,ENSG00000114353,-0.007064548979665924,-0.018679001107866872
BC23944,BC23944_E1,ENSG00000144426,0.030535250696243264,0.02782081656484446
BC23944,BC23944_E1,ENSG00000169223,0.05335680807701347,0.08597261371422688
BC23944,BC23944_E1,ENSG00000087460,0.23359438770077876,0.2428320426139707
BC23944,BC23944_E1,ENSG00000142089,-0.055964021214889546,-0.0602107676376821
BC23944,BC23944_E1,ENSG00000141522,0.01689659136575952,0.0004568564249880431
BC23944,BC23944_E1,ENSG00000103363,0.033215271386576616,0.043656012411977634
BC23944,BC23944_E1,ENSG00000052344,0.005747685175764148,0.0020805816534832226
BC23944,BC23944_E1,__ambiguous[ENSG00000257341+ENSG00000213145],-0.0736773590354172,-0.06682783509703459
BC23944,BC23944_E1,ENSG00000272196,0.07341453537656159,0.08375384469159217
BC23944,BC23944_E1,ENSG00000114867,-0.07328325914835145,-0.07034556370373699
BC23944,BC23944_E1,ENSG00000100219,0.17453303318996935,0.18487630937841823
BC23944,BC23944_E1,ENSG00000182899,0.07203413297592051,0.06910264446698197
BC23944,BC23944_E1,ENSG00000104964,-0.12146197353474109,-0.11283930728449124
BC23944,BC23944_E1,ENSG00000170315,0.03918056519279585,0.0459898382143698
BC23944,BC23944_E1,ENSG00000111669,0.05490678464753597,0.0370559808650402
BC23944,BC23944_E1,ENSG00000184897,-0.011975015921259661,-0.006952395544677128
BC23944,BC23944_E1,ENSG00000142949,0.1750256253259003,0.19697280644378487
BC23944,BC23944_E1,__ambiguous[ENSG00000219200+ENSG00000161939],0.021005441799901867,0.032932914030490715
BC23944,BC23944_E1,ENSG00000172354,0.08070490926962999,0.07555463309260849
BC23944,BC23944_E1,ENSG00000123349,-0.01794886746676429,-0.022411075488519727
BC23944,BC23944_E1,ENSG00000167815,0.06658362929153831,0.058610866168693085
BC23944,BC23944_E1,ENSG00000125730,0.13374300973190217,0.1423330801814211
BC23944,BC23944_E1,ENSG00000160932,0.08007100224848765,0.06387584324959651
BC23944,BC23944_E1,ENSG00000142173,0.04779457978403452,0.05616470733523324
BC23944,BC23944_E1,ENSG00000131143,-0.016987026003039942,-0.016288235863406362
BC23944,BC23944_E1,ENSG00000178980,-0.035652216661624575,-0.0223926271565226
BC23944,BC23944_E1,__ambiguous[ENSG00000262526+ENSG00000170296],-0.03345199100784548,-0.05884736910919174
BC23944,BC23944_E1,ENSG00000178952,0.014123476876174827,0.005379784209245246
BC23944,BC23944_E1,ENSG00000163479,-0.10997506887329876,-0.09946865909931535
BC23944,BC23944_E1,ENSG00000197956,0.08559473328447918,0.08965383036122439
BC23944,BC23944_E1,ENSG00000008988,0.07770107410653278,0.07745457746728548
BC23944,BC23944_E1,ENSG00000104529,0.016113696268657315,0.023651732224797432
BC23944,BC23944_E1,ENSG00000155366,-0.015939100710383743,-0.025999532109885367
BC23944,BC23944_E1,ENSG00000114391,-0.08172628619112293,-0.08628094053383215
BC23944,BC23944_E1,ENSG00000163399,0.1622142601341921,0.19159991799002463
BC23944,BC23944_E1,ENSG00000174886,-0.0257780992208654,-0.037172312273486996
BC23944,BC23944_E1,__ambiguous[ENSG00000241343+ENSG00000257529],0.00019055978882772482,0.007464826038820977
BC23944,BC23944_E1,ENSG00000100300,-0.05721887794552007,-0.07456119709363014
BC23944,BC23944_E1,ENSG00000196576,0.1361244461721141,0.1543402088531572
BC23944,BC23944_E1,ENSG00000172270,0.05476621931232676,0.0704918902001477
BC23944,BC23944_E1,ENSG00000126247,-0.045833178590039034,-0.04700836769563873
BC23944,BC23944_E1,ENSG00000143546,-0.06428609486929565,-0.058567899537781916
BC23944,BC23944_E1,ENSG00000124172,0.018163443184376363,0.018509723625169422
BC23944,BC23944_E1,ENSG00000188846,-0.03869939929664656,-0.00733057702755487
BC23944,BC23944_E1,ENSG00000145494,-0.15244322338715152,-0.17554761112342784
BC23944,BC23944_E1,ENSG00000171863,-0.007029004751027962,0.010399255937284213
BC23944,BC23944_E1,ENSG00000174444,-0.14542994487985125,-0.1387099449828014
BC23944,BC23944_E1,ENSG00000101335,0.19362816557332627,0.19091292425942413
BC23944,BC23944_E1,ENSG00000213988,0.10811215150652803,0.1156328996568204
BC23944,BC23944_E1,ENSG00000110492,-0.00739471217769779,0.015322430694767753
BC23944,BC23944_E1,ENSG00000186468,0.066099974361569,0.0806990561799578
BC23944,BC23944_E1,__ambiguous[ENSG00000273259+ENSG00000196136],-0.02857363817156023,-0.0226130111071039
BC23944,BC23944_E1,ENSG00000125970,0.1238230537722412,0.14440881581609552
BC23944,BC23944_E1,ENSG00000173369,0.00930257670336869,0.0011629801865258344
BC23944,BC23944_E1,ENSG00000106153,0.058566547655589135,0.0927560983625066
BC23944,BC23944_E1,ENSG00000113140,-0.0065620614954668265,-0.009422553677391546
BC23944,BC23944_E1,ENSG00000173801,0.056427467042530516,0.08711767533931038
BC23944,BC23944_E1,ENSG00000159840,0.06492321536754327,0.08348636952389576
BC23944,BC23944_E1,ENSG00000186010,0.0011445201234053912,-0.015426655898492054
BC23944,BC23944_E1,ENSG00000011304,0.01087742320392972,0.04345789276300447
BC23944,BC23944_E1,ENSG00000171222,-0.07652601079555865,-0.08635207418577925
BC23944,BC23944_E1,ENSG00000134419,-0.013210014204346535,-0.003587351725275057
BC23944,BC23944_E1,ENSG00000130725,0.014001306966997125,0.019545619561476518
BC23944,BC23944_E1,ENSG00000135390,-0.11074263210748381,-0.12495484910695924
BC23944,BC23944_E1,ENSG00000173272,0.08873776381473432,0.1003055225205008
BC23944,BC23944_E1,ENSG00000143420,0.043374392346456035,0.05180130377328507
BC23944,BC23944_E1,ENSG00000161960,0.13276311720023112,0.14808870232973018
BC23944,BC23944_E1,ENSG00000109475,0.04640318283556518,0.0662717708214589
BC23944,BC23944_E1,ENSG00000214530,-0.005508901946623487,-0.011547734179625188
BC23944,BC23944_E1,ENSG00000170421,0.10610261243009238,0.1214587406031999
BC23944,BC23944_E1,ENSG00000279274,0.13475684572106555,0.13942942721298238
BC23944,BC23944_E1,ENSG00000168542,0.02697113737835695,0.024934746824689602
BC23944,BC23944_E1,ENSG00000123989,-0.03883028172976782,-0.030535103540117743
BC23944,BC23944_E1,ENSG00000177700,-0.03213876856908796,-0.05902217424573941
BC23944,BC23944_E1,ENSG00000135940,-0.10892943460569027,-0.11771017741346897
BC23944,BC23944_E1,ENSG00000141738,0.035703403146334196,0.05188337962594222
BC23944,BC23944_E1,ENSG00000176046,0.11730503824506175,0.15305237332812627
BC23944,BC23944_E1,ENSG00000123416,0.04810154364864758,0.08420483290920644
BC23944,BC23944_E1,ENSG00000141753,-0.105081099228348,-0.16061218528627258
BC23944,BC23944_E1,ENSG00000184840,0.007132131518769949,-0.02322133537679864
BC23944,BC23944_E2,ENSG00000034510,0.006418602038616804,0.016452620411602656
BC23944,BC23944_E2,ENSG00000111640,0.13004742453058024,0.12590243050153646
BC23944,BC23944_E2,ENSG00000177600,0.12446603081717116,0.16689876715344643
BC23944,BC23944_E2,ENSG00000137818,0.3964096981152992,0.4609762993556292
BC23944,BC23944_E2,ENSG00000171345,0.030994346240463162,0.04260625537188766
BC23944,BC23944_E2,ENSG00000231500,0.038379688313190635,0.060464860660867606
BC23944,BC23944_E2,ENSG00000164587,0.08196519460107823,0.12512965662653022
BC23944,BC23944_E2,ENSG00000254709,0.18222573606429188,0.19554831379613866
BC23944,BC23944_E2,ENSG00000075624,-0.0012615886502436709,-0.004804954388991077
BC23944,BC23944_E2,ENSG00000108107,0.07033635592535968,0.07611058189602657
BC23944,BC23944_E2,ENSG00000141736,0.0481015049008173,0.07074371544160617
BC23944,BC23944_E2,ENSG00000197756,0.12941355707418906,0.14748409301892515
BC23944,BC23944_E2,ENSG00000105372,0.09219889093033737,0.1269128168051048
BC23944,BC23944_E2,ENSG00000108298,-0.08213178741736288,-0.09616426421481422
BC23944,BC23944_E2,ENSG00000161016,0.00611980343510882,-0.004187538976158089
BC23944,BC23944_E2,ENSG00000167526,0.1375443558507683,0.1735992343331886
BC23944,BC23944_E2,ENSG00000087086,0.01845157294571177,0.012704109782496439
BC23944,BC23944_E2,ENSG00000130255,0.11636747892832353,0.1331645691815805
BC23944,BC23944_E2,__ambiguous[ENSG00000251357+ENSG00000240972],-0.11848628133961205,-0.13641136180380709
BC23944,BC23944_E2,ENSG00000108518,0.0048233631772406325,0.002471263333933256
BC23944,BC23944_E2,ENSG00000136942,-0.03698893768442056,-0.031942214570239984
BC23944,BC23944_E2,ENSG00000149273,0.009580017448430064,0.02320268214986644
BC23944,BC23944_E2,ENSG00000197746,-0.0759152658352866,-0.07753793450137629
BC23944,BC23944_E2,ENSG00000117984,-0.1271056540659457,-0.12983452644386553
BC23944,BC23944_E2,ENSG00000179218,0.018029287626040603,0.01900234982099547
BC23944,BC23944_E2,ENSG00000063177,0.10748877726194395,0.10245984895025448
BC23944,BC23944_E2,ENSG00000140264,0.00030712726541692404,-0.006947975168184188
BC23944,BC23944_E2,ENSG00000180879,-0.031625333953171186,-0.022331349313685356
BC23944,BC23944_E2,ENSG00000105193,0.02245874492961581,0.026362041307802443
BC23944,BC23944_E2,ENSG00000221983,0.020653017487474442,0.009881721194298075
BC23944,BC23944_E2,ENSG00000130203,0.19384346290165846,0.17924266715520748
BC23944,BC23944_E2,ENSG00000109062,0.027463606594666182,0.04755099365619143
BC23944,BC23944_E2,ENSG00000204628,-0.006705360830876017,-0.013112599380099817
BC23944,BC23944_E2,ENSG00000166441,0.14074152491916553,0.16256526492996598
BC23944,BC23944_E2,ENSG00000185624,-0.041697770768963215,-0.027313837779806352
BC23944,BC23944_E2,ENSG00000142541,0.08124981616718331,0.13589536402425312
BC23944,BC23944_E2,ENSG00000234745,0.0884846373574649,0.08109104741898332
BC23944,BC23944_E2,ENSG00000167996,-0.05432273120683456,-0.054566124294987604
BC23944,BC23944_E2,ENSG00000142534,0.09344405251750051,0.11963600376413536
BC23944,BC23944_E2,ENSG00000147403,0.0699060097020048,0.08066320489720644
BC23944,BC23944_E2,ENSG00000140988,0.04935040941692777,0.06849674227979782
BC23944,BC23944_E2,ENSG00000089157,0.07670700954379579,0.12493580837370281
BC23944,BC23944_E2,ENSG00000115268,0.09944241781060364,0.10066339253915219
BC23944,BC23944_E2,ENSG00000112306,0.03871316762803784,0.025937679299812635
BC23944,BC23944_E2,ENSG00000105640,0.18412698796280727,0.2283884162422244
BC23944,BC23944_E2,ENSG00000171858,0.14445983148043012,0.1683194388818626
BC23944,BC23944_E2,ENSG00000233927,0.01585115478405341,0.017079415569172588
BC23944,BC23944_E2,ENSG00000111341,0.010122922385184948,0.013319995934745898
BC23944,BC23944_E2,ENSG00000182774,0.04530894521011432,0.05444060688548011
BC23944,BC23944_E2,ENSG00000213741,0.12709402140768683,0.15559371659461568
BC23944,BC23944_E2,ENSG00000125691,0.13853037732672902,0.15139709040604957
BC23944,BC23944_E2,ENSG00000198034,0.01781575847376873,0.04660854579595386
BC23944,BC23944_E2,ENSG00000142676,0.013993569207719155,0.04377507169761647
BC23944,BC23944_E2,ENSG00000149806,-0.024133243295966784,-0.01431467013685861
BC23944,BC23944_E2,ENSG00000101439,-0.04598124235555153,-0.05854549330980369
BC23944,BC23944_E2,ENSG00000177954,0.15983645589053241,0.19578917030862372
BC23944,BC23944_E2,ENSG00000170889,0.054469168002334305,0.05874798585528501
BC23944,BC23944_E2,ENSG00000019582,0.0667425164155283,0.08072095420445663
BC23944,BC23944_E2,ENSG00000204525,0.0068957137725650436,0.0024568663935441858
BC23944,BC23944_E2,ENSG00000172809,-0.037568691972465304,-0.07453543106185041
BC23944,BC23944_E2,ENSG00000184009,0.08352049629632832,0.0995971356912754
BC23944,BC23944_E2,ENSG00000100316,0.08192896049458603,0.1071139342875475
BC23944,BC23944_E2,ENSG00000137154,-0.010917358765925143,-0.013193307488419272
BC23944,BC23944_E2,ENSG00000172757,0.061048745332431396,0.07036021336156455
BC23944,BC23944_E2,ENSG00000167995,0.028836797684810234,0.00973666550798949
BC23944,BC23944_E2,ENSG00000204592,-0.00296069969628055,-0.02222878960470747
BC23944,BC23944_E2,ENSG00000108821,-0.08164839687443547,-0.07026504390923781
BC23944,BC23944_E2,__ambiguous[ENSG00000185883+ENSG00000260272],0.04023678379954804,0.01777581355632479
BC23944,BC23944_E2,ENSG00000167468,0.07440331427505689,0.04512475454628838
BC23944,BC23944_E2,__ambiguous[ENSG00000254772+ENSG00000255508],0.01796050575549314,0.055796688272432934
BC23944,BC23944_E2,ENSG00000142937,0.01376321206697534,0.006031092525360424
BC23944,BC23944_E2,ENSG00000083845,0.04281244145317749,0.05978379576313198
BC23944,BC23944_E2,ENSG00000135404,-0.06120639125117212,-0.06690771918960582
BC23944,BC23944_E2,ENSG00000169710,0.37480372433904163,0.39754008296881804
BC23944,BC23944_E2,ENSG00000206503,0.01906208733383956,0.014234597288542688
BC23944,BC23944_E2,ENSG00000163191,0.09095985122183997,0.10491928051947334
BC23944,BC23944_E2,ENSG00000156482,0.029020854356292067,0.03385567477969828
BC23944,BC23944_E2,ENSG00000149925,-0.03634624407996508,-0.06740532356063525
BC23944,BC23944_E2,ENSG00000197958,-0.0337935901237634,-0.024122194325976988
BC23944,BC23944_E2,ENSG00000224389,0.07971904761055139,0.08159482480319456
BC23944,BC23944_E2,ENSG00000107223,0.0020896833453943144,0.0017443049147280692
BC23944,BC23944_E2,ENSG00000231925,0.11754465842534882,0.11965685895608927
BC23944,BC23944_E2,ENSG00000167658,0.007265434752309612,0.008220250788779453
BC23944,BC23944_E2,ENSG00000143947,0.013534187935800962,-0.0017586406212937822
BC23944,BC23944_E2,ENSG00000106624,0.03462865056698826,-0.007589706173979871
BC23944,BC23944_E2,ENSG00000108344,0.07574912105059105,0.0672176367608413
BC23944,BC23944_E2,ENSG00000162244,0.04404451664191533,0.03541989129804533
BC23944,BC23944_E2,ENSG00000148303,0.03559608928558934,0.03642301704055685
BC23944,BC23944_E2,ENSG00000131469,0.08460262482210015,0.11223822417647858
BC23944,BC23944_E2,ENSG00000144713,0.02020001303586705,0.03927270770550375
BC23944,BC23944_E2,ENSG00000108639,0.03477863967006826,0.0383755305310317
BC23944,BC23944_E2,ENSG00000174748,0.010367275076890503,0.01813965355330249
BC23944,BC23944_E2,ENSG00000163220,-0.04197821773590054,-0.05074431527931996
BC23944,BC23944_E2,ENSG00000165949,-0.1538689888363234,-0.16725420966904714
BC23944,BC23944_E2,ENSG00000108679,-0.0447732845801832,-0.04221409472164347
BC23944,BC23944_E2,ENSG00000115884,-0.0003827882808019166,-0.0019593024931890027
BC23944,BC23944_E2,ENSG00000106211,0.08807047816063054,0.1032264312522081
BC23944,BC23944_E2,ENSG00000141741,-0.04326119588260081,-0.0371145149954969
BC23944,BC23944_E2,ENSG00000166710,-0.03368188059496895,-0.029131359815321438
BC23944,BC23944_E2,ENSG00000172531,0.1545706962768696,0.14405713717686452
BC23944,BC23944_E2,ENSG00000198242,0.08560436585918683,0.08264627139005985
BC23944,BC23944_E2,ENSG00000185825,-0.05965589068232484,-0.0686722650053545
BC23944,BC23944_E2,ENSG00000158710,-0.15194222547223388,-0.1613774968551696
BC23944,BC23944_E2,ENSG00000145592,-0.06693281558807689,-0.06873649890962083
BC23944,BC23944_E2,ENSG00000160862,-0.06407779542127287,-0.07601560236436132
BC23944,BC23944_E2,ENSG00000246705,-0.10336693491600026,-0.11760498335496304
BC23944,BC23944_E2,ENSG00000130303,0.011320941973512863,0.01909545180284158
BC23944,BC23944_E2,ENSG00000104904,-0.07705222642812085,-0.0965355029521815
BC23944,BC23944_E2,ENSG00000279483,0.06887218218173202,0.09664378746676336
BC23944,BC23944_E2,ENSG00000118181,0.047402586556867854,0.03486166126725925
BC23944,BC23944_E2,ENSG00000110651,0.10436644544114544,0.12679318931069722
BC23944,BC23944_E2,ENSG00000115457,0.013174951567092174,0.008209880577873196
BC23944,BC23944_E2,ENSG00000185499,-0.038572573485435954,-0.004681348907437209
BC23944,BC23944_E2,__ambiguous[ENSG00000243678+ENSG00000011052],-0.05226779710951451,-0.06253857727869262
BC23944,BC23944_E2,ENSG00000133112,-0.027399995302282744,-0.05232737682704912
BC23944,BC23944_E2,ENSG00000117410,0.07704041251458825,0.0850960030207902
BC23944,BC23944_E2,ENSG00000173372,0.02838187085456413,0.024617505072828144
BC23944,BC23944_E2,ENSG00000152082,0.09309249468164339,0.08995765730160049
BC23944,BC23944_E2,ENSG00000030582,-0.06080544409973043,-0.08790146972178418
BC23944,BC23944_E2,ENSG00000092841,0.050164554807800486,0.07809529581853564
BC23944,BC23944_E2,ENSG00000074800,-0.04976195280250172,-0.03753112775658855
BC23944,BC23944_E2,ENSG00000070756,0.07388168415722292,0.09232834225905351
BC23944,BC23944_E2,ENSG00000142669,-0.027379303075416,-0.03154267478733801
BC23944,BC23944_E2,ENSG00000126267,-0.03619263380197489,-0.02983100564441545
BC23944,BC23944_E2,ENSG00000130208,-0.13560714308502148,-0.14042777246325583
BC23944,BC23944_E2,ENSG00000205542,0.0581787052210016,0.02660490264710098
BC23944,BC23944_E2,ENSG00000071082,0.048176309042241815,0.04165785434994774
BC23944,BC23944_E2,__ambiguous[ENSG00000185885+ENSG00000185201],-0.04077598045728709,-0.03005293549254006
BC23944,BC23944_E2,ENSG00000102265,0.07060268861012507,0.09350915000429612
BC23944,BC23944_E2,__ambiguous[ENSG00000124614+ENSG00000270800],-0.015166319738076504,1.7365951826954697e-05
BC23944,BC23944_E2,ENSG00000149591,0.18398949728117564,0.17963007283166255
BC23944,BC23944_E2,ENSG00000071553,-0.02626452120728781,-0.026736382723735876
BC23944,BC23944_E2,ENSG00000277972,-0.0375521260562604,-0.02105385199233755
BC23944,BC23944_E2,ENSG00000169100,-0.07595628737634413,-0.0798362657597748
BC23944,BC23944_E2,ENSG00000111057,-0.09956767368284535,-0.11153552147397874
BC23944,BC23944_E2,ENSG00000150991,0.0023987678268595474,0.007831889011945519
BC23944,BC23944_E2,ENSG00000255823,0.3455565289178027,0.36464031063502494
BC23944,BC23944_E2,ENSG00000143774,-0.04260268618590612,-0.05683705693751713
BC23944,BC23944_E2,ENSG00000160789,-0.037672537375188664,-0.05077552661929543
BC23944,BC23944_E2,ENSG00000115414,0.07860719796968177,0.10109133666213012
BC23944,BC23944_E2,ENSG00000135480,0.01782752215089336,0.009690040689864959
BC23944,BC23944_E2,ENSG00000277791,-0.11307173086512388,-0.09927891138358007
BC23944,BC23944_E2,ENSG00000163682,-0.026860364210578556,-0.026344983915661074
BC23944,BC23944_E2,ENSG00000125534,-0.07599048759645703,-0.040688557158828104
BC23944,BC23944_E2,ENSG00000187514,0.07883864687905029,0.09365949070983948
BC23944,BC23944_E2,ENSG00000178719,-0.00776723542936726,-0.02473952971956337
BC23944,BC23944_E2,ENSG00000117450,-0.011684677159187742,-0.022659893420186362
BC23944,BC23944_E2,ENSG00000162511,0.03713846166092991,0.0281131371791304
BC23944,BC23944_E2,ENSG00000145425,-0.0014253700145753158,0.02191260206994044
BC23944,BC23944_E2,ENSG00000105223,-0.05077589423504986,-0.06820623239484916
BC23944,BC23944_E2,ENSG00000165215,0.002469349605265023,0.002038224535877076
BC23944,BC23944_E2,ENSG00000124664,0.03912694128073832,0.05100800161685757
BC23944,BC23944_E2,ENSG00000196924,0.043861652227152235,0.04028242748687955
BC23944,BC23944_E2,ENSG00000182492,0.08945640803968624,0.09250070926880015
BC23944,BC23944_E2,ENSG00000138326,-0.11649110601563561,-0.1392960630333745
BC23944,BC23944_E2,ENSG00000269028,0.31780705531684517,0.34049347399011076
BC23944,BC23944_E2,ENSG00000131748,-0.025348672020157424,-0.040761286436945515
BC23944,BC23944_E2,ENSG00000251562,-0.022316371798166017,-0.029696487362854476
BC23944,BC23944_E2,ENSG00000204287,0.0003528114817270188,-0.005363248009519683
BC23944,BC23944_E2,ENSG00000124614,0.013016577126455112,0.03184802083280566
BC23944,BC23944_E2,ENSG00000176340,0.06355206635549102,0.051795248319096605
BC23944,BC23944_E2,ENSG00000182809,0.07864133418483059,0.09560543858721689
BC23944,BC23944_E2,ENSG00000127540,-0.03351925812505558,-0.0288706119927713
BC23944,BC23944_E2,ENSG00000164733,-0.03678186750987117,-0.07229285252401393
BC23944,BC23944_E2,ENSG00000058262,0.099328122164863,0.09149049022826061
BC23944,BC23944_E2,__ambiguous[ENSG00000277957+ENSG00000161960],0.06970931423252938,0.06440229551954384
BC23944,BC23944_E2,ENSG00000164692,0.08232455142127065,0.09274649414401813
BC23944,BC23944_E2,ENSG00000051523,0.01419726661917008,0.0043758775115476265
BC23944,BC23944_E2,ENSG00000026025,0.06743045265334079,0.04467864261805131
BC23944,BC23944_E2,ENSG00000114353,-0.06769790187336588,-0.06858504694290457
BC23944,BC23944_E2,ENSG00000144426,-0.06786102905263554,-0.052876616572089086
BC23944,BC23944_E2,ENSG00000169223,-0.062384976412373526,-0.0813292913215276
BC23944,BC23944_E2,ENSG00000087460,0.044900952438643615,0.05770410973424567
BC23944,BC23944_E2,ENSG00000142089,0.007032353691268698,0.02869403091749782
BC23944,BC23944_E2,ENSG00000141522,-0.006744008655915305,-0.018883861644958786
BC23944,BC23944_E2,ENSG00000103363,0.02455685760508197,0.026673238050826147
BC23944,BC23944_E2,ENSG00000052344,-0.015691729299034278,-0.02820004780278199
BC23944,BC23944_E2,__ambiguous[ENSG00000257341+ENSG00000213145],0.011526649991771226,0.012653883973996955
BC23944,BC23944_E2,ENSG00000272196,0.021272119436597417,0.014604172816792688
BC23944,BC23944_E2,ENSG00000114867,-0.002459865255870705,-0.01627419839797166
BC23944,BC23944_E2,ENSG00000100219,0.08228219391074221,0.07918249069403513
BC23944,BC23944_E2,ENSG00000182899,-0.00017503744486797946,0.020433898302515217
BC23944,BC23944_E2,ENSG00000104964,0.09282917046138672,0.06641903210498433
BC23944,BC23944_E2,ENSG00000170315,0.020714213707391082,0.02297215559831029
BC23944,BC23944_E2,ENSG00000111669,-0.017280244615881252,0.004338473095806945
BC23944,BC23944_E2,ENSG00000184897,-0.050266378875430076,-0.06462943411110929
BC23944,BC23944_E2,ENSG00000142949,0.018797003106585945,0.027488295090047684
BC23944,BC23944_E2,__ambiguous[ENSG00000219200+ENSG00000161939],-0.053418371498596795,-0.08503186150312479
BC23944,BC23944_E2,ENSG00000172354,0.011568741665835885,0.012902350240716978
BC23944,BC23944_E2,ENSG00000123349,-0.020625522823470018,-0.02961903753172596
BC23944,BC23944_E2,ENSG00000167815,0.0031947117820256884,0.009514873983637736
BC23944,BC23944_E2,ENSG00000125730,0.19623746284698876,0.21886146110168403
BC23944,BC23944_E2,ENSG00000160932,0.0200053684974716,0.012573912820426315
BC23944,BC23944_E2,ENSG00000142173,0.019119158177067008,-0.0037136894556072564
BC23944,BC23944_E2,ENSG00000131143,-0.034283395796455035,-0.051121609554989796
BC23944,BC23944_E2,ENSG00000178980,0.007015436673236432,-0.008762526265720154
BC23944,BC23944_E2,__ambiguous[ENSG00000262526+ENSG00000170296],-0.008690531185825684,-0.011788299021402016
BC23944,BC23944_E2,ENSG00000178952,-0.047996422089705476,-0.05233454315556364
BC23944,BC23944_E2,ENSG00000163479,0.09257516763287955,0.09327117043958798
BC23944,BC23944_E2,ENSG00000197956,-0.005994718441363071,-0.018529334156106598
BC23944,BC23944_E2,ENSG00000008988,-0.014837336169747308,-0.01892131532335148
BC23944,BC23944_E2,ENSG00000104529,-0.07443120181162365,-0.11185411092003701
BC23944,BC23944_E2,ENSG00000155366,0.03178702883878546,0.02959495902255032
BC23944,BC23944_E2,ENSG00000114391,-0.026417160089787787,-0.04572152880965123
BC23944,BC23944_E2,ENSG00000163399,0.006856740858668223,0.005534003694068615
BC23944,BC23944_E2,ENSG00000174886,-0.08374008433397902,-0.11002793835154415
BC23944,BC23944_E2,__ambiguous[ENSG00000241343+ENSG00000257529],0.013297387771280951,0.001012689226318593
BC23944,BC23944_E2,ENSG00000100300,-0.03969435841934294,-0.05612920754481886
BC23944,BC23944_E2,ENSG00000196576,0.009104621399410382,0.0033185199220067876
BC23944,BC23944_E2,ENSG00000172270,0.000665378728561158,-0.01093904138457833
BC23944,BC23944_E2,ENSG00000126247,-0.08053186169421132,-0.10441910105855423
BC23944,BC23944_E2,ENSG00000143546,0.0015190018611758915,-0.002775228606810214
BC23944,BC23944_E2,ENSG00000124172,-0.03914837687331317,-0.05047889403986511
BC23944,BC23944_E2,ENSG00000188846,-0.03378478469596139,-0.03158028840447985
BC23944,BC23944_E2,ENSG00000145494,-0.0954411948899749,-0.12523562851610845
BC23944,BC23944_E2,ENSG00000171863,0.005722580987345285,-0.007614842930731138
BC23944,BC23944_E2,ENSG00000174444,0.048291042092418406,0.039742593628448265
BC23944,BC23944_E2,ENSG00000101335,0.07552291805654628,0.09590944078510263
BC23944,BC23944_E2,ENSG00000213988,0.012868376676432708,0.008792431794441549
BC23944,BC23944_E2,ENSG00000110492,0.022975100419981437,0.02469054074817324
BC23944,BC23944_E2,ENSG00000186468,-0.05894776800687003,-0.06716406562315375
BC23944,BC23944_E2,__ambiguous[ENSG00000273259+ENSG00000196136],0.03658671667174999,0.05381694442401731
BC23944,BC23944_E2,ENSG00000125970,0.11520275814431576,0.1257846737249943
BC23944,BC23944_E2,ENSG00000173369,0.003681388543461347,0.006860713744123615
BC23944,BC23944_E2,ENSG00000106153,0.047638875311038886,0.052637718529313135
BC23944,BC23944_E2,ENSG00000113140,0.011831950740300896,0.009896644823326105
BC23944,BC23944_E2,ENSG00000173801,0.039588584972721046,0.06013021061560604
BC23944,BC23944_E2,ENSG00000159840,0.024089562321620392,0.020307907781899358
BC23944,BC23944_E2,ENSG00000186010,0.039600630766727436,0.019860284640580386
BC23944,BC23944_E2,ENSG00000011304,-0.0317952842149901,-0.03770720964784127
BC23944,BC23944_E2,ENSG00000171222,-0.02251182862003089,-0.029275943323145606
BC23944,BC23944_E2,ENSG00000134419,0.08437747828667819,0.06579071363994764
BC23944,BC23944_E2,ENSG00000130725,0.004405653824226364,0.008194207221369204
BC23944,BC23944_E2,ENSG00000135390,-0.036688091229629925,-0.051171791563401466
BC23944,BC23944_E2,ENSG00000173272,0.03242634509552393,0.04608753604695511
BC23944,BC23944_E2,ENSG00000143420,-0.09067911605459401,-0.09408875466313167
BC23944,BC23944_E2,ENSG00000161960,0.07531133578503575,0.07073153133269065
BC23944,BC23944_E2,ENSG00000109475,0.09065227503690632,0.0705060319525303
BC23944,BC23944_E2,ENSG00000214530,-0.1254060798670928,-0.12148564082528134
BC23944,BC23944_E2,ENSG00000170421,-0.018389030675717528,-0.005361701408204453
BC23944,BC23944_E2,ENSG00000279274,0.16664600972073487,0.17286233036171053
BC23944,BC23944_E2,ENSG00000168542,0.01518928234656768,0.03573383240922739
BC23944,BC23944_E2,ENSG00000123989,-0.028046453271365245,-0.03167758013011171
BC23944,BC23944_E2,ENSG00000177700,0.006823827685936227,-0.007805701234843025
BC23944,BC23944_E2,ENSG00000135940,0.004781814966757331,-0.014981290346480325
BC23944,BC23944_E2,ENSG00000141738,0.018998835139742442,0.037099374666350646
BC23944,BC23944_E2,ENSG00000176046,-0.014821195772815189,-0.02727636161449876
BC23944,BC23944_E2,ENSG00000123416,-0.008712471839705693,-0.0028619753849407127
BC23944,BC23944_E2,ENSG00000141753,-0.0018782171356106307,0.015747798923855874
BC23944,BC23944_E2,ENSG00000184840,-0.03676535377591962,-0.038176882471791546
BC24044,BC24044_D2,ENSG00000034510,0.12014525975372578,0.174622330486973
BC24044,BC24044_D2,ENSG00000171345,0.03220071078440949,0.016768004813439014
BC24044,BC24044_D2,ENSG00000137818,0.14311216316763029,0.17618359837819397
BC24044,BC24044_D2,ENSG00000111640,0.0202077851745146,0.03611209007747471
BC24044,BC24044_D2,ENSG00000177600,0.017748568366429476,-0.02278971445913065
BC24044,BC24044_D2,ENSG00000231500,-0.050110206984579145,-0.07795939681193659
BC24044,BC24044_D2,ENSG00000254709,-0.3438952167468085,-0.3912205739216502
BC24044,BC24044_D2,ENSG00000164587,-0.09823740508761626,-0.13350855064913797
BC24044,BC24044_D2,ENSG00000075624,0.1885571792192836,0.2242280180828283
BC24044,BC24044_D2,ENSG00000108107,-0.27133352527290716,-0.3006822490330132
BC24044,BC24044_D2,ENSG00000197756,-0.03510772799156452,-0.0711436923667107
BC24044,BC24044_D2,ENSG00000161016,-0.16367443196118875,-0.17716091395969955
BC24044,BC24044_D2,ENSG00000087086,0.16383005972312895,0.14086859979334057
BC24044,BC24044_D2,ENSG00000108298,-0.07288941558745739,-0.04429294284660424
BC24044,BC24044_D2,ENSG00000105372,-0.2627932336211838,-0.28805577012704464
BC24044,BC24044_D2,ENSG00000141736,0.27489452803588554,0.3389042378807393
BC24044,BC24044_D2,ENSG00000108518,0.17919115600862873,0.2260347341577307
BC24044,BC24044_D2,ENSG00000117984,-0.09248866270302596,-0.10716183729630176
BC24044,BC24044_D2,ENSG00000197746,0.1606584420851527,0.19037759906470408
BC24044,BC24044_D2,__ambiguous[ENSG00000251357+ENSG00000240972],-0.18134991596812036,-0.18984128036241904
BC24044,BC24044_D2,ENSG00000167526,-0.12753509198430704,-0.1838488744155893
BC24044,BC24044_D2,ENSG00000130255,-0.2584082245163384,-0.30440034410860256
BC24044,BC24044_D2,ENSG00000130203,0.17864898610013363,0.17965679778405197
BC24044,BC24044_D2,ENSG00000140264,0.06262305955303683,0.08490400259271987
BC24044,BC24044_D2,ENSG00000179218,0.0339062391527848,0.07525703270937101
BC24044,BC24044_D2,ENSG00000109062,0.010376846133747997,-0.012224985686193849
BC24044,BC24044_D2,ENSG00000063177,0.016411926466988015,0.0125306185416277
BC24044,BC24044_D2,ENSG00000136942,-0.4917398692345855,-0.5020298475183285
BC24044,BC24044_D2,ENSG00000185624,0.1919795735641323,0.20180811155742434
BC24044,BC24044_D2,ENSG00000180879,-0.25898889977529976,-0.2663814441297089
BC24044,BC24044_D2,ENSG00000149273,0.0959878743153807,0.09146019064336304
BC24044,BC24044_D2,ENSG00000105193,0.08019707676403795,0.06062207950693683
BC24044,BC24044_D2,ENSG00000234745,0.24440437120568442,0.23425998126659214
BC24044,BC24044_D2,ENSG00000221983,-0.0434838341904395,-0.023721032038258077
BC24044,BC24044_D2,ENSG00000167996,-0.18849910601998665,-0.23528503978303938
BC24044,BC24044_D2,ENSG00000204628,-0.12555907723201523,-0.12795373966258536
BC24044,BC24044_D2,ENSG00000147403,0.05845150135068681,0.05014021882095309
BC24044,BC24044_D2,ENSG00000142541,0.0764127244583324,0.05014594244126059
BC24044,BC24044_D2,ENSG00000166441,-0.04131206156687266,-0.09190406145986253
BC24044,BC24044_D2,ENSG00000089157,-0.01181144505526993,-0.045411859021993656
BC24044,BC24044_D2,ENSG00000140988,0.013967528956860509,0.0023186437215723097
BC24044,BC24044_D2,ENSG00000171858,-0.07578914406620267,-0.09937864318503978
BC24044,BC24044_D2,ENSG00000142534,-0.03378993861676807,-0.046282358012968886
BC24044,BC24044_D2,ENSG00000112306,0.06485654250645816,0.032956956715192685
BC24044,BC24044_D2,ENSG00000115268,0.04963236386391656,0.04979240866604114
BC24044,BC24044_D2,ENSG00000182774,-0.034107351659586796,-0.061909044686893816
BC24044,BC24044_D2,ENSG00000125691,0.0001367335452908503,-0.0063243034501951475
BC24044,BC24044_D2,ENSG00000198034,0.2534965982281493,0.25627836870930515
BC24044,BC24044_D2,ENSG00000184009,0.004526135171988032,-0.039824788619258276
BC24044,BC24044_D2,ENSG00000213741,0.15164125950705687,0.10955531311472645
BC24044,BC24044_D2,ENSG00000111341,-0.2070793215724343,-0.26598712109975536
BC24044,BC24044_D2,ENSG00000233927,-0.0066248704461715595,-0.0010057519409499447
BC24044,BC24044_D2,ENSG00000204525,0.19863359278155307,0.20066703985912046
BC24044,BC24044_D2,ENSG00000108821,0.08835075518055016,0.09215018678792532
BC24044,BC24044_D2,ENSG00000169710,0.2582428000261453,0.28724112016267267
BC24044,BC24044_D2,ENSG00000105640,-0.31577117149525524,-0.37658261151845196
BC24044,BC24044_D2,ENSG00000101439,0.029973717331229846,0.03669890291107915
BC24044,BC24044_D2,ENSG00000172809,0.052690425027735396,0.07619731051290228
BC24044,BC24044_D2,ENSG00000149806,0.09954648212527094,0.08680478277621503
BC24044,BC24044_D2,ENSG00000142676,-0.08960275845277899,-0.06716651752082231
BC24044,BC24044_D2,ENSG00000137154,0.1864305784204658,0.1863664386403953
BC24044,BC24044_D2,ENSG00000019582,0.20858860165312113,0.20135318966753651
BC24044,BC24044_D2,ENSG00000177954,0.05223099604301884,0.022003529583293612
BC24044,BC24044_D2,ENSG00000167995,-0.3163973713114983,-0.34771629577420426
BC24044,BC24044_D2,ENSG00000185499,-0.05601883989174549,-0.03188605499028418
BC24044,BC24044_D2,ENSG00000224389,0.035611631386413274,0.040897183831879826
BC24044,BC24044_D2,ENSG00000170889,-0.259338978166983,-0.28910668570437975
BC24044,BC24044_D2,ENSG00000100316,-0.005479036974306972,-0.021866489127010672
BC24044,BC24044_D2,__ambiguous[ENSG00000185883+ENSG00000260272],0.05697579191787957,0.08065635911100069
BC24044,BC24044_D2,ENSG00000204592,-0.09576607088440324,-0.09453735956762324
BC24044,BC24044_D2,ENSG00000172757,0.03970979136104174,0.04624973188105345
BC24044,BC24044_D2,ENSG00000108344,-0.022256828245720377,-0.012664619784102375
BC24044,BC24044_D2,ENSG00000135404,0.035704249388274836,0.03836977173922461
BC24044,BC24044_D2,ENSG00000156482,-0.15160553549188827,-0.1775291025530389
BC24044,BC24044_D2,ENSG00000149925,0.12611273361611175,0.10940888043664995
BC24044,BC24044_D2,ENSG00000231925,0.09221001141264974,0.10445769677718732
BC24044,BC24044_D2,ENSG00000206503,0.07079440534551108,0.06812607763986246
BC24044,BC24044_D2,ENSG00000163191,0.10001327448007283,0.111458871813503
BC24044,BC24044_D2,ENSG00000165949,0.1720669361426721,0.19354671300799492
BC24044,BC24044_D2,ENSG00000106624,0.04326992567618089,0.042781706281617274
BC24044,BC24044_D2,ENSG00000108639,0.23918334079382508,0.2629812694073315
BC24044,BC24044_D2,ENSG00000167468,-0.09496905034040158,-0.08416855990084267
BC24044,BC24044_D2,ENSG00000160862,0.01642176902258092,0.003395841659257352
BC24044,BC24044_D2,ENSG00000142937,0.04104726428704971,0.03718208438682667
BC24044,BC24044_D2,ENSG00000108679,0.06434545627805129,0.06886171534850362
BC24044,BC24044_D2,ENSG00000106211,0.01801417665755743,0.0015882700277484178
BC24044,BC24044_D2,ENSG00000083845,0.06136953703875772,0.05450236224608308
BC24044,BC24044_D2,ENSG00000166710,0.39741194164556554,0.37020434701616034
BC24044,BC24044_D2,ENSG00000131469,-0.13056229082931597,-0.14009758557560845
BC24044,BC24044_D2,ENSG00000197958,-0.05905545668334232,-0.06547376027683519
BC24044,BC24044_D2,ENSG00000143947,-0.047516982824712804,-0.06574822447556042
BC24044,BC24044_D2,ENSG00000174748,0.17084335993344868,0.14678157669327346
BC24044,BC24044_D2,ENSG00000198242,-0.07343065967996625,-0.08801060838341392
BC24044,BC24044_D2,ENSG00000167658,0.10066082362192175,0.09628155443482722
BC24044,BC24044_D2,__ambiguous[ENSG00000254772+ENSG00000255508],-0.19997075013898205,-0.20639836953344992
BC24044,BC24044_D2,ENSG00000107223,-0.022429471040742367,-0.0010070748077545461
BC24044,BC24044_D2,__ambiguous[ENSG00000243678+ENSG00000011052],0.15021744830158795,0.15185410798606164
BC24044,BC24044_D2,ENSG00000162244,-0.049660115076881894,-0.0589181227108148
BC24044,BC24044_D2,ENSG00000158710,-0.0800879221936434,-0.07670149782993033
BC24044,BC24044_D2,ENSG00000185825,-0.028688387678772995,-0.015343761289807138
BC24044,BC24044_D2,ENSG00000145592,0.008237740522164775,0.0057115674933062716
BC24044,BC24044_D2,ENSG00000172531,0.10676286462141905,0.1189219530969333
BC24044,BC24044_D2,ENSG00000130208,0.0868644557026798,0.09020663449744605
BC24044,BC24044_D2,ENSG00000246705,-0.08998743886539597,-0.080735798897234
BC24044,BC24044_D2,ENSG00000144713,-0.0009186575513866914,-0.004238016035210678
BC24044,BC24044_D2,__ambiguous[ENSG00000185885+ENSG00000185201],0.08291786338274776,0.07809177350622364
BC24044,BC24044_D2,ENSG00000115884,0.13633940738738787,0.18059450050648465
BC24044,BC24044_D2,ENSG00000152082,0.020254323637459208,0.04578205127274269
BC24044,BC24044_D2,ENSG00000104904,0.17357314825035913,0.18145279124998132
BC24044,BC24044_D2,ENSG00000130303,0.020723315195754023,0.03438580581090142
BC24044,BC24044_D2,ENSG00000115457,0.11474508937268041,0.12157161557538716
BC24044,BC24044_D2,ENSG00000148303,0.15276014085572923,0.16492860889725858
BC24044,BC24044_D2,ENSG00000141741,0.043152252934824185,0.052392303344854736
BC24044,BC24044_D2,ENSG00000133112,0.020713887285741757,0.00808771330997922
BC24044,BC24044_D2,ENSG00000118181,0.08155648865666847,0.07386796828350567
BC24044,BC24044_D2,ENSG00000030582,0.06819789083992964,0.0757327030001824
BC24044,BC24044_D2,__ambiguous[ENSG00000257341+ENSG00000213145],0.13138264857036402,0.1653303173858463
BC24044,BC24044_D2,ENSG00000110651,-0.03984140229444602,-0.05181336260692045
BC24044,BC24044_D2,ENSG00000071553,0.15473234215460083,0.15875011132787337
BC24044,BC24044_D2,ENSG00000115414,0.09125500664834789,0.09445229505804509
BC24044,BC24044_D2,ENSG00000178719,-0.014531077720866727,0.0014971048338403051
BC24044,BC24044_D2,ENSG00000277972,0.04914607264912428,0.08028918672816508
BC24044,BC24044_D2,ENSG00000111057,-0.01009571812701399,0.0028665790361070537
BC24044,BC24044_D2,ENSG00000117410,0.2002914721459264,0.25515129521848057
BC24044,BC24044_D2,ENSG00000173372,0.031961151526600604,0.03393414148220884
BC24044,BC24044_D2,ENSG00000126267,0.10627531057412336,0.11895215188830555
BC24044,BC24044_D2,ENSG00000279483,0.34104297382524335,0.3511842946186671
BC24044,BC24044_D2,ENSG00000150991,0.0683821681525352,0.07065171744164139
BC24044,BC24044_D2,ENSG00000071082,0.04065499214554961,0.06722771532523424
BC24044,BC24044_D2,ENSG00000074800,0.008353278765622222,0.030530841352193805
BC24044,BC24044_D2,ENSG00000205542,0.15900788952921743,0.1810938913197426
BC24044,BC24044_D2,ENSG00000105223,0.06990134470834178,0.07202853054348546
BC24044,BC24044_D2,ENSG00000143774,0.06645358327130474,0.05929253324070194
BC24044,BC24044_D2,ENSG00000092841,0.038680851394594595,0.02573636765296959
BC24044,BC24044_D2,ENSG00000117450,0.3369572763616073,0.39722600140246594
BC24044,BC24044_D2,ENSG00000160789,0.16700021238562543,0.17844600425965984
BC24044,BC24044_D2,ENSG00000164733,0.19703340525454804,0.19936214504609556
BC24044,BC24044_D2,ENSG00000142669,0.17565205123725752,0.18583770756957696
BC24044,BC24044_D2,ENSG00000169100,0.10999604985947857,0.11325730595366715
BC24044,BC24044_D2,ENSG00000165215,0.1290529021946739,0.16779203287260772
BC24044,BC24044_D2,ENSG00000070756,-0.06730244820469006,-0.0754834941586423
BC24044,BC24044_D2,ENSG00000124664,0.04427529705326283,0.0834263213460566
BC24044,BC24044_D2,ENSG00000102265,0.16313563101340633,0.20480086245958398
BC24044,BC24044_D2,ENSG00000164692,-0.004230556761145724,-0.03278558685377302
BC24044,BC24044_D2,ENSG00000277791,0.18433283864326325,0.2195154007127155
BC24044,BC24044_D2,ENSG00000272196,0.0805521113277572,0.10286032446421631
BC24044,BC24044_D2,ENSG00000163682,0.2902319100431965,0.29131465048897465
BC24044,BC24044_D2,ENSG00000182492,0.12224516159903884,0.14392987822101702
BC24044,BC24044_D2,ENSG00000162511,0.1840879018822896,0.18061725630714118
BC24044,BC24044_D2,ENSG00000164919,-0.0723916092547253,-0.10268374616623048
BC24044,BC24044_D2,ENSG00000251562,-0.01691102549699034,0.00592996626163536
BC24044,BC24044_D2,ENSG00000204287,0.4526999079462123,0.44351894362467686
BC24044,BC24044_D2,ENSG00000138326,0.15203585258208244,0.15951894825930563
BC24044,BC24044_D2,ENSG00000145425,0.04370723476576417,0.023433469019348067
BC24044,BC24044_D2,ENSG00000255823,0.49796635595145067,0.5202636871814342
BC24044,BC24044_D2,ENSG00000149591,0.12037843885235798,0.1404075240529448
BC24044,BC24044_D2,ENSG00000182809,0.11905691581762361,0.140873354733076
BC24044,BC24044_D2,__ambiguous[ENSG00000124614+ENSG00000270800],-0.020608094697052992,-0.03277746420338726
BC24044,BC24044_D2,ENSG00000142089,0.055352314979384115,0.06333336702410097
BC24044,BC24044_D2,ENSG00000100219,0.2322605557708101,0.2499666462751034
BC24044,BC24044_D2,__ambiguous[ENSG00000273259+ENSG00000196136],0.020874714875530605,0.017770550135681552
BC24044,BC24044_D2,ENSG00000125534,0.027605166301095746,0.03192997125841004
BC24044,BC24044_D2,ENSG00000176340,-0.0462179888770313,-0.06335042826370296
BC24044,BC24044_D2,ENSG00000187514,0.31923102969847755,0.34960817881166534
BC24044,BC24044_D2,__ambiguous[ENSG00000277957+ENSG00000161960],0.24127139960787708,0.23082103019443553
BC24044,BC24044_D2,ENSG00000127540,-0.00961488257331185,-0.005267179732331858
BC24044,BC24044_D2,ENSG00000141522,-0.0547779947979897,-0.028702780614527745
BC24044,BC24044_D2,ENSG00000087460,0.19233952856488307,0.19162254909584486
BC24044,BC24044_D2,ENSG00000178980,0.1600984344077105,0.1770215482791901
BC24044,BC24044_D2,ENSG00000058262,0.11175224535074516,0.1357002088283238
BC24044,BC24044_D2,ENSG00000170315,0.08337393836712326,0.0668477957281806
BC24044,BC24044_D2,ENSG00000269028,0.5396891591298977,0.5527244063018262
BC24044,BC24044_D2,ENSG00000052344,0.07674183605051485,0.11290490998244296
BC24044,BC24044_D2,ENSG00000026025,-0.034632008342610106,-0.08255013212613506
BC24044,BC24044_D2,ENSG00000169223,0.10188261370709341,0.13577158328206013
BC24044,BC24044_D2,ENSG00000114867,0.056001437137902836,0.08763080133937706
BC24044,BC24044_D2,ENSG00000103363,-0.07577477426015339,-0.036501472073348716
BC24044,BC24044_D2,ENSG00000114353,0.1439411020205872,0.1435732287163426
BC24044,BC24044_D2,ENSG00000144426,-0.04084716297512209,-0.0603467879061319
BC24044,BC24044_D2,ENSG00000184897,0.1169239515683749,0.13960636238123383
BC24044,BC24044_D2,ENSG00000196924,0.05193894536372881,0.08224363918964223
BC24044,BC24044_D2,ENSG00000131748,0.12186491166257823,0.11881952533302448
BC24044,BC24044_D2,ENSG00000104529,0.0764373469468418,0.06903028703811011
BC24044,BC24044_D2,ENSG00000172354,0.2219904428187587,0.22453036996158474
BC24044,BC24044_D2,ENSG00000008988,0.021053473871961645,-0.003526911556164451
BC24044,BC24044_D2,ENSG00000214530,-0.01404430393693909,-0.006797470544024611
BC24044,BC24044_D2,ENSG00000182899,-0.07309037760614008,-0.1047280424919059
BC24044,BC24044_D2,ENSG00000124614,-0.06449797104844887,-0.06954060685725108
BC24044,BC24044_D2,ENSG00000178952,0.058986658412753544,0.08841650674042788
BC24044,BC24044_D2,ENSG00000100300,0.1765210999616019,0.19221019622608965
BC24044,BC24044_D2,ENSG00000167815,0.06173838283731639,0.07839056747652327
BC24044,BC24044_D2,ENSG00000163479,-0.014414167629795213,-0.02559714877691866
BC24044,BC24044_D2,ENSG00000160180,0.027344259146790822,0.03680577982892344
BC24044,BC24044_D2,ENSG00000124172,-0.03929855669214142,-0.0707644294463153
BC24044,BC24044_D2,ENSG00000163220,-0.33465949977171494,-0.3016802058979645
BC24044,BC24044_D2,ENSG00000163399,0.21054177124207576,0.2242093951975742
BC24044,BC24044_D2,__ambiguous[ENSG00000219200+ENSG00000161939],0.01615735767918088,0.012658939604322407
BC24044,BC24044_D2,ENSG00000104964,0.09842580089658934,0.0833498989946048
BC24044,BC24044_D2,ENSG00000173801,-0.130042174847217,-0.15362525613951641
BC24044,BC24044_D2,ENSG00000123349,-0.13878999406281547,-0.13576823498465948
BC24044,BC24044_D2,ENSG00000135480,0.09508587268789563,0.12802419292071465
BC24044,BC24044_D2,ENSG00000168528,0.05967799811032366,0.0527985237333968
BC24044,BC24044_D2,ENSG00000187608,-0.11185389564473458,-0.12350519397992764
BC24044,BC24044_D2,ENSG00000155366,0.06871049705888078,0.06323210730193408
BC24044,BC24044_D2,ENSG00000142173,0.2337243726887821,0.25149573220445265
BC24044,BC24044_D2,ENSG00000114391,0.06857130404704707,0.05076019741939712
BC24044,BC24044_D2,ENSG00000131143,0.10997634642303036,0.12363635410368562
BC24044,BC24044_D2,__ambiguous[ENSG00000241343+ENSG00000257529],0.07222603885970316,0.06923867295599749
BC24044,BC24044_D2,ENSG00000173272,0.007933086472626097,0.022813682100584324
BC24044,BC24044_D2,ENSG00000143420,0.1533630865703701,0.14859516904918438
BC24044,BC24044_D2,ENSG00000142949,0.048681855720129265,0.09848200458622582
BC24044,BC24044_D2,ENSG00000160932,0.027777229976125896,0.02046474258803329
BC24044,BC24044_D2,ENSG00000161960,0.2583793524027115,0.2802541458299738
BC24044,BC24044_D2,ENSG00000197956,0.033220700506255384,0.014311900531840869
BC24044,BC24044_D2,ENSG00000051523,-0.1281764464697248,-0.12810642171207634
BC24044,BC24044_D2,__ambiguous[ENSG00000262526+ENSG00000170296],-0.011278396049333363,-0.008935379576983093
BC24044,BC24044_D2,ENSG00000147684,0.07353335274731067,0.08488543644656864
BC24044,BC24044_D2,ENSG00000170421,0.13868782037698302,0.1722118011042681
BC24044,BC24044_D2,ENSG00000113140,-0.11831397270954071,-0.1595740106763716
BC24044,BC24044_D2,ENSG00000126247,0.011123396416222545,0.03145293016113296
BC24044,BC24044_D2,ENSG00000177700,0.021656145500015253,0.039542634727164995
BC24044,BC24044_D2,ENSG00000188846,-0.05604209337114833,-0.049468649334992565
BC24044,BC24044_D2,ENSG00000174444,0.07640163085196831,0.047579974655077927
BC24044,BC24044_D2,ENSG00000186468,0.04308918241296427,0.006737048198154833
BC24044,BC24044_D2,ENSG00000196576,0.2451869504897847,0.26163350251130146
BC24044,BC24044_D2,ENSG00000171222,0.043516610360548685,0.04865920969895149
BC24044,BC24044_D2,ENSG00000132475,0.29563903624179844,0.29912331678839743
BC24044,BC24044_D2,ENSG00000106153,-0.06809902017188789,-0.10269671496364527
BC24044,BC24044_D2,ENSG00000168542,0.07090068324434158,0.05135475252798833
BC24044,BC24044_D2,ENSG00000111669,-0.007606329980340931,0.007729227627974456
BC24044,BC24044_D2,ENSG00000173369,0.054543449155690184,0.034614204232803376
BC24044,BC24044_D2,ENSG00000174886,-0.08071239352065626,-0.08913036237844003
BC24044,BC24044_D2,ENSG00000125970,0.08727913691697338,0.11764209001867612
BC24044,BC24044_D2,ENSG00000147604,-0.2075549496755332,-0.18632147926634327
BC24044,BC24044_D2,ENSG00000096384,0.25254895367328434,0.27551575950893015
BC24044,BC24044_D2,ENSG00000171863,0.15952627019613216,0.16054015856745474
BC24044,BC24044_D2,ENSG00000135390,0.08496387230462374,0.09594357130960562
BC24044,BC24044_D2,ENSG00000130725,0.15904360377321877,0.19910696086614063
BC24044,BC24044_D2,ENSG00000176046,0.10372630767744295,0.11872380937827336
BC24044,BC24044_D2,ENSG00000132507,0.10835764603110684,0.11704327937022213
BC24044,BC24044_D2,ENSG00000123416,0.18809923742824786,0.19510299388694485
BC24044,BC24044_D2,ENSG00000186010,-0.04413367394583944,-0.04413735518254223
BC24044,BC24044_D2,ENSG00000213988,0.13762475901507212,0.1426212620328932
BC24044,BC24044_D2,ENSG00000145494,-0.0812516875138651,-0.052081449337786204
BC24044,BC24044_D2,ENSG00000125730,0.22469842242891241,0.2205354335679454
BC24044,BC24044_D2,ENSG00000172270,0.048647807483465186,0.06078974657647982
BC24044,BC24044_D2,ENSG00000184840,-0.06344332385970572,-0.07443514331770418
BC24044,BC24044_D2,ENSG00000134419,-0.04070901827717832,-0.03339879220612203
BC24044,BC24044_D2,ENSG00000109475,0.18596321493871154,0.17004157496428313
BC24044,BC24044_D2,ENSG00000135940,0.030210106910322523,0.043709196875557174
BC24044,BC24044_E1,ENSG00000034510,0.20873814387692596,0.22704229432008838
BC24044,BC24044_E1,ENSG00000171345,0.02652663539040713,0.013452080355767745
BC24044,BC24044_E1,ENSG00000137818,0.18205530569310457,0.2100600172198837
BC24044,BC24044_E1,ENSG00000111640,0.10863795612129476,0.1194216953825107
BC24044,BC24044_E1,ENSG00000177600,0.050173940661195016,0.006839834412891037
BC24044,BC24044_E1,ENSG00000231500,0.05359172303919898,0.013336911465697822
BC24044,BC24044_E1,ENSG00000254709,-0.38892569415954725,-0.4463847159109257
BC24044,BC24044_E1,ENSG00000164587,0.09001504531602081,0.07789853432665562
BC24044,BC24044_E1,ENSG00000075624,0.1914620106793276,0.23223951243855423
BC24044,BC24044_E1,ENSG00000108107,-0.24805097631785122,-0.29481426547322903
BC24044,BC24044_E1,ENSG00000197756,0.17093256957740421,0.16419619452158613
BC24044,BC24044_E1,ENSG00000161016,-0.17501998072415692,-0.1888586243078636
BC24044,BC24044_E1,ENSG00000087086,0.08636391292498344,0.08206456560856042
BC24044,BC24044_E1,ENSG00000108298,-0.23779215850586874,-0.21317470129000904
BC24044,BC24044_E1,ENSG00000105372,-0.07838192812274905,-0.13256560763874847
BC24044,BC24044_E1,ENSG00000141736,0.32370365220315916,0.39752776153044483
BC24044,BC24044_E1,ENSG00000108518,0.2313401874465724,0.28507385309466815
BC24044,BC24044_E1,ENSG00000117984,-0.00019793322670432463,-0.026586061510538113
BC24044,BC24044_E1,ENSG00000197746,0.1736549577054125,0.1960763623646514
BC24044,BC24044_E1,__ambiguous[ENSG00000251357+ENSG00000240972],-0.1376969230968948,-0.16072737939814774
BC24044,BC24044_E1,ENSG00000167526,-0.018177346976698643,-0.08912719220855977
BC24044,BC24044_E1,ENSG00000130255,-0.08816308455765598,-0.15650495021134325
BC24044,BC24044_E1,ENSG00000130203,0.1631084072134751,0.16901613047862607
BC24044,BC24044_E1,ENSG00000140264,0.001917387107150239,0.019293882030534212
BC24044,BC24044_E1,ENSG00000179218,0.08109245112247432,0.08775451207325505
BC24044,BC24044_E1,ENSG00000109062,-0.0033662571787615135,-0.009521497894849159
BC24044,BC24044_E1,ENSG00000063177,0.023280777321049523,0.015558692142717045
BC24044,BC24044_E1,ENSG00000136942,-0.43351720606399213,-0.45898584163941153
BC24044,BC24044_E1,ENSG00000185624,0.16469031807621706,0.18615318228495503
BC24044,BC24044_E1,ENSG00000180879,-0.2823369005357797,-0.28692231166994236
BC24044,BC24044_E1,ENSG00000149273,0.0203592781557485,0.01129679380429912
BC24044,BC24044_E1,ENSG00000105193,0.07586677482107236,0.08575415149685701
BC24044,BC24044_E1,ENSG00000234745,0.2902115116130278,0.2961986632575428
BC24044,BC24044_E1,ENSG00000221983,-0.014429163065922887,-0.006612854938468848
BC24044,BC24044_E1,ENSG00000167996,-0.1358929000789127,-0.19159264562819803
BC24044,BC24044_E1,ENSG00000204628,-0.09413167807146314,-0.09318530654372627
BC24044,BC24044_E1,ENSG00000147403,0.1141378857876676,0.09825046977237248
BC24044,BC24044_E1,ENSG00000142541,0.19435717599930283,0.20000671908824316
BC24044,BC24044_E1,ENSG00000166441,0.016685266825960266,-0.017175122184302418
BC24044,BC24044_E1,ENSG00000089157,0.0814358274997294,0.08274784212936838
BC24044,BC24044_E1,ENSG00000140988,0.015075101815056289,0.015704950047713006
BC24044,BC24044_E1,ENSG00000171858,-0.00401836390414104,-0.01027908418458224
BC24044,BC24044_E1,ENSG00000142534,-0.12979720763414895,-0.15603226299357856
BC24044,BC24044_E1,ENSG00000112306,0.1138733015296105,0.12634039191064828
BC24044,BC24044_E1,ENSG00000115268,0.1153294371537226,0.0922089208776996
BC24044,BC24044_E1,ENSG00000182774,0.10360318314980196,0.08623890222611562
BC24044,BC24044_E1,ENSG00000125691,0.04375209096269565,0.06813348285230386
BC24044,BC24044_E1,ENSG00000198034,0.19322650486480306,0.1833804502358814
BC24044,BC24044_E1,ENSG00000184009,0.2897388903068477,0.319363610274917
BC24044,BC24044_E1,ENSG00000213741,0.14491976325830155,0.1449509961177915
BC24044,BC24044_E1,ENSG00000111341,-0.30684626207134186,-0.36346295643225396
BC24044,BC24044_E1,ENSG00000233927,0.12250816236697981,0.14224121239344423
BC24044,BC24044_E1,ENSG00000204525,0.18316988521570424,0.20108343581361338
BC24044,BC24044_E1,ENSG00000108821,0.18778903690845744,0.22596974833050196
BC24044,BC24044_E1,ENSG00000169710,0.28600660075435197,0.30036411969535787
BC24044,BC24044_E1,ENSG00000105640,-0.04735773623462859,-0.09614490352350082
BC24044,BC24044_E1,ENSG00000101439,0.028530315643081196,0.023291569533935158
BC24044,BC24044_E1,ENSG00000172809,0.11519763709233122,0.11395172036393596
BC24044,BC24044_E1,ENSG00000149806,0.11963579454199028,0.149503165162725
BC24044,BC24044_E1,ENSG00000142676,-0.001155260524530617,-0.013158526549436375
BC24044,BC24044_E1,ENSG00000137154,0.21600973530427248,0.20611805545383646
BC24044,BC24044_E1,ENSG00000019582,0.1583378501888355,0.1490270773461182
BC24044,BC24044_E1,ENSG00000177954,0.05479728185666989,0.032253452354921525
BC24044,BC24044_E1,ENSG00000167995,-0.18221744271083973,-0.23594103763401655
BC24044,BC24044_E1,ENSG00000185499,0.11361574484873739,0.10309236873505663
BC24044,BC24044_E1,ENSG00000224389,0.07407559569108274,0.10546504013851514
BC24044,BC24044_E1,ENSG00000170889,-0.1474534573130357,-0.19694694361434326
BC24044,BC24044_E1,ENSG00000100316,0.037887157027136444,0.03803640284366075
BC24044,BC24044_E1,__ambiguous[ENSG00000185883+ENSG00000260272],0.07803043689321462,0.10000104422549312
BC24044,BC24044_E1,ENSG00000204592,-0.05756206407528935,-0.05910396464100718
BC24044,BC24044_E1,ENSG00000172757,0.03262933924380711,0.019659283884932325
BC24044,BC24044_E1,ENSG00000108344,0.026969199853458005,0.03381744802342535
BC24044,BC24044_E1,ENSG00000135404,0.11214444725269705,0.13901893298684606
BC24044,BC24044_E1,ENSG00000156482,-0.04862081836712853,-0.060468115106913
BC24044,BC24044_E1,ENSG00000149925,0.06586558645865337,0.07152520246052053
BC24044,BC24044_E1,ENSG00000231925,0.10159016411707687,0.11746437157643308
BC24044,BC24044_E1,ENSG00000206503,0.03436945827757652,0.04752359905049252
BC24044,BC24044_E1,ENSG00000163191,0.1562013827278142,0.19304141015838572
BC24044,BC24044_E1,ENSG00000165949,0.08264459841483235,0.10894250053119318
BC24044,BC24044_E1,ENSG00000106624,0.1913070263065704,0.1989601936710285
BC24044,BC24044_E1,ENSG00000108639,0.09219275338767283,0.1275207407076736
BC24044,BC24044_E1,ENSG00000167468,0.013113561106852842,0.009098799852676807
BC24044,BC24044_E1,ENSG00000160862,0.013013236567888291,-0.035787261395109224
BC24044,BC24044_E1,ENSG00000142937,0.23148097013645558,0.23238615858962364
BC24044,BC24044_E1,ENSG00000108679,0.04710987401091196,0.06845513529579507
BC24044,BC24044_E1,ENSG00000106211,0.09613176922289858,0.1160750052317992
BC24044,BC24044_E1,ENSG00000083845,0.11425468257319668,0.1426506743290229
BC24044,BC24044_E1,ENSG00000166710,0.5301881181719262,0.5259386255850805
BC24044,BC24044_E1,ENSG00000131469,-0.026482073967466102,-0.0502519407719178
BC24044,BC24044_E1,ENSG00000197958,0.04703288238752207,0.0473027143958828
BC24044,BC24044_E1,ENSG00000143947,0.08111133889330718,0.09152242041465321
BC24044,BC24044_E1,ENSG00000174748,0.2586441011790324,0.2312453677362262
BC24044,BC24044_E1,ENSG00000198242,-0.03015025503567734,-0.050105069589218315
BC24044,BC24044_E1,ENSG00000167658,0.11000992187575705,0.12972244436711164
BC24044,BC24044_E1,__ambiguous[ENSG00000254772+ENSG00000255508],-0.02841420844018768,-0.055348257111813376
BC24044,BC24044_E1,ENSG00000107223,0.06928532706177232,0.09662392706016781
BC24044,BC24044_E1,__ambiguous[ENSG00000243678+ENSG00000011052],0.13365012637682794,0.14978466315732306
BC24044,BC24044_E1,ENSG00000162244,-0.01366741395513394,-0.020256629383964966
BC24044,BC24044_E1,ENSG00000158710,0.019970577776646816,0.028133190400084288
BC24044,BC24044_E1,ENSG00000185825,0.0053054540728196325,0.02691014641198858
BC24044,BC24044_E1,ENSG00000145592,0.16784523996558923,0.19183017293357585
BC24044,BC24044_E1,ENSG00000172531,0.09135155549371712,0.11191860438570327
BC24044,BC24044_E1,ENSG00000130208,0.062235577128561016,0.11159297469686569
BC24044,BC24044_E1,ENSG00000246705,-0.13169687678420838,-0.1366018817942073
BC24044,BC24044_E1,ENSG00000144713,-0.01660371729344572,0.0036956595353279643
BC24044,BC24044_E1,__ambiguous[ENSG00000185885+ENSG00000185201],0.058587985004470974,0.06996072505761113
BC24044,BC24044_E1,ENSG00000115884,0.1593715276542131,0.20404969746977925
BC24044,BC24044_E1,ENSG00000152082,0.027515719239927516,0.05844665061545895
BC24044,BC24044_E1,ENSG00000104904,0.12355017994745375,0.1648369898552418
BC24044,BC24044_E1,ENSG00000130303,0.03397767397240611,0.05924662441455978
BC24044,BC24044_E1,ENSG00000115457,0.021591382631792794,0.07051168423023423
BC24044,BC24044_E1,ENSG00000148303,0.07020531845113946,0.09291565348320725
BC24044,BC24044_E1,ENSG00000141741,0.14689090535909088,0.17046726379556856
BC24044,BC24044_E1,ENSG00000133112,0.21128406552145215,0.2078735732430215
BC24044,BC24044_E1,ENSG00000118181,0.2157168882016707,0.22336832842960766
BC24044,BC24044_E1,ENSG00000030582,0.09795515416785369,0.09991674229651512
BC24044,BC24044_E1,__ambiguous[ENSG00000257341+ENSG00000213145],0.01226853004076126,0.026490882927925508
BC24044,BC24044_E1,ENSG00000110651,0.027003624097993905,0.01329590378468719
BC24044,BC24044_E1,ENSG00000071553,0.14784167568585027,0.15913337919553971
BC24044,BC24044_E1,ENSG00000115414,0.2445768017407195,0.26564102858739824
BC24044,BC24044_E1,ENSG00000178719,0.06341685698534619,0.06264818377156894
BC24044,BC24044_E1,ENSG00000277972,0.05109385689919502,0.06301827087010588
BC24044,BC24044_E1,ENSG00000111057,-0.00249275914707241,0.03190395003878233
BC24044,BC24044_E1,ENSG00000117410,0.15174986488353306,0.21233531239099107
BC24044,BC24044_E1,ENSG00000173372,-0.003128170434173185,0.011023455404175249
BC24044,BC24044_E1,ENSG00000126267,0.06030141591271429,0.0728444336520929
BC24044,BC24044_E1,ENSG00000279483,0.2997639557984271,0.2988506571842412
BC24044,BC24044_E1,ENSG00000150991,0.2058757215006534,0.23506699008595117
BC24044,BC24044_E1,ENSG00000071082,0.1663755798714662,0.19336126048618815
BC24044,BC24044_E1,ENSG00000074800,-0.061946838423996106,-0.028809398957499625
BC24044,BC24044_E1,ENSG00000205542,0.22408510980674107,0.22565324637797105
BC24044,BC24044_E1,ENSG00000105223,0.07853299902673125,0.09071783045302298
BC24044,BC24044_E1,ENSG00000143774,0.09187779434808545,0.10756420784914503
BC24044,BC24044_E1,ENSG00000092841,0.14742949617886209,0.14357732851956154
BC24044,BC24044_E1,ENSG00000117450,0.33947216864998175,0.39292522408480335
BC24044,BC24044_E1,ENSG00000160789,0.09043683283521851,0.07061256770569319
BC24044,BC24044_E1,ENSG00000164733,0.1093657674612553,0.12343106607339323
BC24044,BC24044_E1,ENSG00000142669,0.11257403168712886,0.13691776760022306
BC24044,BC24044_E1,ENSG00000169100,0.08080107688503782,0.0915129942550922
BC24044,BC24044_E1,ENSG00000165215,0.07055656234898044,0.12900076608504096
BC24044,BC24044_E1,ENSG00000070756,0.10743160796585884,0.11214897933463581
BC24044,BC24044_E1,ENSG00000124664,0.11445339090635373,0.1435551397437198
BC24044,BC24044_E1,ENSG00000102265,0.10728431408996847,0.13672144943932057
BC24044,BC24044_E1,ENSG00000164692,0.12468205007729628,0.13422448515275465
BC24044,BC24044_E1,ENSG00000277791,0.28532794151371865,0.3306491309590499
BC24044,BC24044_E1,ENSG00000272196,0.11318021422455263,0.12257287974652441
BC24044,BC24044_E1,ENSG00000163682,0.35640157169490577,0.3893984396776341
BC24044,BC24044_E1,ENSG00000182492,0.14778444706594912,0.15391796356696172
BC24044,BC24044_E1,ENSG00000162511,0.17526699831450826,0.17420019096801814
BC24044,BC24044_E1,ENSG00000164919,-0.04306525703038944,-0.07988430403123914
BC24044,BC24044_E1,ENSG00000251562,-0.17594714114128787,-0.13233037715746004
BC24044,BC24044_E1,ENSG00000204287,0.43531867246041556,0.4386074072398113
BC24044,BC24044_E1,ENSG00000138326,0.1795553068881851,0.18120228312771938
BC24044,BC24044_E1,ENSG00000145425,0.04031205565412511,0.042731425083182714
BC24044,BC24044_E1,ENSG00000255823,0.43443564813542973,0.4536628257849446
BC24044,BC24044_E1,ENSG00000149591,0.16343584918624843,0.17798309993544253
BC24044,BC24044_E1,ENSG00000182809,0.11928900709576402,0.16102697207900232
BC24044,BC24044_E1,__ambiguous[ENSG00000124614+ENSG00000270800],0.03788115448025074,0.04613807131528835
BC24044,BC24044_E1,ENSG00000142089,0.05062172483896385,0.01641049289790563
BC24044,BC24044_E1,ENSG00000100219,0.20787436330212006,0.23761293452035478
BC24044,BC24044_E1,__ambiguous[ENSG00000273259+ENSG00000196136],0.05211657238612745,0.06608404754127349
BC24044,BC24044_E1,ENSG00000125534,-0.0473414367651409,-0.05438833473944733
BC24044,BC24044_E1,ENSG00000176340,0.07898166387173748,0.05790262460605064
BC24044,BC24044_E1,ENSG00000187514,0.35119391095074015,0.40277365680270705
BC24044,BC24044_E1,__ambiguous[ENSG00000277957+ENSG00000161960],0.3044724937147777,0.325044968955342
BC24044,BC24044_E1,ENSG00000127540,-0.09473365181686011,-0.08023752092265
BC24044,BC24044_E1,ENSG00000141522,0.02923069515585526,0.06661404359547049
BC24044,BC24044_E1,ENSG00000087460,0.29392796816196504,0.31256759391957556
BC24044,BC24044_E1,ENSG00000178980,0.14144440223407018,0.14778241738790138
BC24044,BC24044_E1,ENSG00000058262,0.13208639974030867,0.16037715238562802
BC24044,BC24044_E1,ENSG00000170315,0.17789027906956634,0.1890851154135928
BC24044,BC24044_E1,ENSG00000269028,0.476121717377264,0.496629982555023
BC24044,BC24044_E1,ENSG00000052344,0.0967641294159573,0.1479147775603562
BC24044,BC24044_E1,ENSG00000026025,0.027370040098979774,0.0016713067933206622
BC24044,BC24044_E1,ENSG00000169223,0.12309924815374691,0.154115852251274
BC24044,BC24044_E1,ENSG00000114867,0.13896345925750397,0.13562397040696905
BC24044,BC24044_E1,ENSG00000103363,-0.04076273594643444,-0.006700119302353097
BC24044,BC24044_E1,ENSG00000114353,0.14431960338276717,0.14972280866523022
BC24044,BC24044_E1,ENSG00000144426,0.07116180147134753,0.08285566866786775
BC24044,BC24044_E1,ENSG00000184897,0.11075802811709974,0.12255519827785595
BC24044,BC24044_E1,ENSG00000196924,0.0779723058237784,0.09926580051022209
BC24044,BC24044_E1,ENSG00000131748,0.09717462870173144,0.11569056882893257
BC24044,BC24044_E1,ENSG00000104529,0.013518886479793261,0.02571473728131022
BC24044,BC24044_E1,ENSG00000172354,0.07008058890879687,0.0839501610884937
BC24044,BC24044_E1,ENSG00000008988,0.05808705497443956,0.03404811852042617
BC24044,BC24044_E1,ENSG00000214530,0.03840712705431116,0.04567274867138561
BC24044,BC24044_E1,ENSG00000182899,0.033827350726372656,0.012806165369525184
BC24044,BC24044_E1,ENSG00000124614,0.026549606132475936,0.015566512320267798
BC24044,BC24044_E1,ENSG00000178952,0.04836819287946892,0.0893313420919565
BC24044,BC24044_E1,ENSG00000100300,0.14850597537496446,0.1743072565343586
BC24044,BC24044_E1,ENSG00000167815,0.13731956592923453,0.1848633898535576
BC24044,BC24044_E1,ENSG00000163479,-0.0019035402291323526,-0.014738474321256016
BC24044,BC24044_E1,ENSG00000160180,-0.011733843770900882,-0.012208199547913702
BC24044,BC24044_E1,ENSG00000124172,0.11614416908880865,0.12357330380317998
BC24044,BC24044_E1,ENSG00000163220,-0.34992349398330275,-0.3130472546596887
BC24044,BC24044_E1,ENSG00000163399,0.3626683245942701,0.3600067714302354
BC24044,BC24044_E1,__ambiguous[ENSG00000219200+ENSG00000161939],0.04062014990396194,0.05076741443589834
BC24044,BC24044_E1,ENSG00000104964,0.09799136839713612,0.09535670373240171
BC24044,BC24044_E1,ENSG00000173801,-0.06649824694815788,-0.09499725799708887
BC24044,BC24044_E1,ENSG00000123349,-0.04719898395229287,-0.04966248859134682
BC24044,BC24044_E1,ENSG00000135480,0.08836721977262278,0.11739324016155114
BC24044,BC24044_E1,ENSG00000168528,0.07257418049302194,0.08939028220637743
BC24044,BC24044_E1,ENSG00000187608,-0.011840855207983851,-0.010561155695613698
BC24044,BC24044_E1,ENSG00000155366,0.1518267091387105,0.15267824793027113
BC24044,BC24044_E1,ENSG00000142173,0.22547401454804053,0.22616724348852763
BC24044,BC24044_E1,ENSG00000114391,0.10284202502796448,0.11947307180724782
BC24044,BC24044_E1,ENSG00000131143,0.0953898990283409,0.11340580833825868
BC24044,BC24044_E1,__ambiguous[ENSG00000241343+ENSG00000257529],0.1952447717405099,0.19877936041160818
BC24044,BC24044_E1,ENSG00000173272,0.07772537577611072,0.09619480144589666
BC24044,BC24044_E1,ENSG00000143420,0.07968187111369163,0.07931669062898272
BC24044,BC24044_E1,ENSG00000142949,0.10252498668887243,0.16528541467404154
BC24044,BC24044_E1,ENSG00000160932,0.06338743584078342,0.05166995759214941
BC24044,BC24044_E1,ENSG00000161960,0.3162220789141557,0.31799880642697576
BC24044,BC24044_E1,ENSG00000197956,0.23174571173515113,0.23077195953011445
BC24044,BC24044_E1,ENSG00000051523,-0.044449511645723444,-0.024561004518115565
BC24044,BC24044_E1,__ambiguous[ENSG00000262526+ENSG00000170296],0.07497764096547696,0.08873846178154597
BC24044,BC24044_E1,ENSG00000147684,0.051844270792477005,0.044187307314944746
BC24044,BC24044_E1,ENSG00000170421,0.12231458096183201,0.15629982752058152
BC24044,BC24044_E1,ENSG00000113140,-0.047174486978124576,-0.09252380115055614
BC24044,BC24044_E1,ENSG00000126247,0.09313023575191212,0.1053815895118319
BC24044,BC24044_E1,ENSG00000177700,0.014462790667600582,0.05179252015885563
BC24044,BC24044_E1,ENSG00000188846,0.030521973627635108,0.03575741526264081
BC24044,BC24044_E1,ENSG00000174444,0.1065526713955463,0.12100530664446427
BC24044,BC24044_E1,ENSG00000186468,0.1786815893917819,0.19333762672179805
BC24044,BC24044_E1,ENSG00000196576,0.24467035168000092,0.2673351154688398
BC24044,BC24044_E1,ENSG00000171222,0.07224699507006688,0.08692002621726476
BC24044,BC24044_E1,ENSG00000132475,0.28170386190722047,0.30130139442063764
BC24044,BC24044_E1,ENSG00000106153,0.14464864542429762,0.15811420827331096
BC24044,BC24044_E1,ENSG00000168542,0.07534022867131553,0.09962113071868738
BC24044,BC24044_E1,ENSG00000111669,0.12568229303353198,0.15904119074690856
BC24044,BC24044_E1,ENSG00000173369,0.03138064880928898,0.035275346738969725
BC24044,BC24044_E1,ENSG00000174886,-0.00590167415795589,0.00625639901503031
BC24044,BC24044_E1,ENSG00000125970,0.13724956104636407,0.17501545402395075
BC24044,BC24044_E1,ENSG00000147604,-0.15813146363332534,-0.17819136442567488
BC24044,BC24044_E1,ENSG00000096384,0.31328759335836326,0.3343677966293857
BC24044,BC24044_E1,ENSG00000171863,0.25744157763259184,0.2912126306773788
BC24044,BC24044_E1,ENSG00000135390,0.11597189427159102,0.13041717219015936
BC24044,BC24044_E1,ENSG00000130725,0.05803888328979303,0.08046072326519867
BC24044,BC24044_E1,ENSG00000176046,0.05584748773527149,0.07519038219739008
BC24044,BC24044_E1,ENSG00000132507,0.05380584318019529,0.06735441183870873
BC24044,BC24044_E1,ENSG00000123416,0.1753088697795492,0.2316395555058355
BC24044,BC24044_E1,ENSG00000186010,-0.04408922926843017,-0.0377269857775297
BC24044,BC24044_E1,ENSG00000213988,0.14749186398438371,0.16329798000841095
BC24044,BC24044_E1,ENSG00000145494,-0.11678141287228216,-0.1073722858548777
BC24044,BC24044_E1,ENSG00000125730,0.20302887056041183,0.21936875905783687
BC24044,BC24044_E1,ENSG00000172270,0.10613094364797485,0.119756273101038
BC24044,BC24044_E1,ENSG00000184840,-0.06929415749698042,-0.06561062381512935
BC24044,BC24044_E1,ENSG00000134419,0.15441584596280336,0.16079832950345385
BC24044,BC24044_E1,ENSG00000109475,0.3287889187939248,0.3053268065468631
BC24044,BC24044_E1,ENSG00000135940,0.15871330649331966,0.1652410692539581
BC24044,BC24044_E2,ENSG00000034510,0.10921538638250892,0.15855619258024317
BC24044,BC24044_E2,ENSG00000171345,0.12606342992425693,0.14671430633451166
BC24044,BC24044_E2,ENSG00000137818,0.2836523389774368,0.3154250306018153
BC24044,BC24044_E2,ENSG00000111640,0.07293989726104252,0.09912432981090538
BC24044,BC24044_E2,ENSG00000177600,0.1453879086422771,0.14550448699187368
BC24044,BC24044_E2,ENSG00000231500,0.20333571165176434,0.20978341715290882
BC24044,BC24044_E2,ENSG00000254709,-0.270547909903042,-0.3442286806574704
BC24044,BC24044_E2,ENSG00000164587,0.0842132521509359,0.12306780488306619
BC24044,BC24044_E2,ENSG00000075624,0.11067921333418139,0.13273517252567785
BC24044,BC24044_E2,ENSG00000108107,-0.01074205599879671,-0.039988417878922974
BC24044,BC24044_E2,ENSG00000197756,0.09789520159860633,0.07031088916440471
BC24044,BC24044_E2,ENSG00000161016,-0.04125092497200721,-0.06418030802833553
BC24044,BC24044_E2,ENSG00000087086,0.09953057789159872,0.08624763042315675
BC24044,BC24044_E2,ENSG00000108298,-0.2059245363003491,-0.1884965995701353
BC24044,BC24044_E2,ENSG00000105372,0.03129597301573192,-0.007726730511427559
BC24044,BC24044_E2,ENSG00000141736,0.24469193110675205,0.2729964653771444
BC24044,BC24044_E2,ENSG00000108518,0.2163191411908904,0.24235891024628547
BC24044,BC24044_E2,ENSG00000117984,0.02835330073118311,0.04622013820129088
BC24044,BC24044_E2,ENSG00000197746,0.19256156387715478,0.2072721049217379
BC24044,BC24044_E2,__ambiguous[ENSG00000251357+ENSG00000240972],-0.19613131089269958,-0.20662956303059968
BC24044,BC24044_E2,ENSG00000167526,0.14625412226337853,0.12178062248307411
BC24044,BC24044_E2,ENSG00000130255,-0.021165694729023837,-0.034977881344404715
BC24044,BC24044_E2,ENSG00000130203,0.17666887768552886,0.17110392397769214
BC24044,BC24044_E2,ENSG00000140264,0.07838502390621503,0.07301988899478176
BC24044,BC24044_E2,ENSG00000179218,0.12745348029236014,0.13076740069750023
BC24044,BC24044_E2,ENSG00000109062,-0.07582529324555395,-0.12030805223660535
BC24044,BC24044_E2,ENSG00000063177,0.06805683767633966,0.03140825290879723
BC24044,BC24044_E2,ENSG00000136942,-0.44870869116637857,-0.47140334853615334
BC24044,BC24044_E2,ENSG00000185624,0.19174268117948728,0.19768490298776178
BC24044,BC24044_E2,ENSG00000180879,-0.18549084644852887,-0.2113736210587643
BC24044,BC24044_E2,ENSG00000149273,0.10683471736495223,0.12492409211070638
BC24044,BC24044_E2,ENSG00000105193,0.1043533741570123,0.12982523875041632
BC24044,BC24044_E2,ENSG00000234745,0.24824854984280487,0.2421126277513734
BC24044,BC24044_E2,ENSG00000221983,0.14261297818229482,0.15610376478588217
BC24044,BC24044_E2,ENSG00000167996,-0.21759297069617933,-0.24930364283320686
BC24044,BC24044_E2,ENSG00000204628,-0.1156314389992812,-0.12214547370356219
BC24044,BC24044_E2,ENSG00000147403,0.19020205326951314,0.17961280802389057
BC24044,BC24044_E2,ENSG00000142541,0.28502864488466295,0.2808787597413884
BC24044,BC24044_E2,ENSG00000166441,0.07657002949309383,0.055674947690575675
BC24044,BC24044_E2,ENSG00000089157,0.09489536549490643,0.08167862438340012
BC24044,BC24044_E2,ENSG00000140988,-0.025054983859950683,-0.01623023560113911
BC24044,BC24044_E2,ENSG00000171858,0.028518375841577782,0.03196938082507275
BC24044,BC24044_E2,ENSG00000142534,0.15377831964751904,0.15512380751725063
BC24044,BC24044_E2,ENSG00000112306,0.05296517145350332,0.04851661409517303
BC24044,BC24044_E2,ENSG00000115268,0.10780195446729532,0.0912310107286092
BC24044,BC24044_E2,ENSG00000182774,-0.02542421802625994,-0.05435290961788759
BC24044,BC24044_E2,ENSG00000125691,0.0507436867948757,0.061657181977728175
BC24044,BC24044_E2,ENSG00000198034,0.14907066905095898,0.13637598016078795
BC24044,BC24044_E2,ENSG00000184009,0.18504647236967461,0.22142442350858632
BC24044,BC24044_E2,ENSG00000213741,0.09307382449851757,0.05413171022555245
BC24044,BC24044_E2,ENSG00000111341,-0.1308592943593551,-0.16889194859528583
BC24044,BC24044_E2,ENSG00000233927,0.05403848858046361,0.05094904793952544
BC24044,BC24044_E2,ENSG00000204525,0.22111796905500267,0.2407824048731198
BC24044,BC24044_E2,ENSG00000108821,0.1508250981436928,0.16138299694014868
BC24044,BC24044_E2,ENSG00000169710,0.3381361971377214,0.341071252952076
BC24044,BC24044_E2,ENSG00000105640,-0.018898504314133036,-0.06681988978928545
BC24044,BC24044_E2,ENSG00000101439,-0.03654629202760783,-0.014620297335017228
BC24044,BC24044_E2,ENSG00000172809,0.004705775633665268,0.02322094485281014
BC24044,BC24044_E2,ENSG00000149806,0.14142144597056,0.15836474726330854
BC24044,BC24044_E2,ENSG00000142676,0.06669293807460712,0.07557831518377701
BC24044,BC24044_E2,ENSG00000137154,0.2414980463063124,0.22832592588055683
BC24044,BC24044_E2,ENSG00000019582,0.1604390910757392,0.16183154905132915
BC24044,BC24044_E2,ENSG00000177954,0.14138359604255793,0.1345178321184131
BC24044,BC24044_E2,ENSG00000167995,-0.13719098290293177,-0.16742570645686763
BC24044,BC24044_E2,ENSG00000185499,-0.0180324876414375,-0.014267462633556032
BC24044,BC24044_E2,ENSG00000224389,0.09085556025949747,0.1180206045562767
BC24044,BC24044_E2,ENSG00000170889,-0.03763943773058532,-0.06945948201913825
BC24044,BC24044_E2,ENSG00000100316,0.12335038145526636,0.14862800793137412
BC24044,BC24044_E2,__ambiguous[ENSG00000185883+ENSG00000260272],0.04256450082914639,0.0702442716714599
BC24044,BC24044_E2,ENSG00000204592,-0.021522971041630937,-0.03152774312022486
BC24044,BC24044_E2,ENSG00000172757,-0.07258373722995051,-0.058271811413272666
BC24044,BC24044_E2,ENSG00000108344,0.09613668341234953,0.11432374722747819
BC24044,BC24044_E2,ENSG00000135404,0.08078255111902787,0.08582376721794888
BC24044,BC24044_E2,ENSG00000156482,-0.05017356357020236,-0.045822502784561084
BC24044,BC24044_E2,ENSG00000149925,0.10024295958028824,0.12876535049719495
BC24044,BC24044_E2,ENSG00000231925,0.1796957270395564,0.19189459260772218
BC24044,BC24044_E2,ENSG00000206503,0.0994587693275979,0.10713174273231794
BC24044,BC24044_E2,ENSG00000163191,0.12555674654212926,0.13646288562801834
BC24044,BC24044_E2,ENSG00000165949,0.11224813419181974,0.14296963146585842
BC24044,BC24044_E2,ENSG00000106624,0.11901227154102667,0.14637810012786692
BC24044,BC24044_E2,ENSG00000108639,0.1264616221025752,0.14698351130435436
BC24044,BC24044_E2,ENSG00000167468,-0.06959527510474137,-0.0554587588052779
BC24044,BC24044_E2,ENSG00000160862,-0.029665514159240503,-0.07682502582730302
BC24044,BC24044_E2,ENSG00000142937,0.13083638509780204,0.13166316590348381
BC24044,BC24044_E2,ENSG00000108679,0.043869856029879875,0.04249043520874915
BC24044,BC24044_E2,ENSG00000106211,0.10122049258938949,0.1041402345924896
BC24044,BC24044_E2,ENSG00000083845,0.17330607960643155,0.17066645913137998
BC24044,BC24044_E2,ENSG00000166710,0.42214604733380745,0.3756548705813093
BC24044,BC24044_E2,ENSG00000131469,-0.07677452893214438,-0.07935095798992996
BC24044,BC24044_E2,ENSG00000197958,-0.03483743449500026,-0.05729911882795573
BC24044,BC24044_E2,ENSG00000143947,0.09528834987387788,0.0760145038944286
BC24044,BC24044_E2,ENSG00000174748,0.19278204804135302,0.184291716739668
BC24044,BC24044_E2,ENSG00000198242,-0.030742242996791836,-0.039526416731430834
BC24044,BC24044_E2,ENSG00000167658,0.03202469279706241,0.005976080372830179
BC24044,BC24044_E2,__ambiguous[ENSG00000254772+ENSG00000255508],-0.03899688673852105,-0.029168925375301278
BC24044,BC24044_E2,ENSG00000107223,0.07132000187889673,0.09920905733996335
BC24044,BC24044_E2,__ambiguous[ENSG00000243678+ENSG00000011052],0.06717534496589847,0.07706799703696583
BC24044,BC24044_E2,ENSG00000162244,0.019850372861767107,0.02706052087399849
BC24044,BC24044_E2,ENSG00000158710,-0.004676199530609075,0.004853823495884697
BC24044,BC24044_E2,ENSG00000185825,-0.05634980488426894,-0.032037392537197555
BC24044,BC24044_E2,ENSG00000145592,0.05836198942906317,0.05534376902302711
BC24044,BC24044_E2,ENSG00000172531,0.10819655071407272,0.11625657655202956
BC24044,BC24044_E2,ENSG00000130208,0.04773287017967232,0.0559663561721628
BC24044,BC24044_E2,ENSG00000246705,-0.09534832584868179,-0.08987953905857307
BC24044,BC24044_E2,ENSG00000144713,-0.02629520257842537,-0.022732897352462554
BC24044,BC24044_E2,__ambiguous[ENSG00000185885+ENSG00000185201],0.056513231075377646,0.09891641284792875
BC24044,BC24044_E2,ENSG00000115884,0.05476499288964824,0.09649489696283134
BC24044,BC24044_E2,ENSG00000152082,0.0030508392645087956,0.01626076245094832
BC24044,BC24044_E2,ENSG00000104904,0.1336685498555782,0.13994734868318645
BC24044,BC24044_E2,ENSG00000130303,0.018718154883091337,0.03685428314306732
BC24044,BC24044_E2,ENSG00000115457,0.03805445252080556,0.042540633473728225
BC24044,BC24044_E2,ENSG00000148303,0.024020927635630223,0.025990232352604732
BC24044,BC24044_E2,ENSG00000141741,-0.010042163366073581,0.0007815230358059453
BC24044,BC24044_E2,ENSG00000133112,0.17919948934111557,0.16685754568150735
BC24044,BC24044_E2,ENSG00000118181,0.2726426255306544,0.23854522481781834
BC24044,BC24044_E2,ENSG00000030582,0.1489866442129749,0.17140570710721112
BC24044,BC24044_E2,__ambiguous[ENSG00000257341+ENSG00000213145],0.1312871446120446,0.14053144528208517
BC24044,BC24044_E2,ENSG00000110651,-0.0011656455417045448,-0.011187220498017491
BC24044,BC24044_E2,ENSG00000071553,0.06406241977948314,0.0811725701633988
BC24044,BC24044_E2,ENSG00000115414,0.20133505298981863,0.21004608512546954
BC24044,BC24044_E2,ENSG00000178719,0.11903810748021418,0.09849807455953054
BC24044,BC24044_E2,ENSG00000277972,0.08437647036950242,0.09640981734298418
BC24044,BC24044_E2,ENSG00000111057,0.013992929272084256,0.0222955160808595
BC24044,BC24044_E2,ENSG00000117410,0.19496923488712778,0.2390973946353237
BC24044,BC24044_E2,ENSG00000173372,0.057473736819747545,0.07275139513535117
BC24044,BC24044_E2,ENSG00000126267,0.11393640388896041,0.12431664536304794
BC24044,BC24044_E2,ENSG00000279483,0.3027971840685549,0.2980272579282068
BC24044,BC24044_E2,ENSG00000150991,0.09236193175927822,0.05205821798405072
BC24044,BC24044_E2,ENSG00000071082,0.17271907508884363,0.1533689710364154
BC24044,BC24044_E2,ENSG00000074800,-0.019600467764850547,-0.008222480152254913
BC24044,BC24044_E2,ENSG00000205542,0.22646572259539277,0.25547185908121245
BC24044,BC24044_E2,ENSG00000105223,0.11372114050739694,0.11787783531601202
BC24044,BC24044_E2,ENSG00000143774,0.018546259238325747,0.02254929970389657
BC24044,BC24044_E2,ENSG00000092841,0.04520800690948377,0.052444654448412634
BC24044,BC24044_E2,ENSG00000117450,0.25425675023818356,0.2987671309561607
BC24044,BC24044_E2,ENSG00000160789,0.05013151570900704,0.060194020969661005
BC24044,BC24044_E2,ENSG00000164733,0.06756715202572217,0.06481628360604197
BC24044,BC24044_E2,ENSG00000142669,0.1814526768347878,0.2037623171431907
BC24044,BC24044_E2,ENSG00000169100,0.07232702141362032,0.0786385027894258
BC24044,BC24044_E2,ENSG00000165215,0.0748717966871386,0.12306625303892439
BC24044,BC24044_E2,ENSG00000070756,-0.05636600792983023,-0.07221837157772037
BC24044,BC24044_E2,ENSG00000124664,0.08681054977692128,0.10210511736364553
BC24044,BC24044_E2,ENSG00000102265,0.16660621592962124,0.19517024951110332
BC24044,BC24044_E2,ENSG00000164692,0.21350480578963604,0.19462665226436734
BC24044,BC24044_E2,ENSG00000277791,0.1563514488235749,0.1959426785317828
BC24044,BC24044_E2,ENSG00000272196,0.0006874531954306499,0.016671240167656327
BC24044,BC24044_E2,ENSG00000163682,0.2875867112461749,0.27592742530069025
BC24044,BC24044_E2,ENSG00000182492,0.17640701193225639,0.18181642708259005
BC24044,BC24044_E2,ENSG00000162511,0.12610879084390156,0.11631093104709132
BC24044,BC24044_E2,ENSG00000164919,0.012902822628941803,0.0048373923502340755
BC24044,BC24044_E2,ENSG00000251562,-0.1409321541538494,-0.1377417723949936
BC24044,BC24044_E2,ENSG00000204287,0.5220801533429074,0.5194173536358978
BC24044,BC24044_E2,ENSG00000138326,0.2155863852450286,0.21966503658208442
BC24044,BC24044_E2,ENSG00000145425,0.10412831036596353,0.07213172424653568
BC24044,BC24044_E2,ENSG00000255823,0.44385630002357673,0.45684390581797724
BC24044,BC24044_E2,ENSG00000149591,0.10881304705407889,0.13494309205889155
BC24044,BC24044_E2,ENSG00000182809,0.10941271731440455,0.11901794713178458
BC24044,BC24044_E2,__ambiguous[ENSG00000124614+ENSG00000270800],0.09951819011617141,0.09964510843930806
BC24044,BC24044_E2,ENSG00000142089,0.0453909971652223,0.03577836110639589
BC24044,BC24044_E2,ENSG00000100219,0.2713572735303511,0.30000833242769376
BC24044,BC24044_E2,__ambiguous[ENSG00000273259+ENSG00000196136],0.009655150834501634,0.02952333703713624
BC24044,BC24044_E2,ENSG00000125534,0.019652666170189743,0.0012975972096893802
BC24044,BC24044_E2,ENSG00000176340,0.0203860476829716,0.01156368097884209
BC24044,BC24044_E2,ENSG00000187514,0.2977460566976965,0.32484422935317653
BC24044,BC24044_E2,__ambiguous[ENSG00000277957+ENSG00000161960],0.2183976672399375,0.21632580832955636
BC24044,BC24044_E2,ENSG00000127540,0.01860815514781375,0.014486957467774045
BC24044,BC24044_E2,ENSG00000141522,0.016085596686573552,0.023226529222607668
BC24044,BC24044_E2,ENSG00000087460,0.216236768801045,0.23806108999101347
BC24044,BC24044_E2,ENSG00000178980,0.1401378798195852,0.13943959358859936
BC24044,BC24044_E2,ENSG00000058262,0.1453401024819623,0.1549784524364472
BC24044,BC24044_E2,ENSG00000170315,0.09391445455907951,0.07108088737491511
BC24044,BC24044_E2,ENSG00000269028,0.4678848968768701,0.48633056159024934
BC24044,BC24044_E2,ENSG00000052344,-0.010068409783335824,0.013826689966943867
BC24044,BC24044_E2,ENSG00000026025,0.0027254166725813626,-0.03316021653604114
BC24044,BC24044_E2,ENSG00000169223,0.06326993799772433,0.0875002021393947
BC24044,BC24044_E2,ENSG00000114867,0.03616416150083851,0.04591925624019623
BC24044,BC24044_E2,ENSG00000103363,0.037294425218731025,0.062127609149611254
BC24044,BC24044_E2,ENSG00000114353,0.15608444103314606,0.17576039090207166
BC24044,BC24044_E2,ENSG00000144426,-0.07298019280361026,-0.09287718402654706
BC24044,BC24044_E2,ENSG00000184897,0.13682007857069045,0.15950377453404674
BC24044,BC24044_E2,ENSG00000196924,0.0845916455385594,0.05790916731229082
BC24044,BC24044_E2,ENSG00000131748,-0.0029412179477102725,0.026661338854245126
BC24044,BC24044_E2,ENSG00000104529,0.056558108728066464,0.06018280963158259
BC24044,BC24044_E2,ENSG00000172354,0.18382227807812038,0.19876236769433137
BC24044,BC24044_E2,ENSG00000008988,-0.005851740016526652,-0.04989019378874064
BC24044,BC24044_E2,ENSG00000214530,0.04933619603033791,0.028046941904742117
BC24044,BC24044_E2,ENSG00000182899,-0.0015847881675910584,-0.021025290390086018
BC24044,BC24044_E2,ENSG00000124614,-0.05987438499588703,-0.0732838593071439
BC24044,BC24044_E2,ENSG00000178952,0.04004490308082639,0.03852989318649419
BC24044,BC24044_E2,ENSG00000100300,0.12034389762802339,0.11627984794345081
BC24044,BC24044_E2,ENSG00000167815,0.16175043993399477,0.17727132601732262
BC24044,BC24044_E2,ENSG00000163479,0.0627966794907411,0.061110072052177486
BC24044,BC24044_E2,ENSG00000160180,-0.053521006139515895,-0.04579274224126321
BC24044,BC24044_E2,ENSG00000124172,0.14630476484737287,0.12776815561998853
BC24044,BC24044_E2,ENSG00000163220,-0.3985668547529411,-0.3566235616626046
BC24044,BC24044_E2,ENSG00000163399,0.29996754955178856,0.3086244000988349
BC24044,BC24044_E2,__ambiguous[ENSG00000219200+ENSG00000161939],0.023432504541970448,0.012554415783508717
BC24044,BC24044_E2,ENSG00000104964,0.018750480808493286,0.0010414315917654138
BC24044,BC24044_E2,ENSG00000173801,-0.0776895806118851,-0.09778929352573015
BC24044,BC24044_E2,ENSG00000123349,-0.03893145485457981,-0.03693771855477599
BC24044,BC24044_E2,ENSG00000135480,0.027508896102521194,0.04788581537581516
BC24044,BC24044_E2,ENSG00000168528,0.03877143686670102,0.06901250885973222
BC24044,BC24044_E2,ENSG00000187608,-0.05048482570565899,-0.05727204167153467
BC24044,BC24044_E2,ENSG00000155366,0.09404838012573762,0.10282748346519809
BC24044,BC24044_E2,ENSG00000142173,0.14585561140723477,0.14504330835376406
BC24044,BC24044_E2,ENSG00000114391,0.04520665578956553,0.054422803804532696
BC24044,BC24044_E2,ENSG00000131143,0.1179409727025921,0.12398987993626348
BC24044,BC24044_E2,__ambiguous[ENSG00000241343+ENSG00000257529],0.13539431030849536,0.13487505642936656
BC24044,BC24044_E2,ENSG00000173272,0.01768554834900385,0.02233824309790373
BC24044,BC24044_E2,ENSG00000143420,0.17975417186811418,0.16980846721143253
BC24044,BC24044_E2,ENSG00000142949,0.009379566682971217,0.031788184800872706
BC24044,BC24044_E2,ENSG00000160932,0.13848746017589178,0.11791324186684682
BC24044,BC24044_E2,ENSG00000161960,0.17278524605795326,0.16291524935629093
BC24044,BC24044_E2,ENSG00000197956,0.032856776733716904,0.019696564147661483
BC24044,BC24044_E2,ENSG00000051523,-0.06779051644957888,-0.05310806292085844
BC24044,BC24044_E2,__ambiguous[ENSG00000262526+ENSG00000170296],0.09524024469285995,0.10589474346696172
BC24044,BC24044_E2,ENSG00000147684,0.04001842748272216,0.023591983632661656
BC24044,BC24044_E2,ENSG00000170421,0.1322361820201423,0.17131206913379013
BC24044,BC24044_E2,ENSG00000113140,-0.13933119056767937,-0.1347175144566115
BC24044,BC24044_E2,ENSG00000126247,-0.003049709082883494,0.006873050202325758
BC24044,BC24044_E2,ENSG00000177700,-0.008320256642733993,-0.006198576876410819
BC24044,BC24044_E2,ENSG00000188846,-0.006927652219476051,-0.008692546754184604
BC24044,BC24044_E2,ENSG00000174444,0.09188337526834664,0.04704894996628243
BC24044,BC24044_E2,ENSG00000186468,0.02649699455898612,0.02289625498899214
BC24044,BC24044_E2,ENSG00000196576,0.259698422476795,0.2799217912958133
BC24044,BC24044_E2,ENSG00000171222,0.0967926799240509,0.1007288734222762
BC24044,BC24044_E2,ENSG00000132475,0.2643393923596042,0.2810565606462387
BC24044,BC24044_E2,ENSG00000106153,0.0637891792803845,0.058264639220998005
BC24044,BC24044_E2,ENSG00000168542,0.05279817949488083,0.024989086505011977
BC24044,BC24044_E2,ENSG00000111669,0.024384587044936297,0.04175192282227477
BC24044,BC24044_E2,ENSG00000173369,0.07865411055357965,0.060054619922303015
BC24044,BC24044_E2,ENSG00000174886,0.05850195979081933,0.05917061610464664
BC24044,BC24044_E2,ENSG00000125970,0.12891712261143576,0.14379649280610304
BC24044,BC24044_E2,ENSG00000147604,-0.1430832788018669,-0.16312514748843177
BC24044,BC24044_E2,ENSG00000096384,0.27315500004075904,0.296737329891545
BC24044,BC24044_E2,ENSG00000171863,0.11637775111590411,0.11232104800737114
BC24044,BC24044_E2,ENSG00000135390,0.09279090909096485,0.06437950583878999
BC24044,BC24044_E2,ENSG00000130725,0.10926598516408467,0.1216959898047364
BC24044,BC24044_E2,ENSG00000176046,0.05935815799711768,0.06111351467532572
BC24044,BC24044_E2,ENSG00000132507,0.10225674784543506,0.10407738061191842
BC24044,BC24044_E2,ENSG00000123416,0.13816958934056667,0.15216514114985774
BC24044,BC24044_E2,ENSG00000186010,-0.042479474848785816,-0.05759158047192177
BC24044,BC24044_E2,ENSG00000213988,0.07857628791059498,0.09899213606273885
BC24044,BC24044_E2,ENSG00000145494,-0.0727629677908763,-0.056140403494110744
BC24044,BC24044_E2,ENSG00000125730,0.230301401289349,0.23582312927967145
BC24044,BC24044_E2,ENSG00000172270,0.11291010770630726,0.1393818812970699
BC24044,BC24044_E2,ENSG00000184840,-0.1246618820157384,-0.1371262629702762
BC24044,BC24044_E2,ENSG00000134419,0.027648952418510304,0.007421014945865135
BC24044,BC24044_E2,ENSG00000109475,0.27987787626524124,0.2706493669085857
BC24044,BC24044_E2,ENSG00000135940,0.007570350441343278,0.005703793857266599
BC24105,BC24105_C1,ENSG00000034510,0.007396362903909337,-0.018110348128886174
BC24105,BC24105_C1,ENSG00000171345,0.060319934985271204,0.023045639119057847
BC24105,BC24105_C1,ENSG00000137818,-0.015465008819664046,-0.038607402017014646
BC24105,BC24105_C1,ENSG00000111640,-0.08739292245324695,-0.12839921084216224
BC24105,BC24105_C1,ENSG00000177600,0.06234448605227784,0.07210267712906232
BC24105,BC24105_C1,ENSG00000231500,0.13504983260102585,0.09802659246705946
BC24105,BC24105_C1,ENSG00000164587,-0.025875226569038966,-0.061422754233749564
BC24105,BC24105_C1,ENSG00000254709,-0.0865403543850708,-0.10316273095042036
BC24105,BC24105_C1,ENSG00000108107,-0.07537706421571694,-0.08388547281689741
BC24105,BC24105_C1,ENSG00000075624,-0.003921545934038342,-0.007424769928993301
BC24105,BC24105_C1,ENSG00000197756,0.07149072293547833,0.11029357389092558
BC24105,BC24105_C1,ENSG00000105372,-0.06436501378693348,-0.08916037295418419
BC24105,BC24105_C1,ENSG00000108298,-0.0914076126249429,-0.10103892163813559
BC24105,BC24105_C1,ENSG00000161016,-0.17597141079674256,-0.17788860098790565
BC24105,BC24105_C1,ENSG00000141736,-0.03596052795396362,-0.023332196851647634
BC24105,BC24105_C1,ENSG00000167526,-0.15296155692609056,-0.16098123486258406
BC24105,BC24105_C1,ENSG00000087086,-0.22192096054793814,-0.3076042187636333
BC24105,BC24105_C1,__ambiguous[ENSG00000251357+ENSG00000240972],-0.011497349916870054,-0.037528061890383775
BC24105,BC24105_C1,ENSG00000108518,-0.009790613905763969,-0.0346920054304893
BC24105,BC24105_C1,ENSG00000130255,-0.0850986727203841,-0.10017588918533206
BC24105,BC24105_C1,ENSG00000136942,-0.14207938597897773,-0.15052676096183132
BC24105,BC24105_C1,ENSG00000063177,-0.09553032807452169,-0.10011564992205019
BC24105,BC24105_C1,ENSG00000117984,-0.04523962560901019,-0.08060227666991182
BC24105,BC24105_C1,ENSG00000149273,-0.038674268360722096,-0.06334912119031658
BC24105,BC24105_C1,ENSG00000197746,-0.07641974438768502,-0.12310350423520544
BC24105,BC24105_C1,ENSG00000140264,-0.0869905557005607,-0.08556266220577355
BC24105,BC24105_C1,ENSG00000221983,0.062292314035429015,0.06462919047183521
BC24105,BC24105_C1,ENSG00000109062,0.06716844662174801,0.08624544418420499
BC24105,BC24105_C1,ENSG00000179218,0.12694077429175274,0.17412885170376005
BC24105,BC24105_C1,ENSG00000180879,-0.010129294738600856,-0.04972847643337528
BC24105,BC24105_C1,ENSG00000105193,-0.008290573867405983,-0.030457400355488367
BC24105,BC24105_C1,ENSG00000204628,-0.04852653936513864,-0.05695145199605302
BC24105,BC24105_C1,ENSG00000142534,-0.09308892657290455,-0.08731705071698243
BC24105,BC24105_C1,ENSG00000142541,-0.07298731171674022,-0.08209624390497142
BC24105,BC24105_C1,ENSG00000130203,-0.1462140357524708,-0.17456859081749568
BC24105,BC24105_C1,ENSG00000166441,-0.018036108780871217,-0.03693547319124624
BC24105,BC24105_C1,ENSG00000185624,-0.008261014705263496,0.014183999298850796
BC24105,BC24105_C1,ENSG00000167996,0.08462311095678765,0.10713215885071911
BC24105,BC24105_C1,ENSG00000147403,-0.0793372490204136,-0.06946348829340916
BC24105,BC24105_C1,ENSG00000089157,0.10534329183820465,0.11801815882806166
BC24105,BC24105_C1,ENSG00000234745,0.01006944418576894,-0.022981357819610266
BC24105,BC24105_C1,ENSG00000140988,-0.03805944591079076,-0.028198062030914767
BC24105,BC24105_C1,ENSG00000111341,0.12177526792862123,0.16472590204186038
BC24105,BC24105_C1,ENSG00000105640,-0.0025121480637115188,-0.036428242538525155
BC24105,BC24105_C1,ENSG00000171858,-0.03298689244134553,-0.00966954974463014
BC24105,BC24105_C1,ENSG00000115268,0.060898007363077086,0.059040486794269924
BC24105,BC24105_C1,ENSG00000233927,-0.012685628734516008,-0.025150225937846733
BC24105,BC24105_C1,ENSG00000101439,0.029710983473758935,0.03159519361160163
BC24105,BC24105_C1,ENSG00000112306,-0.010698134723638637,-0.026833483501312597
BC24105,BC24105_C1,ENSG00000213741,-0.05311348294256153,-0.03673737517321703
BC24105,BC24105_C1,ENSG00000125691,-0.06941264833796028,-0.06865884607346166
BC24105,BC24105_C1,ENSG00000149806,0.15416871465382181,0.15049300182591122
BC24105,BC24105_C1,ENSG00000182774,0.07483517016608758,0.10370392666148129
BC24105,BC24105_C1,ENSG00000142676,0.022242034838624483,0.03451486614837999
BC24105,BC24105_C1,ENSG00000198034,0.05748604773355318,0.07322020160474293
BC24105,BC24105_C1,ENSG00000170889,-0.033187425973869096,-0.031334249520225774
BC24105,BC24105_C1,ENSG00000172809,0.08761374781006634,0.0953846458957742
BC24105,BC24105_C1,ENSG00000177954,0.12360920325671282,0.12538057575261513
BC24105,BC24105_C1,ENSG00000100316,0.05500492783405205,0.06380988200528466
BC24105,BC24105_C1,ENSG00000184009,0.05220656977617467,0.0393565246878957
BC24105,BC24105_C1,ENSG00000172757,0.003661521575342257,-0.0021959144558193994
BC24105,BC24105_C1,ENSG00000204525,0.016525440715446257,-0.02539844253596221
BC24105,BC24105_C1,ENSG00000019582,0.00835121419525356,-0.050485700337106094
BC24105,BC24105_C1,ENSG00000137154,-0.014930108668228557,-0.006582193297350875
BC24105,BC24105_C1,ENSG00000083845,0.044786404579485586,0.035123499892075465
BC24105,BC24105_C1,ENSG00000204592,-0.06930863916505613,-0.09831938540147703
BC24105,BC24105_C1,__ambiguous[ENSG00000185883+ENSG00000260272],-0.05276334135200347,-0.03701423209292776
BC24105,BC24105_C1,ENSG00000108821,0.36259282911344215,0.39171730412111566
BC24105,BC24105_C1,__ambiguous[ENSG00000254772+ENSG00000255508],0.043220818798657475,0.01419627085347488
BC24105,BC24105_C1,ENSG00000142937,0.04980905649328494,0.06678300634154363
BC24105,BC24105_C1,ENSG00000206503,0.01330398472921729,0.007284185425599382
BC24105,BC24105_C1,ENSG00000135404,-0.09407047646380834,-0.12475167809712655
BC24105,BC24105_C1,ENSG00000167468,0.03498618020405902,0.04333401439196666
BC24105,BC24105_C1,ENSG00000169710,-0.19566981747148962,-0.21947888459025555
BC24105,BC24105_C1,ENSG00000231925,-0.07515744419019023,-0.1025894021227443
BC24105,BC24105_C1,ENSG00000163191,0.06349833472815872,0.02550387480140775
BC24105,BC24105_C1,ENSG00000107223,-0.004599927136314518,-0.0009588688122063602
BC24105,BC24105_C1,ENSG00000165949,-0.03918757071927634,-0.04833865525613093
BC24105,BC24105_C1,ENSG00000115457,-0.013574255378343454,-0.038945972364323594
BC24105,BC24105_C1,ENSG00000149925,0.14053811879929134,0.09131488271841787
BC24105,BC24105_C1,ENSG00000156482,0.0816648272129084,0.08839232721072837
BC24105,BC24105_C1,ENSG00000108639,-0.014640783178284274,-0.011330774655962106
BC24105,BC24105_C1,ENSG00000167995,0.15152015764882826,0.1352986967230824
BC24105,BC24105_C1,ENSG00000106624,0.016916858537878336,-0.055783118580002206
BC24105,BC24105_C1,ENSG00000185499,-0.08331759588421371,-0.08883109668354892
BC24105,BC24105_C1,ENSG00000144713,-0.05199890169758632,-0.05913212230393445
BC24105,BC24105_C1,ENSG00000197958,0.07274036149800736,0.06143608002559008
BC24105,BC24105_C1,ENSG00000162244,0.011118883415439693,0.0076037516585001136
BC24105,BC24105_C1,ENSG00000167658,0.01806079927890761,0.03403759298728145
BC24105,BC24105_C1,ENSG00000224389,-0.005804512841998834,0.03208619999466117
BC24105,BC24105_C1,ENSG00000108344,-0.11397415333042696,-0.12811319684730244
BC24105,BC24105_C1,ENSG00000108679,0.04595481655321099,0.0002359850955967874
BC24105,BC24105_C1,ENSG00000148303,-0.05009495372720313,-0.03416227224937531
BC24105,BC24105_C1,ENSG00000172531,-0.050308111739799176,-0.051558377470294896
BC24105,BC24105_C1,ENSG00000131469,-0.09783396758608148,-0.09918477533126059
BC24105,BC24105_C1,ENSG00000246705,-0.004085328624701961,0.009616212686321709
BC24105,BC24105_C1,ENSG00000185825,-0.05771489887393596,-0.13343543464676366
BC24105,BC24105_C1,ENSG00000174748,0.00776551539830084,0.008880248833372175
BC24105,BC24105_C1,ENSG00000198242,0.0613155002019625,0.05376492507795473
BC24105,BC24105_C1,ENSG00000143947,0.15845288571042285,0.17876964298873993
BC24105,BC24105_C1,ENSG00000145592,0.08563465073126808,0.10684019716591506
BC24105,BC24105_C1,ENSG00000279483,0.04773104844459682,0.05248158851118335
BC24105,BC24105_C1,ENSG00000117410,-0.06834936285585363,-0.08203046452576487
BC24105,BC24105_C1,ENSG00000115884,0.09152040953768378,0.10437443250149801
BC24105,BC24105_C1,ENSG00000158710,0.014199105746168221,0.02161789247078269
BC24105,BC24105_C1,ENSG00000106211,0.12410580516513076,0.16122594892312547
BC24105,BC24105_C1,ENSG00000152082,0.0842861090559562,0.1109252087557972
BC24105,BC24105_C1,ENSG00000130303,-0.0036780718305256506,0.018819216425510602
BC24105,BC24105_C1,ENSG00000104904,-0.08470241098557682,-0.0811103627446277
BC24105,BC24105_C1,__ambiguous[ENSG00000185885+ENSG00000185201],0.12867124194168375,0.15673925374773534
BC24105,BC24105_C1,__ambiguous[ENSG00000243678+ENSG00000011052],0.03637151288502978,0.0379033346858901
BC24105,BC24105_C1,ENSG00000160862,0.10793690139485215,0.12525421759362296
BC24105,BC24105_C1,ENSG00000111057,0.11796634440020251,0.14331653079556664
BC24105,BC24105_C1,__ambiguous[ENSG00000257341+ENSG00000213145],0.09978673604663792,0.10371272654805896
BC24105,BC24105_C1,ENSG00000092841,-0.0004901229023515505,0.004079353268053681
BC24105,BC24105_C1,ENSG00000141741,0.051289850823771355,0.03725531956418004
BC24105,BC24105_C1,ENSG00000110651,0.1308813259039584,0.1654761263530052
BC24105,BC24105_C1,ENSG00000277972,0.05562824418680154,0.0719137806430546
BC24105,BC24105_C1,ENSG00000030582,-0.04571440191452719,-0.04542932931624001
BC24105,BC24105_C1,ENSG00000071553,-0.003725948208906733,0.0054994550327176995
BC24105,BC24105_C1,ENSG00000118181,0.028404300336561574,0.015976473146743705
BC24105,BC24105_C1,ENSG00000074800,0.0364113320974507,0.05599397609042305
BC24105,BC24105_C1,ENSG00000126267,0.009670204615712922,-0.007221576877399055
BC24105,BC24105_C1,ENSG00000130208,-0.1974886124027776,-0.22530740059474844
BC24105,BC24105_C1,ENSG00000173372,-0.23772304695046872,-0.2610013780223271
BC24105,BC24105_C1,ENSG00000142669,0.05821029822225685,0.03307180890321208
BC24105,BC24105_C1,__ambiguous[ENSG00000124614+ENSG00000270800],-0.05112939433230948,-0.0605894541481516
BC24105,BC24105_C1,ENSG00000166710,-0.00627075818089182,-0.060728121079096455
BC24105,BC24105_C1,ENSG00000124664,-0.11381106449364366,-0.10070943558227032
BC24105,BC24105_C1,ENSG00000178719,-0.03616492817524385,-0.030802162174233465
BC24105,BC24105_C1,ENSG00000169100,-0.01308731202681239,0.008013157332352245
BC24105,BC24105_C1,ENSG00000150991,-0.004170556049497091,0.034953082891362744
BC24105,BC24105_C1,ENSG00000102265,0.04247556218767026,0.030583822787087264
BC24105,BC24105_C1,ENSG00000071082,0.03561721062209921,0.04008586010547217
BC24105,BC24105_C1,ENSG00000117450,0.02298253408452907,0.0160534721263914
BC24105,BC24105_C1,ENSG00000133112,-0.05885169670149565,-0.06696070720813167
BC24105,BC24105_C1,ENSG00000160789,0.08239973661901759,0.09429281108505223
BC24105,BC24105_C1,ENSG00000149591,0.17247890525588327,0.19077659100742927
BC24105,BC24105_C1,ENSG00000277791,-0.05355227216570532,-0.013344593867318632
BC24105,BC24105_C1,ENSG00000125534,0.13415897160850748,0.15016101350227826
BC24105,BC24105_C1,ENSG00000141522,-0.015993088645023978,-0.05396743107901949
BC24105,BC24105_C1,ENSG00000182492,-0.09567240363021876,-0.12362081047699254
BC24105,BC24105_C1,ENSG00000165215,-0.019352623947577682,0.0077847210803238115
BC24105,BC24105_C1,ENSG00000182809,0.07245725814058394,0.0721828219703577
BC24105,BC24105_C1,ENSG00000143774,-0.0022430184381705045,-0.011894478045861061
BC24105,BC24105_C1,ENSG00000070756,0.033808169330717605,0.05547035167053239
BC24105,BC24105_C1,ENSG00000205542,0.016966383692290872,0.015156826512709245
BC24105,BC24105_C1,ENSG00000163220,-0.06407928235372938,-0.02745044022903042
BC24105,BC24105_C1,ENSG00000162511,-0.09558471726500363,-0.13113750157530465
BC24105,BC24105_C1,ENSG00000105223,-0.02500785295116184,-0.04735400267115197
BC24105,BC24105_C1,ENSG00000124614,-0.0626124618336588,-0.08352607642769863
BC24105,BC24105_C1,ENSG00000176340,0.06495113499154283,0.0674039271768601
BC24105,BC24105_C1,ENSG00000255823,0.6490708838271939,0.6961391616933
BC24105,BC24105_C1,ENSG00000187514,0.04429576456601055,0.01190582783989903
BC24105,BC24105_C1,ENSG00000052344,0.1058206624550041,0.10913961380483349
BC24105,BC24105_C1,ENSG00000196924,-0.05023911406331313,-0.08775248475889562
BC24105,BC24105_C1,ENSG00000142089,0.16066584351533178,0.1985029386540297
BC24105,BC24105_C1,ENSG00000184897,-0.042607611371102985,-0.0475021689700058
BC24105,BC24105_C1,ENSG00000178980,0.053308954110745536,0.04273558280599278
BC24105,BC24105_C1,ENSG00000103363,-0.04038231133105317,-0.04345525096996376
BC24105,BC24105_C1,ENSG00000123349,0.024097865144508138,0.011008662054747325
BC24105,BC24105_C1,ENSG00000164733,0.08928425369549463,0.14171429241696673
BC24105,BC24105_C1,ENSG00000127540,0.08613545277813722,0.09660558899690508
BC24105,BC24105_C1,ENSG00000163682,0.027919437089608593,0.02029011989882182
BC24105,BC24105_C1,ENSG00000145425,-0.0012825343819112148,-0.009227125537510615
BC24105,BC24105_C1,ENSG00000138326,0.1292491608832239,0.11993937958374154
BC24105,BC24105_C1,ENSG00000114353,0.05070323806012999,0.02056333799112078
BC24105,BC24105_C1,ENSG00000058262,-0.06626714285710211,-0.0849553608620767
BC24105,BC24105_C1,__ambiguous[ENSG00000277957+ENSG00000161960],0.09563092799155785,0.10562395783964344
BC24105,BC24105_C1,ENSG00000051523,-0.09131802873320922,-0.10738147101321155
BC24105,BC24105_C1,ENSG00000178952,0.01067442359701957,0.0014827226688391567
BC24105,BC24105_C1,__ambiguous[ENSG00000219200+ENSG00000161939],-0.1522016689037936,-0.13754697208781771
BC24105,BC24105_C1,ENSG00000269028,0.6433321438343008,0.695964554132508
BC24105,BC24105_C1,ENSG00000131748,-0.009879828848614977,-0.015974910169387124
BC24105,BC24105_C1,ENSG00000272196,-0.0648187485585994,-0.08624575900553584
BC24105,BC24105_C1,__ambiguous[ENSG00000262526+ENSG00000170296],-0.03991479070742661,-0.05352031908478988
BC24105,BC24105_C1,ENSG00000111669,-0.05493525711277377,-0.07608999779180274
BC24105,BC24105_C1,ENSG00000104529,-0.0015057201646724446,0.006641616785060987
BC24105,BC24105_C1,ENSG00000251562,0.2637349570776409,0.2806921476232976
BC24105,BC24105_C1,ENSG00000170315,-0.026920292882421894,-0.03938368034143341
BC24105,BC24105_C1,ENSG00000114867,0.0776539273559449,0.09675241201929725
BC24105,BC24105_C1,ENSG00000169223,0.014654465404741182,0.044781952953249965
BC24105,BC24105_C1,ENSG00000144426,0.09767629117578971,0.12002443968845714
BC24105,BC24105_C1,ENSG00000115414,0.2514814769704449,0.2664332654314243
BC24105,BC24105_C1,ENSG00000125730,0.004301625686932819,0.00887326951021472
BC24105,BC24105_C1,ENSG00000182899,0.015282923790369852,0.035260358220105245
BC24105,BC24105_C1,ENSG00000164919,-0.034491831813812955,-0.053034706855136095
BC24105,BC24105_C1,ENSG00000100219,0.013062850540794382,-0.010746197579079996
BC24105,BC24105_C1,ENSG00000008988,0.14847515605542078,0.1602201475494607
BC24105,BC24105_C1,ENSG00000142949,0.012390066265257118,-0.013699895528302612
BC24105,BC24105_C1,__ambiguous[ENSG00000273259+ENSG00000196136],-0.15290970600542522,-0.19654555998478193
BC24105,BC24105_C1,ENSG00000155366,0.13979520853594485,0.13059393223385957
BC24105,BC24105_C1,ENSG00000204287,0.14994356688087987,0.08135893329167447
BC24105,BC24105_C1,ENSG00000026025,0.21233403506991752,0.2355359160926152
BC24105,BC24105_C1,ENSG00000126247,0.048511345917887555,0.05730650521716568
BC24105,BC24105_C1,ENSG00000188846,0.021619272074246125,0.007599135442951695
BC24105,BC24105_C1,ENSG00000142173,0.0646441575439742,0.08016676780918128
BC24105,BC24105_C1,ENSG00000172354,0.0006326984891711454,-0.004862718323572866
BC24105,BC24105_C1,ENSG00000164692,0.17753237225795254,0.18840242155430872
BC24105,BC24105_C1,ENSG00000131143,0.003234608002435825,0.02612637737215244
BC24105,BC24105_C1,ENSG00000214530,0.08968540898444956,0.0691651281871789
BC24105,BC24105_C1,ENSG00000167815,0.0011575559197807921,-0.03262297895334211
BC24105,BC24105_C1,ENSG00000104964,-0.008949988278348541,-0.0013646826700749132
BC24105,BC24105_C1,ENSG00000087460,-0.22014627077287519,-0.27784553296254005
BC24105,BC24105_C1,ENSG00000163479,-0.017788498677480006,-0.007026202293465352
BC24105,BC24105_C1,ENSG00000145494,-0.03578548093592576,-0.019842277762168622
BC24105,BC24105_C1,ENSG00000197956,-0.13857608917870487,-0.15277375120373257
BC24105,BC24105_C1,ENSG00000160180,0.06559498297002872,0.05678874709686993
BC24105,BC24105_C1,ENSG00000135480,0.012346127776339757,-0.028249158631763707
BC24105,BC24105_C1,ENSG00000174886,-0.11479741235961169,-0.10359047235719152
BC24105,BC24105_C1,ENSG00000114391,0.0552402007837529,0.07933284429120506
BC24105,BC24105_C1,ENSG00000100300,0.06597972078025327,0.04568335540069164
BC24105,BC24105_C1,ENSG00000171222,-0.012288097560832273,0.008105055755644028
BC24105,BC24105_C1,ENSG00000135390,-0.09349164717426811,-0.055299350361458256
BC24105,BC24105_C1,ENSG00000187608,-0.009029121957408475,-0.0005963174307305818
BC24105,BC24105_C1,ENSG00000177700,-0.0697318256975284,-0.0907440899458183
BC24105,BC24105_C1,ENSG00000170421,0.1306001944509078,0.13357912467431382
BC24105,BC24105_C1,ENSG00000173801,-0.06982259592620241,-0.08953676905977492
BC24105,BC24105_C1,ENSG00000173272,-0.009996192278620775,0.01817106624880041
BC24105,BC24105_C1,ENSG00000130725,0.07183887690054597,0.08267966923297265
BC24105,BC24105_C1,ENSG00000125970,0.06345581165766394,0.057840733634258734
BC24105,BC24105_C1,ENSG00000186010,-0.09799634025454394,-0.10036604029558183
BC24105,BC24105_C1,ENSG00000141753,0.20963017972544712,0.22347143066455244
BC24105,BC24105_C1,ENSG00000101335,0.022074496867860737,0.04775533651674571
BC24105,BC24105_C1,ENSG00000160932,-0.04826923669506499,-0.036884381213368726
BC24105,BC24105_C1,ENSG00000186468,0.04737616662720365,0.05287981769959669
BC24105,BC24105_C1,ENSG00000011304,0.012178831987965011,0.027205265939931764
BC24105,BC24105_C1,ENSG00000174444,0.0787591714093103,0.10121256562288315
BC24105,BC24105_C1,ENSG00000196576,0.0033886560821781036,0.017280192905495647
BC24105,BC24105_C1,__ambiguous[ENSG00000241343+ENSG00000257529],0.08610765278868479,0.0873872310564896
BC24105,BC24105_C1,ENSG00000173369,-0.14090774798803096,-0.206874718818319
BC24105,BC24105_C1,ENSG00000172270,0.013959981970495125,0.029797731904421355
BC24105,BC24105_C1,ENSG00000124172,0.08344598643264912,0.08972230151199788
BC24105,BC24105_C1,ENSG00000213988,-0.032146627379929946,-0.037037027060092244
BC24105,BC24105_C1,ENSG00000130520,-0.032748371343925164,-0.05042732241243685
BC24105,BC24105_C1,ENSG00000147684,0.0043665576129001404,0.0031865714361638186
BC24105,BC24105_C1,ENSG00000168528,-0.014539057485595133,-0.025594181712518156
BC24105,BC24105_C1,ENSG00000161960,0.027950916461139112,0.007474651633876215
BC24105,BC24105_C1,ENSG00000147604,0.0896448855038525,0.08338225807586955
BC24105,BC24105_C1,ENSG00000176046,-0.13273305053921836,-0.12915636341841585
BC24105,BC24105_C1,ENSG00000143420,0.0014285013467203326,-0.022423297224189006
BC24105,BC24105_C1,ENSG00000279274,-0.018664026680123517,-0.040831295270669615
BC24105,BC24105_C1,ENSG00000140990,-0.009412525232753875,-0.008329649226267062
BC24105,BC24105_C1,ENSG00000110492,-0.048320215181560947,-0.05576563923399857
BC24105,BC24105_C1,ENSG00000096384,-0.06660644461273607,-0.06814868150377285
BC24105,BC24105_C1,ENSG00000233276,0.04251188065814543,0.030969784701262645
BC24105,BC24105_C1,ENSG00000132507,0.05205140783889534,0.052335510516204733
BC24105,BC24105_C1,ENSG00000135940,0.06803454653990296,0.06495105972185923
BC24105,BC24105_C1,ENSG00000025708,0.03692681124326859,0.05791122794798532
BC24105,BC24105_C1,ENSG00000163399,0.049981010652668564,0.047387116719099766
BC24105,BC24105_C2,ENSG00000034510,-0.04777411019351246,-0.0734708450705488
BC24105,BC24105_C2,ENSG00000171345,0.06500098515210237,0.06355899836583183
BC24105,BC24105_C2,ENSG00000137818,-0.06558851169231009,-0.09799128479705975
BC24105,BC24105_C2,ENSG00000111640,-0.169306987409459,-0.23438952094194251
BC24105,BC24105_C2,ENSG00000177600,0.02693767381145683,0.009954412706503091
BC24105,BC24105_C2,ENSG00000231500,-0.02209579397016728,-0.026170869656509176
BC24105,BC24105_C2,ENSG00000164587,-0.026578194270755338,-0.06223271328384051
BC24105,BC24105_C2,ENSG00000254709,-0.03154644471091834,-0.04558893002520961
BC24105,BC24105_C2,ENSG00000108107,-0.010389288498501953,-0.030364066288931388
BC24105,BC24105_C2,ENSG00000075624,-0.010153965669951638,-0.02517488548217815
BC24105,BC24105_C2,ENSG00000197756,0.011810096506960854,0.02332044051916969
BC24105,BC24105_C2,ENSG00000105372,-0.10946132782821338,-0.11310271404211666
BC24105,BC24105_C2,ENSG00000108298,-0.021903302199641806,-0.023407415580055376
BC24105,BC24105_C2,ENSG00000161016,-0.08795355340166282,-0.11055015922687808
BC24105,BC24105_C2,ENSG00000141736,-0.11639488821240335,-0.1672640255718112
BC24105,BC24105_C2,ENSG00000167526,-0.10437940890234712,-0.1328063501001212
BC24105,BC24105_C2,ENSG00000087086,-0.11219734047439113,-0.1476484563123542
BC24105,BC24105_C2,__ambiguous[ENSG00000251357+ENSG00000240972],0.02890224987027632,0.02954866093415596
BC24105,BC24105_C2,ENSG00000108518,-0.13211019267893614,-0.20244676200628256
BC24105,BC24105_C2,ENSG00000130255,-0.132500982439112,-0.15102625530324376
BC24105,BC24105_C2,ENSG00000136942,-0.038182015255086084,-0.0864432716037125
BC24105,BC24105_C2,ENSG00000063177,-0.035361956670025584,-0.028582483889935922
BC24105,BC24105_C2,ENSG00000117984,0.1164114819734779,0.14172453383247605
BC24105,BC24105_C2,ENSG00000149273,-0.06064744944376307,-0.07302845341516782
BC24105,BC24105_C2,ENSG00000197746,-0.03459781116608133,-0.09731175998674628
BC24105,BC24105_C2,ENSG00000140264,0.01804364985863059,0.025448909265670047
BC24105,BC24105_C2,ENSG00000221983,-0.11683432792176268,-0.12160473121515318
BC24105,BC24105_C2,ENSG00000109062,-0.03393325582548227,-0.034131810542690336
BC24105,BC24105_C2,ENSG00000179218,0.10078199698477873,0.10074831303936368
BC24105,BC24105_C2,ENSG00000180879,0.06116750325210663,0.016968612631092086
BC24105,BC24105_C2,ENSG00000105193,-0.15821811694627538,-0.16734789246781526
BC24105,BC24105_C2,ENSG00000204628,-0.18246683392242297,-0.1895658529441775
BC24105,BC24105_C2,ENSG00000142534,-0.1439855980930185,-0.16775159836566933
BC24105,BC24105_C2,ENSG00000142541,-0.11757965487822572,-0.11844999290489143
BC24105,BC24105_C2,ENSG00000130203,0.06690871429847503,-0.0005630997748472506
BC24105,BC24105_C2,ENSG00000166441,0.018494504741979452,0.017422181066548567
BC24105,BC24105_C2,ENSG00000185624,-0.0712877404367352,-0.10121074260537852
BC24105,BC24105_C2,ENSG00000167996,0.23986458909510391,0.2765891926213367
BC24105,BC24105_C2,ENSG00000147403,-0.08633593008204851,-0.1204147792345241
BC24105,BC24105_C2,ENSG00000089157,0.13629246953157106,0.12999162695559321
BC24105,BC24105_C2,ENSG00000234745,0.1265052771333476,0.08961152750518751
BC24105,BC24105_C2,ENSG00000140988,0.12053756468847243,0.09332300221563011
BC24105,BC24105_C2,ENSG00000111341,0.03536705989104817,0.04465854204752618
BC24105,BC24105_C2,ENSG00000105640,-0.1542720747702903,-0.18478058956025903
BC24105,BC24105_C2,ENSG00000171858,0.028612746740076113,-0.0038904623808621863
BC24105,BC24105_C2,ENSG00000115268,-0.1502780441015681,-0.16039403355869522
BC24105,BC24105_C2,ENSG00000233927,-0.04160095530935589,-0.053098746363267134
BC24105,BC24105_C2,ENSG00000101439,-0.1443915805966984,-0.11271844249165917
BC24105,BC24105_C2,ENSG00000112306,-0.051839623244385624,-0.044897661768111684
BC24105,BC24105_C2,ENSG00000213741,-0.06370447225430481,-0.06606275264213773
BC24105,BC24105_C2,ENSG00000125691,-0.04619870333142411,-0.06468488078405907
BC24105,BC24105_C2,ENSG00000149806,0.04256792673931774,-0.018460736771459613
BC24105,BC24105_C2,ENSG00000182774,0.05858868323321914,0.08727544593269163
BC24105,BC24105_C2,ENSG00000142676,-0.11017318748389547,-0.12870783491104018
BC24105,BC24105_C2,ENSG00000198034,-0.040797142445959805,-0.048241959695038104
BC24105,BC24105_C2,ENSG00000170889,0.018136261286755332,-0.029049469742376825
BC24105,BC24105_C2,ENSG00000172809,-0.01403720508631974,-0.007885081199384747
BC24105,BC24105_C2,ENSG00000177954,0.012275995716663147,0.007098008743880285
BC24105,BC24105_C2,ENSG00000100316,0.11316039887385924,0.1296338236445572
BC24105,BC24105_C2,ENSG00000184009,-0.1811730295620157,-0.16010025866836264
BC24105,BC24105_C2,ENSG00000172757,-0.0006275496331420456,0.012847512017397915
BC24105,BC24105_C2,ENSG00000204525,0.1857355295754681,0.17514586441117264
BC24105,BC24105_C2,ENSG00000019582,-0.14969287565012554,-0.17236187585140805
BC24105,BC24105_C2,ENSG00000137154,0.1064833043503611,0.08711336027003393
BC24105,BC24105_C2,ENSG00000083845,-0.0841707750843753,-0.09561508807237273
BC24105,BC24105_C2,ENSG00000204592,-0.0470009734465837,-0.052713370967827106
BC24105,BC24105_C2,__ambiguous[ENSG00000185883+ENSG00000260272],-0.05704402697088371,-0.076192591660543
BC24105,BC24105_C2,ENSG00000108821,0.28668569974480906,0.31483548884523954
BC24105,BC24105_C2,__ambiguous[ENSG00000254772+ENSG00000255508],-0.08353820340102693,-0.08981163485566734
BC24105,BC24105_C2,ENSG00000142937,-0.01974199456427056,-0.03176259026671522
BC24105,BC24105_C2,ENSG00000206503,0.00784620902559362,-0.021043043826507648
BC24105,BC24105_C2,ENSG00000135404,-0.03851699157834783,-0.06707494049582424
BC24105,BC24105_C2,ENSG00000167468,0.015494030567658901,0.008407637765410121
BC24105,BC24105_C2,ENSG00000169710,-0.2163593148551128,-0.25073950026489816
BC24105,BC24105_C2,ENSG00000231925,0.08746102835099606,0.06906222762408104
BC24105,BC24105_C2,ENSG00000163191,-0.13117179897882617,-0.11897379532781062
BC24105,BC24105_C2,ENSG00000107223,-0.03969036924961084,-0.06423415343350772
BC24105,BC24105_C2,ENSG00000165949,-0.027760355078443013,-0.02016001983010281
BC24105,BC24105_C2,ENSG00000115457,-0.05050472790876806,-0.05339118374122283
BC24105,BC24105_C2,ENSG00000149925,0.1081000388870475,0.0694223538139466
BC24105,BC24105_C2,ENSG00000156482,0.07283535543545583,0.12780104420474483
BC24105,BC24105_C2,ENSG00000108639,0.0034691497724869194,-0.04161520890859684
BC24105,BC24105_C2,ENSG00000167995,0.11233020069775582,0.09596693126276674
BC24105,BC24105_C2,ENSG00000106624,0.06529555559948692,-0.0011443131407751727
BC24105,BC24105_C2,ENSG00000185499,-0.14114845855159813,-0.15591522882037176
BC24105,BC24105_C2,ENSG00000144713,-0.056481204203340664,-0.06003727205852596
BC24105,BC24105_C2,ENSG00000197958,-0.02805406215689726,0.0039722040307583195
BC24105,BC24105_C2,ENSG00000162244,-0.058345221115488906,-0.05938819640589449
BC24105,BC24105_C2,ENSG00000167658,0.012054870839561811,-0.016932017371060676
BC24105,BC24105_C2,ENSG00000224389,0.00951393005371314,0.014196492356846715
BC24105,BC24105_C2,ENSG00000108344,-0.018771218047990996,-0.034684845759469216
BC24105,BC24105_C2,ENSG00000108679,0.040017222108050476,0.024558188847709637
BC24105,BC24105_C2,ENSG00000148303,-0.002216480997647924,-0.013008133402318267
BC24105,BC24105_C2,ENSG00000172531,-0.03589179566321033,-0.05337743326381015
BC24105,BC24105_C2,ENSG00000131469,0.005627906937031588,0.03293974812979846
BC24105,BC24105_C2,ENSG00000246705,-0.046708098362757466,-0.07547381279966266
BC24105,BC24105_C2,ENSG00000185825,-0.001846239307749575,-0.007708786828794163
BC24105,BC24105_C2,ENSG00000174748,-0.057954471253304385,-0.053420764004068255
BC24105,BC24105_C2,ENSG00000198242,0.16501526415769235,0.18917272105927346
BC24105,BC24105_C2,ENSG00000143947,-0.030154565500081432,-0.02325187056996171
BC24105,BC24105_C2,ENSG00000145592,0.04416976378680631,0.039774000902292175
BC24105,BC24105_C2,ENSG00000279483,0.032147950149983145,0.008911000210920103
BC24105,BC24105_C2,ENSG00000117410,0.1301685220956973,0.09298767538231542
BC24105,BC24105_C2,ENSG00000115884,0.06516821599557031,0.02883610012337251
BC24105,BC24105_C2,ENSG00000158710,-0.04585217766015997,-0.06132671732080653
BC24105,BC24105_C2,ENSG00000106211,0.09318970552665187,0.10416251446074627
BC24105,BC24105_C2,ENSG00000152082,-0.08157153074395757,-0.06302153369428772
BC24105,BC24105_C2,ENSG00000130303,0.058117234929997034,0.060953098448959894
BC24105,BC24105_C2,ENSG00000104904,-0.005717299008178817,0.0008106019118122834
BC24105,BC24105_C2,__ambiguous[ENSG00000185885+ENSG00000185201],-0.0017710510268208357,0.02913597193414807
BC24105,BC24105_C2,__ambiguous[ENSG00000243678+ENSG00000011052],0.017941933480165657,-0.016622035306325396
BC24105,BC24105_C2,ENSG00000160862,0.157077902150743,0.14679321291960423
BC24105,BC24105_C2,ENSG00000111057,0.08749446548161235,0.05399827423549918
BC24105,BC24105_C2,__ambiguous[ENSG00000257341+ENSG00000213145],-0.135661143078851,-0.12494179115576264
BC24105,BC24105_C2,ENSG00000092841,0.0635017856765376,0.008021460106239239
BC24105,BC24105_C2,ENSG00000141741,-0.061717687055302305,-0.06922207416008615
BC24105,BC24105_C2,ENSG00000110651,0.07417577789196321,0.08872365927412683
BC24105,BC24105_C2,ENSG00000277972,-0.014913611039487138,0.00035193660930428814
BC24105,BC24105_C2,ENSG00000030582,-0.03271016931268009,-0.07284608714248961
BC24105,BC24105_C2,ENSG00000071553,0.05266416609145118,0.053986895146565385
BC24105,BC24105_C2,ENSG00000118181,-0.1176839315812266,-0.11373846281059907
BC24105,BC24105_C2,ENSG00000074800,-0.12212355702864892,-0.1245740407391691
BC24105,BC24105_C2,ENSG00000126267,-0.06442360505958748,-0.08499804722796223
BC24105,BC24105_C2,ENSG00000130208,0.013368648022751579,-0.02975991432754515
BC24105,BC24105_C2,ENSG00000173372,-0.07423328355098724,-0.13053567739489674
BC24105,BC24105_C2,ENSG00000142669,-0.06410479078093949,-0.10114799838947744
BC24105,BC24105_C2,__ambiguous[ENSG00000124614+ENSG00000270800],-0.04335106308924152,-0.03935752223286218
BC24105,BC24105_C2,ENSG00000166710,0.1268741051999087,0.13372988184351456
BC24105,BC24105_C2,ENSG00000124664,-0.014656593163826694,-0.018496088118466144
BC24105,BC24105_C2,ENSG00000178719,-0.09923717172641085,-0.11775945772585289
BC24105,BC24105_C2,ENSG00000169100,0.07867086874789034,0.10980844351791691
BC24105,BC24105_C2,ENSG00000150991,0.08986426683651978,0.0873561052468813
BC24105,BC24105_C2,ENSG00000102265,-0.09079545665619511,-0.10103624362297339
BC24105,BC24105_C2,ENSG00000071082,0.058451381086313585,0.05013668148535977
BC24105,BC24105_C2,ENSG00000117450,-0.009483163577552297,-0.004782589685192873
BC24105,BC24105_C2,ENSG00000133112,-0.059846089745684325,-0.04257540476057571
BC24105,BC24105_C2,ENSG00000160789,0.06782846967209599,0.07364557566034448
BC24105,BC24105_C2,ENSG00000149591,0.02454611851927312,0.006949810010572946
BC24105,BC24105_C2,ENSG00000277791,-0.05734364847168531,-0.011797031957051127
BC24105,BC24105_C2,ENSG00000125534,0.07616438589359606,0.020575597516253246
BC24105,BC24105_C2,ENSG00000141522,-0.01103717992862836,-0.019636757872754606
BC24105,BC24105_C2,ENSG00000182492,-0.05577579665829748,-0.09252418843113187
BC24105,BC24105_C2,ENSG00000165215,0.026413656007561053,0.0331797250852776
BC24105,BC24105_C2,ENSG00000182809,-0.06089472810326635,-0.04955281148788152
BC24105,BC24105_C2,ENSG00000143774,-0.04300301854166339,-0.02593484031869242
BC24105,BC24105_C2,ENSG00000070756,0.1299165834213838,0.078210489833835
BC24105,BC24105_C2,ENSG00000205542,-0.07740717474398318,-0.04640134358062195
BC24105,BC24105_C2,ENSG00000163220,-0.1275716112278503,-0.16170394825904408
BC24105,BC24105_C2,ENSG00000162511,-0.022397990988526954,-0.040648349311843066
BC24105,BC24105_C2,ENSG00000105223,-0.0503467389630285,-0.0762136757914272
BC24105,BC24105_C2,ENSG00000124614,-0.00027403470365138557,-0.047539176129667814
BC24105,BC24105_C2,ENSG00000176340,0.12339474738002244,0.13337219797161798
BC24105,BC24105_C2,ENSG00000255823,0.6071358290532021,0.582783208394935
BC24105,BC24105_C2,ENSG00000187514,-0.01625993220366905,-0.023336272676167905
BC24105,BC24105_C2,ENSG00000052344,0.05378920451564117,0.05590015365962783
BC24105,BC24105_C2,ENSG00000196924,-0.10198446612109166,-0.1666544689413269
BC24105,BC24105_C2,ENSG00000142089,-0.0010294368242760204,-0.012713504348834115
BC24105,BC24105_C2,ENSG00000184897,-0.0748628222972542,-0.09452017246134722
BC24105,BC24105_C2,ENSG00000178980,0.014382316486405264,0.03349668838228831
BC24105,BC24105_C2,ENSG00000103363,-0.07093630186533888,-0.08149336522792235
BC24105,BC24105_C2,ENSG00000123349,0.023705345275259738,0.01522159273063814
BC24105,BC24105_C2,ENSG00000164733,0.13147517656096677,0.16466300120201155
BC24105,BC24105_C2,ENSG00000127540,0.0849945861705,0.0900476741991232
BC24105,BC24105_C2,ENSG00000163682,0.05503227657741782,0.0706052073968682
BC24105,BC24105_C2,ENSG00000145425,0.05296995632856091,0.045121870997261115
BC24105,BC24105_C2,ENSG00000138326,-0.009740743152640646,-0.018503278011715616
BC24105,BC24105_C2,ENSG00000114353,-0.07367958634188225,-0.10077682336018522
BC24105,BC24105_C2,ENSG00000058262,-0.029822721819164007,-0.045940170663460296
BC24105,BC24105_C2,__ambiguous[ENSG00000277957+ENSG00000161960],0.03500454038519014,-0.0008666430973875341
BC24105,BC24105_C2,ENSG00000051523,-0.09850383010223754,-0.12967079859682637
BC24105,BC24105_C2,ENSG00000178952,-0.0072543121391060415,-0.006033184623650358
BC24105,BC24105_C2,__ambiguous[ENSG00000219200+ENSG00000161939],-0.0030071931845945168,-0.045994565779180194
BC24105,BC24105_C2,ENSG00000269028,0.5433207408607944,0.5220687345866108
BC24105,BC24105_C2,ENSG00000131748,-0.019916571209569606,-0.020176897602895632
BC24105,BC24105_C2,ENSG00000272196,0.005206215015894884,-0.021479630324103972
BC24105,BC24105_C2,__ambiguous[ENSG00000262526+ENSG00000170296],-0.055112385310402114,-0.08804861487743175
BC24105,BC24105_C2,ENSG00000111669,0.04795626696973652,0.04766459326493957
BC24105,BC24105_C2,ENSG00000104529,-0.08608360861971132,-0.10763462703356755
BC24105,BC24105_C2,ENSG00000251562,0.15537028245692072,0.1597863092316832
BC24105,BC24105_C2,ENSG00000170315,-0.06372890588140824,-0.09019914533047009
BC24105,BC24105_C2,ENSG00000114867,0.02416438382148036,-0.021772291961260692
BC24105,BC24105_C2,ENSG00000169223,0.031237893815565215,0.009934143532070583
BC24105,BC24105_C2,ENSG00000144426,-0.016817277795546256,-0.02781683797040583
BC24105,BC24105_C2,ENSG00000115414,0.23841936067432648,0.2714357192188215
BC24105,BC24105_C2,ENSG00000125730,-0.07431098301807107,-0.09637797130324559
BC24105,BC24105_C2,ENSG00000182899,-0.030092205186334844,-0.024874493208231336
BC24105,BC24105_C2,ENSG00000164919,-0.06662489274581052,-0.06986696636466302
BC24105,BC24105_C2,ENSG00000100219,-0.11830723492787357,-0.12386859224645612
BC24105,BC24105_C2,ENSG00000008988,0.08608411859890053,0.06155212056209553
BC24105,BC24105_C2,ENSG00000142949,-0.11152297052565681,-0.08831354259072118
BC24105,BC24105_C2,__ambiguous[ENSG00000273259+ENSG00000196136],0.0657784802893642,0.05747509287837865
BC24105,BC24105_C2,ENSG00000155366,0.12393500591494072,0.10228521864327027
BC24105,BC24105_C2,ENSG00000204287,0.13879983703093154,0.12488126680114409
BC24105,BC24105_C2,ENSG00000026025,0.21029441328234194,0.16155140738157353
BC24105,BC24105_C2,ENSG00000126247,0.06394540984518846,0.07518925480534329
BC24105,BC24105_C2,ENSG00000188846,0.03384421012572107,0.041601818232419055
BC24105,BC24105_C2,ENSG00000142173,0.13879644583417683,0.1280043359956471
BC24105,BC24105_C2,ENSG00000172354,0.07059874608682172,0.08017652897730682
BC24105,BC24105_C2,ENSG00000164692,0.28717652618231027,0.28705985978970366
BC24105,BC24105_C2,ENSG00000131143,-0.03904499317561363,-0.009301975704137336
BC24105,BC24105_C2,ENSG00000214530,0.1336686971601212,0.12843603582090826
BC24105,BC24105_C2,ENSG00000167815,-0.05267788594160617,-0.08807732378502556
BC24105,BC24105_C2,ENSG00000104964,-0.10976438164568038,-0.13179253132237678
BC24105,BC24105_C2,ENSG00000087460,-0.21392276919044217,-0.23991658312129918
BC24105,BC24105_C2,ENSG00000163479,0.020018238552861497,0.02901614700395118
BC24105,BC24105_C2,ENSG00000145494,0.05003028380564089,0.046511347319777206
BC24105,BC24105_C2,ENSG00000197956,-0.11750576004778257,-0.1337865900531838
BC24105,BC24105_C2,ENSG00000160180,-0.022582560049855448,-0.012028084369031269
BC24105,BC24105_C2,ENSG00000135480,-0.06413943044267931,-0.0769321556849779
BC24105,BC24105_C2,ENSG00000174886,-0.0485972351533592,-0.07388039113131553
BC24105,BC24105_C2,ENSG00000114391,0.09581811470756085,0.09581271816577117
BC24105,BC24105_C2,ENSG00000100300,-0.020292621456892878,0.011355349868683454
BC24105,BC24105_C2,ENSG00000171222,-0.0902449236059515,-0.09806611765173179
BC24105,BC24105_C2,ENSG00000135390,-0.07035815232860677,-0.06624398986545071
BC24105,BC24105_C2,ENSG00000187608,0.021420507692979537,0.008210580013036348
BC24105,BC24105_C2,ENSG00000177700,-0.07171920279931476,-0.08687382903585833
BC24105,BC24105_C2,ENSG00000170421,0.006331990882429892,0.013219327245237382
BC24105,BC24105_C2,ENSG00000173801,-0.11243725972812188,-0.10905515720654795
BC24105,BC24105_C2,ENSG00000173272,-0.03590517942923382,-0.052460440346443406
BC24105,BC24105_C2,ENSG00000130725,0.037639604793139735,0.01622675695506978
BC24105,BC24105_C2,ENSG00000125970,0.008448370107565831,0.0037608755972454657
BC24105,BC24105_C2,ENSG00000186010,-0.09267968782991012,-0.10880106708526335
BC24105,BC24105_C2,ENSG00000141753,0.1825027641568663,0.1948881335143924
BC24105,BC24105_C2,ENSG00000101335,-0.10344844067523197,-0.15458372794061737
BC24105,BC24105_C2,ENSG00000160932,-0.000958061241331998,0.007369369373142269
BC24105,BC24105_C2,ENSG00000186468,0.10163640041305161,0.1322707890202343
BC24105,BC24105_C2,ENSG00000011304,0.10169280426924296,0.11408577425446577
BC24105,BC24105_C2,ENSG00000174444,0.08570940916234969,0.1261088158597236
BC24105,BC24105_C2,ENSG00000196576,-0.017647039282772302,-0.04590047902232969
BC24105,BC24105_C2,__ambiguous[ENSG00000241343+ENSG00000257529],0.0429773614993277,0.05563228160473817
BC24105,BC24105_C2,ENSG00000173369,0.07791119950375226,0.07981762619244516
BC24105,BC24105_C2,ENSG00000172270,-0.05610423737042674,-0.0797709586288313
BC24105,BC24105_C2,ENSG00000124172,0.00659805017254095,-0.004101480638651277
BC24105,BC24105_C2,ENSG00000213988,-0.1506290061883957,-0.16903871657529673
BC24105,BC24105_C2,ENSG00000130520,-0.1057945753965457,-0.12155358610583558
BC24105,BC24105_C2,ENSG00000147684,-0.03578614520127509,-0.034532121651285004
BC24105,BC24105_C2,ENSG00000168528,0.03890419955663755,0.031765708933048864
BC24105,BC24105_C2,ENSG00000161960,0.07238054995650324,0.04088468859796814
BC24105,BC24105_C2,ENSG00000147604,0.0740491512942947,0.11974531929329958
BC24105,BC24105_C2,ENSG00000176046,-0.023409678160835154,-0.01232146823366567
BC24105,BC24105_C2,ENSG00000143420,-0.04724872822470073,-0.05932472380799577
BC24105,BC24105_C2,ENSG00000279274,-0.008116749146355674,-0.03965943408951655
BC24105,BC24105_C2,ENSG00000140990,-0.05522096178833012,-0.02846178327403127
BC24105,BC24105_C2,ENSG00000110492,-0.139845674093527,-0.11706630030135773
BC24105,BC24105_C2,ENSG00000096384,-0.0380859596565393,-0.03771786842319828
BC24105,BC24105_C2,ENSG00000233276,0.012324294902795126,-0.004726363015638801
BC24105,BC24105_C2,ENSG00000132507,-0.002481205390691432,-0.01929789332340002
BC24105,BC24105_C2,ENSG00000135940,0.03356999651464549,0.02126485348715124
BC24105,BC24105_C2,ENSG00000025708,0.005215123885588955,-0.009545297824225276
BC24105,BC24105_C2,ENSG00000163399,0.06166051840434598,0.05644561574635459
BC24105,BC24105_D1,ENSG00000034510,0.12462780996570641,0.13697601073804436
BC24105,BC24105_D1,ENSG00000171345,0.01044092738708453,0.015668457406406495
BC24105,BC24105_D1,ENSG00000137818,0.027878129390973238,0.01473110610714712
BC24105,BC24105_D1,ENSG00000111640,0.012964929859959643,0.03791280922123057
BC24105,BC24105_D1,ENSG00000177600,0.13622231731519252,0.151432347249714
BC24105,BC24105_D1,ENSG00000231500,-0.0006592899329830508,0.01376183871922747
BC24105,BC24105_D1,ENSG00000164587,0.11065143021438134,0.07737817057477013
BC24105,BC24105_D1,ENSG00000254709,-0.09578220045610007,-0.09292998246166338
BC24105,BC24105_D1,ENSG00000108107,-0.14622242164197274,-0.18288339637065706
BC24105,BC24105_D1,ENSG00000075624,-0.051287824550575345,-0.07051787352199838
BC24105,BC24105_D1,ENSG00000197756,0.026737195543465535,0.045578665206576746
BC24105,BC24105_D1,ENSG00000105372,-0.14300294639546962,-0.15587613349567123
BC24105,BC24105_D1,ENSG00000108298,-0.09824492687180274,-0.10994217106146548
BC24105,BC24105_D1,ENSG00000161016,-0.13733868712925437,-0.17060178922255426
BC24105,BC24105_D1,ENSG00000141736,-0.055829234293810086,-0.08134279083537749
BC24105,BC24105_D1,ENSG00000167526,-0.08099985580979202,-0.12471418031460503
BC24105,BC24105_D1,ENSG00000087086,-0.01499573912488643,-0.030799280660522472
BC24105,BC24105_D1,__ambiguous[ENSG00000251357+ENSG00000240972],0.013015916446082975,0.006303696618897272
BC24105,BC24105_D1,ENSG00000108518,-0.01666333135657676,-0.029347655833691713
BC24105,BC24105_D1,ENSG00000130255,-0.09783575310756487,-0.1411017944223588
BC24105,BC24105_D1,ENSG00000136942,-0.08666432349986403,-0.08414013610643559
BC24105,BC24105_D1,ENSG00000063177,-0.1841282227389659,-0.19214348583724095
BC24105,BC24105_D1,ENSG00000117984,0.16368925246088623,0.20300376968297798
BC24105,BC24105_D1,ENSG00000149273,-0.051634775962141506,-0.08979737298678302
BC24105,BC24105_D1,ENSG00000197746,0.16133002233187285,0.13755587057532861
BC24105,BC24105_D1,ENSG00000140264,0.0035352611771394347,-0.010996385378938727
BC24105,BC24105_D1,ENSG00000221983,-0.11356602544252356,-0.11378200319767086
BC24105,BC24105_D1,ENSG00000109062,0.061644765549341014,0.10374536167135608
BC24105,BC24105_D1,ENSG00000179218,0.030919971201886408,0.0643127728412224
BC24105,BC24105_D1,ENSG00000180879,0.01929265603992007,-0.03048935986915632
BC24105,BC24105_D1,ENSG00000105193,-0.06506160444436881,-0.08856312521889133
BC24105,BC24105_D1,ENSG00000204628,0.015444048025736172,-0.014300889681118027
BC24105,BC24105_D1,ENSG00000142534,-0.1641238062864081,-0.1893269404552569
BC24105,BC24105_D1,ENSG00000142541,-0.0990035216115959,-0.14204561101738739
BC24105,BC24105_D1,ENSG00000130203,0.06386881617554824,0.012400006424431094
BC24105,BC24105_D1,ENSG00000166441,0.03242306752551197,0.01721945170864072
BC24105,BC24105_D1,ENSG00000185624,0.08954902403594141,0.09757765521890074
BC24105,BC24105_D1,ENSG00000167996,0.06853296648954876,0.1196339277034604
BC24105,BC24105_D1,ENSG00000147403,-0.08472560329089761,-0.09470690545824087
BC24105,BC24105_D1,ENSG00000089157,0.07901476356026585,0.10076464598613634
BC24105,BC24105_D1,ENSG00000234745,0.10797453424732849,0.11778448366669123
BC24105,BC24105_D1,ENSG00000140988,-0.004928738923151689,-0.026390220976606527
BC24105,BC24105_D1,ENSG00000111341,0.2049741614397631,0.26501458803440037
BC24105,BC24105_D1,ENSG00000105640,-0.01760214825403525,-0.012718976210989417
BC24105,BC24105_D1,ENSG00000171858,0.024250409123242764,0.03974109753878206
BC24105,BC24105_D1,ENSG00000115268,-0.053514654983910274,-0.047248194223193235
BC24105,BC24105_D1,ENSG00000233927,-0.08983630606028775,-0.11145801309220177
BC24105,BC24105_D1,ENSG00000101439,-0.25087969709888647,-0.2981210905945524
BC24105,BC24105_D1,ENSG00000112306,0.03338967682866515,0.027066124074056074
BC24105,BC24105_D1,ENSG00000213741,-0.07189980589683244,-0.06754187161343303
BC24105,BC24105_D1,ENSG00000125691,-0.036124107888934054,-0.023310201619054637
BC24105,BC24105_D1,ENSG00000149806,0.009822792828922745,-0.011592038080339246
BC24105,BC24105_D1,ENSG00000182774,0.015093760890383816,0.03932211645809827
BC24105,BC24105_D1,ENSG00000142676,0.05026891392889189,0.03796456261211006
BC24105,BC24105_D1,ENSG00000198034,-0.05207102612903516,-0.07097289530243273
BC24105,BC24105_D1,ENSG00000170889,0.01816550906276876,-0.014398699026982606
BC24105,BC24105_D1,ENSG00000172809,0.037539345652182095,0.030682893251237953
BC24105,BC24105_D1,ENSG00000177954,0.02246464774428918,0.08091915324871801
BC24105,BC24105_D1,ENSG00000100316,-0.06810898264912758,-0.08030032867439814
BC24105,BC24105_D1,ENSG00000184009,-0.20881546110079063,-0.24763723714907754
BC24105,BC24105_D1,ENSG00000172757,-0.031133755863600513,-0.020369452211616113
BC24105,BC24105_D1,ENSG00000204525,0.1811502506054389,0.1862555364031963
BC24105,BC24105_D1,ENSG00000019582,0.13336367712448582,0.12764760040779202
BC24105,BC24105_D1,ENSG00000137154,0.008085346923800843,0.05282372020964366
BC24105,BC24105_D1,ENSG00000083845,0.014760049167690888,-0.015992144469984423
BC24105,BC24105_D1,ENSG00000204592,-0.0521356154910902,-0.06911252387064419
BC24105,BC24105_D1,__ambiguous[ENSG00000185883+ENSG00000260272],0.025953655993264633,0.013228518811854018
BC24105,BC24105_D1,ENSG00000108821,0.20168810900328632,0.19758994540668662
BC24105,BC24105_D1,__ambiguous[ENSG00000254772+ENSG00000255508],-0.10445803277516302,-0.12660828807128743
BC24105,BC24105_D1,ENSG00000142937,0.07181820814161195,0.0896065795483033
BC24105,BC24105_D1,ENSG00000206503,-0.018444244078292163,-0.018651505401845368
BC24105,BC24105_D1,ENSG00000135404,-0.08457664639684186,-0.1021081349090313
BC24105,BC24105_D1,ENSG00000167468,-0.08540093772290036,-0.07818792974480386
BC24105,BC24105_D1,ENSG00000169710,-0.1757243884853252,-0.18099704450162524
BC24105,BC24105_D1,ENSG00000231925,-0.036432098155770365,-0.07745491446163541
BC24105,BC24105_D1,ENSG00000163191,0.16818893688952574,0.17116092381988293
BC24105,BC24105_D1,ENSG00000107223,-0.10523428309435248,-0.10692470989235862
BC24105,BC24105_D1,ENSG00000165949,-0.028401838296204927,-0.004698078866588515
BC24105,BC24105_D1,ENSG00000115457,-0.06328690809790749,-0.07577057262618773
BC24105,BC24105_D1,ENSG00000149925,0.008743083623940974,0.0018397776320494118
BC24105,BC24105_D1,ENSG00000156482,0.054120109522294325,0.07718348095183782
BC24105,BC24105_D1,ENSG00000108639,-0.12591507270814006,-0.14471537566649992
BC24105,BC24105_D1,ENSG00000167995,-0.0003384386004772049,0.0038862354346947082
BC24105,BC24105_D1,ENSG00000106624,0.18780834680479108,0.13479530377500837
BC24105,BC24105_D1,ENSG00000185499,-0.15234674407691873,-0.15182709986077841
BC24105,BC24105_D1,ENSG00000144713,-0.0016374018904301753,-0.001001923909888892
BC24105,BC24105_D1,ENSG00000197958,0.07405484109415636,0.08113474967427314
BC24105,BC24105_D1,ENSG00000162244,-0.07168957328384777,-0.07985570458575601
BC24105,BC24105_D1,ENSG00000167658,-0.045654758814178034,-0.07253641251929324
BC24105,BC24105_D1,ENSG00000224389,0.005694287056734473,0.026241007253696807
BC24105,BC24105_D1,ENSG00000108344,-0.043157560045439566,-0.05385970278378816
BC24105,BC24105_D1,ENSG00000108679,0.011365244014032503,-0.015583982967461295
BC24105,BC24105_D1,ENSG00000148303,-0.09420183311162543,-0.08532295527634437
BC24105,BC24105_D1,ENSG00000172531,-0.055687569152163996,-0.06599577398699352
BC24105,BC24105_D1,ENSG00000131469,0.02051079695411792,0.00466544222075603
BC24105,BC24105_D1,ENSG00000246705,-0.003907246679467129,-0.022278684631680694
BC24105,BC24105_D1,ENSG00000185825,-0.09784466122148087,-0.10026394419725088
BC24105,BC24105_D1,ENSG00000174748,-0.08166727869730961,-0.054361636628199796
BC24105,BC24105_D1,ENSG00000198242,0.07890200966430827,0.09046064959142265
BC24105,BC24105_D1,ENSG00000143947,-0.03805587436529149,-0.004341874024101373
BC24105,BC24105_D1,ENSG00000145592,0.03049157382829955,0.05155472149352036
BC24105,BC24105_D1,ENSG00000279483,0.16793041977015025,0.1882966124562889
BC24105,BC24105_D1,ENSG00000117410,-0.057287112083064265,-0.07362950990003192
BC24105,BC24105_D1,ENSG00000115884,-0.10294595986967162,-0.1468261741613924
BC24105,BC24105_D1,ENSG00000158710,0.03901893554561036,0.06562790059116154
BC24105,BC24105_D1,ENSG00000106211,0.14914528520868836,0.18737424061202332
BC24105,BC24105_D1,ENSG00000152082,0.026324555816350334,0.03407718618727152
BC24105,BC24105_D1,ENSG00000130303,0.0256246241889738,0.022450415745401554
BC24105,BC24105_D1,ENSG00000104904,0.04860285809737902,0.03438173540287072
BC24105,BC24105_D1,__ambiguous[ENSG00000185885+ENSG00000185201],0.02643353815485075,-0.013637744579544782
BC24105,BC24105_D1,__ambiguous[ENSG00000243678+ENSG00000011052],0.06935722298706458,0.08247863765515727
BC24105,BC24105_D1,ENSG00000160862,0.1971234161423356,0.2533634524082314
BC24105,BC24105_D1,ENSG00000111057,0.0718965564254578,0.06659097808243296
BC24105,BC24105_D1,__ambiguous[ENSG00000257341+ENSG00000213145],0.04631243155531894,0.008984878556658726
BC24105,BC24105_D1,ENSG00000092841,0.014220281374483413,-0.008244078551629291
BC24105,BC24105_D1,ENSG00000141741,0.024266871748493027,0.01472686839536207
BC24105,BC24105_D1,ENSG00000110651,0.03398174546845778,0.033211446635883886
BC24105,BC24105_D1,ENSG00000277972,0.06571730636511275,0.03950490178297695
BC24105,BC24105_D1,ENSG00000030582,-0.04358068703140937,-0.05435484825315471
BC24105,BC24105_D1,ENSG00000071553,-0.07926247603786732,-0.1083750153387708
BC24105,BC24105_D1,ENSG00000118181,-0.04661835930118131,-0.03755017681580359
BC24105,BC24105_D1,ENSG00000074800,-0.08890825920896168,-0.09575544885593813
BC24105,BC24105_D1,ENSG00000126267,-0.017543004560114733,-0.015333501149623462
BC24105,BC24105_D1,ENSG00000130208,0.05616746983361527,0.05738884582583189
BC24105,BC24105_D1,ENSG00000173372,-0.021165130697231603,-0.038706986439166396
BC24105,BC24105_D1,ENSG00000142669,0.08569090202380403,0.0736375971359339
BC24105,BC24105_D1,__ambiguous[ENSG00000124614+ENSG00000270800],-0.055880524649544384,-0.06068102589347258
BC24105,BC24105_D1,ENSG00000166710,0.04511156518078233,0.07744680326176111
BC24105,BC24105_D1,ENSG00000124664,-0.017979364153369436,-0.01597794762369557
BC24105,BC24105_D1,ENSG00000178719,-0.06905024358919558,-0.05723335078556023
BC24105,BC24105_D1,ENSG00000169100,0.055225372620139004,0.07215428136651583
BC24105,BC24105_D1,ENSG00000150991,-0.04883415136216348,-0.04557606311905204
BC24105,BC24105_D1,ENSG00000102265,-0.05496773427056179,-0.05095807429092405
BC24105,BC24105_D1,ENSG00000071082,0.008329347738883747,0.02894885925352503
BC24105,BC24105_D1,ENSG00000117450,-0.060482363249298836,-0.05535818628530276
BC24105,BC24105_D1,ENSG00000133112,-0.0190513783569989,-0.0371533224537071
BC24105,BC24105_D1,ENSG00000160789,0.09806364998498221,0.112972822723562
BC24105,BC24105_D1,ENSG00000149591,0.053783866850556444,0.024722794283434685
BC24105,BC24105_D1,ENSG00000277791,0.05769877910526758,0.04693706892654001
BC24105,BC24105_D1,ENSG00000125534,0.04084627973765778,0.025001693662597566
BC24105,BC24105_D1,ENSG00000141522,-0.059045196359519804,-0.10172153900961359
BC24105,BC24105_D1,ENSG00000182492,-0.009041797103988626,-0.058067418710210046
BC24105,BC24105_D1,ENSG00000165215,-0.13195210899294388,-0.1318479427102833
BC24105,BC24105_D1,ENSG00000182809,-0.0001224504416440518,0.0039120196271662366
BC24105,BC24105_D1,ENSG00000143774,0.0303448117532801,0.03247577238902922
BC24105,BC24105_D1,ENSG00000070756,0.06686622899891848,0.036912180373577956
BC24105,BC24105_D1,ENSG00000205542,-0.029478872375915857,0.004165749396968967
BC24105,BC24105_D1,ENSG00000163220,0.017102609195152395,0.058537262831878135
BC24105,BC24105_D1,ENSG00000162511,-0.08160546816647993,-0.14381091508386057
BC24105,BC24105_D1,ENSG00000105223,0.013178067001914606,-0.005342392624450597
BC24105,BC24105_D1,ENSG00000124614,-0.1472343225271014,-0.16024500512173853
BC24105,BC24105_D1,ENSG00000176340,0.052784722511200734,0.000979128965891266
BC24105,BC24105_D1,ENSG00000255823,0.41475583145618516,0.45127730746206307
BC24105,BC24105_D1,ENSG00000187514,-0.04598554627131935,-0.018235695813312615
BC24105,BC24105_D1,ENSG00000052344,-0.04259839519355484,-0.037625449291367345
BC24105,BC24105_D1,ENSG00000196924,-0.1827051610462823,-0.27272824462924256
BC24105,BC24105_D1,ENSG00000142089,-0.05884393863722725,-0.07369244309015215
BC24105,BC24105_D1,ENSG00000184897,-0.11402743815247623,-0.11304311024747847
BC24105,BC24105_D1,ENSG00000178980,0.06868962115942079,0.06378034607323955
BC24105,BC24105_D1,ENSG00000103363,0.02900439992577248,-0.0016269617984313708
BC24105,BC24105_D1,ENSG00000123349,-0.13193486258706535,-0.15465702073042298
BC24105,BC24105_D1,ENSG00000164733,0.09869868151244358,0.16059675472468304
BC24105,BC24105_D1,ENSG00000127540,0.030824622280773206,0.04359457826440606
BC24105,BC24105_D1,ENSG00000163682,-0.027662001526215507,-0.03725807613307655
BC24105,BC24105_D1,ENSG00000145425,0.04562245387732842,0.03857727742598996
BC24105,BC24105_D1,ENSG00000138326,0.058333626368317855,0.05206557773698282
BC24105,BC24105_D1,ENSG00000114353,-0.016721136001964232,-0.025404156602854642
BC24105,BC24105_D1,ENSG00000058262,-0.0520665334819343,-0.04916528042305226
BC24105,BC24105_D1,__ambiguous[ENSG00000277957+ENSG00000161960],-0.03707425973550495,-0.007984433988480581
BC24105,BC24105_D1,ENSG00000051523,0.07500210301260532,0.03770709408444951
BC24105,BC24105_D1,ENSG00000178952,-0.09037391803479573,-0.10235344358238799
BC24105,BC24105_D1,__ambiguous[ENSG00000219200+ENSG00000161939],-0.10490331815409869,-0.13706166693613006
BC24105,BC24105_D1,ENSG00000269028,0.40805113965594236,0.42935276760692576
BC24105,BC24105_D1,ENSG00000131748,0.030106703036892956,0.037905179271629404
BC24105,BC24105_D1,ENSG00000272196,0.013606551689514919,0.030704874935855803
BC24105,BC24105_D1,__ambiguous[ENSG00000262526+ENSG00000170296],0.01262783341163148,-0.029782106212365773
BC24105,BC24105_D1,ENSG00000111669,0.017331233673424862,-0.009466262680077659
BC24105,BC24105_D1,ENSG00000104529,-0.10306427103532266,-0.08895615302291944
BC24105,BC24105_D1,ENSG00000251562,0.1772468897152806,0.1611786417845903
BC24105,BC24105_D1,ENSG00000170315,0.06211419486671763,0.038775315908834006
BC24105,BC24105_D1,ENSG00000114867,-0.027748260078162532,-0.012277653128447278
BC24105,BC24105_D1,ENSG00000169223,0.015347129029905414,-0.012435517562090263
BC24105,BC24105_D1,ENSG00000144426,0.044966277027627316,0.0620139500942331
BC24105,BC24105_D1,ENSG00000115414,0.013611143245414261,0.004250634417742321
BC24105,BC24105_D1,ENSG00000125730,0.04289124077868449,0.04953794253501031
BC24105,BC24105_D1,ENSG00000182899,0.07557122507198862,0.07508619061937392
BC24105,BC24105_D1,ENSG00000164919,-0.004606142921212495,0.005546419446833679
BC24105,BC24105_D1,ENSG00000100219,0.05833854701184769,0.03694714607616257
BC24105,BC24105_D1,ENSG00000008988,0.05449982709465462,0.05995698026065187
BC24105,BC24105_D1,ENSG00000142949,0.024269956394426643,0.04012249263577676
BC24105,BC24105_D1,__ambiguous[ENSG00000273259+ENSG00000196136],-0.2289219836624467,-0.34184870879420576
BC24105,BC24105_D1,ENSG00000155366,0.03155578866190495,0.034793861925159396
BC24105,BC24105_D1,ENSG00000204287,0.14039117688738548,0.1562069044249759
BC24105,BC24105_D1,ENSG00000026025,0.12509524715673564,0.13787328416485864
BC24105,BC24105_D1,ENSG00000126247,-0.04151557906941294,-0.10189791680670197
BC24105,BC24105_D1,ENSG00000188846,0.08193769808624111,0.05812615431869224
BC24105,BC24105_D1,ENSG00000142173,0.16265055039940196,0.18709992819829857
BC24105,BC24105_D1,ENSG00000172354,-0.008872832583626622,0.02117107760675538
BC24105,BC24105_D1,ENSG00000164692,0.13372760884252977,0.09899022355986727
BC24105,BC24105_D1,ENSG00000131143,-0.03235367749348322,-0.04025969700863254
BC24105,BC24105_D1,ENSG00000214530,-0.024050743154198237,-0.03903376129939152
BC24105,BC24105_D1,ENSG00000167815,-0.09111798513093738,-0.07675497300727677
BC24105,BC24105_D1,ENSG00000104964,-0.026459203605944767,-0.07029649980589747
BC24105,BC24105_D1,ENSG00000087460,-0.2493415743905078,-0.2988322803396081
BC24105,BC24105_D1,ENSG00000163479,0.04707268363332262,0.0661365195888898
BC24105,BC24105_D1,ENSG00000145494,-0.04257095705249432,-0.03243294112207159
BC24105,BC24105_D1,ENSG00000197956,-0.1366525332886861,-0.13859050611246954
BC24105,BC24105_D1,ENSG00000160180,0.16352599880960733,0.16825808008761434
BC24105,BC24105_D1,ENSG00000135480,-0.13345632635836924,-0.15597085550575707
BC24105,BC24105_D1,ENSG00000174886,-0.10911719282811871,-0.1254649773163672
BC24105,BC24105_D1,ENSG00000114391,0.04378401122506663,0.06151500313433949
BC24105,BC24105_D1,ENSG00000100300,0.172694981599343,0.19133861812209124
BC24105,BC24105_D1,ENSG00000171222,-0.08362971896332423,-0.06318529177712646
BC24105,BC24105_D1,ENSG00000135390,-0.0118764577961249,-0.01844012737172076
BC24105,BC24105_D1,ENSG00000187608,-0.04324404907330364,-0.026594937830141604
BC24105,BC24105_D1,ENSG00000177700,-0.015799572006562967,-0.028678858232410367
BC24105,BC24105_D1,ENSG00000170421,0.08218900288289827,0.12045831285993017
BC24105,BC24105_D1,ENSG00000173801,-0.03526301476371446,-0.046388377079957535
BC24105,BC24105_D1,ENSG00000173272,-0.053903983135703146,-0.04804191131991461
BC24105,BC24105_D1,ENSG00000130725,0.0017725837346000881,-0.03416518885253723
BC24105,BC24105_D1,ENSG00000125970,0.10207232260623803,0.09950973280972451
BC24105,BC24105_D1,ENSG00000186010,-0.10177290112754377,-0.09501025868373313
BC24105,BC24105_D1,ENSG00000141753,0.283080649524837,0.28932766544034627
BC24105,BC24105_D1,ENSG00000101335,-0.18401234159795105,-0.21436282088389952
BC24105,BC24105_D1,ENSG00000160932,0.018874177015441404,0.039658218196398275
BC24105,BC24105_D1,ENSG00000186468,0.09839494534784231,0.10999632280754022
BC24105,BC24105_D1,ENSG00000011304,-0.07508956046298484,-0.09434698715761676
BC24105,BC24105_D1,ENSG00000174444,0.020166530550307843,0.03439033814767211
BC24105,BC24105_D1,ENSG00000196576,-0.02255388213152347,-0.027853787293912472
BC24105,BC24105_D1,__ambiguous[ENSG00000241343+ENSG00000257529],0.030575151566708286,0.025897762752202458
BC24105,BC24105_D1,ENSG00000173369,0.021387978241817998,0.006786614135757231
BC24105,BC24105_D1,ENSG00000172270,-0.05806738079690943,-0.08150655554010422
BC24105,BC24105_D1,ENSG00000124172,-0.024704545778634804,-0.05982026862157761
BC24105,BC24105_D1,ENSG00000213988,0.017821604064154593,-0.009017227758573455
BC24105,BC24105_D1,ENSG00000130520,0.09050041528845987,0.06085727254915853
BC24105,BC24105_D1,ENSG00000147684,0.016895605914120766,0.021525630251940278
BC24105,BC24105_D1,ENSG00000168528,0.11319857456342813,0.13962941889733832
BC24105,BC24105_D1,ENSG00000161960,-0.020806868721841516,-0.04231204039852077
BC24105,BC24105_D1,ENSG00000147604,0.149628071609778,0.1491675879647829
BC24105,BC24105_D1,ENSG00000176046,-0.06655805194649192,-0.07741853395546805
BC24105,BC24105_D1,ENSG00000143420,-0.07199750880673036,-0.0818000028069625
BC24105,BC24105_D1,ENSG00000279274,-0.003670082193746266,-0.00032782600322819465
BC24105,BC24105_D1,ENSG00000140990,-0.13140366798664185,-0.10298113854695227
BC24105,BC24105_D1,ENSG00000110492,-0.07756138360689169,-0.07603223451110377
BC24105,BC24105_D1,ENSG00000096384,0.08006173246019653,0.07129785209200952
BC24105,BC24105_D1,ENSG00000233276,-0.05733170859627756,-0.09984350950261407
BC24105,BC24105_D1,ENSG00000132507,0.06472074825490287,0.0720337576519517
BC24105,BC24105_D1,ENSG00000135940,-0.017136760511299465,-0.04217161884390106
BC24105,BC24105_D1,ENSG00000025708,0.11535234448098369,0.09874375018850615
BC24105,BC24105_D1,ENSG00000163399,-0.08851044518832264,-0.11464571456111743
BC24220,BC24220_D2,ENSG00000034510,0.031863795815072773,0.04656044370006891
BC24220,BC24220_D2,ENSG00000254709,0.11111295608811488,0.09467815800890378
BC24220,BC24220_D2,ENSG00000137818,0.40576695318794276,0.4714696043303733
BC24220,BC24220_D2,ENSG00000111640,0.33550207873327,0.44505518789038256
BC24220,BC24220_D2,ENSG00000231500,0.33879536687080575,0.3750526324817885
BC24220,BC24220_D2,ENSG00000177600,0.300870486728579,0.3108635279568684
BC24220,BC24220_D2,ENSG00000171345,-0.27838968762668637,-0.3433247590287397
BC24220,BC24220_D2,ENSG00000164587,0.3181550287983173,0.3638917593325471
BC24220,BC24220_D2,ENSG00000108107,0.18692086730328017,0.1945689104392053
BC24220,BC24220_D2,ENSG00000075624,-0.1128015101611412,-0.1494219036393543
BC24220,BC24220_D2,ENSG00000105372,0.18094761169977683,0.20000560482466034
BC24220,BC24220_D2,ENSG00000108298,0.04545517225319796,0.060180359713181725
BC24220,BC24220_D2,ENSG00000197756,0.31020760256575447,0.3043989675169956
BC24220,BC24220_D2,ENSG00000161016,0.0035771591087878584,0.04516823521005752
BC24220,BC24220_D2,ENSG00000167526,0.12880854502052289,0.13959726073800663
BC24220,BC24220_D2,ENSG00000130255,0.21004644099180889,0.21947813650877881
BC24220,BC24220_D2,ENSG00000108518,-0.07430555733784723,-0.07642699538232077
BC24220,BC24220_D2,ENSG00000087086,-0.08845868817851409,-0.11520511262074222
BC24220,BC24220_D2,__ambiguous[ENSG00000251357+ENSG00000240972],0.24458697872265533,0.30567126552751983
BC24220,BC24220_D2,ENSG00000136942,0.20698703962563628,0.2392777536091973
BC24220,BC24220_D2,ENSG00000063177,0.02299669278972257,0.023511240881494685
BC24220,BC24220_D2,ENSG00000141736,-0.0219532363325485,-0.07906237837461587
BC24220,BC24220_D2,ENSG00000149273,0.15825295765834457,0.17527550859601648
BC24220,BC24220_D2,ENSG00000197746,0.028662287109658385,0.024525897644238334
BC24220,BC24220_D2,ENSG00000140264,0.11167339498264026,0.11353078807295584
BC24220,BC24220_D2,ENSG00000180879,0.060448881343721374,0.09082529878373921
BC24220,BC24220_D2,ENSG00000105193,-0.02413175067443657,-0.009208745466166846
BC24220,BC24220_D2,ENSG00000221983,0.0670544250969595,0.10194765682245965
BC24220,BC24220_D2,ENSG00000130203,0.09534045829999593,0.13004851064528294
BC24220,BC24220_D2,ENSG00000117984,0.023660376183818013,0.022860030759707415
BC24220,BC24220_D2,ENSG00000142541,0.14223234018812467,0.14787089908521844
BC24220,BC24220_D2,ENSG00000142534,0.06079614134448255,0.07380953341063877
BC24220,BC24220_D2,ENSG00000204628,0.06369286030352142,0.07561054852876599
BC24220,BC24220_D2,ENSG00000179218,0.1465705399606739,0.12438184716937647
BC24220,BC24220_D2,ENSG00000109062,0.09863605036705532,0.1132120832599076
BC24220,BC24220_D2,ENSG00000185624,-0.007101663607372952,0.006265255868600117
BC24220,BC24220_D2,ENSG00000234745,0.0008571492072288086,0.013358048900009462
BC24220,BC24220_D2,ENSG00000147403,0.08298621210558225,0.061436863048365126
BC24220,BC24220_D2,ENSG00000166441,0.24995935682603973,0.29478508747913407
BC24220,BC24220_D2,ENSG00000115268,0.018542778048063792,0.0278174841345116
BC24220,BC24220_D2,ENSG00000167996,0.07704179696293768,0.08219649325638013
BC24220,BC24220_D2,ENSG00000105640,0.20534574347345588,0.24139769521427248
BC24220,BC24220_D2,ENSG00000089157,0.23814782134305848,0.311661974187982
BC24220,BC24220_D2,ENSG00000140988,0.030834437813998163,0.09456265872665139
BC24220,BC24220_D2,ENSG00000233927,0.045554006185043176,0.061060266249537004
BC24220,BC24220_D2,ENSG00000171858,0.005505626405260173,0.016099935100376828
BC24220,BC24220_D2,ENSG00000213741,-0.08421787077868632,-0.06561505847047111
BC24220,BC24220_D2,ENSG00000112306,0.07098939552259075,0.03188174920196518
BC24220,BC24220_D2,ENSG00000101439,0.13590721810109194,0.17282753688856625
BC24220,BC24220_D2,ENSG00000170889,0.05979684229759642,0.05547137147418624
BC24220,BC24220_D2,ENSG00000198034,-0.005366579456038158,-0.013984222220836793
BC24220,BC24220_D2,ENSG00000125691,-0.008837482589779183,-0.0006916246614490243
BC24220,BC24220_D2,ENSG00000182774,0.007225351701986971,0.002928865432118848
BC24220,BC24220_D2,ENSG00000149806,0.13130868611827307,0.1352164160491098
BC24220,BC24220_D2,ENSG00000019582,-0.19804192587681987,-0.2698259738380061
BC24220,BC24220_D2,ENSG00000142676,-0.008152913646730764,0.03635105295951846
BC24220,BC24220_D2,ENSG00000111341,-0.15423853362216736,-0.16829810237475637
BC24220,BC24220_D2,ENSG00000204592,0.0018458931036957839,-0.028511633205360154
BC24220,BC24220_D2,ENSG00000204525,0.1508579185599263,0.1411087825034031
BC24220,BC24220_D2,ENSG00000100316,0.13779723971566163,0.1436138034396131
BC24220,BC24220_D2,ENSG00000172809,0.022017049460188818,0.025127915394496787
BC24220,BC24220_D2,ENSG00000137154,0.055681731716677785,0.07676533083217767
BC24220,BC24220_D2,ENSG00000206503,0.011816890176320026,-0.0009847957509489063
BC24220,BC24220_D2,ENSG00000167468,0.032860693010381685,0.042865009491204566
BC24220,BC24220_D2,ENSG00000142937,-0.04066150049022347,-0.045529062055460645
BC24220,BC24220_D2,ENSG00000083845,0.10924124875628183,0.15147978682830945
BC24220,BC24220_D2,ENSG00000184009,0.4875682479006267,0.4925999150929804
BC24220,BC24220_D2,ENSG00000177954,0.34085464845504343,0.45006315238387923
BC24220,BC24220_D2,__ambiguous[ENSG00000185883+ENSG00000260272],-0.013210070778116942,-0.0230085767176702
BC24220,BC24220_D2,ENSG00000172757,0.05831649440477272,0.08095884392199873
BC24220,BC24220_D2,ENSG00000162244,0.04924920237591141,0.08951450309220232
BC24220,BC24220_D2,__ambiguous[ENSG00000254772+ENSG00000255508],0.25131001741081815,0.2676619668322922
BC24220,BC24220_D2,ENSG00000165949,0.06037176872514052,0.03647694741153791
BC24220,BC24220_D2,ENSG00000231925,0.17258306777934324,0.1579929882273952
BC24220,BC24220_D2,ENSG00000108821,0.37058663409011044,0.3745355233842296
BC24220,BC24220_D2,ENSG00000107223,0.0578802155000309,0.060995071069050145
BC24220,BC24220_D2,ENSG00000108639,0.11593594893311548,0.14417286567298654
BC24220,BC24220_D2,ENSG00000135404,-0.11269948090568487,-0.13822232560257894
BC24220,BC24220_D2,ENSG00000167658,-0.06711005937368049,-0.033932963589741905
BC24220,BC24220_D2,ENSG00000156482,-0.01012863626783966,-0.03895101088986449
BC24220,BC24220_D2,ENSG00000149925,-0.19070384346374142,-0.24365527767175996
BC24220,BC24220_D2,ENSG00000246705,-0.10338050024339977,-0.10538749131351731
BC24220,BC24220_D2,ENSG00000197958,0.014043718853061425,0.005899765770101856
BC24220,BC24220_D2,ENSG00000167995,0.1557484251043333,0.19937910888253393
BC24220,BC24220_D2,ENSG00000169710,0.3157557254893163,0.3414153270265906
BC24220,BC24220_D2,ENSG00000108679,-0.052647710934775487,-0.05087651048883473
BC24220,BC24220_D2,ENSG00000106624,0.04128995986984216,0.03783638991335014
BC24220,BC24220_D2,ENSG00000172531,0.03736909421474564,0.04421917618984357
BC24220,BC24220_D2,ENSG00000163191,0.09436658830486669,0.09079314759116064
BC24220,BC24220_D2,ENSG00000144713,0.09762632932049801,0.13154982668561988
BC24220,BC24220_D2,ENSG00000185825,-0.07267678107255965,-0.070736399640532
BC24220,BC24220_D2,ENSG00000148303,-0.09599965607884002,-0.10674199098118392
BC24220,BC24220_D2,ENSG00000163220,-0.02789040023861458,-0.01029015971959605
BC24220,BC24220_D2,ENSG00000174748,0.1967786456500015,0.22651678314169166
BC24220,BC24220_D2,ENSG00000115884,0.03722674822666819,0.03194019969475029
BC24220,BC24220_D2,ENSG00000143947,0.13846935720927225,0.13868887770690413
BC24220,BC24220_D2,ENSG00000104904,0.0008627856338718736,-0.0016174243576407845
BC24220,BC24220_D2,ENSG00000198242,0.0010019320086854886,0.03745785616768042
BC24220,BC24220_D2,ENSG00000166710,0.4530249084840167,0.4817243874113569
BC24220,BC24220_D2,ENSG00000173372,-0.17914939666373855,-0.21420379642114243
BC24220,BC24220_D2,ENSG00000224389,-0.08631715168654042,-0.12390405270094072
BC24220,BC24220_D2,ENSG00000130303,0.034700973850860746,0.04391246907817699
BC24220,BC24220_D2,ENSG00000145592,0.165250489026431,0.1476628269508204
BC24220,BC24220_D2,ENSG00000117410,-0.04288959039645804,-0.04247168813037102
BC24220,BC24220_D2,ENSG00000160862,0.021143751835446423,0.012623232756497956
BC24220,BC24220_D2,ENSG00000131469,-0.2199846347527104,-0.25231983134826247
BC24220,BC24220_D2,ENSG00000152082,-0.07332718766275145,-0.061684948897767794
BC24220,BC24220_D2,ENSG00000279483,0.13694818817069146,0.1820943097861646
BC24220,BC24220_D2,ENSG00000165215,0.01799317754824212,0.039538920829628794
BC24220,BC24220_D2,__ambiguous[ENSG00000243678+ENSG00000011052],-0.03552837111345075,-0.009582555555161834
BC24220,BC24220_D2,ENSG00000130208,-0.0688666267915587,-0.06971911880791061
BC24220,BC24220_D2,ENSG00000106211,0.24516989490645463,0.24071478852123948
BC24220,BC24220_D2,ENSG00000118181,0.06282332144787761,0.08346658378941263
BC24220,BC24220_D2,ENSG00000115457,0.06419791047238232,0.08844608198467345
BC24220,BC24220_D2,ENSG00000071553,0.031063308782815865,0.02848868903418158
BC24220,BC24220_D2,ENSG00000126267,0.049912215293917594,0.03235363599153581
BC24220,BC24220_D2,__ambiguous[ENSG00000185885+ENSG00000185201],-0.05456919260597416,-0.053497441096235644
BC24220,BC24220_D2,ENSG00000277972,0.03524406476211095,0.018374880202828594
BC24220,BC24220_D2,__ambiguous[ENSG00000124614+ENSG00000270800],0.027864546309600623,0.0626954221213236
BC24220,BC24220_D2,ENSG00000110651,0.026548048752867467,0.046060079424394225
BC24220,BC24220_D2,ENSG00000092841,0.04476163430162515,0.04430071507154483
BC24220,BC24220_D2,ENSG00000142669,0.003910847367575428,-0.01342144809362838
BC24220,BC24220_D2,ENSG00000111057,-0.09309606242893054,-0.09797255853974239
BC24220,BC24220_D2,ENSG00000133112,0.2900713612051787,0.3144298687579312
BC24220,BC24220_D2,ENSG00000185499,-0.28002708397055665,-0.32533182780848846
BC24220,BC24220_D2,ENSG00000169100,-0.04265405507412191,-0.02948774960796562
BC24220,BC24220_D2,ENSG00000158710,-0.049542432252459884,-0.044315683184428835
BC24220,BC24220_D2,ENSG00000074800,0.08570404582996177,0.15417419246790368
BC24220,BC24220_D2,ENSG00000108344,0.3433349386539723,0.3852702076703379
BC24220,BC24220_D2,ENSG00000030582,-0.052260849344537674,-0.050621089964313165
BC24220,BC24220_D2,ENSG00000124664,0.0003448736472894907,0.014085858509586817
BC24220,BC24220_D2,ENSG00000162511,-0.037257754833604655,-0.03747507324379678
BC24220,BC24220_D2,ENSG00000178719,0.025230188436110496,0.0025663263918201465
BC24220,BC24220_D2,ENSG00000070756,0.12021433880812425,0.12873191379708163
BC24220,BC24220_D2,ENSG00000205542,0.23012466430523681,0.22535765191453377
BC24220,BC24220_D2,ENSG00000277791,-0.1173543461334188,-0.10877039362526283
BC24220,BC24220_D2,ENSG00000117450,0.14009589951714818,0.15015891791530533
BC24220,BC24220_D2,ENSG00000071082,0.1400261408650765,0.17111073907031987
BC24220,BC24220_D2,ENSG00000105223,-0.0037305395507068874,-0.03672223576030562
BC24220,BC24220_D2,ENSG00000143774,0.10323154605717193,0.07892683825322303
BC24220,BC24220_D2,ENSG00000196924,0.08107352133916908,0.06523599891345724
BC24220,BC24220_D2,ENSG00000102265,0.07661604585639842,0.062345747735529804
BC24220,BC24220_D2,ENSG00000150991,0.03772117357609063,0.0227181438570249
BC24220,BC24220_D2,ENSG00000125534,0.015472819777213924,0.06110761652257286
BC24220,BC24220_D2,ENSG00000149591,0.18486093597066589,0.1678082692783589
BC24220,BC24220_D2,ENSG00000182492,0.1534167769590827,0.12680477735722148
BC24220,BC24220_D2,__ambiguous[ENSG00000257341+ENSG00000213145],0.020646731034719805,0.023421538811228135
BC24220,BC24220_D2,ENSG00000141522,0.04104758522567806,0.043388838264054326
BC24220,BC24220_D2,ENSG00000051523,0.10505625932306834,0.09331987887333754
BC24220,BC24220_D2,ENSG00000160789,0.04914649176488476,0.05314981111980078
BC24220,BC24220_D2,ENSG00000184897,0.018601927392661265,0.005429350923590395
BC24220,BC24220_D2,ENSG00000141741,0.006185398863956118,0.007832180641732165
BC24220,BC24220_D2,__ambiguous[ENSG00000277957+ENSG00000161960],0.05244333174533938,0.05801232719028608
BC24220,BC24220_D2,ENSG00000163682,0.3209356068093921,0.3280757210551642
BC24220,BC24220_D2,ENSG00000145425,0.005446128313712006,-0.004387678355274403
BC24220,BC24220_D2,ENSG00000182809,-0.007293437265722614,0.02319405789940078
BC24220,BC24220_D2,ENSG00000124614,0.0765046547925062,0.12274426687793215
BC24220,BC24220_D2,ENSG00000187514,0.37384223664128347,0.38263963189875716
BC24220,BC24220_D2,__ambiguous[ENSG00000219200+ENSG00000161939],0.02219166176237045,0.03659808461806852
BC24220,BC24220_D2,ENSG00000204287,0.1674411626342852,0.20621726281905417
BC24220,BC24220_D2,ENSG00000127540,0.06575621404775792,0.05317223843455895
BC24220,BC24220_D2,ENSG00000138326,0.14368362372278998,0.15912918642654938
BC24220,BC24220_D2,ENSG00000176340,0.08201561253251353,0.08155285333917209
BC24220,BC24220_D2,ENSG00000058262,0.040626034444756695,0.046297690039117934
BC24220,BC24220_D2,ENSG00000125730,-0.20072414584558623,-0.22627942650412763
BC24220,BC24220_D2,ENSG00000123349,0.01301268429601984,0.01861863412773409
BC24220,BC24220_D2,ENSG00000164733,-0.05518929372319563,-0.04693236220087876
BC24220,BC24220_D2,ENSG00000103363,-0.06925569123948955,-0.07387455171306277
BC24220,BC24220_D2,ENSG00000114353,0.11140414801445274,0.11649168565086152
BC24220,BC24220_D2,ENSG00000104529,-0.03347425253679838,-0.060819946973328556
BC24220,BC24220_D2,ENSG00000178980,0.05061804483769747,0.039299275259092235
BC24220,BC24220_D2,ENSG00000114867,0.08980623721935213,0.07773127346621302
BC24220,BC24220_D2,ENSG00000169223,0.014079429986104286,0.003389364491029416
BC24220,BC24220_D2,ENSG00000178952,-0.028463359534238553,-0.006191539043908193
BC24220,BC24220_D2,ENSG00000052344,0.012941111166586642,-0.013986136566712907
BC24220,BC24220_D2,ENSG00000255823,0.4197774489316358,0.4058180736925474
BC24220,BC24220_D2,ENSG00000144426,0.009874661073427778,-0.002876952463923695
BC24220,BC24220_D2,__ambiguous[ENSG00000262526+ENSG00000170296],-0.0440114268140717,-0.0002897947677182213
BC24220,BC24220_D2,ENSG00000272196,0.08272112766731633,0.07234310846483138
BC24220,BC24220_D2,ENSG00000104964,0.009468638540378459,-0.008996113619048014
BC24220,BC24220_D2,ENSG00000026025,0.09198393012965883,0.12026674814141325
BC24220,BC24220_D2,ENSG00000135480,0.005100122027352527,-0.01202408863665974
BC24220,BC24220_D2,ENSG00000170315,0.10581425777549504,0.13664768031550673
BC24220,BC24220_D2,ENSG00000251562,-0.014707312832994725,-0.05090459564512653
BC24220,BC24220_D2,ENSG00000008988,-0.03423550341796269,-0.0024362301320917427
BC24220,BC24220_D2,ENSG00000115414,0.45783291466628223,0.5157648654420119
BC24220,BC24220_D2,ENSG00000182899,0.061108689697131666,0.05816982259735394
BC24220,BC24220_D2,ENSG00000126247,-0.011844855106137576,0.006655345119795252
BC24220,BC24220_D2,ENSG00000172354,0.08807415882681759,0.06810451091287897
BC24220,BC24220_D2,ENSG00000167815,-0.04331218287723559,-0.06618698727198367
BC24220,BC24220_D2,ENSG00000142089,0.06019718119387852,0.08604640474508289
BC24220,BC24220_D2,ENSG00000100219,0.3643543537615938,0.3804611970654625
BC24220,BC24220_D2,ENSG00000111669,0.12140282926624336,0.16074638461553745
BC24220,BC24220_D2,ENSG00000131143,0.003387535635285565,-0.015575984225933037
BC24220,BC24220_D2,ENSG00000100300,0.028087938243249067,0.029299954244047233
BC24220,BC24220_D2,ENSG00000188846,-0.03289767756514672,-0.02387819892066292
BC24220,BC24220_D2,ENSG00000171222,0.0016044321214980363,0.008779310382485224
BC24220,BC24220_D2,ENSG00000269028,0.513585150160299,0.49142278278603435
BC24220,BC24220_D2,ENSG00000214530,0.10034342705379692,0.1084996041967079
BC24220,BC24220_D2,ENSG00000174886,-0.09913242863064757,-0.11185922783849415
BC24220,BC24220_D2,ENSG00000197956,-0.03906636669832452,-0.026413027522719106
BC24220,BC24220_D2,ENSG00000173369,-0.13639871997392355,-0.19406431834055252
BC24220,BC24220_D2,ENSG00000142173,0.0010033139199925995,-0.008222560613042062
BC24220,BC24220_D2,ENSG00000142949,0.08372795615403072,0.10661342897507392
BC24220,BC24220_D2,ENSG00000145494,0.026972967776371336,0.039721925364704445
BC24220,BC24220_D2,ENSG00000164692,0.3534727861126038,0.3793006215343825
BC24220,BC24220_D2,ENSG00000130725,0.0305541052789477,0.03778632212840084
BC24220,BC24220_D2,ENSG00000172270,0.02098807576906358,0.010911091692124555
BC24220,BC24220_D2,ENSG00000131748,-0.04681574378965087,-0.048923641487585275
BC24220,BC24220_D2,ENSG00000213988,0.02195469997585106,-0.006028400629522283
BC24220,BC24220_D2,ENSG00000164919,0.24798749742619108,0.2730442347614793
BC24220,BC24220_D2,ENSG00000155366,0.037485301059686504,0.05381755099470516
BC24220,BC24220_D2,ENSG00000087460,0.544240139887544,0.5629574419292253
BC24220,BC24220_D2,ENSG00000186010,0.012394698221420586,0.018380838647391918
BC24220,BC24220_D2,ENSG00000168528,0.015364923652809755,0.028907094053274646
BC24220,BC24220_D2,ENSG00000174444,0.030966687379853076,0.04163310947678737
BC24220,BC24220_D2,ENSG00000196576,0.2788462271428323,0.29352695187316385
BC24220,BC24220_D2,ENSG00000143546,-0.07322030752452972,-0.09869473390915988
BC24220,BC24220_D2,ENSG00000187608,-0.09717693517426808,-0.1081858191297837
BC24220,BC24220_D2,ENSG00000114391,0.02749319237582449,0.005906729782886963
BC24220,BC24220_D2,ENSG00000011304,0.11071619588104131,0.13904738517167956
BC24220,BC24220_D2,ENSG00000161960,0.22002939055195841,0.2685596605245544
BC24220,BC24220_D2,ENSG00000173272,0.01605356535063649,0.007806844297389967
BC24220,BC24220_D2,ENSG00000125970,0.012487841175505082,0.023274219917850784
BC24220,BC24220_D2,ENSG00000170421,0.10655214826821503,0.119282279362969
BC24220,BC24220_D2,ENSG00000101335,0.09561372025913223,0.12165521970748028
BC24220,BC24220_D2,__ambiguous[ENSG00000241343+ENSG00000257529],0.05712102905550484,0.06926966560887388
BC24220,BC24220_D2,ENSG00000135390,-0.030346599791928875,-0.006418932611908711
BC24220,BC24220_D2,ENSG00000163399,0.2702980608532884,0.3003593982222538
BC24220,BC24220_D2,__ambiguous[ENSG00000273259+ENSG00000196136],-0.0720348861918804,-0.053429491212762206
BC24220,BC24220_D2,ENSG00000025708,0.011596929202338879,0.00321165038055642
BC24220,BC24220_D2,ENSG00000132507,0.03884292473225895,0.010883166708149077
BC24220,BC24220_D2,ENSG00000110492,-0.05667543482701902,-0.07723028001379677
BC24220,BC24220_D2,ENSG00000176046,-0.03254911465170126,-0.006906605560216775
BC24220,BC24220_D2,ENSG00000177700,-0.06238142153295381,-0.05294126117266055
BC24220,BC24220_D2,ENSG00000171863,0.06973877908116845,0.06755274972754605
BC24220,BC24220_D2,ENSG00000160932,0.00014330928629269023,-0.03226182593002468
BC24220,BC24220_D2,ENSG00000130520,0.024735951740786556,0.01627131795459673
BC24220,BC24220_D2,ENSG00000135940,0.08926405665657428,0.0712316542211457
BC24220,BC24220_D2,ENSG00000124172,0.30488305022420914,0.34869045659509557
BC24220,BC24220_D2,ENSG00000130402,0.05413064617616409,0.06897377275151818
BC24220,BC24220_D2,ENSG00000163479,-0.04593883698766565,-0.04986246103299002
BC24220,BC24220_D2,ENSG00000279274,0.11612500547447496,0.1491374191136766
BC24220,BC24220_D2,ENSG00000129226,-0.04677790262811087,-0.05180914352034393
BC24220,BC24220_D2,ENSG00000140990,-0.0692259931799211,-0.06370350675721063
BC24220,BC24220_D2,ENSG00000147684,-0.06834317158815416,-0.0755375094934943
BC24220,BC24220_D2,ENSG00000186468,0.12457951472971157,0.1827224975441389
BC24220,BC24220_D2,ENSG00000159335,0.0397584534687781,0.011850120584877352
BC24220,BC24220_D2,ENSG00000143420,0.10729344798914783,0.14147085254076192
BC24220,BC24220_D2,ENSG00000105404,-0.03058793350941134,-0.03583689647374824
BC24220,BC24220_E1,ENSG00000034510,0.06442550950306594,0.10912409850605352
BC24220,BC24220_E1,ENSG00000254709,-0.029571881843960604,-0.022842098929938322
BC24220,BC24220_E1,ENSG00000137818,0.4326173388961593,0.46499797149984484
BC24220,BC24220_E1,ENSG00000111640,0.2915423729727948,0.39256785879722994
BC24220,BC24220_E1,ENSG00000231500,0.2571683297841204,0.2793658904238233
BC24220,BC24220_E1,ENSG00000177600,0.3957254930638897,0.4316075791680509
BC24220,BC24220_E1,ENSG00000171345,-0.5520925117763557,-0.6276281666571704
BC24220,BC24220_E1,ENSG00000164587,0.30562776646197687,0.3195762435349179
BC24220,BC24220_E1,ENSG00000108107,0.09228108349952367,0.12029487171369992
BC24220,BC24220_E1,ENSG00000075624,0.031577111422289285,0.028867428711888434
BC24220,BC24220_E1,ENSG00000105372,0.23775904750910382,0.21217258963450844
BC24220,BC24220_E1,ENSG00000108298,0.0887347822214523,0.1258386926406164
BC24220,BC24220_E1,ENSG00000197756,0.3526933799842555,0.3713203189471482
BC24220,BC24220_E1,ENSG00000161016,0.16393034104118434,0.2172718873491191
BC24220,BC24220_E1,ENSG00000167526,0.17925240227025416,0.2012047646648906
BC24220,BC24220_E1,ENSG00000130255,0.25230555901407076,0.2917892464959307
BC24220,BC24220_E1,ENSG00000108518,0.02641363663511508,0.025924883384185096
BC24220,BC24220_E1,ENSG00000087086,-0.05303068549704485,-0.041083912079931
BC24220,BC24220_E1,__ambiguous[ENSG00000251357+ENSG00000240972],0.18204714458615787,0.21106885598832203
BC24220,BC24220_E1,ENSG00000136942,0.20039531249169132,0.2387454684397113
BC24220,BC24220_E1,ENSG00000063177,0.042477829554572445,0.03402467252772965
BC24220,BC24220_E1,ENSG00000141736,0.10583924640219335,0.08641946706134505
BC24220,BC24220_E1,ENSG00000149273,0.17478875377337774,0.19903471620006333
BC24220,BC24220_E1,ENSG00000197746,-0.04307618634607389,-0.035682718940240374
BC24220,BC24220_E1,ENSG00000140264,-0.178456546798924,-0.18369086024891848
BC24220,BC24220_E1,ENSG00000180879,0.03378972739201149,0.08088107233529113
BC24220,BC24220_E1,ENSG00000105193,0.13419600188869274,0.12503699648957853
BC24220,BC24220_E1,ENSG00000221983,0.04722754886462756,0.05654133185340712
BC24220,BC24220_E1,ENSG00000130203,0.1492639521986597,0.23542736396475758
BC24220,BC24220_E1,ENSG00000117984,-0.02232733349734095,0.02586224424820079
BC24220,BC24220_E1,ENSG00000142541,0.19314041123434578,0.19814116543332239
BC24220,BC24220_E1,ENSG00000142534,0.22314793900862023,0.2547641780076855
BC24220,BC24220_E1,ENSG00000204628,0.18506503068881952,0.1936076257411799
BC24220,BC24220_E1,ENSG00000179218,0.12591054155934314,0.146125979354617
BC24220,BC24220_E1,ENSG00000109062,-0.01982337375074562,-0.012750191087989055
BC24220,BC24220_E1,ENSG00000185624,0.03558453523160785,0.010924903089952509
BC24220,BC24220_E1,ENSG00000234745,0.0844603270146401,0.12884567246513298
BC24220,BC24220_E1,ENSG00000147403,0.06839077384162298,0.06547537770967894
BC24220,BC24220_E1,ENSG00000166441,0.36137726951843896,0.36971117858832714
BC24220,BC24220_E1,ENSG00000115268,-0.024712830144560737,-0.029776396341061905
BC24220,BC24220_E1,ENSG00000167996,0.1148677632799389,0.16498282481788834
BC24220,BC24220_E1,ENSG00000105640,0.2822376935385902,0.29255207642511016
BC24220,BC24220_E1,ENSG00000089157,0.29608498373473613,0.34245306123275415
BC24220,BC24220_E1,ENSG00000140988,0.14246903455880489,0.202286853986136
BC24220,BC24220_E1,ENSG00000233927,0.07053928051650452,0.07132617751388333
BC24220,BC24220_E1,ENSG00000171858,0.08395420281488021,0.09742388439879339
BC24220,BC24220_E1,ENSG00000213741,0.055452786414691764,0.04503616954006076
BC24220,BC24220_E1,ENSG00000112306,-0.011249071867412383,-0.008104755379459518
BC24220,BC24220_E1,ENSG00000101439,-0.07173105605925824,-0.07757904201419132
BC24220,BC24220_E1,ENSG00000170889,0.10742614142516851,0.12173387129517743
BC24220,BC24220_E1,ENSG00000198034,0.03990005617432427,0.04870600850988055
BC24220,BC24220_E1,ENSG00000125691,0.02371897836487018,0.047173449711032836
BC24220,BC24220_E1,ENSG00000182774,-0.029994611088968892,-0.027536446188553738
BC24220,BC24220_E1,ENSG00000149806,0.14235851274916536,0.16293960659543652
BC24220,BC24220_E1,ENSG00000019582,-0.132764637990877,-0.1830072372156339
BC24220,BC24220_E1,ENSG00000142676,-0.017737906758633855,0.007816157773430416
BC24220,BC24220_E1,ENSG00000111341,-0.04376953657331862,-0.05477469594819489
BC24220,BC24220_E1,ENSG00000204592,-0.03608614877156228,-0.04276932426324584
BC24220,BC24220_E1,ENSG00000204525,0.059763444325397014,0.08313519653337909
BC24220,BC24220_E1,ENSG00000100316,0.1585674528250139,0.18862088293971893
BC24220,BC24220_E1,ENSG00000172809,-0.05115687525554325,-0.05673408147123429
BC24220,BC24220_E1,ENSG00000137154,0.04298894768073991,0.042519696264334106
BC24220,BC24220_E1,ENSG00000206503,-0.06572121865471087,-0.09979605458054337
BC24220,BC24220_E1,ENSG00000167468,0.020660177335066053,0.0016787578972166598
BC24220,BC24220_E1,ENSG00000142937,-0.047042461662090085,-0.05313070703088689
BC24220,BC24220_E1,ENSG00000083845,0.21088322217214545,0.2142286883430453
BC24220,BC24220_E1,ENSG00000184009,0.5656990868433781,0.5473143572563693
BC24220,BC24220_E1,ENSG00000177954,0.5308605103189766,0.5650336275920993
BC24220,BC24220_E1,__ambiguous[ENSG00000185883+ENSG00000260272],-0.04305280174096143,-0.04868727185860248
BC24220,BC24220_E1,ENSG00000172757,0.2821315657439814,0.30614059240873154
BC24220,BC24220_E1,ENSG00000162244,0.2291791978559917,0.2574850956511489
BC24220,BC24220_E1,__ambiguous[ENSG00000254772+ENSG00000255508],0.20081000673988378,0.2202087646986054
BC24220,BC24220_E1,ENSG00000165949,-0.0018899288424994436,-0.019020188418172566
BC24220,BC24220_E1,ENSG00000231925,0.048218836356097236,0.04537845880041565
BC24220,BC24220_E1,ENSG00000108821,0.4230230759878381,0.4839082210015773
BC24220,BC24220_E1,ENSG00000107223,0.11028228600622916,0.10907616989209917
BC24220,BC24220_E1,ENSG00000108639,0.04972800349742842,0.07335374395014455
BC24220,BC24220_E1,ENSG00000135404,-0.04506463858573736,-0.0494776194069283
BC24220,BC24220_E1,ENSG00000167658,0.044047649029623145,0.059996201201972646
BC24220,BC24220_E1,ENSG00000156482,-0.02431713215020497,-0.025122262903264973
BC24220,BC24220_E1,ENSG00000149925,-0.3054320211548974,-0.3422594133781457
BC24220,BC24220_E1,ENSG00000246705,-0.006056460535918028,0.010878068757824782
BC24220,BC24220_E1,ENSG00000197958,-0.050681958590264815,-0.043726832352634616
BC24220,BC24220_E1,ENSG00000167995,0.19287395459495127,0.22583013995037457
BC24220,BC24220_E1,ENSG00000169710,0.3375569452143049,0.3416244391086755
BC24220,BC24220_E1,ENSG00000108679,0.03561995751916274,0.024944007091082146
BC24220,BC24220_E1,ENSG00000106624,0.1041125682946062,0.09208800558034118
BC24220,BC24220_E1,ENSG00000172531,0.015337239211189936,-0.011782194709040057
BC24220,BC24220_E1,ENSG00000163191,0.09142940375514673,0.07999708820284981
BC24220,BC24220_E1,ENSG00000144713,0.29906424206029464,0.301689486521382
BC24220,BC24220_E1,ENSG00000185825,-0.01494540868032686,-0.017583597245416617
BC24220,BC24220_E1,ENSG00000148303,-0.05603435849012244,-0.011613893790676073
BC24220,BC24220_E1,ENSG00000163220,-0.050423929528213944,-0.04546750590987127
BC24220,BC24220_E1,ENSG00000174748,0.07729948078055116,0.07031005753991473
BC24220,BC24220_E1,ENSG00000115884,0.019846814278053074,0.006842194918674287
BC24220,BC24220_E1,ENSG00000143947,0.0513580842828903,0.07394756222892346
BC24220,BC24220_E1,ENSG00000104904,-0.11091540384478099,-0.11578596814371878
BC24220,BC24220_E1,ENSG00000198242,-0.02222032742350454,-0.0423210330231157
BC24220,BC24220_E1,ENSG00000166710,0.41290893862276146,0.46050600728203905
BC24220,BC24220_E1,ENSG00000173372,-0.170783889878171,-0.1959535365960887
BC24220,BC24220_E1,ENSG00000224389,0.04901468893596165,0.031015915884361082
BC24220,BC24220_E1,ENSG00000130303,-0.0054347882391033815,0.014269096788545115
BC24220,BC24220_E1,ENSG00000145592,0.030947073539541278,0.015275671363037422
BC24220,BC24220_E1,ENSG00000117410,-0.0738337783801517,-0.06865148309464282
BC24220,BC24220_E1,ENSG00000160862,0.024698412873355346,0.04699207756021499
BC24220,BC24220_E1,ENSG00000131469,-0.21469907795145565,-0.29611214394797875
BC24220,BC24220_E1,ENSG00000152082,-0.036644914334640954,-0.006349720176365827
BC24220,BC24220_E1,ENSG00000279483,0.2632902298421847,0.25938845335218014
BC24220,BC24220_E1,ENSG00000165215,0.15154738426868933,0.1807828804026362
BC24220,BC24220_E1,__ambiguous[ENSG00000243678+ENSG00000011052],0.0629467430511124,0.0616064270188961
BC24220,BC24220_E1,ENSG00000130208,0.0342037185687482,0.06362588336404774
BC24220,BC24220_E1,ENSG00000106211,0.1916107868579293,0.19148483285824994
BC24220,BC24220_E1,ENSG00000118181,0.12077586485855538,0.12071174606529748
BC24220,BC24220_E1,ENSG00000115457,0.0878854257452493,0.10790317503689187
BC24220,BC24220_E1,ENSG00000071553,-0.01518510628263343,-0.0063788364171436995
BC24220,BC24220_E1,ENSG00000126267,-0.032931229922832296,-0.03226606224101055
BC24220,BC24220_E1,__ambiguous[ENSG00000185885+ENSG00000185201],0.07860093029107766,0.09839042848854143
BC24220,BC24220_E1,ENSG00000277972,-0.09743305940738421,-0.09674388600742519
BC24220,BC24220_E1,__ambiguous[ENSG00000124614+ENSG00000270800],0.12009253620727475,0.12181302439616239
BC24220,BC24220_E1,ENSG00000110651,0.020196182171492348,0.005561566700639333
BC24220,BC24220_E1,ENSG00000092841,0.06616296855023227,0.0589191263538114
BC24220,BC24220_E1,ENSG00000142669,-0.10918443722337158,-0.10746745600032458
BC24220,BC24220_E1,ENSG00000111057,0.006705434095850041,-0.011692909521916692
BC24220,BC24220_E1,ENSG00000133112,0.2920463771405803,0.31250288345423805
BC24220,BC24220_E1,ENSG00000185499,-0.3192729883941292,-0.35149334553428185
BC24220,BC24220_E1,ENSG00000169100,0.010110446615264376,0.02370463531482772
BC24220,BC24220_E1,ENSG00000158710,0.08591735189344087,0.10358968579232773
BC24220,BC24220_E1,ENSG00000074800,0.028152320658909193,0.0910306387380527
BC24220,BC24220_E1,ENSG00000108344,0.29118261581412586,0.31445976292604033
BC24220,BC24220_E1,ENSG00000030582,0.0514217156278503,0.09829629004649952
BC24220,BC24220_E1,ENSG00000124664,0.03870971242085429,0.07404646418887678
BC24220,BC24220_E1,ENSG00000162511,-0.06822958156034421,-0.09546890384081376
BC24220,BC24220_E1,ENSG00000178719,0.11177446732070845,0.11861827197137623
BC24220,BC24220_E1,ENSG00000070756,0.0831182046292436,0.10096928786276808
BC24220,BC24220_E1,ENSG00000205542,0.275013758964943,0.3098042230515456
BC24220,BC24220_E1,ENSG00000277791,-0.0987426984821265,-0.12049547885422222
BC24220,BC24220_E1,ENSG00000117450,0.13847396183438673,0.14635063863930164
BC24220,BC24220_E1,ENSG00000071082,0.18210709698831992,0.22010608374870394
BC24220,BC24220_E1,ENSG00000105223,-0.07678813372349266,-0.0429612321309055
BC24220,BC24220_E1,ENSG00000143774,0.033196461678312056,0.044633685633937034
BC24220,BC24220_E1,ENSG00000196924,-0.048838039675399646,-0.051964214117000106
BC24220,BC24220_E1,ENSG00000102265,0.03152007600135259,0.032110805914885264
BC24220,BC24220_E1,ENSG00000150991,-0.007787667930450486,-0.007481923172722874
BC24220,BC24220_E1,ENSG00000125534,0.17829241361337111,0.21893151835854396
BC24220,BC24220_E1,ENSG00000149591,0.14184890664343774,0.11077161106288583
BC24220,BC24220_E1,ENSG00000182492,0.060482367094978666,0.03128392643944406
BC24220,BC24220_E1,__ambiguous[ENSG00000257341+ENSG00000213145],-0.0035062983843838318,0.029217605400665633
BC24220,BC24220_E1,ENSG00000141522,-0.04612675928420401,-0.01969838655454231
BC24220,BC24220_E1,ENSG00000051523,0.018893496943181945,0.010205107144760068
BC24220,BC24220_E1,ENSG00000160789,-0.12276602285746256,-0.13562255862175202
BC24220,BC24220_E1,ENSG00000184897,-0.0008747031008853342,0.010964701881274129
BC24220,BC24220_E1,ENSG00000141741,-0.06908132511807731,-0.07881760669755031
BC24220,BC24220_E1,__ambiguous[ENSG00000277957+ENSG00000161960],0.045999595057521846,0.04097314885100191
BC24220,BC24220_E1,ENSG00000163682,0.2163159087784955,0.24877407554039255
BC24220,BC24220_E1,ENSG00000145425,-0.00886838680734755,-0.03116423842060109
BC24220,BC24220_E1,ENSG00000182809,0.11151144590338653,0.13893762088751554
BC24220,BC24220_E1,ENSG00000124614,0.1151206643298961,0.13331680810536922
BC24220,BC24220_E1,ENSG00000187514,0.41230707960314955,0.4210805094478524
BC24220,BC24220_E1,__ambiguous[ENSG00000219200+ENSG00000161939],-0.007310951756624606,0.00933627601689136
BC24220,BC24220_E1,ENSG00000204287,0.33305182576318204,0.3681881156934033
BC24220,BC24220_E1,ENSG00000127540,0.03188903778889502,0.034790994462622224
BC24220,BC24220_E1,ENSG00000138326,0.18611676783473916,0.191396836291581
BC24220,BC24220_E1,ENSG00000176340,0.16258435937602686,0.1993037823195169
BC24220,BC24220_E1,ENSG00000058262,-0.03544435853100293,0.014568385167276142
BC24220,BC24220_E1,ENSG00000125730,-0.10153227910035861,-0.15344941964491238
BC24220,BC24220_E1,ENSG00000123349,0.029067814280474273,0.015194759575735007
BC24220,BC24220_E1,ENSG00000164733,0.03652916425804069,0.07790381227477636
BC24220,BC24220_E1,ENSG00000103363,0.08959556291230936,0.11760669895170282
BC24220,BC24220_E1,ENSG00000114353,-0.07132030866705134,-0.07422760791504952
BC24220,BC24220_E1,ENSG00000104529,0.08695438653077214,0.08557808056273046
BC24220,BC24220_E1,ENSG00000178980,0.04973003200277811,0.08324542447945686
BC24220,BC24220_E1,ENSG00000114867,-0.05802453064821673,-0.059402180503414795
BC24220,BC24220_E1,ENSG00000169223,0.09774878726135393,0.09375628793669781
BC24220,BC24220_E1,ENSG00000178952,0.0006270128295356238,-0.0004689301335071605
BC24220,BC24220_E1,ENSG00000052344,-0.034183427731884805,-0.029823360056171092
BC24220,BC24220_E1,ENSG00000255823,0.27673345723249765,0.2941696523490881
BC24220,BC24220_E1,ENSG00000144426,0.027332408393510206,0.04622497239818124
BC24220,BC24220_E1,__ambiguous[ENSG00000262526+ENSG00000170296],0.08260750356856496,0.09921374085452589
BC24220,BC24220_E1,ENSG00000272196,-0.050418080927963696,-0.06426335958057228
BC24220,BC24220_E1,ENSG00000104964,-0.060178174124284556,-0.05379059686725999
BC24220,BC24220_E1,ENSG00000026025,0.09234320265422902,0.10648206768154572
BC24220,BC24220_E1,ENSG00000135480,-0.013779075760019828,-0.018183360432259908
BC24220,BC24220_E1,ENSG00000170315,0.0937942295044991,0.10538350640474148
BC24220,BC24220_E1,ENSG00000251562,0.13637515312523235,0.10423497384927634
BC24220,BC24220_E1,ENSG00000008988,0.07905815149845623,0.09127392505433785
BC24220,BC24220_E1,ENSG00000115414,0.4601496043663377,0.4907352616599255
BC24220,BC24220_E1,ENSG00000182899,0.10428820686604844,0.13865316158703328
BC24220,BC24220_E1,ENSG00000126247,0.05762831578636856,0.05758035872381475
BC24220,BC24220_E1,ENSG00000172354,0.12228379219847434,0.14614849087867163
BC24220,BC24220_E1,ENSG00000167815,-0.06041973037981447,-0.06015014761646087
BC24220,BC24220_E1,ENSG00000142089,0.05187987126496737,0.03355994133964676
BC24220,BC24220_E1,ENSG00000100219,0.4004504284359405,0.4173570384430704
BC24220,BC24220_E1,ENSG00000111669,0.1634131506384285,0.22017080353591936
BC24220,BC24220_E1,ENSG00000131143,-0.016378469619844863,-0.0010512857616102559
BC24220,BC24220_E1,ENSG00000100300,0.006698495539227534,0.005441146359044217
BC24220,BC24220_E1,ENSG00000188846,0.012440676749609776,-0.00023942767096856734
BC24220,BC24220_E1,ENSG00000171222,-0.061910438040793506,-0.055526393071397076
BC24220,BC24220_E1,ENSG00000269028,0.2854632417090153,0.31053069098760666
BC24220,BC24220_E1,ENSG00000214530,0.0674130271763998,0.0940289491480604
BC24220,BC24220_E1,ENSG00000174886,0.09179792225717404,0.07350894382856885
BC24220,BC24220_E1,ENSG00000197956,-0.04418320890434153,-0.05558338084343629
BC24220,BC24220_E1,ENSG00000173369,-0.08935857080581262,-0.10087606311746757
BC24220,BC24220_E1,ENSG00000142173,0.04684135381192239,0.02874485047360785
BC24220,BC24220_E1,ENSG00000142949,0.08736694454944172,0.08556227619237629
BC24220,BC24220_E1,ENSG00000145494,0.02369543246962149,0.039574316225550146
BC24220,BC24220_E1,ENSG00000164692,0.39812295957810534,0.476808321793225
BC24220,BC24220_E1,ENSG00000130725,-0.07489754156456231,-0.05887932690326146
BC24220,BC24220_E1,ENSG00000172270,-0.032533109017946905,-0.028412043026395932
BC24220,BC24220_E1,ENSG00000131748,-0.043647346462319866,-0.0683807884093428
BC24220,BC24220_E1,ENSG00000213988,0.0808649748335305,0.0863557310243779
BC24220,BC24220_E1,ENSG00000164919,0.3319401752312144,0.3551717353174692
BC24220,BC24220_E1,ENSG00000155366,-0.034930289117069205,-0.02150041335692224
BC24220,BC24220_E1,ENSG00000087460,0.5200273597747093,0.5200414036843573
BC24220,BC24220_E1,ENSG00000186010,-0.01672068328834754,-0.04113450172931781
BC24220,BC24220_E1,ENSG00000168528,0.032942730933600506,0.045816922731976385
BC24220,BC24220_E1,ENSG00000174444,-0.004454102085880355,-0.0028112622114399325
BC24220,BC24220_E1,ENSG00000196576,0.1573984249752266,0.1912112281983506
BC24220,BC24220_E1,ENSG00000143546,0.011193690643635458,0.01309289479033574
BC24220,BC24220_E1,ENSG00000187608,-0.07902351636280473,-0.07553866917088944
BC24220,BC24220_E1,ENSG00000114391,-0.028816290030451597,-0.04124180928840707
BC24220,BC24220_E1,ENSG00000011304,0.13228269511098317,0.11607397012142623
BC24220,BC24220_E1,ENSG00000161960,0.3297350469114422,0.34425331712192203
BC24220,BC24220_E1,ENSG00000173272,0.04749783812819253,0.07140542129960441
BC24220,BC24220_E1,ENSG00000125970,0.049684746665004074,0.06752630895374093
BC24220,BC24220_E1,ENSG00000170421,-0.030269100044754887,-0.023870727131793053
BC24220,BC24220_E1,ENSG00000101335,0.01420072338534396,-0.006585986756841086
BC24220,BC24220_E1,__ambiguous[ENSG00000241343+ENSG00000257529],0.04865277772322268,0.04423186361814088
BC24220,BC24220_E1,ENSG00000135390,-0.014984326740969433,-0.05072329513543868
BC24220,BC24220_E1,ENSG00000163399,0.2005933166323665,0.23033784080416922
BC24220,BC24220_E1,__ambiguous[ENSG00000273259+ENSG00000196136],-0.061657455307964085,-0.0747567115605315
BC24220,BC24220_E1,ENSG00000025708,-0.03340738195714092,-0.03950624300819593
BC24220,BC24220_E1,ENSG00000132507,-0.04623483286832902,-0.03214927506934622
BC24220,BC24220_E1,ENSG00000110492,0.07514493747005696,0.03512766039857661
BC24220,BC24220_E1,ENSG00000176046,-0.035805844264848494,-0.007405705251894655
BC24220,BC24220_E1,ENSG00000177700,0.003709903912902218,0.015078849202127058
BC24220,BC24220_E1,ENSG00000171863,0.1545378795730055,0.1356349451481302
BC24220,BC24220_E1,ENSG00000160932,-0.06572597692375531,-0.0726594603850945
BC24220,BC24220_E1,ENSG00000130520,0.03759142833203263,0.046811387174769174
BC24220,BC24220_E1,ENSG00000135940,0.015623276976455481,0.01999009713746218
BC24220,BC24220_E1,ENSG00000124172,0.2553641074949963,0.28972796244258187
BC24220,BC24220_E1,ENSG00000130402,0.09544500143750671,0.09805433987225255
BC24220,BC24220_E1,ENSG00000163479,-0.09644947396018082,-0.1070761927911222
BC24220,BC24220_E1,ENSG00000279274,0.07397610229428543,0.06211245798123469
BC24220,BC24220_E1,ENSG00000129226,-0.02973516911120767,-0.009930206653611318
BC24220,BC24220_E1,ENSG00000140990,-0.006590945230788321,0.023091610059739566
BC24220,BC24220_E1,ENSG00000147684,-0.035490307324203836,-0.04689740506814279
BC24220,BC24220_E1,ENSG00000186468,0.15889718408862852,0.17060012620014026
BC24220,BC24220_E1,ENSG00000159335,0.007644750702856007,-0.013446991755592153
BC24220,BC24220_E1,ENSG00000143420,0.18214007658917494,0.19798231833322275
BC24220,BC24220_E1,ENSG00000105404,0.05016318218849796,0.04217388974799134
BC24220,BC24220_E2,ENSG00000034510,0.14543667488244327,0.17172494155533105
BC24220,BC24220_E2,ENSG00000254709,0.04387292310318245,0.02547010600054934
BC24220,BC24220_E2,ENSG00000137818,0.4299920472047163,0.4419515829883864
BC24220,BC24220_E2,ENSG00000111640,0.33093138992320636,0.4053722461475472
BC24220,BC24220_E2,ENSG00000231500,0.28950186036960573,0.32805869459281267
BC24220,BC24220_E2,ENSG00000177600,0.4641586295598409,0.5180179871300986
BC24220,BC24220_E2,ENSG00000171345,-0.27449189875187135,-0.42424563139742455
BC24220,BC24220_E2,ENSG00000164587,0.273254224281182,0.30533029120820715
BC24220,BC24220_E2,ENSG00000108107,0.33884703787519616,0.35888258319661526
BC24220,BC24220_E2,ENSG00000075624,0.08452301661564351,0.06396371857928262
BC24220,BC24220_E2,ENSG00000105372,0.2532442677233665,0.2616036881547915
BC24220,BC24220_E2,ENSG00000108298,0.07318307149086063,0.0858771260122971
BC24220,BC24220_E2,ENSG00000197756,0.17742969990209229,0.17981190883399484
BC24220,BC24220_E2,ENSG00000161016,0.12123370871521931,0.12303669824504208
BC24220,BC24220_E2,ENSG00000167526,0.3037957521461536,0.32052115350448107
BC24220,BC24220_E2,ENSG00000130255,0.30253002520385086,0.348879896109689
BC24220,BC24220_E2,ENSG00000108518,-0.01078525785010359,-0.01670839246009855
BC24220,BC24220_E2,ENSG00000087086,-0.059515513486478516,-0.09697907109400243
BC24220,BC24220_E2,__ambiguous[ENSG00000251357+ENSG00000240972],0.32079214430447633,0.3572199565437193
BC24220,BC24220_E2,ENSG00000136942,0.2890618436733407,0.3391941061757872
BC24220,BC24220_E2,ENSG00000063177,0.052570450914555894,0.07349564643209411
BC24220,BC24220_E2,ENSG00000141736,0.12190323071261157,0.09042822535648909
BC24220,BC24220_E2,ENSG00000149273,0.21524448186955542,0.27812382539897257
BC24220,BC24220_E2,ENSG00000197746,-0.17269151421331067,-0.15755809237243446
BC24220,BC24220_E2,ENSG00000140264,-0.09481580070281496,-0.09998572650089353
BC24220,BC24220_E2,ENSG00000180879,0.0840139997615471,0.12313916616214196
BC24220,BC24220_E2,ENSG00000105193,0.10090770117419164,0.08132343248466636
BC24220,BC24220_E2,ENSG00000221983,0.23643995499906692,0.2567477285131558
BC24220,BC24220_E2,ENSG00000130203,-0.0864543649451141,-0.06749080024962911
BC24220,BC24220_E2,ENSG00000117984,0.08842201785976934,0.1765192204613743
BC24220,BC24220_E2,ENSG00000142541,0.2886601262222949,0.29243117551876346
BC24220,BC24220_E2,ENSG00000142534,0.2133525671154643,0.25397962803683155
BC24220,BC24220_E2,ENSG00000204628,0.09377623700190772,0.04938678102882896
BC24220,BC24220_E2,ENSG00000179218,-0.02285643292504145,-0.0011770546137038073
BC24220,BC24220_E2,ENSG00000109062,-0.030369215299766144,-0.07232067630921311
BC24220,BC24220_E2,ENSG00000185624,-0.20982546990448125,-0.24820204021719935
BC24220,BC24220_E2,ENSG00000234745,0.0011214520322842029,-0.010532627489514687
BC24220,BC24220_E2,ENSG00000147403,0.09892896564468105,0.0920598139374624
BC24220,BC24220_E2,ENSG00000166441,0.2923318172148692,0.3277444828827861
BC24220,BC24220_E2,ENSG00000115268,0.14609067385872507,0.15687991729914624
BC24220,BC24220_E2,ENSG00000167996,0.12102833511635713,0.1401208520121179
BC24220,BC24220_E2,ENSG00000105640,0.3468473357106771,0.37548864380908564
BC24220,BC24220_E2,ENSG00000089157,0.2899705604997957,0.35273617523047873
BC24220,BC24220_E2,ENSG00000140988,0.1484326223257294,0.1725236992871177
BC24220,BC24220_E2,ENSG00000233927,0.20847558643081454,0.21455065375486523
BC24220,BC24220_E2,ENSG00000171858,0.1397506206073566,0.16184894574383485
BC24220,BC24220_E2,ENSG00000213741,0.12912109425170995,0.10991237924847819
BC24220,BC24220_E2,ENSG00000112306,0.02610341094010719,0.01284305201277768
BC24220,BC24220_E2,ENSG00000101439,-0.009976224468742164,-0.02157843929356697
BC24220,BC24220_E2,ENSG00000170889,0.1923366979529299,0.20879789648703334
BC24220,BC24220_E2,ENSG00000198034,-0.04940147961849457,-0.08710457647167402
BC24220,BC24220_E2,ENSG00000125691,-0.06284521745426991,-0.0227568227123429
BC24220,BC24220_E2,ENSG00000182774,0.1559055526143088,0.12801874897871243
BC24220,BC24220_E2,ENSG00000149806,0.2739481616894912,0.2839080332286766
BC24220,BC24220_E2,ENSG00000019582,-0.009187899750973545,-0.05887109118544151
BC24220,BC24220_E2,ENSG00000142676,0.09244444702481276,0.08036209333663138
BC24220,BC24220_E2,ENSG00000111341,-0.02648087826139094,-0.02574840017789257
BC24220,BC24220_E2,ENSG00000204592,0.005101720661522692,-0.0199325133500308
BC24220,BC24220_E2,ENSG00000204525,-0.12495259447034851,-0.13481858325089024
BC24220,BC24220_E2,ENSG00000100316,0.23443480737916406,0.24830999995796146
BC24220,BC24220_E2,ENSG00000172809,-0.05241075802449537,-0.07153841590132151
BC24220,BC24220_E2,ENSG00000137154,0.04652670906166819,-0.010730527770322037
BC24220,BC24220_E2,ENSG00000206503,-0.017607164221176516,-0.04603589283858834
BC24220,BC24220_E2,ENSG00000167468,0.1714866841564368,0.19753808647303284
BC24220,BC24220_E2,ENSG00000142937,0.012408931894760923,-0.00643050263573002
BC24220,BC24220_E2,ENSG00000083845,0.3271866885969088,0.3333268967705913
BC24220,BC24220_E2,ENSG00000184009,0.569357888691071,0.5875137808136139
BC24220,BC24220_E2,ENSG00000177954,0.3775518214980695,0.3807073132359119
BC24220,BC24220_E2,__ambiguous[ENSG00000185883+ENSG00000260272],-0.08574160919131661,-0.09181317237319184
BC24220,BC24220_E2,ENSG00000172757,0.2180784208451635,0.26378874907589855
BC24220,BC24220_E2,ENSG00000162244,0.16863629273357134,0.19813387548455286
BC24220,BC24220_E2,__ambiguous[ENSG00000254772+ENSG00000255508],0.24838365897741846,0.2979909962628955
BC24220,BC24220_E2,ENSG00000165949,-0.09956785658947313,-0.10525294979469357
BC24220,BC24220_E2,ENSG00000231925,-0.08229100008808803,-0.09519317303252967
BC24220,BC24220_E2,ENSG00000108821,0.11599916408881676,0.1819699103399344
BC24220,BC24220_E2,ENSG00000107223,0.13127760509162192,0.1526067755775428
BC24220,BC24220_E2,ENSG00000108639,-0.08559467630944247,-0.0684745409726302
BC24220,BC24220_E2,ENSG00000135404,-0.1552986793412156,-0.13150853422481362
BC24220,BC24220_E2,ENSG00000167658,0.00867069012533016,-0.01429672929797615
BC24220,BC24220_E2,ENSG00000156482,-0.01327334875668729,-0.0332088589179226
BC24220,BC24220_E2,ENSG00000149925,-0.10425899878056631,-0.15931204759482326
BC24220,BC24220_E2,ENSG00000246705,0.03571036571959488,0.026664301620260074
BC24220,BC24220_E2,ENSG00000197958,0.027108596456292686,-0.009581560661128573
BC24220,BC24220_E2,ENSG00000167995,0.20986303302040313,0.23114502173142787
BC24220,BC24220_E2,ENSG00000169710,0.2879035043198739,0.27679304623777584
BC24220,BC24220_E2,ENSG00000108679,-0.15513888738308151,-0.19879814582289093
BC24220,BC24220_E2,ENSG00000106624,0.09421934998309238,0.14764046563966016
BC24220,BC24220_E2,ENSG00000172531,0.03207210621026813,0.04587195182136864
BC24220,BC24220_E2,ENSG00000163191,0.08628959504470333,0.0720130565800493
BC24220,BC24220_E2,ENSG00000144713,0.14328185775300034,0.1885830515042804
BC24220,BC24220_E2,ENSG00000185825,-0.023934721191186455,-0.01989476270933544
BC24220,BC24220_E2,ENSG00000148303,0.046328201221790946,0.009268278639030979
BC24220,BC24220_E2,ENSG00000163220,-0.02132138315940209,0.010291529429941439
BC24220,BC24220_E2,ENSG00000174748,0.23168707271439384,0.24689895316909397
BC24220,BC24220_E2,ENSG00000115884,0.013720614300625659,0.056560175075191406
BC24220,BC24220_E2,ENSG00000143947,0.25072433832202995,0.25595589476221564
BC24220,BC24220_E2,ENSG00000104904,0.01805557998035155,0.000870953986793635
BC24220,BC24220_E2,ENSG00000198242,0.14766123388107746,0.14777355055174296
BC24220,BC24220_E2,ENSG00000166710,0.44566356391501033,0.4806903752905521
BC24220,BC24220_E2,ENSG00000173372,-0.08773483790989059,-0.09930040926643602
BC24220,BC24220_E2,ENSG00000224389,-0.10076692068806567,-0.1590957935385046
BC24220,BC24220_E2,ENSG00000130303,0.07531132063080147,0.09535166091179573
BC24220,BC24220_E2,ENSG00000145592,0.16538250535262913,0.19505953616693503
BC24220,BC24220_E2,ENSG00000117410,0.03572323069116769,0.04278475997274737
BC24220,BC24220_E2,ENSG00000160862,-0.14505654809486568,-0.18738829319550976
BC24220,BC24220_E2,ENSG00000131469,-0.11926092358086728,-0.13187071469747783
BC24220,BC24220_E2,ENSG00000152082,0.016833767116816733,0.02525004190867256
BC24220,BC24220_E2,ENSG00000279483,0.1947033354489132,0.20083545359741764
BC24220,BC24220_E2,ENSG00000165215,0.013802783939432578,0.008809980455056573
BC24220,BC24220_E2,__ambiguous[ENSG00000243678+ENSG00000011052],-0.08131454982606709,-0.0963282919970505
BC24220,BC24220_E2,ENSG00000130208,-0.16822531004331862,-0.15095308643284094
BC24220,BC24220_E2,ENSG00000106211,0.20186204038428446,0.17213476561729946
BC24220,BC24220_E2,ENSG00000118181,0.027180666521381264,0.006406473977481294
BC24220,BC24220_E2,ENSG00000115457,0.16982240169336796,0.16905595509598662
BC24220,BC24220_E2,ENSG00000071553,-0.14562933313563142,-0.1551845943099701
BC24220,BC24220_E2,ENSG00000126267,0.004811660048563659,-0.0005834361621291665
BC24220,BC24220_E2,__ambiguous[ENSG00000185885+ENSG00000185201],0.015151162874343113,0.007165501201657902
BC24220,BC24220_E2,ENSG00000277972,0.054794395548617446,0.0756737573372069
BC24220,BC24220_E2,__ambiguous[ENSG00000124614+ENSG00000270800],0.20456695878886008,0.20999924879145238
BC24220,BC24220_E2,ENSG00000110651,0.26107955825684315,0.2756258630902383
BC24220,BC24220_E2,ENSG00000092841,0.109832571040172,0.08099771334974522
BC24220,BC24220_E2,ENSG00000142669,0.0529511685163651,0.07371511815672661
BC24220,BC24220_E2,ENSG00000111057,-0.07791537953027021,-0.12323035598035438
BC24220,BC24220_E2,ENSG00000133112,0.38588126011077845,0.41559572625558305
BC24220,BC24220_E2,ENSG00000185499,-0.30959595857599026,-0.3563028168392191
BC24220,BC24220_E2,ENSG00000169100,0.01757289270644449,0.02153717493443352
BC24220,BC24220_E2,ENSG00000158710,0.04823611965133033,0.06100834258777245
BC24220,BC24220_E2,ENSG00000074800,0.07132074101158811,0.06798284354068843
BC24220,BC24220_E2,ENSG00000108344,0.3284222151475189,0.40916396142495937
BC24220,BC24220_E2,ENSG00000030582,-0.19668087761654074,-0.22922583048441894
BC24220,BC24220_E2,ENSG00000124664,-0.03673867729484223,-0.05531775698508438
BC24220,BC24220_E2,ENSG00000162511,-0.04938588418511545,-0.06412176435679852
BC24220,BC24220_E2,ENSG00000178719,-0.04944074746935815,-0.047720748196445895
BC24220,BC24220_E2,ENSG00000070756,0.09008466934691958,0.1025133499110712
BC24220,BC24220_E2,ENSG00000205542,0.3079258071162653,0.394680176084947
BC24220,BC24220_E2,ENSG00000277791,-0.20241533751399993,-0.1944676110466707
BC24220,BC24220_E2,ENSG00000117450,0.014305190196924328,0.020847943741986397
BC24220,BC24220_E2,ENSG00000071082,0.19676500013340364,0.2212500906267781
BC24220,BC24220_E2,ENSG00000105223,-0.029125907511270917,-0.0654003044736899
BC24220,BC24220_E2,ENSG00000143774,-0.07952943529202298,-0.08024916246191174
BC24220,BC24220_E2,ENSG00000196924,0.12631889007816527,0.1302495580760625
BC24220,BC24220_E2,ENSG00000102265,0.0695544467124699,0.12238570079738209
BC24220,BC24220_E2,ENSG00000150991,0.01586673561680424,0.0020734076528240455
BC24220,BC24220_E2,ENSG00000125534,0.11720227179428759,0.13633483914651462
BC24220,BC24220_E2,ENSG00000149591,0.1113175897348705,0.11238289294245647
BC24220,BC24220_E2,ENSG00000182492,0.050789186486003154,0.10759810460633404
BC24220,BC24220_E2,__ambiguous[ENSG00000257341+ENSG00000213145],0.060164786437251566,0.07246225635597789
BC24220,BC24220_E2,ENSG00000141522,0.010678331049535595,0.01224952433722517
BC24220,BC24220_E2,ENSG00000051523,0.13309707928454328,0.14445526989191823
BC24220,BC24220_E2,ENSG00000160789,0.03533923657177502,0.05745817402595303
BC24220,BC24220_E2,ENSG00000184897,0.006164025005068933,-0.006119607389895409
BC24220,BC24220_E2,ENSG00000141741,0.13660837507568538,0.10384619338502198
BC24220,BC24220_E2,__ambiguous[ENSG00000277957+ENSG00000161960],-0.08162766276654275,-0.07478002035310162
BC24220,BC24220_E2,ENSG00000163682,0.28956428015128344,0.29391902478917453
BC24220,BC24220_E2,ENSG00000145425,-0.04122128925539696,-0.04474170929218764
BC24220,BC24220_E2,ENSG00000182809,0.11458732228292397,0.11031626318186362
BC24220,BC24220_E2,ENSG00000124614,0.17618071012570247,0.1970679280218855
BC24220,BC24220_E2,ENSG00000187514,0.3724570668324881,0.4362631783738877
BC24220,BC24220_E2,__ambiguous[ENSG00000219200+ENSG00000161939],0.05814095944582974,0.06645772076783003
BC24220,BC24220_E2,ENSG00000204287,0.12340475534817227,0.13037258267711063
BC24220,BC24220_E2,ENSG00000127540,-0.03222554167600088,-0.06959117697315585
BC24220,BC24220_E2,ENSG00000138326,0.19618637133440928,0.20472905267902888
BC24220,BC24220_E2,ENSG00000176340,0.0880523410015151,0.12876117231239684
BC24220,BC24220_E2,ENSG00000058262,-0.09884936930042422,-0.12677752558362854
BC24220,BC24220_E2,ENSG00000125730,-0.043564034303378726,-0.04318494179831502
BC24220,BC24220_E2,ENSG00000123349,0.05393136275494177,0.09291659469553391
BC24220,BC24220_E2,ENSG00000164733,-0.06903669801090566,-0.05345627749287518
BC24220,BC24220_E2,ENSG00000103363,0.056504095011407504,0.088646042761911
BC24220,BC24220_E2,ENSG00000114353,0.0845348198227995,0.10481045200498948
BC24220,BC24220_E2,ENSG00000104529,0.11869168219206463,0.10517596214522039
BC24220,BC24220_E2,ENSG00000178980,0.08154066622566188,0.0829200978574025
BC24220,BC24220_E2,ENSG00000114867,0.022837771485112547,0.04119592733304115
BC24220,BC24220_E2,ENSG00000169223,0.0023289097794689704,-0.012398587232716578
BC24220,BC24220_E2,ENSG00000178952,-0.06095197617049293,-0.06102451801797119
BC24220,BC24220_E2,ENSG00000052344,0.11412334438617067,0.14437814022109866
BC24220,BC24220_E2,ENSG00000255823,0.346821580350965,0.3702954690192896
BC24220,BC24220_E2,ENSG00000144426,0.06618347350112098,0.06602109337855411
BC24220,BC24220_E2,__ambiguous[ENSG00000262526+ENSG00000170296],0.10902064847216328,0.12276106738612566
BC24220,BC24220_E2,ENSG00000272196,-0.005124269705265886,-0.03860334577598292
BC24220,BC24220_E2,ENSG00000104964,0.021663673109636003,0.018385742283357428
BC24220,BC24220_E2,ENSG00000026025,0.03346382731265286,0.030373514944809842
BC24220,BC24220_E2,ENSG00000135480,0.03185418199046219,-0.0020136648975509178
BC24220,BC24220_E2,ENSG00000170315,0.15679653325091006,0.20195063792512058
BC24220,BC24220_E2,ENSG00000251562,0.10669799091016724,0.13571316477299886
BC24220,BC24220_E2,ENSG00000008988,0.09266800060819413,0.09262268005036595
BC24220,BC24220_E2,ENSG00000115414,0.35388038011350786,0.42434836176221635
BC24220,BC24220_E2,ENSG00000182899,0.10483465800406656,0.12979522092338708
BC24220,BC24220_E2,ENSG00000126247,0.052843429263446325,0.045404233491949365
BC24220,BC24220_E2,ENSG00000172354,-0.04247279208557473,-0.04710794963251674
BC24220,BC24220_E2,ENSG00000167815,-0.043357492695178794,-0.09068987068075335
BC24220,BC24220_E2,ENSG00000142089,-0.08063632496438083,-0.08490029157311724
BC24220,BC24220_E2,ENSG00000100219,0.3512401513464635,0.3833641975727588
BC24220,BC24220_E2,ENSG00000111669,0.11745272984694013,0.15278351548936805
BC24220,BC24220_E2,ENSG00000131143,-0.034894572956471,-0.062029864716313055
BC24220,BC24220_E2,ENSG00000100300,-0.05489764939742006,-0.04955381575892774
BC24220,BC24220_E2,ENSG00000188846,0.009993019349074624,0.011591177994632471
BC24220,BC24220_E2,ENSG00000171222,0.05953704038525361,0.057713727128761674
BC24220,BC24220_E2,ENSG00000269028,0.32508473524363407,0.33626139336859184
BC24220,BC24220_E2,ENSG00000214530,-0.1569003839180423,-0.18595069594960453
BC24220,BC24220_E2,ENSG00000174886,-0.043633159061719794,-0.04012257677444102
BC24220,BC24220_E2,ENSG00000197956,0.047149168707682494,0.03233394874413171
BC24220,BC24220_E2,ENSG00000173369,-0.0775395046923952,-0.09879415956203284
BC24220,BC24220_E2,ENSG00000142173,0.18411390170043523,0.21722706730338776
BC24220,BC24220_E2,ENSG00000142949,0.16787464362120147,0.17788596888753722
BC24220,BC24220_E2,ENSG00000145494,0.010410909007741033,0.02108277890078146
BC24220,BC24220_E2,ENSG00000164692,0.2086854739977695,0.29618126642529646
BC24220,BC24220_E2,ENSG00000130725,0.004093793275180632,-0.010134904913493467
BC24220,BC24220_E2,ENSG00000172270,0.06155681019888837,0.08122442172597452
BC24220,BC24220_E2,ENSG00000131748,-0.02944691852037125,-0.03295948261518638
BC24220,BC24220_E2,ENSG00000213988,0.002939977406721647,-0.014475918970154052
BC24220,BC24220_E2,ENSG00000164919,0.2295493502184969,0.29913556252777185
BC24220,BC24220_E2,ENSG00000155366,0.17096248541432135,0.17700976150016065
BC24220,BC24220_E2,ENSG00000087460,0.5712593202627398,0.6073445348431823
BC24220,BC24220_E2,ENSG00000186010,0.0254965558856034,0.01689198338784978
BC24220,BC24220_E2,ENSG00000168528,-0.04512720573335552,-0.06317608150788205
BC24220,BC24220_E2,ENSG00000174444,0.11810516622972525,0.13469080217542206
BC24220,BC24220_E2,ENSG00000196576,0.10907185663266446,0.13385368698238612
BC24220,BC24220_E2,ENSG00000143546,0.020847318661687823,0.010262189130696254
BC24220,BC24220_E2,ENSG00000187608,-0.039903229952733876,-0.05176037289640972
BC24220,BC24220_E2,ENSG00000114391,0.06988634991191674,0.04960518204219013
BC24220,BC24220_E2,ENSG00000011304,0.0368511620457533,0.05015415754971071
BC24220,BC24220_E2,ENSG00000161960,0.3456461890014107,0.37516327718937986
BC24220,BC24220_E2,ENSG00000173272,-0.002461271602993899,0.008329619693901101
BC24220,BC24220_E2,ENSG00000125970,-0.07670352554426849,-0.08881369530745538
BC24220,BC24220_E2,ENSG00000170421,0.059002219455997984,0.04806868959900452
BC24220,BC24220_E2,ENSG00000101335,0.1982154819733889,0.23376740087001996
BC24220,BC24220_E2,__ambiguous[ENSG00000241343+ENSG00000257529],0.022877046304528616,0.028246283743947775
BC24220,BC24220_E2,ENSG00000135390,0.0157435997199591,-0.0027379360157623344
BC24220,BC24220_E2,ENSG00000163399,0.2682731842156795,0.28427578105411433
BC24220,BC24220_E2,__ambiguous[ENSG00000273259+ENSG00000196136],-0.17236081404877923,-0.2086761134951303
BC24220,BC24220_E2,ENSG00000025708,-0.021647709102267466,-0.003618370884220451
BC24220,BC24220_E2,ENSG00000132507,-0.07646730163752181,-0.08715230411673663
BC24220,BC24220_E2,ENSG00000110492,0.0002734101150451715,-0.032631765708247266
BC24220,BC24220_E2,ENSG00000176046,0.03363957081728104,0.013736460918029962
BC24220,BC24220_E2,ENSG00000177700,-0.18293991031410203,-0.20634396940394178
BC24220,BC24220_E2,ENSG00000171863,0.13317287978286146,0.15335059758207528
BC24220,BC24220_E2,ENSG00000160932,-0.03135741393704065,0.008771371049870608
BC24220,BC24220_E2,ENSG00000130520,-0.03474513765349139,-0.05420005829961736
BC24220,BC24220_E2,ENSG00000135940,-0.011211444789801718,-0.01119829018164971
BC24220,BC24220_E2,ENSG00000124172,0.33160291733776,0.3877558163186432
BC24220,BC24220_E2,ENSG00000130402,0.0244162175242825,0.040386273324823
BC24220,BC24220_E2,ENSG00000163479,-0.06432734211931457,-0.04376486024637764
BC24220,BC24220_E2,ENSG00000279274,0.12839751357377258,0.1365837948545472
BC24220,BC24220_E2,ENSG00000129226,-0.11316598633649648,-0.08479758344463598
BC24220,BC24220_E2,ENSG00000140990,0.034558404321959134,0.002252630526128391
BC24220,BC24220_E2,ENSG00000147684,-0.10356670367904336,-0.11002277727024165
BC24220,BC24220_E2,ENSG00000186468,0.10196865043768796,0.11183703104548855
BC24220,BC24220_E2,ENSG00000159335,0.060533413585303134,0.08822147895000193
BC24220,BC24220_E2,ENSG00000143420,0.14119742422028586,0.18320509858954548
BC24220,BC24220_E2,ENSG00000105404,0.009903113117743745,0.0034871826386679338
